{
  "fio version" : "fio-3.36",
  "timestamp" : 1781331278,
  "timestamp_ms" : 1781331278925,
  "time" : "Sat Jun 13 06:14:38 2026",
  "jobs" : [
    {
      "jobname" : "randomread_128k_256",
      "groupid" : 0,
      "job_start" : 1781331273885,
      "error" : 0,
      "eta" : 0,
      "elapsed" : 6,
      "job options" : {
        "name" : "randomread_128k_256",
        "filename" : "/dev/nvme3n1",
        "ioengine" : "io_uring",
        "direct" : "1",
        "rw" : "randread",
        "bs" : "128k",
        "iodepth" : "256",
        "size" : "3G",
        "runtime" : "5"
      },
      "read" : {
        "io_bytes" : 7754874880,
        "io_kbytes" : 7573120,
        "bw_bytes" : 1544180581,
        "bw" : 1507988,
        "iops" : 11781.162883,
        "runtime" : 5022,
        "total_ios" : 59165,
        "short_ios" : 0,
        "drop_ios" : 0,
        "slat_ns" : {
          "min" : 2158,
          "max" : 42892,
          "mean" : 3027.332511,
          "stddev" : 1259.129636,
          "N" : 59165
        },
        "clat_ns" : {
          "min" : 4301456,
          "max" : 59238516,
          "mean" : 21716123.186309,
          "stddev" : 6528043.715788,
          "N" : 59165,
          "percentile" : {
            "1.000000" : 14876672,
            "5.000000" : 16187392,
            "10.000000" : 17170432,
            "20.000000" : 18481152,
            "30.000000" : 19267584,
            "40.000000" : 20054016,
            "50.000000" : 20840448,
            "60.000000" : 21364736,
            "70.000000" : 22151168,
            "80.000000" : 22937600,
            "90.000000" : 24248320,
            "95.000000" : 26083328,
            "99.000000" : 54788096,
            "99.500000" : 55836672,
            "99.900000" : 56885248,
            "99.950000" : 57409536,
            "99.990000" : 58982400
          }
        },
        "lat_ns" : {
          "min" : 4316221,
          "max" : 59241376,
          "mean" : 21719150.518820,
          "stddev" : 6528128.139085,
          "N" : 59165
        },
        "bw_min" : 711936,
        "bw_max" : 1869568,
        "bw_agg" : 100.000000,
        "bw_mean" : 1508096.000000,
        "bw_dev" : 305141.905873,
        "bw_samples" : 10,
        "iops_min" : 5562,
        "iops_max" : 14606,
        "iops_mean" : 11782.000000,
        "iops_stddev" : 2383.921140,
        "iops_samples" : 10
      },
      "write" : {
        "io_bytes" : 0,
        "io_kbytes" : 0,
        "bw_bytes" : 0,
        "bw" : 0,
        "iops" : 0.000000,
        "runtime" : 0,
        "total_ios" : 0,
        "short_ios" : 0,
        "drop_ios" : 0,
        "slat_ns" : {
          "min" : 0,
          "max" : 0,
          "mean" : 0.000000,
          "stddev" : 0.000000,
          "N" : 0
        },
        "clat_ns" : {
          "min" : 0,
          "max" : 0,
          "mean" : 0.000000,
          "stddev" : 0.000000,
          "N" : 0
        },
        "lat_ns" : {
          "min" : 0,
          "max" : 0,
          "mean" : 0.000000,
          "stddev" : 0.000000,
          "N" : 0
        },
        "bw_min" : 0,
        "bw_max" : 0,
        "bw_agg" : 0.000000,
        "bw_mean" : 0.000000,
        "bw_dev" : 0.000000,
        "bw_samples" : 0,
        "iops_min" : 0,
        "iops_max" : 0,
        "iops_mean" : 0.000000,
        "iops_stddev" : 0.000000,
        "iops_samples" : 0
      },
      "trim" : {
        "io_bytes" : 0,
        "io_kbytes" : 0,
        "bw_bytes" : 0,
        "bw" : 0,
        "iops" : 0.000000,
        "runtime" : 0,
        "total_ios" : 0,
        "short_ios" : 0,
        "drop_ios" : 0,
        "slat_ns" : {
          "min" : 0,
          "max" : 0,
          "mean" : 0.000000,
          "stddev" : 0.000000,
          "N" : 0
        },
        "clat_ns" : {
          "min" : 0,
          "max" : 0,
          "mean" : 0.000000,
          "stddev" : 0.000000,
          "N" : 0
        },
        "lat_ns" : {
          "min" : 0,
          "max" : 0,
          "mean" : 0.000000,
          "stddev" : 0.000000,
          "N" : 0
        },
        "bw_min" : 0,
        "bw_max" : 0,
        "bw_agg" : 0.000000,
        "bw_mean" : 0.000000,
        "bw_dev" : 0.000000,
        "bw_samples" : 0,
        "iops_min" : 0,
        "iops_max" : 0,
        "iops_mean" : 0.000000,
        "iops_stddev" : 0.000000,
        "iops_samples" : 0
      },
      "sync" : {
        "total_ios" : 0,
        "lat_ns" : {
          "min" : 0,
          "max" : 0,
          "mean" : 0.000000,
          "stddev" : 0.000000,
          "N" : 0
        }
      },
      "job_runtime" : 5021,
      "usr_cpu" : 0.298745,
      "sys_cpu" : 5.078670,
      "ctx" : 55912,
      "majf" : 0,
      "minf" : 8201,
      "iodepth_level" : {
        "1" : 0.100000,
        "2" : 0.100000,
        "4" : 0.100000,
        "8" : 0.100000,
        "16" : 0.100000,
        "32" : 0.100000,
        ">=64" : 99.893518
      },
      "iodepth_submit" : {
        "0" : 0.000000,
        "4" : 100.000000,
        "8" : 0.000000,
        "16" : 0.000000,
        "32" : 0.000000,
        "64" : 0.000000,
        ">=64" : 0.000000
      },
      "iodepth_complete" : {
        "0" : 0.000000,
        "4" : 99.998303,
        "8" : 0.000000,
        "16" : 0.000000,
        "32" : 0.000000,
        "64" : 0.000000,
        ">=64" : 0.100000
      },
      "latency_ns" : {
        "2" : 0.000000,
        "4" : 0.000000,
        "10" : 0.000000,
        "20" : 0.000000,
        "50" : 0.000000,
        "100" : 0.000000,
        "250" : 0.000000,
        "500" : 0.000000,
        "750" : 0.000000,
        "1000" : 0.000000
      },
      "latency_us" : {
        "2" : 0.000000,
        "4" : 0.000000,
        "10" : 0.000000,
        "20" : 0.000000,
        "50" : 0.000000,
        "100" : 0.000000,
        "250" : 0.000000,
        "500" : 0.000000,
        "750" : 0.000000,
        "1000" : 0.000000
      },
      "latency_ms" : {
        "2" : 0.000000,
        "4" : 0.000000,
        "10" : 0.064227,
        "20" : 39.251247,
        "50" : 57.775712,
        "100" : 2.908814,
        "250" : 0.000000,
        "500" : 0.000000,
        "750" : 0.000000,
        "1000" : 0.000000,
        "2000" : 0.000000,
        ">=2000" : 0.000000
      },
      "latency_depth" : 256,
      "latency_target" : 0,
      "latency_percentile" : 100.000000,
      "latency_window" : 0
    }
  ],
  "disk_util" : [
    {
      "name" : "nvme3n1",
      "read_ios" : 57717,
      "write_ios" : 0,
      "read_sectors" : 14775552,
      "write_sectors" : 0,
      "read_merges" : 0,
      "write_merges" : 0,
      "read_ticks" : 1249584,
      "write_ticks" : 0,
      "in_queue" : 1249584,
      "util" : 98.058835
    }
  ]
}
