{
  "fio version" : "fio-3.42-31-g6a66",
  "timestamp" : 1781281949,
  "timestamp_ms" : 1781281949807,
  "time" : "Fri Jun 12 16:32:29 2026",
  "jobs" : [
    {
      "jobname" : "randomread_128k_128",
      "groupid" : 0,
      "job_start" : 1781281944658,
      "error" : 0,
      "eta" : 0,
      "elapsed" : 6,
      "job options" : {
        "name" : "randomread_128k_128",
        "filename" : "/dev/nvme2n1",
        "ioengine" : "io_uring",
        "direct" : "1",
        "group_reporting" : "",
        "rw" : "randread",
        "bs" : "128k",
        "iodepth" : "128",
        "size" : "3G",
        "time_based" : "",
        "runtime" : "5"
      },
      "read" : {
        "io_bytes" : 7519207424,
        "io_kbytes" : 7342976,
        "bw_bytes" : 1500240906,
        "bw" : 1465079,
        "iops" : 11445.929769,
        "runtime" : 5012,
        "total_ios" : 57367,
        "short_ios" : 0,
        "drop_ios" : 0,
        "slat_ns" : {
          "min" : 1903,
          "max" : 30908,
          "mean" : 2340.843447,
          "stddev" : 1000.574849,
          "N" : 57367
        },
        "clat_ns" : {
          "min" : 2235785,
          "max" : 30795333,
          "mean" : 11176712.997751,
          "stddev" : 3519187.136083,
          "N" : 57367,
          "percentile" : {
            "1.000000" : 6848512,
            "5.000000" : 7897088,
            "10.000000" : 8454144,
            "20.000000" : 9240576,
            "30.000000" : 9764864,
            "40.000000" : 10158080,
            "50.000000" : 10682368,
            "60.000000" : 11075584,
            "70.000000" : 11599872,
            "80.000000" : 12124160,
            "90.000000" : 13041664,
            "95.000000" : 14352384,
            "99.000000" : 28442624,
            "99.500000" : 29229056,
            "99.900000" : 30015488,
            "99.950000" : 30015488,
            "99.990000" : 30277632
          }
        },
        "lat_ns" : {
          "min" : 2252010,
          "max" : 30797639,
          "mean" : 11179053.841198,
          "stddev" : 3519256.924970,
          "N" : 57367
        },
        "bw_min" : 689152,
        "bw_max" : 1819904,
        "bw_agg" : 100.000000,
        "bw_mean" : 1465344.000000,
        "bw_dev" : 297100.153900,
        "bw_samples" : 10,
        "iops_min" : 5384,
        "iops_max" : 14218,
        "iops_mean" : 11448.000000,
        "iops_stddev" : 2321.094952,
        "iops_samples" : 10
      },
      "write" : {
        "io_bytes" : 0,
        "io_kbytes" : 0,
        "bw_bytes" : 0,
        "bw" : 0,
        "iops" : 0.000000,
        "runtime" : 0,
        "total_ios" : 0,
        "short_ios" : 0,
        "drop_ios" : 0,
        "slat_ns" : {
          "min" : 0,
          "max" : 0,
          "mean" : 0.000000,
          "stddev" : 0.000000,
          "N" : 0
        },
        "clat_ns" : {
          "min" : 0,
          "max" : 0,
          "mean" : 0.000000,
          "stddev" : 0.000000,
          "N" : 0
        },
        "lat_ns" : {
          "min" : 0,
          "max" : 0,
          "mean" : 0.000000,
          "stddev" : 0.000000,
          "N" : 0
        },
        "bw_min" : 0,
        "bw_max" : 0,
        "bw_agg" : 0.000000,
        "bw_mean" : 0.000000,
        "bw_dev" : 0.000000,
        "bw_samples" : 0,
        "iops_min" : 0,
        "iops_max" : 0,
        "iops_mean" : 0.000000,
        "iops_stddev" : 0.000000,
        "iops_samples" : 0
      },
      "trim" : {
        "io_bytes" : 0,
        "io_kbytes" : 0,
        "bw_bytes" : 0,
        "bw" : 0,
        "iops" : 0.000000,
        "runtime" : 0,
        "total_ios" : 0,
        "short_ios" : 0,
        "drop_ios" : 0,
        "slat_ns" : {
          "min" : 0,
          "max" : 0,
          "mean" : 0.000000,
          "stddev" : 0.000000,
          "N" : 0
        },
        "clat_ns" : {
          "min" : 0,
          "max" : 0,
          "mean" : 0.000000,
          "stddev" : 0.000000,
          "N" : 0
        },
        "lat_ns" : {
          "min" : 0,
          "max" : 0,
          "mean" : 0.000000,
          "stddev" : 0.000000,
          "N" : 0
        },
        "bw_min" : 0,
        "bw_max" : 0,
        "bw_agg" : 0.000000,
        "bw_mean" : 0.000000,
        "bw_dev" : 0.000000,
        "bw_samples" : 0,
        "iops_min" : 0,
        "iops_max" : 0,
        "iops_mean" : 0.000000,
        "iops_stddev" : 0.000000,
        "iops_samples" : 0
      },
      "sync" : {
        "total_ios" : 0,
        "lat_ns" : {
          "min" : 0,
          "max" : 0,
          "mean" : 0.000000,
          "stddev" : 0.000000,
          "N" : 0
        }
      },
      "job_runtime" : 5011,
      "usr_cpu" : 0.658551,
      "sys_cpu" : 4.370385,
      "ctx" : 52882,
      "majf" : 0,
      "minf" : 4104,
      "iodepth_level" : {
        "1" : 0.100000,
        "2" : 0.100000,
        "4" : 0.100000,
        "8" : 0.100000,
        "16" : 0.100000,
        "32" : 0.100000,
        ">=64" : 99.890181
      },
      "iodepth_submit" : {
        "0" : 0.000000,
        "4" : 100.000000,
        "8" : 0.000000,
        "16" : 0.000000,
        "32" : 0.000000,
        "64" : 0.000000,
        ">=64" : 0.000000
      },
      "iodepth_complete" : {
        "0" : 0.000000,
        "4" : 99.998253,
        "8" : 0.000000,
        "16" : 0.000000,
        "32" : 0.000000,
        "64" : 0.000000,
        ">=64" : 0.100000
      },
      "latency_ns" : {
        "2" : 0.000000,
        "4" : 0.000000,
        "10" : 0.000000,
        "20" : 0.000000,
        "50" : 0.000000,
        "100" : 0.000000,
        "250" : 0.000000,
        "500" : 0.000000,
        "750" : 0.000000,
        "1000" : 0.000000
      },
      "latency_us" : {
        "2" : 0.000000,
        "4" : 0.000000,
        "10" : 0.000000,
        "20" : 0.000000,
        "50" : 0.000000,
        "100" : 0.000000,
        "250" : 0.000000,
        "500" : 0.000000,
        "750" : 0.000000,
        "1000" : 0.000000
      },
      "latency_ms" : {
        "2" : 0.000000,
        "4" : 0.020918,
        "10" : 35.856851,
        "20" : 60.344798,
        "50" : 3.777433,
        "100" : 0.000000,
        "250" : 0.000000,
        "500" : 0.000000,
        "750" : 0.000000,
        "1000" : 0.000000,
        "2000" : 0.000000,
        ">=2000" : 0.000000
      },
      "latency_depth" : 128,
      "latency_target" : 0,
      "latency_target_ns" : 0,
      "latency_percentile" : 100.000000,
      "latency_window" : 0,
      "latency_window_us" : 0
    }
  ],
  "disk_util" : [
    {
      "name" : "nvme2n1",
      "read_ios" : 56063,
      "write_ios" : 0,
      "read_sectors" : 14352128,
      "write_sectors" : 0,
      "read_merges" : 0,
      "write_merges" : 0,
      "read_ticks" : 625968,
      "write_ticks" : 0,
      "in_queue" : 625968,
      "util" : 98.058835
    }
  ]
}
