{
  "fio version" : "fio-3.36",
  "timestamp" : 1781331273,
  "timestamp_ms" : 1781331273640,
  "time" : "Sat Jun 13 06:14:33 2026",
  "jobs" : [
    {
      "jobname" : "randomread_128k_128",
      "groupid" : 0,
      "job_start" : 1781331268610,
      "error" : 0,
      "eta" : 0,
      "elapsed" : 6,
      "job options" : {
        "name" : "randomread_128k_128",
        "filename" : "/dev/nvme3n1",
        "ioengine" : "io_uring",
        "direct" : "1",
        "rw" : "randread",
        "bs" : "128k",
        "iodepth" : "128",
        "size" : "3G",
        "runtime" : "5"
      },
      "read" : {
        "io_bytes" : 7687634944,
        "io_kbytes" : 7507456,
        "bw_bytes" : 1533845758,
        "bw" : 1497896,
        "iops" : 11702.314445,
        "runtime" : 5012,
        "total_ios" : 58652,
        "short_ios" : 0,
        "drop_ios" : 0,
        "slat_ns" : {
          "min" : 2138,
          "max" : 25242,
          "mean" : 3029.047893,
          "stddev" : 988.468300,
          "N" : 58652
        },
        "clat_ns" : {
          "min" : 2158695,
          "max" : 31949686,
          "mean" : 10931827.383465,
          "stddev" : 3456866.429626,
          "N" : 58652,
          "percentile" : {
            "1.000000" : 6914048,
            "5.000000" : 7766016,
            "10.000000" : 8290304,
            "20.000000" : 8978432,
            "30.000000" : 9502720,
            "40.000000" : 9895936,
            "50.000000" : 10420224,
            "60.000000" : 10813440,
            "70.000000" : 11337728,
            "80.000000" : 11862016,
            "90.000000" : 12779520,
            "95.000000" : 13959168,
            "99.000000" : 27656192,
            "99.500000" : 28704768,
            "99.900000" : 30801920,
            "99.950000" : 31588352,
            "99.990000" : 31850496
          }
        },
        "lat_ns" : {
          "min" : 2169725,
          "max" : 31952266,
          "mean" : 10934856.431358,
          "stddev" : 3456888.687434,
          "N" : 58652
        },
        "bw_min" : 711680,
        "bw_max" : 1849600,
        "bw_agg" : 100.000000,
        "bw_mean" : 1498240.000000,
        "bw_dev" : 299714.167643,
        "bw_samples" : 10,
        "iops_min" : 5560,
        "iops_max" : 14450,
        "iops_mean" : 11705.000000,
        "iops_stddev" : 2341.516935,
        "iops_samples" : 10
      },
      "write" : {
        "io_bytes" : 0,
        "io_kbytes" : 0,
        "bw_bytes" : 0,
        "bw" : 0,
        "iops" : 0.000000,
        "runtime" : 0,
        "total_ios" : 0,
        "short_ios" : 0,
        "drop_ios" : 0,
        "slat_ns" : {
          "min" : 0,
          "max" : 0,
          "mean" : 0.000000,
          "stddev" : 0.000000,
          "N" : 0
        },
        "clat_ns" : {
          "min" : 0,
          "max" : 0,
          "mean" : 0.000000,
          "stddev" : 0.000000,
          "N" : 0
        },
        "lat_ns" : {
          "min" : 0,
          "max" : 0,
          "mean" : 0.000000,
          "stddev" : 0.000000,
          "N" : 0
        },
        "bw_min" : 0,
        "bw_max" : 0,
        "bw_agg" : 0.000000,
        "bw_mean" : 0.000000,
        "bw_dev" : 0.000000,
        "bw_samples" : 0,
        "iops_min" : 0,
        "iops_max" : 0,
        "iops_mean" : 0.000000,
        "iops_stddev" : 0.000000,
        "iops_samples" : 0
      },
      "trim" : {
        "io_bytes" : 0,
        "io_kbytes" : 0,
        "bw_bytes" : 0,
        "bw" : 0,
        "iops" : 0.000000,
        "runtime" : 0,
        "total_ios" : 0,
        "short_ios" : 0,
        "drop_ios" : 0,
        "slat_ns" : {
          "min" : 0,
          "max" : 0,
          "mean" : 0.000000,
          "stddev" : 0.000000,
          "N" : 0
        },
        "clat_ns" : {
          "min" : 0,
          "max" : 0,
          "mean" : 0.000000,
          "stddev" : 0.000000,
          "N" : 0
        },
        "lat_ns" : {
          "min" : 0,
          "max" : 0,
          "mean" : 0.000000,
          "stddev" : 0.000000,
          "N" : 0
        },
        "bw_min" : 0,
        "bw_max" : 0,
        "bw_agg" : 0.000000,
        "bw_mean" : 0.000000,
        "bw_dev" : 0.000000,
        "bw_samples" : 0,
        "iops_min" : 0,
        "iops_max" : 0,
        "iops_mean" : 0.000000,
        "iops_stddev" : 0.000000,
        "iops_samples" : 0
      },
      "sync" : {
        "total_ios" : 0,
        "lat_ns" : {
          "min" : 0,
          "max" : 0,
          "mean" : 0.000000,
          "stddev" : 0.000000,
          "N" : 0
        }
      },
      "job_runtime" : 5011,
      "usr_cpu" : 0.598683,
      "sys_cpu" : 4.749551,
      "ctx" : 54355,
      "majf" : 0,
      "minf" : 4105,
      "iodepth_level" : {
        "1" : 0.100000,
        "2" : 0.100000,
        "4" : 0.100000,
        "8" : 0.100000,
        "16" : 0.100000,
        "32" : 0.100000,
        ">=64" : 99.892587
      },
      "iodepth_submit" : {
        "0" : 0.000000,
        "4" : 100.000000,
        "8" : 0.000000,
        "16" : 0.000000,
        "32" : 0.000000,
        "64" : 0.000000,
        ">=64" : 0.000000
      },
      "iodepth_complete" : {
        "0" : 0.000000,
        "4" : 99.998291,
        "8" : 0.000000,
        "16" : 0.000000,
        "32" : 0.000000,
        "64" : 0.000000,
        ">=64" : 0.100000
      },
      "latency_ns" : {
        "2" : 0.000000,
        "4" : 0.000000,
        "10" : 0.000000,
        "20" : 0.000000,
        "50" : 0.000000,
        "100" : 0.000000,
        "250" : 0.000000,
        "500" : 0.000000,
        "750" : 0.000000,
        "1000" : 0.000000
      },
      "latency_us" : {
        "2" : 0.000000,
        "4" : 0.000000,
        "10" : 0.000000,
        "20" : 0.000000,
        "50" : 0.000000,
        "100" : 0.000000,
        "250" : 0.000000,
        "500" : 0.000000,
        "750" : 0.000000,
        "1000" : 0.000000
      },
      "latency_ms" : {
        "2" : 0.000000,
        "4" : 0.017050,
        "10" : 41.400123,
        "20" : 54.944418,
        "50" : 3.638410,
        "100" : 0.000000,
        "250" : 0.000000,
        "500" : 0.000000,
        "750" : 0.000000,
        "1000" : 0.000000,
        "2000" : 0.000000,
        ">=2000" : 0.000000
      },
      "latency_depth" : 128,
      "latency_target" : 0,
      "latency_percentile" : 100.000000,
      "latency_window" : 0
    }
  ],
  "disk_util" : [
    {
      "name" : "nvme3n1",
      "read_ios" : 57348,
      "write_ios" : 0,
      "read_sectors" : 14681088,
      "write_sectors" : 0,
      "read_merges" : 0,
      "write_merges" : 0,
      "read_ticks" : 626109,
      "write_ticks" : 0,
      "in_queue" : 626109,
      "util" : 98.039216
    }
  ]
}
