{
  "fio version" : "fio-3.42-31-g6a66",
  "timestamp" : 1781281928,
  "timestamp_ms" : 1781281928261,
  "time" : "Fri Jun 12 16:32:08 2026",
  "jobs" : [
    {
      "jobname" : "randomread_128k_8",
      "groupid" : 0,
      "job_start" : 1781281923112,
      "error" : 0,
      "eta" : 0,
      "elapsed" : 6,
      "job options" : {
        "name" : "randomread_128k_8",
        "filename" : "/dev/nvme2n1",
        "ioengine" : "io_uring",
        "direct" : "1",
        "group_reporting" : "",
        "rw" : "randread",
        "bs" : "128k",
        "iodepth" : "8",
        "size" : "3G",
        "time_based" : "",
        "runtime" : "5"
      },
      "read" : {
        "io_bytes" : 4603117568,
        "io_kbytes" : 4495232,
        "bw_bytes" : 920255411,
        "bw" : 898686,
        "iops" : 7020.991603,
        "runtime" : 5002,
        "total_ios" : 35119,
        "short_ios" : 0,
        "drop_ios" : 0,
        "slat_ns" : {
          "min" : 1877,
          "max" : 26904,
          "mean" : 2208.309775,
          "stddev" : 981.902452,
          "N" : 35119
        },
        "clat_ns" : {
          "min" : 119282,
          "max" : 3496817,
          "mean" : 1136805.404368,
          "stddev" : 566677.657158,
          "N" : 35119,
          "percentile" : {
            "1.000000" : 140288,
            "5.000000" : 284672,
            "10.000000" : 428032,
            "20.000000" : 618496,
            "30.000000" : 782336,
            "40.000000" : 937984,
            "50.000000" : 1089536,
            "60.000000" : 1269760,
            "70.000000" : 1417216,
            "80.000000" : 1597440,
            "90.000000" : 1892352,
            "95.000000" : 2146304,
            "99.000000" : 2637824,
            "99.500000" : 2801664,
            "99.900000" : 3096576,
            "99.950000" : 3227648,
            "99.990000" : 3391488
          }
        },
        "lat_ns" : {
          "min" : 121300,
          "max" : 3499011,
          "mean" : 1139013.714143,
          "stddev" : 566673.398002,
          "N" : 35119
        },
        "bw_min" : 486400,
        "bw_max" : 1075712,
        "bw_agg" : 100.000000,
        "bw_mean" : 899046.400000,
        "bw_dev" : 170343.008301,
        "bw_samples" : 10,
        "iops_min" : 3800,
        "iops_max" : 8404,
        "iops_mean" : 7023.800000,
        "iops_stddev" : 1330.804752,
        "iops_samples" : 10
      },
      "write" : {
        "io_bytes" : 0,
        "io_kbytes" : 0,
        "bw_bytes" : 0,
        "bw" : 0,
        "iops" : 0.000000,
        "runtime" : 0,
        "total_ios" : 0,
        "short_ios" : 0,
        "drop_ios" : 0,
        "slat_ns" : {
          "min" : 0,
          "max" : 0,
          "mean" : 0.000000,
          "stddev" : 0.000000,
          "N" : 0
        },
        "clat_ns" : {
          "min" : 0,
          "max" : 0,
          "mean" : 0.000000,
          "stddev" : 0.000000,
          "N" : 0
        },
        "lat_ns" : {
          "min" : 0,
          "max" : 0,
          "mean" : 0.000000,
          "stddev" : 0.000000,
          "N" : 0
        },
        "bw_min" : 0,
        "bw_max" : 0,
        "bw_agg" : 0.000000,
        "bw_mean" : 0.000000,
        "bw_dev" : 0.000000,
        "bw_samples" : 0,
        "iops_min" : 0,
        "iops_max" : 0,
        "iops_mean" : 0.000000,
        "iops_stddev" : 0.000000,
        "iops_samples" : 0
      },
      "trim" : {
        "io_bytes" : 0,
        "io_kbytes" : 0,
        "bw_bytes" : 0,
        "bw" : 0,
        "iops" : 0.000000,
        "runtime" : 0,
        "total_ios" : 0,
        "short_ios" : 0,
        "drop_ios" : 0,
        "slat_ns" : {
          "min" : 0,
          "max" : 0,
          "mean" : 0.000000,
          "stddev" : 0.000000,
          "N" : 0
        },
        "clat_ns" : {
          "min" : 0,
          "max" : 0,
          "mean" : 0.000000,
          "stddev" : 0.000000,
          "N" : 0
        },
        "lat_ns" : {
          "min" : 0,
          "max" : 0,
          "mean" : 0.000000,
          "stddev" : 0.000000,
          "N" : 0
        },
        "bw_min" : 0,
        "bw_max" : 0,
        "bw_agg" : 0.000000,
        "bw_mean" : 0.000000,
        "bw_dev" : 0.000000,
        "bw_samples" : 0,
        "iops_min" : 0,
        "iops_max" : 0,
        "iops_mean" : 0.000000,
        "iops_stddev" : 0.000000,
        "iops_samples" : 0
      },
      "sync" : {
        "total_ios" : 0,
        "lat_ns" : {
          "min" : 0,
          "max" : 0,
          "mean" : 0.000000,
          "stddev" : 0.000000,
          "N" : 0
        }
      },
      "job_runtime" : 5001,
      "usr_cpu" : 0.859828,
      "sys_cpu" : 1.999600,
      "ctx" : 33014,
      "majf" : 0,
      "minf" : 263,
      "iodepth_level" : {
        "1" : 0.100000,
        "2" : 0.100000,
        "4" : 0.100000,
        "8" : 99.980068,
        "16" : 0.000000,
        "32" : 0.000000,
        ">=64" : 0.000000
      },
      "iodepth_submit" : {
        "0" : 0.000000,
        "4" : 100.000000,
        "8" : 0.000000,
        "16" : 0.000000,
        "32" : 0.000000,
        "64" : 0.000000,
        ">=64" : 0.000000
      },
      "iodepth_complete" : {
        "0" : 0.000000,
        "4" : 99.997152,
        "8" : 0.100000,
        "16" : 0.000000,
        "32" : 0.000000,
        "64" : 0.000000,
        ">=64" : 0.000000
      },
      "latency_ns" : {
        "2" : 0.000000,
        "4" : 0.000000,
        "10" : 0.000000,
        "20" : 0.000000,
        "50" : 0.000000,
        "100" : 0.000000,
        "250" : 0.000000,
        "500" : 0.000000,
        "750" : 0.000000,
        "1000" : 0.000000
      },
      "latency_us" : {
        "2" : 0.000000,
        "4" : 0.000000,
        "10" : 0.000000,
        "20" : 0.000000,
        "50" : 0.000000,
        "100" : 0.000000,
        "250" : 4.248413,
        "500" : 9.282724,
        "750" : 13.613713,
        "1000" : 16.734531
      },
      "latency_ms" : {
        "2" : 48.685897,
        "4" : 7.434722,
        "10" : 0.000000,
        "20" : 0.000000,
        "50" : 0.000000,
        "100" : 0.000000,
        "250" : 0.000000,
        "500" : 0.000000,
        "750" : 0.000000,
        "1000" : 0.000000,
        "2000" : 0.000000,
        ">=2000" : 0.000000
      },
      "latency_depth" : 8,
      "latency_target" : 0,
      "latency_target_ns" : 0,
      "latency_percentile" : 100.000000,
      "latency_window" : 0,
      "latency_window_us" : 0
    }
  ],
  "disk_util" : [
    {
      "name" : "nvme2n1",
      "read_ios" : 34464,
      "write_ios" : 0,
      "read_sectors" : 8822784,
      "write_sectors" : 0,
      "read_merges" : 0,
      "write_merges" : 0,
      "read_ticks" : 39072,
      "write_ticks" : 0,
      "in_queue" : 39072,
      "util" : 98.158527
    }
  ]
}
