{
  "fio version" : "fio-3.42-31-g6a66",
  "timestamp" : 1781281955,
  "timestamp_ms" : 1781281955193,
  "time" : "Fri Jun 12 16:32:35 2026",
  "jobs" : [
    {
      "jobname" : "randomread_128k_256",
      "groupid" : 0,
      "job_start" : 1781281950045,
      "error" : 0,
      "eta" : 0,
      "elapsed" : 6,
      "job options" : {
        "name" : "randomread_128k_256",
        "filename" : "/dev/nvme2n1",
        "ioengine" : "io_uring",
        "direct" : "1",
        "group_reporting" : "",
        "rw" : "randread",
        "bs" : "128k",
        "iodepth" : "256",
        "size" : "3G",
        "time_based" : "",
        "runtime" : "5"
      },
      "read" : {
        "io_bytes" : 7549878272,
        "io_kbytes" : 7372928,
        "bw_bytes" : 1503061571,
        "bw" : 1467833,
        "iops" : 11467.449731,
        "runtime" : 5023,
        "total_ios" : 57601,
        "short_ios" : 0,
        "drop_ios" : 0,
        "slat_ns" : {
          "min" : 1945,
          "max" : 44102,
          "mean" : 2544.820003,
          "stddev" : 1325.731895,
          "N" : 57601
        },
        "clat_ns" : {
          "min" : 4570758,
          "max" : 59552556,
          "mean" : 22308582.998681,
          "stddev" : 6663640.780943,
          "N" : 57601,
          "percentile" : {
            "1.000000" : 15138816,
            "5.000000" : 16711680,
            "10.000000" : 17694720,
            "20.000000" : 18743296,
            "30.000000" : 19791872,
            "40.000000" : 20578304,
            "50.000000" : 21364736,
            "60.000000" : 22151168,
            "70.000000" : 22675456,
            "80.000000" : 23724032,
            "90.000000" : 24772608,
            "95.000000" : 26869760,
            "99.000000" : 55836672,
            "99.500000" : 56885248,
            "99.900000" : 58458112,
            "99.950000" : 58982400,
            "99.990000" : 58982400
          }
        },
        "lat_ns" : {
          "min" : 4585939,
          "max" : 59554806,
          "mean" : 22311127.818684,
          "stddev" : 6663712.364463,
          "N" : 57601
        },
        "bw_min" : 689152,
        "bw_max" : 1819136,
        "bw_agg" : 100.000000,
        "bw_mean" : 1468057.600000,
        "bw_dev" : 297016.618664,
        "bw_samples" : 10,
        "iops_min" : 5384,
        "iops_max" : 14212,
        "iops_mean" : 11469.200000,
        "iops_stddev" : 2320.442333,
        "iops_samples" : 10
      },
      "write" : {
        "io_bytes" : 0,
        "io_kbytes" : 0,
        "bw_bytes" : 0,
        "bw" : 0,
        "iops" : 0.000000,
        "runtime" : 0,
        "total_ios" : 0,
        "short_ios" : 0,
        "drop_ios" : 0,
        "slat_ns" : {
          "min" : 0,
          "max" : 0,
          "mean" : 0.000000,
          "stddev" : 0.000000,
          "N" : 0
        },
        "clat_ns" : {
          "min" : 0,
          "max" : 0,
          "mean" : 0.000000,
          "stddev" : 0.000000,
          "N" : 0
        },
        "lat_ns" : {
          "min" : 0,
          "max" : 0,
          "mean" : 0.000000,
          "stddev" : 0.000000,
          "N" : 0
        },
        "bw_min" : 0,
        "bw_max" : 0,
        "bw_agg" : 0.000000,
        "bw_mean" : 0.000000,
        "bw_dev" : 0.000000,
        "bw_samples" : 0,
        "iops_min" : 0,
        "iops_max" : 0,
        "iops_mean" : 0.000000,
        "iops_stddev" : 0.000000,
        "iops_samples" : 0
      },
      "trim" : {
        "io_bytes" : 0,
        "io_kbytes" : 0,
        "bw_bytes" : 0,
        "bw" : 0,
        "iops" : 0.000000,
        "runtime" : 0,
        "total_ios" : 0,
        "short_ios" : 0,
        "drop_ios" : 0,
        "slat_ns" : {
          "min" : 0,
          "max" : 0,
          "mean" : 0.000000,
          "stddev" : 0.000000,
          "N" : 0
        },
        "clat_ns" : {
          "min" : 0,
          "max" : 0,
          "mean" : 0.000000,
          "stddev" : 0.000000,
          "N" : 0
        },
        "lat_ns" : {
          "min" : 0,
          "max" : 0,
          "mean" : 0.000000,
          "stddev" : 0.000000,
          "N" : 0
        },
        "bw_min" : 0,
        "bw_max" : 0,
        "bw_agg" : 0.000000,
        "bw_mean" : 0.000000,
        "bw_dev" : 0.000000,
        "bw_samples" : 0,
        "iops_min" : 0,
        "iops_max" : 0,
        "iops_mean" : 0.000000,
        "iops_stddev" : 0.000000,
        "iops_samples" : 0
      },
      "sync" : {
        "total_ios" : 0,
        "lat_ns" : {
          "min" : 0,
          "max" : 0,
          "mean" : 0.000000,
          "stddev" : 0.000000,
          "N" : 0
        }
      },
      "job_runtime" : 5022,
      "usr_cpu" : 0.517722,
      "sys_cpu" : 4.798885,
      "ctx" : 51679,
      "majf" : 0,
      "minf" : 8198,
      "iodepth_level" : {
        "1" : 0.100000,
        "2" : 0.100000,
        "4" : 0.100000,
        "8" : 0.100000,
        "16" : 0.100000,
        "32" : 0.100000,
        ">=64" : 99.890627
      },
      "iodepth_submit" : {
        "0" : 0.000000,
        "4" : 100.000000,
        "8" : 0.000000,
        "16" : 0.000000,
        "32" : 0.000000,
        "64" : 0.000000,
        ">=64" : 0.000000
      },
      "iodepth_complete" : {
        "0" : 0.000000,
        "4" : 99.998256,
        "8" : 0.000000,
        "16" : 0.000000,
        "32" : 0.000000,
        "64" : 0.000000,
        ">=64" : 0.100000
      },
      "latency_ns" : {
        "2" : 0.000000,
        "4" : 0.000000,
        "10" : 0.000000,
        "20" : 0.000000,
        "50" : 0.000000,
        "100" : 0.000000,
        "250" : 0.000000,
        "500" : 0.000000,
        "750" : 0.000000,
        "1000" : 0.000000
      },
      "latency_us" : {
        "2" : 0.000000,
        "4" : 0.000000,
        "10" : 0.000000,
        "20" : 0.000000,
        "50" : 0.000000,
        "100" : 0.000000,
        "250" : 0.000000,
        "500" : 0.000000,
        "750" : 0.000000,
        "1000" : 0.000000
      },
      "latency_ms" : {
        "2" : 0.000000,
        "4" : 0.000000,
        "10" : 0.078124,
        "20" : 31.744241,
        "50" : 65.123869,
        "100" : 3.053766,
        "250" : 0.000000,
        "500" : 0.000000,
        "750" : 0.000000,
        "1000" : 0.000000,
        "2000" : 0.000000,
        ">=2000" : 0.000000
      },
      "latency_depth" : 256,
      "latency_target" : 0,
      "latency_target_ns" : 0,
      "latency_percentile" : 100.000000,
      "latency_window" : 0,
      "latency_window_us" : 0
    }
  ],
  "disk_util" : [
    {
      "name" : "nvme2n1",
      "read_ios" : 56178,
      "write_ios" : 0,
      "read_sectors" : 14381568,
      "write_sectors" : 0,
      "read_merges" : 0,
      "write_merges" : 0,
      "read_ticks" : 1250512,
      "write_ticks" : 0,
      "in_queue" : 1250513,
      "util" : 98.158527
    }
  ]
}
