{
  "fio version" : "fio-3.42-31-g6a66",
  "timestamp" : 1781281917,
  "timestamp_ms" : 1781281917488,
  "time" : "Fri Jun 12 16:31:57 2026",
  "jobs" : [
    {
      "jobname" : "randomread_128k_2",
      "groupid" : 0,
      "job_start" : 1781281912339,
      "error" : 0,
      "eta" : 0,
      "elapsed" : 6,
      "job options" : {
        "name" : "randomread_128k_2",
        "filename" : "/dev/nvme2n1",
        "ioengine" : "io_uring",
        "direct" : "1",
        "group_reporting" : "",
        "rw" : "randread",
        "bs" : "128k",
        "iodepth" : "2",
        "size" : "3G",
        "time_based" : "",
        "runtime" : "5"
      },
      "read" : {
        "io_bytes" : 1803157504,
        "io_kbytes" : 1760896,
        "bw_bytes" : 360559388,
        "bw" : 352108,
        "iops" : 2750.849830,
        "runtime" : 5001,
        "total_ios" : 13757,
        "short_ios" : 0,
        "drop_ios" : 0,
        "slat_ns" : {
          "min" : 1871,
          "max" : 33660,
          "mean" : 3280.986552,
          "stddev" : 3402.961983,
          "N" : 13757
        },
        "clat_ns" : {
          "min" : 118200,
          "max" : 2042892,
          "mean" : 723304.154467,
          "stddev" : 516619.090905,
          "N" : 13757,
          "percentile" : {
            "1.000000" : 120320,
            "5.000000" : 124416,
            "10.000000" : 125440,
            "20.000000" : 136192,
            "30.000000" : 305152,
            "40.000000" : 456704,
            "50.000000" : 634880,
            "60.000000" : 790528,
            "70.000000" : 1073152,
            "80.000000" : 1335296,
            "90.000000" : 1466368,
            "95.000000" : 1531904,
            "99.000000" : 1728512,
            "99.500000" : 1810432,
            "99.900000" : 1925120,
            "99.950000" : 1941504,
            "99.990000" : 2023424
          }
        },
        "lat_ns" : {
          "min" : 121181,
          "max" : 2044849,
          "mean" : 726585.141019,
          "stddev" : 516928.297365,
          "N" : 13757
        },
        "bw_min" : 186880,
        "bw_max" : 467456,
        "bw_agg" : 100.000000,
        "bw_mean" : 352179.200000,
        "bw_dev" : 114494.252219,
        "bw_samples" : 10,
        "iops_min" : 1460,
        "iops_max" : 3652,
        "iops_mean" : 2751.400000,
        "iops_stddev" : 894.486345,
        "iops_samples" : 10
      },
      "write" : {
        "io_bytes" : 0,
        "io_kbytes" : 0,
        "bw_bytes" : 0,
        "bw" : 0,
        "iops" : 0.000000,
        "runtime" : 0,
        "total_ios" : 0,
        "short_ios" : 0,
        "drop_ios" : 0,
        "slat_ns" : {
          "min" : 0,
          "max" : 0,
          "mean" : 0.000000,
          "stddev" : 0.000000,
          "N" : 0
        },
        "clat_ns" : {
          "min" : 0,
          "max" : 0,
          "mean" : 0.000000,
          "stddev" : 0.000000,
          "N" : 0
        },
        "lat_ns" : {
          "min" : 0,
          "max" : 0,
          "mean" : 0.000000,
          "stddev" : 0.000000,
          "N" : 0
        },
        "bw_min" : 0,
        "bw_max" : 0,
        "bw_agg" : 0.000000,
        "bw_mean" : 0.000000,
        "bw_dev" : 0.000000,
        "bw_samples" : 0,
        "iops_min" : 0,
        "iops_max" : 0,
        "iops_mean" : 0.000000,
        "iops_stddev" : 0.000000,
        "iops_samples" : 0
      },
      "trim" : {
        "io_bytes" : 0,
        "io_kbytes" : 0,
        "bw_bytes" : 0,
        "bw" : 0,
        "iops" : 0.000000,
        "runtime" : 0,
        "total_ios" : 0,
        "short_ios" : 0,
        "drop_ios" : 0,
        "slat_ns" : {
          "min" : 0,
          "max" : 0,
          "mean" : 0.000000,
          "stddev" : 0.000000,
          "N" : 0
        },
        "clat_ns" : {
          "min" : 0,
          "max" : 0,
          "mean" : 0.000000,
          "stddev" : 0.000000,
          "N" : 0
        },
        "lat_ns" : {
          "min" : 0,
          "max" : 0,
          "mean" : 0.000000,
          "stddev" : 0.000000,
          "N" : 0
        },
        "bw_min" : 0,
        "bw_max" : 0,
        "bw_agg" : 0.000000,
        "bw_mean" : 0.000000,
        "bw_dev" : 0.000000,
        "bw_samples" : 0,
        "iops_min" : 0,
        "iops_max" : 0,
        "iops_mean" : 0.000000,
        "iops_stddev" : 0.000000,
        "iops_samples" : 0
      },
      "sync" : {
        "total_ios" : 0,
        "lat_ns" : {
          "min" : 0,
          "max" : 0,
          "mean" : 0.000000,
          "stddev" : 0.000000,
          "N" : 0
        }
      },
      "job_runtime" : 5000,
      "usr_cpu" : 0.480000,
      "sys_cpu" : 1.340000,
      "ctx" : 13403,
      "majf" : 0,
      "minf" : 72,
      "iodepth_level" : {
        "1" : 0.100000,
        "2" : 99.992731,
        "4" : 0.000000,
        "8" : 0.000000,
        "16" : 0.000000,
        "32" : 0.000000,
        ">=64" : 0.000000
      },
      "iodepth_submit" : {
        "0" : 0.000000,
        "4" : 100.000000,
        "8" : 0.000000,
        "16" : 0.000000,
        "32" : 0.000000,
        "64" : 0.000000,
        ">=64" : 0.000000
      },
      "iodepth_complete" : {
        "0" : 0.000000,
        "4" : 100.000000,
        "8" : 0.000000,
        "16" : 0.000000,
        "32" : 0.000000,
        "64" : 0.000000,
        ">=64" : 0.000000
      },
      "latency_ns" : {
        "2" : 0.000000,
        "4" : 0.000000,
        "10" : 0.000000,
        "20" : 0.000000,
        "50" : 0.000000,
        "100" : 0.000000,
        "250" : 0.000000,
        "500" : 0.000000,
        "750" : 0.000000,
        "1000" : 0.000000
      },
      "latency_us" : {
        "2" : 0.000000,
        "4" : 0.000000,
        "10" : 0.000000,
        "20" : 0.000000,
        "50" : 0.000000,
        "100" : 0.000000,
        "250" : 27.978484,
        "500" : 16.159046,
        "750" : 10.947154,
        "1000" : 11.354220
      },
      "latency_ms" : {
        "2" : 33.546558,
        "4" : 0.014538,
        "10" : 0.000000,
        "20" : 0.000000,
        "50" : 0.000000,
        "100" : 0.000000,
        "250" : 0.000000,
        "500" : 0.000000,
        "750" : 0.000000,
        "1000" : 0.000000,
        "2000" : 0.000000,
        ">=2000" : 0.000000
      },
      "latency_depth" : 2,
      "latency_target" : 0,
      "latency_target_ns" : 0,
      "latency_percentile" : 100.000000,
      "latency_window" : 0,
      "latency_window_us" : 0
    }
  ],
  "disk_util" : [
    {
      "name" : "nvme2n1",
      "read_ios" : 13401,
      "write_ios" : 0,
      "read_sectors" : 3430656,
      "write_sectors" : 0,
      "read_merges" : 0,
      "write_merges" : 0,
      "read_ticks" : 9726,
      "write_ticks" : 0,
      "in_queue" : 9726,
      "util" : 98.138883
    }
  ]
}
