{
  "fio version" : "fio-3.42-31-g6a66",
  "timestamp" : 1781281933,
  "timestamp_ms" : 1781281933647,
  "time" : "Fri Jun 12 16:32:13 2026",
  "jobs" : [
    {
      "jobname" : "randomread_128k_16",
      "groupid" : 0,
      "job_start" : 1781281928499,
      "error" : 0,
      "eta" : 0,
      "elapsed" : 6,
      "job options" : {
        "name" : "randomread_128k_16",
        "filename" : "/dev/nvme2n1",
        "ioengine" : "io_uring",
        "direct" : "1",
        "group_reporting" : "",
        "rw" : "randread",
        "bs" : "128k",
        "iodepth" : "16",
        "size" : "3G",
        "time_based" : "",
        "runtime" : "5"
      },
      "read" : {
        "io_bytes" : 6067716096,
        "io_kbytes" : 5925504,
        "bw_bytes" : 1213057996,
        "bw" : 1184626,
        "iops" : 9254.898041,
        "runtime" : 5002,
        "total_ios" : 46293,
        "short_ios" : 0,
        "drop_ios" : 0,
        "slat_ns" : {
          "min" : 1882,
          "max" : 45412,
          "mean" : 2272.299333,
          "stddev" : 885.679845,
          "N" : 46293
        },
        "clat_ns" : {
          "min" : 125447,
          "max" : 5701095,
          "mean" : 1726104.400795,
          "stddev" : 715174.948984,
          "N" : 46293,
          "percentile" : {
            "1.000000" : 423936,
            "5.000000" : 733184,
            "10.000000" : 905216,
            "20.000000" : 1155072,
            "30.000000" : 1335296,
            "40.000000" : 1499136,
            "50.000000" : 1646592,
            "60.000000" : 1810432,
            "70.000000" : 1990656,
            "80.000000" : 2211840,
            "90.000000" : 2572288,
            "95.000000" : 2998272,
            "99.000000" : 4079616,
            "99.500000" : 4423680,
            "99.900000" : 5079040,
            "99.950000" : 5210112,
            "99.990000" : 5472256
          }
        },
        "lat_ns" : {
          "min" : 127621,
          "max" : 5703176,
          "mean" : 1728376.700127,
          "stddev" : 715168.359758,
          "N" : 46293
        },
        "bw_min" : 583936,
        "bw_max" : 1446400,
        "bw_agg" : 100.000000,
        "bw_mean" : 1185100.800000,
        "bw_dev" : 231808.437425,
        "bw_samples" : 10,
        "iops_min" : 4562,
        "iops_max" : 11300,
        "iops_mean" : 9258.600000,
        "iops_stddev" : 1811.003417,
        "iops_samples" : 10
      },
      "write" : {
        "io_bytes" : 0,
        "io_kbytes" : 0,
        "bw_bytes" : 0,
        "bw" : 0,
        "iops" : 0.000000,
        "runtime" : 0,
        "total_ios" : 0,
        "short_ios" : 0,
        "drop_ios" : 0,
        "slat_ns" : {
          "min" : 0,
          "max" : 0,
          "mean" : 0.000000,
          "stddev" : 0.000000,
          "N" : 0
        },
        "clat_ns" : {
          "min" : 0,
          "max" : 0,
          "mean" : 0.000000,
          "stddev" : 0.000000,
          "N" : 0
        },
        "lat_ns" : {
          "min" : 0,
          "max" : 0,
          "mean" : 0.000000,
          "stddev" : 0.000000,
          "N" : 0
        },
        "bw_min" : 0,
        "bw_max" : 0,
        "bw_agg" : 0.000000,
        "bw_mean" : 0.000000,
        "bw_dev" : 0.000000,
        "bw_samples" : 0,
        "iops_min" : 0,
        "iops_max" : 0,
        "iops_mean" : 0.000000,
        "iops_stddev" : 0.000000,
        "iops_samples" : 0
      },
      "trim" : {
        "io_bytes" : 0,
        "io_kbytes" : 0,
        "bw_bytes" : 0,
        "bw" : 0,
        "iops" : 0.000000,
        "runtime" : 0,
        "total_ios" : 0,
        "short_ios" : 0,
        "drop_ios" : 0,
        "slat_ns" : {
          "min" : 0,
          "max" : 0,
          "mean" : 0.000000,
          "stddev" : 0.000000,
          "N" : 0
        },
        "clat_ns" : {
          "min" : 0,
          "max" : 0,
          "mean" : 0.000000,
          "stddev" : 0.000000,
          "N" : 0
        },
        "lat_ns" : {
          "min" : 0,
          "max" : 0,
          "mean" : 0.000000,
          "stddev" : 0.000000,
          "N" : 0
        },
        "bw_min" : 0,
        "bw_max" : 0,
        "bw_agg" : 0.000000,
        "bw_mean" : 0.000000,
        "bw_dev" : 0.000000,
        "bw_samples" : 0,
        "iops_min" : 0,
        "iops_max" : 0,
        "iops_mean" : 0.000000,
        "iops_stddev" : 0.000000,
        "iops_samples" : 0
      },
      "sync" : {
        "total_ios" : 0,
        "lat_ns" : {
          "min" : 0,
          "max" : 0,
          "mean" : 0.000000,
          "stddev" : 0.000000,
          "N" : 0
        }
      },
      "job_runtime" : 5001,
      "usr_cpu" : 0.779844,
      "sys_cpu" : 3.299340,
      "ctx" : 42753,
      "majf" : 0,
      "minf" : 519,
      "iodepth_level" : {
        "1" : 0.100000,
        "2" : 0.100000,
        "4" : 0.100000,
        "8" : 0.100000,
        "16" : 99.967598,
        "32" : 0.000000,
        ">=64" : 0.000000
      },
      "iodepth_submit" : {
        "0" : 0.000000,
        "4" : 100.000000,
        "8" : 0.000000,
        "16" : 0.000000,
        "32" : 0.000000,
        "64" : 0.000000,
        ">=64" : 0.000000
      },
      "iodepth_complete" : {
        "0" : 0.000000,
        "4" : 99.997839,
        "8" : 0.000000,
        "16" : 0.100000,
        "32" : 0.000000,
        "64" : 0.000000,
        ">=64" : 0.000000
      },
      "latency_ns" : {
        "2" : 0.000000,
        "4" : 0.000000,
        "10" : 0.000000,
        "20" : 0.000000,
        "50" : 0.000000,
        "100" : 0.000000,
        "250" : 0.000000,
        "500" : 0.000000,
        "750" : 0.000000,
        "1000" : 0.000000
      },
      "latency_us" : {
        "2" : 0.000000,
        "4" : 0.000000,
        "10" : 0.000000,
        "20" : 0.000000,
        "50" : 0.000000,
        "100" : 0.000000,
        "250" : 0.272179,
        "500" : 1.306893,
        "750" : 3.842914,
        "1000" : 7.858640
      },
      "latency_ms" : {
        "2" : 56.926533,
        "4" : 28.591796,
        "10" : 1.201046,
        "20" : 0.000000,
        "50" : 0.000000,
        "100" : 0.000000,
        "250" : 0.000000,
        "500" : 0.000000,
        "750" : 0.000000,
        "1000" : 0.000000,
        "2000" : 0.000000,
        ">=2000" : 0.000000
      },
      "latency_depth" : 16,
      "latency_target" : 0,
      "latency_target_ns" : 0,
      "latency_percentile" : 100.000000,
      "latency_window" : 0,
      "latency_window_us" : 0
    }
  ],
  "disk_util" : [
    {
      "name" : "nvme2n1",
      "read_ios" : 45306,
      "write_ios" : 0,
      "read_sectors" : 11598336,
      "write_sectors" : 0,
      "read_merges" : 0,
      "write_merges" : 0,
      "read_ticks" : 78189,
      "write_ticks" : 0,
      "in_queue" : 78190,
      "util" : 98.078463
    }
  ]
}
