{
  "fio version" : "fio-3.36",
  "timestamp" : 1781331257,
  "timestamp_ms" : 1781331257834,
  "time" : "Sat Jun 13 06:14:17 2026",
  "jobs" : [
    {
      "jobname" : "randomread_128k_16",
      "groupid" : 0,
      "job_start" : 1781331252816,
      "error" : 0,
      "eta" : 0,
      "elapsed" : 6,
      "job options" : {
        "name" : "randomread_128k_16",
        "filename" : "/dev/nvme3n1",
        "ioengine" : "io_uring",
        "direct" : "1",
        "rw" : "randread",
        "bs" : "128k",
        "iodepth" : "16",
        "size" : "3G",
        "runtime" : "5"
      },
      "read" : {
        "io_bytes" : 6027083776,
        "io_kbytes" : 5885824,
        "bw_bytes" : 1204934781,
        "bw" : 1176694,
        "iops" : 9192.922831,
        "runtime" : 5002,
        "total_ios" : 45983,
        "short_ios" : 0,
        "drop_ios" : 0,
        "slat_ns" : {
          "min" : 2211,
          "max" : 53193,
          "mean" : 2971.839180,
          "stddev" : 967.827354,
          "N" : 45983
        },
        "clat_ns" : {
          "min" : 122688,
          "max" : 6313000,
          "mean" : 1737104.798339,
          "stddev" : 723066.496436,
          "N" : 45983,
          "percentile" : {
            "1.000000" : 436224,
            "5.000000" : 733184,
            "10.000000" : 905216,
            "20.000000" : 1155072,
            "30.000000" : 1335296,
            "40.000000" : 1499136,
            "50.000000" : 1662976,
            "60.000000" : 1826816,
            "70.000000" : 2007040,
            "80.000000" : 2211840,
            "90.000000" : 2605056,
            "95.000000" : 3063808,
            "99.000000" : 4112384,
            "99.500000" : 4423680,
            "99.900000" : 4947968,
            "99.950000" : 5210112,
            "99.990000" : 5603328
          }
        },
        "lat_ns" : {
          "min" : 125486,
          "max" : 6317269,
          "mean" : 1740076.637518,
          "stddev" : 723212.707762,
          "N" : 45983
        },
        "bw_min" : 569856,
        "bw_max" : 1428480,
        "bw_agg" : 100.000000,
        "bw_mean" : 1178055.111111,
        "bw_dev" : 244015.098170,
        "bw_samples" : 9,
        "iops_min" : 4452,
        "iops_max" : 11160,
        "iops_mean" : 9203.555556,
        "iops_stddev" : 1906.367954,
        "iops_samples" : 9
      },
      "write" : {
        "io_bytes" : 0,
        "io_kbytes" : 0,
        "bw_bytes" : 0,
        "bw" : 0,
        "iops" : 0.000000,
        "runtime" : 0,
        "total_ios" : 0,
        "short_ios" : 0,
        "drop_ios" : 0,
        "slat_ns" : {
          "min" : 0,
          "max" : 0,
          "mean" : 0.000000,
          "stddev" : 0.000000,
          "N" : 0
        },
        "clat_ns" : {
          "min" : 0,
          "max" : 0,
          "mean" : 0.000000,
          "stddev" : 0.000000,
          "N" : 0
        },
        "lat_ns" : {
          "min" : 0,
          "max" : 0,
          "mean" : 0.000000,
          "stddev" : 0.000000,
          "N" : 0
        },
        "bw_min" : 0,
        "bw_max" : 0,
        "bw_agg" : 0.000000,
        "bw_mean" : 0.000000,
        "bw_dev" : 0.000000,
        "bw_samples" : 0,
        "iops_min" : 0,
        "iops_max" : 0,
        "iops_mean" : 0.000000,
        "iops_stddev" : 0.000000,
        "iops_samples" : 0
      },
      "trim" : {
        "io_bytes" : 0,
        "io_kbytes" : 0,
        "bw_bytes" : 0,
        "bw" : 0,
        "iops" : 0.000000,
        "runtime" : 0,
        "total_ios" : 0,
        "short_ios" : 0,
        "drop_ios" : 0,
        "slat_ns" : {
          "min" : 0,
          "max" : 0,
          "mean" : 0.000000,
          "stddev" : 0.000000,
          "N" : 0
        },
        "clat_ns" : {
          "min" : 0,
          "max" : 0,
          "mean" : 0.000000,
          "stddev" : 0.000000,
          "N" : 0
        },
        "lat_ns" : {
          "min" : 0,
          "max" : 0,
          "mean" : 0.000000,
          "stddev" : 0.000000,
          "N" : 0
        },
        "bw_min" : 0,
        "bw_max" : 0,
        "bw_agg" : 0.000000,
        "bw_mean" : 0.000000,
        "bw_dev" : 0.000000,
        "bw_samples" : 0,
        "iops_min" : 0,
        "iops_max" : 0,
        "iops_mean" : 0.000000,
        "iops_stddev" : 0.000000,
        "iops_samples" : 0
      },
      "sync" : {
        "total_ios" : 0,
        "lat_ns" : {
          "min" : 0,
          "max" : 0,
          "mean" : 0.000000,
          "stddev" : 0.000000,
          "N" : 0
        }
      },
      "job_runtime" : 5001,
      "usr_cpu" : 0.979804,
      "sys_cpu" : 3.239352,
      "ctx" : 42848,
      "majf" : 0,
      "minf" : 522,
      "iodepth_level" : {
        "1" : 0.100000,
        "2" : 0.100000,
        "4" : 0.100000,
        "8" : 0.100000,
        "16" : 99.967379,
        "32" : 0.000000,
        ">=64" : 0.000000
      },
      "iodepth_submit" : {
        "0" : 0.000000,
        "4" : 100.000000,
        "8" : 0.000000,
        "16" : 0.000000,
        "32" : 0.000000,
        "64" : 0.000000,
        ">=64" : 0.000000
      },
      "iodepth_complete" : {
        "0" : 0.000000,
        "4" : 99.997825,
        "8" : 0.000000,
        "16" : 0.100000,
        "32" : 0.000000,
        "64" : 0.000000,
        ">=64" : 0.000000
      },
      "latency_ns" : {
        "2" : 0.000000,
        "4" : 0.000000,
        "10" : 0.000000,
        "20" : 0.000000,
        "50" : 0.000000,
        "100" : 0.000000,
        "250" : 0.000000,
        "500" : 0.000000,
        "750" : 0.000000,
        "1000" : 0.000000
      },
      "latency_us" : {
        "2" : 0.000000,
        "4" : 0.000000,
        "10" : 0.000000,
        "20" : 0.000000,
        "50" : 0.000000,
        "100" : 0.000000,
        "250" : 0.204423,
        "500" : 1.361373,
        "750" : 3.929713,
        "1000" : 7.668051
      },
      "latency_ms" : {
        "2" : 56.749233,
        "4" : 28.830220,
        "10" : 1.256986,
        "20" : 0.000000,
        "50" : 0.000000,
        "100" : 0.000000,
        "250" : 0.000000,
        "500" : 0.000000,
        "750" : 0.000000,
        "1000" : 0.000000,
        "2000" : 0.000000,
        ">=2000" : 0.000000
      },
      "latency_depth" : 16,
      "latency_target" : 0,
      "latency_percentile" : 100.000000,
      "latency_window" : 0
    }
  ],
  "disk_util" : [
    {
      "name" : "nvme3n1",
      "read_ios" : 45048,
      "write_ios" : 0,
      "read_sectors" : 11532288,
      "write_sectors" : 0,
      "read_merges" : 0,
      "write_merges" : 0,
      "read_ticks" : 78209,
      "write_ticks" : 0,
      "in_queue" : 78209,
      "util" : 98.119248
    }
  ]
}
