{
  "fio version" : "fio-3.36",
  "timestamp" : 1781331263,
  "timestamp_ms" : 1781331263098,
  "time" : "Sat Jun 13 06:14:23 2026",
  "jobs" : [
    {
      "jobname" : "randomread_128k_32",
      "groupid" : 0,
      "job_start" : 1781331258079,
      "error" : 0,
      "eta" : 0,
      "elapsed" : 6,
      "job options" : {
        "name" : "randomread_128k_32",
        "filename" : "/dev/nvme3n1",
        "ioengine" : "io_uring",
        "direct" : "1",
        "rw" : "randread",
        "bs" : "128k",
        "iodepth" : "32",
        "size" : "3G",
        "runtime" : "5"
      },
      "read" : {
        "io_bytes" : 7038566400,
        "io_kbytes" : 6873600,
        "bw_bytes" : 1406588009,
        "bw" : 1373621,
        "iops" : 10731.414868,
        "runtime" : 5004,
        "total_ios" : 53700,
        "short_ios" : 0,
        "drop_ios" : 0,
        "slat_ns" : {
          "min" : 2122,
          "max" : 34886,
          "mean" : 3001.059069,
          "stddev" : 905.628305,
          "N" : 53700
        },
        "clat_ns" : {
          "min" : 184310,
          "max" : 9997146,
          "mean" : 2978362.997076,
          "stddev" : 1111527.573839,
          "N" : 53700,
          "percentile" : {
            "1.000000" : 1204224,
            "5.000000" : 1646592,
            "10.000000" : 1875968,
            "20.000000" : 2179072,
            "30.000000" : 2408448,
            "40.000000" : 2605056,
            "50.000000" : 2801664,
            "60.000000" : 3031040,
            "70.000000" : 3260416,
            "80.000000" : 3555328,
            "90.000000" : 4046848,
            "95.000000" : 4751360,
            "99.000000" : 7438336,
            "99.500000" : 7897088,
            "99.900000" : 8847360,
            "99.950000" : 9109504,
            "99.990000" : 9633792
          }
        },
        "lat_ns" : {
          "min" : 187106,
          "max" : 9999775,
          "mean" : 2981364.056145,
          "stddev" : 1111576.608829,
          "N" : 53700
        },
        "bw_min" : 653312,
        "bw_max" : 1672192,
        "bw_agg" : 100.000000,
        "bw_mean" : 1373926.400000,
        "bw_dev" : 273526.478200,
        "bw_samples" : 10,
        "iops_min" : 5104,
        "iops_max" : 13064,
        "iops_mean" : 10733.800000,
        "iops_stddev" : 2136.925611,
        "iops_samples" : 10
      },
      "write" : {
        "io_bytes" : 0,
        "io_kbytes" : 0,
        "bw_bytes" : 0,
        "bw" : 0,
        "iops" : 0.000000,
        "runtime" : 0,
        "total_ios" : 0,
        "short_ios" : 0,
        "drop_ios" : 0,
        "slat_ns" : {
          "min" : 0,
          "max" : 0,
          "mean" : 0.000000,
          "stddev" : 0.000000,
          "N" : 0
        },
        "clat_ns" : {
          "min" : 0,
          "max" : 0,
          "mean" : 0.000000,
          "stddev" : 0.000000,
          "N" : 0
        },
        "lat_ns" : {
          "min" : 0,
          "max" : 0,
          "mean" : 0.000000,
          "stddev" : 0.000000,
          "N" : 0
        },
        "bw_min" : 0,
        "bw_max" : 0,
        "bw_agg" : 0.000000,
        "bw_mean" : 0.000000,
        "bw_dev" : 0.000000,
        "bw_samples" : 0,
        "iops_min" : 0,
        "iops_max" : 0,
        "iops_mean" : 0.000000,
        "iops_stddev" : 0.000000,
        "iops_samples" : 0
      },
      "trim" : {
        "io_bytes" : 0,
        "io_kbytes" : 0,
        "bw_bytes" : 0,
        "bw" : 0,
        "iops" : 0.000000,
        "runtime" : 0,
        "total_ios" : 0,
        "short_ios" : 0,
        "drop_ios" : 0,
        "slat_ns" : {
          "min" : 0,
          "max" : 0,
          "mean" : 0.000000,
          "stddev" : 0.000000,
          "N" : 0
        },
        "clat_ns" : {
          "min" : 0,
          "max" : 0,
          "mean" : 0.000000,
          "stddev" : 0.000000,
          "N" : 0
        },
        "lat_ns" : {
          "min" : 0,
          "max" : 0,
          "mean" : 0.000000,
          "stddev" : 0.000000,
          "N" : 0
        },
        "bw_min" : 0,
        "bw_max" : 0,
        "bw_agg" : 0.000000,
        "bw_mean" : 0.000000,
        "bw_dev" : 0.000000,
        "bw_samples" : 0,
        "iops_min" : 0,
        "iops_max" : 0,
        "iops_mean" : 0.000000,
        "iops_stddev" : 0.000000,
        "iops_samples" : 0
      },
      "sync" : {
        "total_ios" : 0,
        "lat_ns" : {
          "min" : 0,
          "max" : 0,
          "mean" : 0.000000,
          "stddev" : 0.000000,
          "N" : 0
        }
      },
      "job_runtime" : 5003,
      "usr_cpu" : 0.459724,
      "sys_cpu" : 4.277434,
      "ctx" : 49887,
      "majf" : 0,
      "minf" : 1034,
      "iodepth_level" : {
        "1" : 0.100000,
        "2" : 0.100000,
        "4" : 0.100000,
        "8" : 0.100000,
        "16" : 0.100000,
        "32" : 99.942272,
        ">=64" : 0.000000
      },
      "iodepth_submit" : {
        "0" : 0.000000,
        "4" : 100.000000,
        "8" : 0.000000,
        "16" : 0.000000,
        "32" : 0.000000,
        "64" : 0.000000,
        ">=64" : 0.000000
      },
      "iodepth_complete" : {
        "0" : 0.000000,
        "4" : 99.998137,
        "8" : 0.000000,
        "16" : 0.000000,
        "32" : 0.100000,
        "64" : 0.000000,
        ">=64" : 0.000000
      },
      "latency_ns" : {
        "2" : 0.000000,
        "4" : 0.000000,
        "10" : 0.000000,
        "20" : 0.000000,
        "50" : 0.000000,
        "100" : 0.000000,
        "250" : 0.000000,
        "500" : 0.000000,
        "750" : 0.000000,
        "1000" : 0.000000
      },
      "latency_us" : {
        "2" : 0.000000,
        "4" : 0.000000,
        "10" : 0.000000,
        "20" : 0.000000,
        "50" : 0.000000,
        "100" : 0.000000,
        "250" : 0.010000,
        "500" : 0.014898,
        "750" : 0.080074,
        "1000" : 0.307263
      },
      "latency_ms" : {
        "2" : 12.994413,
        "4" : 76.102421,
        "10" : 10.497207,
        "20" : 0.000000,
        "50" : 0.000000,
        "100" : 0.000000,
        "250" : 0.000000,
        "500" : 0.000000,
        "750" : 0.000000,
        "1000" : 0.000000,
        "2000" : 0.000000,
        ">=2000" : 0.000000
      },
      "latency_depth" : 32,
      "latency_target" : 0,
      "latency_percentile" : 100.000000,
      "latency_window" : 0
    }
  ],
  "disk_util" : [
    {
      "name" : "nvme3n1",
      "read_ios" : 52611,
      "write_ios" : 0,
      "read_sectors" : 13468416,
      "write_sectors" : 0,
      "read_merges" : 0,
      "write_merges" : 0,
      "read_ticks" : 156519,
      "write_ticks" : 0,
      "in_queue" : 156519,
      "util" : 98.119248
    }
  ]
}
