{
  "fio version" : "fio-3.42-31-g6a66",
  "timestamp" : 1781281939,
  "timestamp_ms" : 1781281939034,
  "time" : "Fri Jun 12 16:32:19 2026",
  "jobs" : [
    {
      "jobname" : "randomread_128k_32",
      "groupid" : 0,
      "job_start" : 1781281933885,
      "error" : 0,
      "eta" : 0,
      "elapsed" : 6,
      "job options" : {
        "name" : "randomread_128k_32",
        "filename" : "/dev/nvme2n1",
        "ioengine" : "io_uring",
        "direct" : "1",
        "group_reporting" : "",
        "rw" : "randread",
        "bs" : "128k",
        "iodepth" : "32",
        "size" : "3G",
        "time_based" : "",
        "runtime" : "5"
      },
      "read" : {
        "io_bytes" : 7081426944,
        "io_kbytes" : 6915456,
        "bw_bytes" : 1415436127,
        "bw" : 1382261,
        "iops" : 10798.920648,
        "runtime" : 5003,
        "total_ios" : 54027,
        "short_ios" : 0,
        "drop_ios" : 0,
        "slat_ns" : {
          "min" : 1885,
          "max" : 40739,
          "mean" : 2195.345716,
          "stddev" : 738.872152,
          "N" : 54027
        },
        "clat_ns" : {
          "min" : 164063,
          "max" : 10143188,
          "mean" : 2960528.987950,
          "stddev" : 1094293.700523,
          "N" : 54027,
          "percentile" : {
            "1.000000" : 1187840,
            "5.000000" : 1613824,
            "10.000000" : 1859584,
            "20.000000" : 2179072,
            "30.000000" : 2408448,
            "40.000000" : 2605056,
            "50.000000" : 2834432,
            "60.000000" : 3031040,
            "70.000000" : 3260416,
            "80.000000" : 3555328,
            "90.000000" : 4014080,
            "95.000000" : 4685824,
            "99.000000" : 7438336,
            "99.500000" : 7831552,
            "99.900000" : 8716288,
            "99.950000" : 8847360,
            "99.990000" : 9502720
          }
        },
        "lat_ns" : {
          "min" : 166194,
          "max" : 10145686,
          "mean" : 2962724.333667,
          "stddev" : 1094320.677811,
          "N" : 54027
        },
        "bw_min" : 676864,
        "bw_max" : 1684992,
        "bw_agg" : 100.000000,
        "bw_mean" : 1382297.600000,
        "bw_dev" : 272443.053248,
        "bw_samples" : 10,
        "iops_min" : 5288,
        "iops_max" : 13164,
        "iops_mean" : 10799.200000,
        "iops_stddev" : 2128.461353,
        "iops_samples" : 10
      },
      "write" : {
        "io_bytes" : 0,
        "io_kbytes" : 0,
        "bw_bytes" : 0,
        "bw" : 0,
        "iops" : 0.000000,
        "runtime" : 0,
        "total_ios" : 0,
        "short_ios" : 0,
        "drop_ios" : 0,
        "slat_ns" : {
          "min" : 0,
          "max" : 0,
          "mean" : 0.000000,
          "stddev" : 0.000000,
          "N" : 0
        },
        "clat_ns" : {
          "min" : 0,
          "max" : 0,
          "mean" : 0.000000,
          "stddev" : 0.000000,
          "N" : 0
        },
        "lat_ns" : {
          "min" : 0,
          "max" : 0,
          "mean" : 0.000000,
          "stddev" : 0.000000,
          "N" : 0
        },
        "bw_min" : 0,
        "bw_max" : 0,
        "bw_agg" : 0.000000,
        "bw_mean" : 0.000000,
        "bw_dev" : 0.000000,
        "bw_samples" : 0,
        "iops_min" : 0,
        "iops_max" : 0,
        "iops_mean" : 0.000000,
        "iops_stddev" : 0.000000,
        "iops_samples" : 0
      },
      "trim" : {
        "io_bytes" : 0,
        "io_kbytes" : 0,
        "bw_bytes" : 0,
        "bw" : 0,
        "iops" : 0.000000,
        "runtime" : 0,
        "total_ios" : 0,
        "short_ios" : 0,
        "drop_ios" : 0,
        "slat_ns" : {
          "min" : 0,
          "max" : 0,
          "mean" : 0.000000,
          "stddev" : 0.000000,
          "N" : 0
        },
        "clat_ns" : {
          "min" : 0,
          "max" : 0,
          "mean" : 0.000000,
          "stddev" : 0.000000,
          "N" : 0
        },
        "lat_ns" : {
          "min" : 0,
          "max" : 0,
          "mean" : 0.000000,
          "stddev" : 0.000000,
          "N" : 0
        },
        "bw_min" : 0,
        "bw_max" : 0,
        "bw_agg" : 0.000000,
        "bw_mean" : 0.000000,
        "bw_dev" : 0.000000,
        "bw_samples" : 0,
        "iops_min" : 0,
        "iops_max" : 0,
        "iops_mean" : 0.000000,
        "iops_stddev" : 0.000000,
        "iops_samples" : 0
      },
      "sync" : {
        "total_ios" : 0,
        "lat_ns" : {
          "min" : 0,
          "max" : 0,
          "mean" : 0.000000,
          "stddev" : 0.000000,
          "N" : 0
        }
      },
      "job_runtime" : 5002,
      "usr_cpu" : 0.379848,
      "sys_cpu" : 4.098361,
      "ctx" : 49954,
      "majf" : 0,
      "minf" : 1032,
      "iodepth_level" : {
        "1" : 0.100000,
        "2" : 0.100000,
        "4" : 0.100000,
        "8" : 0.100000,
        "16" : 0.100000,
        "32" : 99.942621,
        ">=64" : 0.000000
      },
      "iodepth_submit" : {
        "0" : 0.000000,
        "4" : 100.000000,
        "8" : 0.000000,
        "16" : 0.000000,
        "32" : 0.000000,
        "64" : 0.000000,
        ">=64" : 0.000000
      },
      "iodepth_complete" : {
        "0" : 0.000000,
        "4" : 99.998148,
        "8" : 0.000000,
        "16" : 0.000000,
        "32" : 0.100000,
        "64" : 0.000000,
        ">=64" : 0.000000
      },
      "latency_ns" : {
        "2" : 0.000000,
        "4" : 0.000000,
        "10" : 0.000000,
        "20" : 0.000000,
        "50" : 0.000000,
        "100" : 0.000000,
        "250" : 0.000000,
        "500" : 0.000000,
        "750" : 0.000000,
        "1000" : 0.000000
      },
      "latency_us" : {
        "2" : 0.000000,
        "4" : 0.000000,
        "10" : 0.000000,
        "20" : 0.000000,
        "50" : 0.000000,
        "100" : 0.000000,
        "250" : 0.010000,
        "500" : 0.018509,
        "750" : 0.085143,
        "1000" : 0.335018
      },
      "latency_ms" : {
        "2" : 13.756085,
        "4" : 75.797287,
        "10" : 10.000555,
        "20" : 0.010000,
        "50" : 0.000000,
        "100" : 0.000000,
        "250" : 0.000000,
        "500" : 0.000000,
        "750" : 0.000000,
        "1000" : 0.000000,
        "2000" : 0.000000,
        ">=2000" : 0.000000
      },
      "latency_depth" : 32,
      "latency_target" : 0,
      "latency_target_ns" : 0,
      "latency_percentile" : 100.000000,
      "latency_window" : 0,
      "latency_window_us" : 0
    }
  ],
  "disk_util" : [
    {
      "name" : "nvme2n1",
      "read_ios" : 52881,
      "write_ios" : 0,
      "read_sectors" : 13537536,
      "write_sectors" : 0,
      "read_merges" : 0,
      "write_merges" : 0,
      "read_ticks" : 156510,
      "write_ticks" : 0,
      "in_queue" : 156510,
      "util" : 98.138883
    }
  ]
}
