{
  "fio version" : "fio-3.36",
  "timestamp" : 1781331242,
  "timestamp_ms" : 1781331242045,
  "time" : "Sat Jun 13 06:14:02 2026",
  "jobs" : [
    {
      "jobname" : "randomread_128k_2",
      "groupid" : 0,
      "job_start" : 1781331237025,
      "error" : 0,
      "eta" : 0,
      "elapsed" : 6,
      "job options" : {
        "name" : "randomread_128k_2",
        "filename" : "/dev/nvme3n1",
        "ioengine" : "io_uring",
        "direct" : "1",
        "rw" : "randread",
        "bs" : "128k",
        "iodepth" : "2",
        "size" : "3G",
        "runtime" : "5"
      },
      "read" : {
        "io_bytes" : 1786642432,
        "io_kbytes" : 1744768,
        "bw_bytes" : 357257034,
        "bw" : 348883,
        "iops" : 2725.654869,
        "runtime" : 5001,
        "total_ios" : 13631,
        "short_ios" : 0,
        "drop_ios" : 0,
        "slat_ns" : {
          "min" : 2335,
          "max" : 34226,
          "mean" : 3624.806397,
          "stddev" : 2855.520136,
          "N" : 13631
        },
        "clat_ns" : {
          "min" : 116351,
          "max" : 2006213,
          "mean" : 729706.344142,
          "stddev" : 524795.133233,
          "N" : 13631,
          "percentile" : {
            "1.000000" : 118272,
            "5.000000" : 122368,
            "10.000000" : 123392,
            "20.000000" : 134144,
            "30.000000" : 301056,
            "40.000000" : 444416,
            "50.000000" : 626688,
            "60.000000" : 806912,
            "70.000000" : 1138688,
            "80.000000" : 1400832,
            "90.000000" : 1433600,
            "95.000000" : 1531904,
            "99.000000" : 1695744,
            "99.500000" : 1777664,
            "99.900000" : 1892352,
            "99.950000" : 1925120,
            "99.990000" : 2007040
          }
        },
        "lat_ns" : {
          "min" : 120898,
          "max" : 2008934,
          "mean" : 733331.150539,
          "stddev" : 524953.533569,
          "N" : 13631
        },
        "bw_min" : 179456,
        "bw_max" : 431872,
        "bw_agg" : 96.343820,
        "bw_mean" : 336128.000000,
        "bw_dev" : 117457.280473,
        "bw_samples" : 9,
        "iops_min" : 1402,
        "iops_max" : 3374,
        "iops_mean" : 2626.000000,
        "iops_stddev" : 917.635004,
        "iops_samples" : 9
      },
      "write" : {
        "io_bytes" : 0,
        "io_kbytes" : 0,
        "bw_bytes" : 0,
        "bw" : 0,
        "iops" : 0.000000,
        "runtime" : 0,
        "total_ios" : 0,
        "short_ios" : 0,
        "drop_ios" : 0,
        "slat_ns" : {
          "min" : 0,
          "max" : 0,
          "mean" : 0.000000,
          "stddev" : 0.000000,
          "N" : 0
        },
        "clat_ns" : {
          "min" : 0,
          "max" : 0,
          "mean" : 0.000000,
          "stddev" : 0.000000,
          "N" : 0
        },
        "lat_ns" : {
          "min" : 0,
          "max" : 0,
          "mean" : 0.000000,
          "stddev" : 0.000000,
          "N" : 0
        },
        "bw_min" : 0,
        "bw_max" : 0,
        "bw_agg" : 0.000000,
        "bw_mean" : 0.000000,
        "bw_dev" : 0.000000,
        "bw_samples" : 0,
        "iops_min" : 0,
        "iops_max" : 0,
        "iops_mean" : 0.000000,
        "iops_stddev" : 0.000000,
        "iops_samples" : 0
      },
      "trim" : {
        "io_bytes" : 0,
        "io_kbytes" : 0,
        "bw_bytes" : 0,
        "bw" : 0,
        "iops" : 0.000000,
        "runtime" : 0,
        "total_ios" : 0,
        "short_ios" : 0,
        "drop_ios" : 0,
        "slat_ns" : {
          "min" : 0,
          "max" : 0,
          "mean" : 0.000000,
          "stddev" : 0.000000,
          "N" : 0
        },
        "clat_ns" : {
          "min" : 0,
          "max" : 0,
          "mean" : 0.000000,
          "stddev" : 0.000000,
          "N" : 0
        },
        "lat_ns" : {
          "min" : 0,
          "max" : 0,
          "mean" : 0.000000,
          "stddev" : 0.000000,
          "N" : 0
        },
        "bw_min" : 0,
        "bw_max" : 0,
        "bw_agg" : 0.000000,
        "bw_mean" : 0.000000,
        "bw_dev" : 0.000000,
        "bw_samples" : 0,
        "iops_min" : 0,
        "iops_max" : 0,
        "iops_mean" : 0.000000,
        "iops_stddev" : 0.000000,
        "iops_samples" : 0
      },
      "sync" : {
        "total_ios" : 0,
        "lat_ns" : {
          "min" : 0,
          "max" : 0,
          "mean" : 0.000000,
          "stddev" : 0.000000,
          "N" : 0
        }
      },
      "job_runtime" : 5000,
      "usr_cpu" : 0.280000,
      "sys_cpu" : 1.360000,
      "ctx" : 13343,
      "majf" : 0,
      "minf" : 72,
      "iodepth_level" : {
        "1" : 0.100000,
        "2" : 99.992664,
        "4" : 0.000000,
        "8" : 0.000000,
        "16" : 0.000000,
        "32" : 0.000000,
        ">=64" : 0.000000
      },
      "iodepth_submit" : {
        "0" : 0.000000,
        "4" : 100.000000,
        "8" : 0.000000,
        "16" : 0.000000,
        "32" : 0.000000,
        "64" : 0.000000,
        ">=64" : 0.000000
      },
      "iodepth_complete" : {
        "0" : 0.000000,
        "4" : 100.000000,
        "8" : 0.000000,
        "16" : 0.000000,
        "32" : 0.000000,
        "64" : 0.000000,
        ">=64" : 0.000000
      },
      "latency_ns" : {
        "2" : 0.000000,
        "4" : 0.000000,
        "10" : 0.000000,
        "20" : 0.000000,
        "50" : 0.000000,
        "100" : 0.000000,
        "250" : 0.000000,
        "500" : 0.000000,
        "750" : 0.000000,
        "1000" : 0.000000
      },
      "latency_us" : {
        "2" : 0.000000,
        "4" : 0.000000,
        "10" : 0.000000,
        "20" : 0.000000,
        "50" : 0.000000,
        "100" : 0.000000,
        "250" : 27.965666,
        "500" : 17.115399,
        "750" : 10.131318,
        "1000" : 10.358741
      },
      "latency_ms" : {
        "2" : 34.414203,
        "4" : 0.014672,
        "10" : 0.000000,
        "20" : 0.000000,
        "50" : 0.000000,
        "100" : 0.000000,
        "250" : 0.000000,
        "500" : 0.000000,
        "750" : 0.000000,
        "1000" : 0.000000,
        "2000" : 0.000000,
        ">=2000" : 0.000000
      },
      "latency_depth" : 2,
      "latency_target" : 0,
      "latency_percentile" : 100.000000,
      "latency_window" : 0
    }
  ],
  "disk_util" : [
    {
      "name" : "nvme3n1",
      "read_ios" : 13269,
      "write_ios" : 0,
      "read_sectors" : 3396864,
      "write_sectors" : 0,
      "read_merges" : 0,
      "write_merges" : 0,
      "read_ticks" : 9739,
      "write_ticks" : 0,
      "in_queue" : 9739,
      "util" : 98.039216
    }
  ]
}
