{
  "fio version" : "fio-3.36",
  "timestamp" : 1781331252,
  "timestamp_ms" : 1781331252571,
  "time" : "Sat Jun 13 06:14:12 2026",
  "jobs" : [
    {
      "jobname" : "randomread_128k_8",
      "groupid" : 0,
      "job_start" : 1781331247553,
      "error" : 0,
      "eta" : 0,
      "elapsed" : 6,
      "job options" : {
        "name" : "randomread_128k_8",
        "filename" : "/dev/nvme3n1",
        "ioengine" : "io_uring",
        "direct" : "1",
        "rw" : "randread",
        "bs" : "128k",
        "iodepth" : "8",
        "size" : "3G",
        "runtime" : "5"
      },
      "read" : {
        "io_bytes" : 4571922432,
        "io_kbytes" : 4464768,
        "bw_bytes" : 914201646,
        "bw" : 892775,
        "iops" : 6974.805039,
        "runtime" : 5001,
        "total_ios" : 34881,
        "short_ios" : 0,
        "drop_ios" : 0,
        "slat_ns" : {
          "min" : 2250,
          "max" : 38692,
          "mean" : 2959.154095,
          "stddev" : 1136.084101,
          "N" : 34881
        },
        "clat_ns" : {
          "min" : 117057,
          "max" : 3522444,
          "mean" : 1143710.185287,
          "stddev" : 566434.822504,
          "N" : 34881,
          "percentile" : {
            "1.000000" : 146432,
            "5.000000" : 288768,
            "10.000000" : 432128,
            "20.000000" : 626688,
            "30.000000" : 782336,
            "40.000000" : 937984,
            "50.000000" : 1105920,
            "60.000000" : 1269760,
            "70.000000" : 1433600,
            "80.000000" : 1613824,
            "90.000000" : 1892352,
            "95.000000" : 2146304,
            "99.000000" : 2572288,
            "99.500000" : 2736128,
            "99.900000" : 3031040,
            "99.950000" : 3194880,
            "99.990000" : 3358720
          }
        },
        "lat_ns" : {
          "min" : 121158,
          "max" : 3536266,
          "mean" : 1146669.339382,
          "stddev" : 566427.812391,
          "N" : 34881
        },
        "bw_min" : 481341,
        "bw_max" : 1078272,
        "bw_agg" : 100.000000,
        "bw_mean" : 896035.222222,
        "bw_dev" : 179877.322366,
        "bw_samples" : 9,
        "iops_min" : 3760,
        "iops_max" : 8424,
        "iops_mean" : 7000.222222,
        "iops_stddev" : 1405.428918,
        "iops_samples" : 9
      },
      "write" : {
        "io_bytes" : 0,
        "io_kbytes" : 0,
        "bw_bytes" : 0,
        "bw" : 0,
        "iops" : 0.000000,
        "runtime" : 0,
        "total_ios" : 0,
        "short_ios" : 0,
        "drop_ios" : 0,
        "slat_ns" : {
          "min" : 0,
          "max" : 0,
          "mean" : 0.000000,
          "stddev" : 0.000000,
          "N" : 0
        },
        "clat_ns" : {
          "min" : 0,
          "max" : 0,
          "mean" : 0.000000,
          "stddev" : 0.000000,
          "N" : 0
        },
        "lat_ns" : {
          "min" : 0,
          "max" : 0,
          "mean" : 0.000000,
          "stddev" : 0.000000,
          "N" : 0
        },
        "bw_min" : 0,
        "bw_max" : 0,
        "bw_agg" : 0.000000,
        "bw_mean" : 0.000000,
        "bw_dev" : 0.000000,
        "bw_samples" : 0,
        "iops_min" : 0,
        "iops_max" : 0,
        "iops_mean" : 0.000000,
        "iops_stddev" : 0.000000,
        "iops_samples" : 0
      },
      "trim" : {
        "io_bytes" : 0,
        "io_kbytes" : 0,
        "bw_bytes" : 0,
        "bw" : 0,
        "iops" : 0.000000,
        "runtime" : 0,
        "total_ios" : 0,
        "short_ios" : 0,
        "drop_ios" : 0,
        "slat_ns" : {
          "min" : 0,
          "max" : 0,
          "mean" : 0.000000,
          "stddev" : 0.000000,
          "N" : 0
        },
        "clat_ns" : {
          "min" : 0,
          "max" : 0,
          "mean" : 0.000000,
          "stddev" : 0.000000,
          "N" : 0
        },
        "lat_ns" : {
          "min" : 0,
          "max" : 0,
          "mean" : 0.000000,
          "stddev" : 0.000000,
          "N" : 0
        },
        "bw_min" : 0,
        "bw_max" : 0,
        "bw_agg" : 0.000000,
        "bw_mean" : 0.000000,
        "bw_dev" : 0.000000,
        "bw_samples" : 0,
        "iops_min" : 0,
        "iops_max" : 0,
        "iops_mean" : 0.000000,
        "iops_stddev" : 0.000000,
        "iops_samples" : 0
      },
      "sync" : {
        "total_ios" : 0,
        "lat_ns" : {
          "min" : 0,
          "max" : 0,
          "mean" : 0.000000,
          "stddev" : 0.000000,
          "N" : 0
        }
      },
      "job_runtime" : 5000,
      "usr_cpu" : 0.340000,
      "sys_cpu" : 2.860000,
      "ctx" : 32850,
      "majf" : 0,
      "minf" : 263,
      "iodepth_level" : {
        "1" : 0.100000,
        "2" : 0.100000,
        "4" : 0.100000,
        "8" : 99.979932,
        "16" : 0.000000,
        "32" : 0.000000,
        ">=64" : 0.000000
      },
      "iodepth_submit" : {
        "0" : 0.000000,
        "4" : 100.000000,
        "8" : 0.000000,
        "16" : 0.000000,
        "32" : 0.000000,
        "64" : 0.000000,
        ">=64" : 0.000000
      },
      "iodepth_complete" : {
        "0" : 0.000000,
        "4" : 99.997133,
        "8" : 0.100000,
        "16" : 0.000000,
        "32" : 0.000000,
        "64" : 0.000000,
        ">=64" : 0.000000
      },
      "latency_ns" : {
        "2" : 0.000000,
        "4" : 0.000000,
        "10" : 0.000000,
        "20" : 0.000000,
        "50" : 0.000000,
        "100" : 0.000000,
        "250" : 0.000000,
        "500" : 0.000000,
        "750" : 0.000000,
        "1000" : 0.000000
      },
      "latency_us" : {
        "2" : 0.000000,
        "4" : 0.000000,
        "10" : 0.000000,
        "20" : 0.000000,
        "50" : 0.000000,
        "100" : 0.000000,
        "250" : 4.050916,
        "500" : 9.371864,
        "750" : 13.798343,
        "1000" : 16.266735
      },
      "latency_ms" : {
        "2" : 48.866145,
        "4" : 7.645996,
        "10" : 0.000000,
        "20" : 0.000000,
        "50" : 0.000000,
        "100" : 0.000000,
        "250" : 0.000000,
        "500" : 0.000000,
        "750" : 0.000000,
        "1000" : 0.000000,
        "2000" : 0.000000,
        ">=2000" : 0.000000
      },
      "latency_depth" : 8,
      "latency_target" : 0,
      "latency_percentile" : 100.000000,
      "latency_window" : 0
    }
  ],
  "disk_util" : [
    {
      "name" : "nvme3n1",
      "read_ios" : 34192,
      "write_ios" : 0,
      "read_sectors" : 8753152,
      "write_sectors" : 0,
      "read_merges" : 0,
      "write_merges" : 0,
      "read_ticks" : 39070,
      "write_ticks" : 0,
      "in_queue" : 39070,
      "util" : 98.039216
    }
  ]
}
