{
  "fio version" : "fio-3.42-31-g6a66",
  "timestamp" : 1781281944,
  "timestamp_ms" : 1781281944421,
  "time" : "Fri Jun 12 16:32:24 2026",
  "jobs" : [
    {
      "jobname" : "randomread_128k_64",
      "groupid" : 0,
      "job_start" : 1781281939272,
      "error" : 0,
      "eta" : 0,
      "elapsed" : 6,
      "job options" : {
        "name" : "randomread_128k_64",
        "filename" : "/dev/nvme2n1",
        "ioengine" : "io_uring",
        "direct" : "1",
        "group_reporting" : "",
        "rw" : "randread",
        "bs" : "128k",
        "iodepth" : "64",
        "size" : "3G",
        "time_based" : "",
        "runtime" : "5"
      },
      "read" : {
        "io_bytes" : 7461142528,
        "io_kbytes" : 7286272,
        "bw_bytes" : 1490439977,
        "bw" : 1455507,
        "iops" : 11371.154614,
        "runtime" : 5006,
        "total_ios" : 56924,
        "short_ios" : 0,
        "drop_ios" : 0,
        "slat_ns" : {
          "min" : 1910,
          "max" : 38276,
          "mean" : 2260.041757,
          "stddev" : 854.550681,
          "N" : 56924
        },
        "clat_ns" : {
          "min" : 1310332,
          "max" : 16938981,
          "mean" : 5624782.402080,
          "stddev" : 1909268.657442,
          "N" : 56924,
          "percentile" : {
            "1.000000" : 2932736,
            "5.000000" : 3555328,
            "10.000000" : 3915776,
            "20.000000" : 4423680,
            "30.000000" : 4751360,
            "40.000000" : 5079040,
            "50.000000" : 5341184,
            "60.000000" : 5668864,
            "70.000000" : 5996544,
            "80.000000" : 6389760,
            "90.000000" : 6979584,
            "95.000000" : 7831552,
            "99.000000" : 14483456,
            "99.500000" : 15138816,
            "99.900000" : 16056320,
            "99.950000" : 16318464,
            "99.990000" : 16711680
          }
        },
        "lat_ns" : {
          "min" : 1312727,
          "max" : 16941123,
          "mean" : 5627042.443837,
          "stddev" : 1909293.243219,
          "N" : 56924
        },
        "bw_min" : 686848,
        "bw_max" : 1815552,
        "bw_agg" : 100.000000,
        "bw_mean" : 1455641.600000,
        "bw_dev" : 295673.817271,
        "bw_samples" : 10,
        "iops_min" : 5366,
        "iops_max" : 14184,
        "iops_mean" : 11372.200000,
        "iops_stddev" : 2309.951697,
        "iops_samples" : 10
      },
      "write" : {
        "io_bytes" : 0,
        "io_kbytes" : 0,
        "bw_bytes" : 0,
        "bw" : 0,
        "iops" : 0.000000,
        "runtime" : 0,
        "total_ios" : 0,
        "short_ios" : 0,
        "drop_ios" : 0,
        "slat_ns" : {
          "min" : 0,
          "max" : 0,
          "mean" : 0.000000,
          "stddev" : 0.000000,
          "N" : 0
        },
        "clat_ns" : {
          "min" : 0,
          "max" : 0,
          "mean" : 0.000000,
          "stddev" : 0.000000,
          "N" : 0
        },
        "lat_ns" : {
          "min" : 0,
          "max" : 0,
          "mean" : 0.000000,
          "stddev" : 0.000000,
          "N" : 0
        },
        "bw_min" : 0,
        "bw_max" : 0,
        "bw_agg" : 0.000000,
        "bw_mean" : 0.000000,
        "bw_dev" : 0.000000,
        "bw_samples" : 0,
        "iops_min" : 0,
        "iops_max" : 0,
        "iops_mean" : 0.000000,
        "iops_stddev" : 0.000000,
        "iops_samples" : 0
      },
      "trim" : {
        "io_bytes" : 0,
        "io_kbytes" : 0,
        "bw_bytes" : 0,
        "bw" : 0,
        "iops" : 0.000000,
        "runtime" : 0,
        "total_ios" : 0,
        "short_ios" : 0,
        "drop_ios" : 0,
        "slat_ns" : {
          "min" : 0,
          "max" : 0,
          "mean" : 0.000000,
          "stddev" : 0.000000,
          "N" : 0
        },
        "clat_ns" : {
          "min" : 0,
          "max" : 0,
          "mean" : 0.000000,
          "stddev" : 0.000000,
          "N" : 0
        },
        "lat_ns" : {
          "min" : 0,
          "max" : 0,
          "mean" : 0.000000,
          "stddev" : 0.000000,
          "N" : 0
        },
        "bw_min" : 0,
        "bw_max" : 0,
        "bw_agg" : 0.000000,
        "bw_mean" : 0.000000,
        "bw_dev" : 0.000000,
        "bw_samples" : 0,
        "iops_min" : 0,
        "iops_max" : 0,
        "iops_mean" : 0.000000,
        "iops_stddev" : 0.000000,
        "iops_samples" : 0
      },
      "sync" : {
        "total_ios" : 0,
        "lat_ns" : {
          "min" : 0,
          "max" : 0,
          "mean" : 0.000000,
          "stddev" : 0.000000,
          "N" : 0
        }
      },
      "job_runtime" : 5005,
      "usr_cpu" : 0.599401,
      "sys_cpu" : 4.375624,
      "ctx" : 52399,
      "majf" : 0,
      "minf" : 2055,
      "iodepth_level" : {
        "1" : 0.100000,
        "2" : 0.100000,
        "4" : 0.100000,
        "8" : 0.100000,
        "16" : 0.100000,
        "32" : 0.100000,
        ">=64" : 99.889326
      },
      "iodepth_submit" : {
        "0" : 0.000000,
        "4" : 100.000000,
        "8" : 0.000000,
        "16" : 0.000000,
        "32" : 0.000000,
        "64" : 0.000000,
        ">=64" : 0.000000
      },
      "iodepth_complete" : {
        "0" : 0.000000,
        "4" : 99.998241,
        "8" : 0.000000,
        "16" : 0.000000,
        "32" : 0.000000,
        "64" : 0.100000,
        ">=64" : 0.000000
      },
      "latency_ns" : {
        "2" : 0.000000,
        "4" : 0.000000,
        "10" : 0.000000,
        "20" : 0.000000,
        "50" : 0.000000,
        "100" : 0.000000,
        "250" : 0.000000,
        "500" : 0.000000,
        "750" : 0.000000,
        "1000" : 0.000000
      },
      "latency_us" : {
        "2" : 0.000000,
        "4" : 0.000000,
        "10" : 0.000000,
        "20" : 0.000000,
        "50" : 0.000000,
        "100" : 0.000000,
        "250" : 0.000000,
        "500" : 0.000000,
        "750" : 0.000000,
        "1000" : 0.000000
      },
      "latency_ms" : {
        "2" : 0.026351,
        "4" : 11.209683,
        "10" : 84.944839,
        "20" : 3.819127,
        "50" : 0.000000,
        "100" : 0.000000,
        "250" : 0.000000,
        "500" : 0.000000,
        "750" : 0.000000,
        "1000" : 0.000000,
        "2000" : 0.000000,
        ">=2000" : 0.000000
      },
      "latency_depth" : 64,
      "latency_target" : 0,
      "latency_target_ns" : 0,
      "latency_percentile" : 100.000000,
      "latency_window" : 0,
      "latency_window_us" : 0
    }
  ],
  "disk_util" : [
    {
      "name" : "nvme2n1",
      "read_ios" : 55637,
      "write_ios" : 0,
      "read_sectors" : 14243072,
      "write_sectors" : 0,
      "read_merges" : 0,
      "write_merges" : 0,
      "read_ticks" : 313030,
      "write_ticks" : 0,
      "in_queue" : 313030,
      "util" : 98.158527
    }
  ]
}
