{
  "fio version" : "fio-3.36",
  "timestamp" : 1781331268,
  "timestamp_ms" : 1781331268366,
  "time" : "Sat Jun 13 06:14:28 2026",
  "jobs" : [
    {
      "jobname" : "randomread_128k_64",
      "groupid" : 0,
      "job_start" : 1781331263344,
      "error" : 0,
      "eta" : 0,
      "elapsed" : 6,
      "job options" : {
        "name" : "randomread_128k_64",
        "filename" : "/dev/nvme3n1",
        "ioengine" : "io_uring",
        "direct" : "1",
        "rw" : "randread",
        "bs" : "128k",
        "iodepth" : "64",
        "size" : "3G",
        "runtime" : "5"
      },
      "read" : {
        "io_bytes" : 7520387072,
        "io_kbytes" : 7344128,
        "bw_bytes" : 1502274684,
        "bw" : 1467065,
        "iops" : 11461.446264,
        "runtime" : 5006,
        "total_ios" : 57376,
        "short_ios" : 0,
        "drop_ios" : 0,
        "slat_ns" : {
          "min" : 2100,
          "max" : 108477,
          "mean" : 3263.690655,
          "stddev" : 1185.323984,
          "N" : 57376
        },
        "clat_ns" : {
          "min" : 1058133,
          "max" : 17978662,
          "mean" : 5579603.136573,
          "stddev" : 1879260.685690,
          "N" : 57376,
          "percentile" : {
            "1.000000" : 2965504,
            "5.000000" : 3620864,
            "10.000000" : 3948544,
            "20.000000" : 4358144,
            "30.000000" : 4685824,
            "40.000000" : 5013504,
            "50.000000" : 5275648,
            "60.000000" : 5537792,
            "70.000000" : 5931008,
            "80.000000" : 6324224,
            "90.000000" : 6979584,
            "95.000000" : 7831552,
            "99.000000" : 14090240,
            "99.500000" : 14876672,
            "99.900000" : 15925248,
            "99.950000" : 16187392,
            "99.990000" : 17432576
          }
        },
        "lat_ns" : {
          "min" : 1084193,
          "max" : 17981808,
          "mean" : 5582866.827227,
          "stddev" : 1879363.313844,
          "N" : 57376
        },
        "bw_min" : 699904,
        "bw_max" : 1803520,
        "bw_agg" : 100.000000,
        "bw_mean" : 1467212.800000,
        "bw_dev" : 290923.199022,
        "bw_samples" : 10,
        "iops_min" : 5468,
        "iops_max" : 14090,
        "iops_mean" : 11462.600000,
        "iops_stddev" : 2272.837492,
        "iops_samples" : 10
      },
      "write" : {
        "io_bytes" : 0,
        "io_kbytes" : 0,
        "bw_bytes" : 0,
        "bw" : 0,
        "iops" : 0.000000,
        "runtime" : 0,
        "total_ios" : 0,
        "short_ios" : 0,
        "drop_ios" : 0,
        "slat_ns" : {
          "min" : 0,
          "max" : 0,
          "mean" : 0.000000,
          "stddev" : 0.000000,
          "N" : 0
        },
        "clat_ns" : {
          "min" : 0,
          "max" : 0,
          "mean" : 0.000000,
          "stddev" : 0.000000,
          "N" : 0
        },
        "lat_ns" : {
          "min" : 0,
          "max" : 0,
          "mean" : 0.000000,
          "stddev" : 0.000000,
          "N" : 0
        },
        "bw_min" : 0,
        "bw_max" : 0,
        "bw_agg" : 0.000000,
        "bw_mean" : 0.000000,
        "bw_dev" : 0.000000,
        "bw_samples" : 0,
        "iops_min" : 0,
        "iops_max" : 0,
        "iops_mean" : 0.000000,
        "iops_stddev" : 0.000000,
        "iops_samples" : 0
      },
      "trim" : {
        "io_bytes" : 0,
        "io_kbytes" : 0,
        "bw_bytes" : 0,
        "bw" : 0,
        "iops" : 0.000000,
        "runtime" : 0,
        "total_ios" : 0,
        "short_ios" : 0,
        "drop_ios" : 0,
        "slat_ns" : {
          "min" : 0,
          "max" : 0,
          "mean" : 0.000000,
          "stddev" : 0.000000,
          "N" : 0
        },
        "clat_ns" : {
          "min" : 0,
          "max" : 0,
          "mean" : 0.000000,
          "stddev" : 0.000000,
          "N" : 0
        },
        "lat_ns" : {
          "min" : 0,
          "max" : 0,
          "mean" : 0.000000,
          "stddev" : 0.000000,
          "N" : 0
        },
        "bw_min" : 0,
        "bw_max" : 0,
        "bw_agg" : 0.000000,
        "bw_mean" : 0.000000,
        "bw_dev" : 0.000000,
        "bw_samples" : 0,
        "iops_min" : 0,
        "iops_max" : 0,
        "iops_mean" : 0.000000,
        "iops_stddev" : 0.000000,
        "iops_samples" : 0
      },
      "sync" : {
        "total_ios" : 0,
        "lat_ns" : {
          "min" : 0,
          "max" : 0,
          "mean" : 0.000000,
          "stddev" : 0.000000,
          "N" : 0
        }
      },
      "job_runtime" : 5005,
      "usr_cpu" : 0.759241,
      "sys_cpu" : 4.735265,
      "ctx" : 52927,
      "majf" : 0,
      "minf" : 2055,
      "iodepth_level" : {
        "1" : 0.100000,
        "2" : 0.100000,
        "4" : 0.100000,
        "8" : 0.100000,
        "16" : 0.100000,
        "32" : 0.100000,
        ">=64" : 99.890198
      },
      "iodepth_submit" : {
        "0" : 0.000000,
        "4" : 100.000000,
        "8" : 0.000000,
        "16" : 0.000000,
        "32" : 0.000000,
        "64" : 0.000000,
        ">=64" : 0.000000
      },
      "iodepth_complete" : {
        "0" : 0.000000,
        "4" : 99.998255,
        "8" : 0.000000,
        "16" : 0.000000,
        "32" : 0.000000,
        "64" : 0.100000,
        ">=64" : 0.000000
      },
      "latency_ns" : {
        "2" : 0.000000,
        "4" : 0.000000,
        "10" : 0.000000,
        "20" : 0.000000,
        "50" : 0.000000,
        "100" : 0.000000,
        "250" : 0.000000,
        "500" : 0.000000,
        "750" : 0.000000,
        "1000" : 0.000000
      },
      "latency_us" : {
        "2" : 0.000000,
        "4" : 0.000000,
        "10" : 0.000000,
        "20" : 0.000000,
        "50" : 0.000000,
        "100" : 0.000000,
        "250" : 0.000000,
        "500" : 0.000000,
        "750" : 0.000000,
        "1000" : 0.000000
      },
      "latency_ms" : {
        "2" : 0.034858,
        "4" : 11.060374,
        "10" : 85.168015,
        "20" : 3.736754,
        "50" : 0.000000,
        "100" : 0.000000,
        "250" : 0.000000,
        "500" : 0.000000,
        "750" : 0.000000,
        "1000" : 0.000000,
        "2000" : 0.000000,
        ">=2000" : 0.000000
      },
      "latency_depth" : 64,
      "latency_target" : 0,
      "latency_percentile" : 100.000000,
      "latency_window" : 0
    }
  ],
  "disk_util" : [
    {
      "name" : "nvme3n1",
      "read_ios" : 56090,
      "write_ios" : 0,
      "read_sectors" : 14359040,
      "write_sectors" : 0,
      "read_merges" : 0,
      "write_merges" : 0,
      "read_ticks" : 312991,
      "write_ticks" : 0,
      "in_queue" : 312991,
      "util" : 98.138883
    }
  ]
}
