{
  "fio version" : "fio-3.36",
  "timestamp" : 1781331247,
  "timestamp_ms" : 1781331247309,
  "time" : "Sat Jun 13 06:14:07 2026",
  "jobs" : [
    {
      "jobname" : "randomread_128k_4",
      "groupid" : 0,
      "job_start" : 1781331242290,
      "error" : 0,
      "eta" : 0,
      "elapsed" : 6,
      "job options" : {
        "name" : "randomread_128k_4",
        "filename" : "/dev/nvme3n1",
        "ioengine" : "io_uring",
        "direct" : "1",
        "rw" : "randread",
        "bs" : "128k",
        "iodepth" : "4",
        "size" : "3G",
        "runtime" : "5"
      },
      "read" : {
        "io_bytes" : 3198812160,
        "io_kbytes" : 3123840,
        "bw_bytes" : 639634505,
        "bw" : 624643,
        "iops" : 4880.023995,
        "runtime" : 5001,
        "total_ios" : 24405,
        "short_ios" : 0,
        "drop_ios" : 0,
        "slat_ns" : {
          "min" : 2256,
          "max" : 35435,
          "mean" : 3261.536161,
          "stddev" : 1732.403922,
          "N" : 24405
        },
        "clat_ns" : {
          "min" : 116638,
          "max" : 2545824,
          "mean" : 815977.108134,
          "stddev" : 506723.000966,
          "N" : 24405,
          "percentile" : {
            "1.000000" : 122368,
            "5.000000" : 130560,
            "10.000000" : 156672,
            "20.000000" : 317440,
            "30.000000" : 452608,
            "40.000000" : 585728,
            "50.000000" : 757760,
            "60.000000" : 897024,
            "70.000000" : 1138688,
            "80.000000" : 1384448,
            "90.000000" : 1515520,
            "95.000000" : 1662976,
            "99.000000" : 1892352,
            "99.500000" : 1990656,
            "99.900000" : 2179072,
            "99.950000" : 2277376,
            "99.990000" : 2408448
          }
        },
        "lat_ns" : {
          "min" : 121027,
          "max" : 2548455,
          "mean" : 819238.644294,
          "stddev" : 506710.820834,
          "N" : 24405
        },
        "bw_min" : 336384,
        "bw_max" : 724480,
        "bw_agg" : 97.262585,
        "bw_mean" : 607544.888889,
        "bw_dev" : 134961.950694,
        "bw_samples" : 9,
        "iops_min" : 2628,
        "iops_max" : 5660,
        "iops_mean" : 4746.444444,
        "iops_stddev" : 1054.390240,
        "iops_samples" : 9
      },
      "write" : {
        "io_bytes" : 0,
        "io_kbytes" : 0,
        "bw_bytes" : 0,
        "bw" : 0,
        "iops" : 0.000000,
        "runtime" : 0,
        "total_ios" : 0,
        "short_ios" : 0,
        "drop_ios" : 0,
        "slat_ns" : {
          "min" : 0,
          "max" : 0,
          "mean" : 0.000000,
          "stddev" : 0.000000,
          "N" : 0
        },
        "clat_ns" : {
          "min" : 0,
          "max" : 0,
          "mean" : 0.000000,
          "stddev" : 0.000000,
          "N" : 0
        },
        "lat_ns" : {
          "min" : 0,
          "max" : 0,
          "mean" : 0.000000,
          "stddev" : 0.000000,
          "N" : 0
        },
        "bw_min" : 0,
        "bw_max" : 0,
        "bw_agg" : 0.000000,
        "bw_mean" : 0.000000,
        "bw_dev" : 0.000000,
        "bw_samples" : 0,
        "iops_min" : 0,
        "iops_max" : 0,
        "iops_mean" : 0.000000,
        "iops_stddev" : 0.000000,
        "iops_samples" : 0
      },
      "trim" : {
        "io_bytes" : 0,
        "io_kbytes" : 0,
        "bw_bytes" : 0,
        "bw" : 0,
        "iops" : 0.000000,
        "runtime" : 0,
        "total_ios" : 0,
        "short_ios" : 0,
        "drop_ios" : 0,
        "slat_ns" : {
          "min" : 0,
          "max" : 0,
          "mean" : 0.000000,
          "stddev" : 0.000000,
          "N" : 0
        },
        "clat_ns" : {
          "min" : 0,
          "max" : 0,
          "mean" : 0.000000,
          "stddev" : 0.000000,
          "N" : 0
        },
        "lat_ns" : {
          "min" : 0,
          "max" : 0,
          "mean" : 0.000000,
          "stddev" : 0.000000,
          "N" : 0
        },
        "bw_min" : 0,
        "bw_max" : 0,
        "bw_agg" : 0.000000,
        "bw_mean" : 0.000000,
        "bw_dev" : 0.000000,
        "bw_samples" : 0,
        "iops_min" : 0,
        "iops_max" : 0,
        "iops_mean" : 0.000000,
        "iops_stddev" : 0.000000,
        "iops_samples" : 0
      },
      "sync" : {
        "total_ios" : 0,
        "lat_ns" : {
          "min" : 0,
          "max" : 0,
          "mean" : 0.000000,
          "stddev" : 0.000000,
          "N" : 0
        }
      },
      "job_runtime" : 5000,
      "usr_cpu" : 0.640000,
      "sys_cpu" : 1.880000,
      "ctx" : 23350,
      "majf" : 0,
      "minf" : 137,
      "iodepth_level" : {
        "1" : 0.100000,
        "2" : 0.100000,
        "4" : 99.987707,
        "8" : 0.000000,
        "16" : 0.000000,
        "32" : 0.000000,
        ">=64" : 0.000000
      },
      "iodepth_submit" : {
        "0" : 0.000000,
        "4" : 100.000000,
        "8" : 0.000000,
        "16" : 0.000000,
        "32" : 0.000000,
        "64" : 0.000000,
        ">=64" : 0.000000
      },
      "iodepth_complete" : {
        "0" : 0.000000,
        "4" : 100.000000,
        "8" : 0.000000,
        "16" : 0.000000,
        "32" : 0.000000,
        "64" : 0.000000,
        ">=64" : 0.000000
      },
      "latency_ns" : {
        "2" : 0.000000,
        "4" : 0.000000,
        "10" : 0.000000,
        "20" : 0.000000,
        "50" : 0.000000,
        "100" : 0.000000,
        "250" : 0.000000,
        "500" : 0.000000,
        "750" : 0.000000,
        "1000" : 0.000000
      },
      "latency_us" : {
        "2" : 0.000000,
        "4" : 0.000000,
        "10" : 0.000000,
        "20" : 0.000000,
        "50" : 0.000000,
        "100" : 0.000000,
        "250" : 16.857201,
        "500" : 17.418562,
        "750" : 15.533702,
        "1000" : 14.230690
      },
      "latency_ms" : {
        "2" : 35.496824,
        "4" : 0.463020,
        "10" : 0.000000,
        "20" : 0.000000,
        "50" : 0.000000,
        "100" : 0.000000,
        "250" : 0.000000,
        "500" : 0.000000,
        "750" : 0.000000,
        "1000" : 0.000000,
        "2000" : 0.000000,
        ">=2000" : 0.000000
      },
      "latency_depth" : 4,
      "latency_target" : 0,
      "latency_percentile" : 100.000000,
      "latency_window" : 0
    }
  ],
  "disk_util" : [
    {
      "name" : "nvme3n1",
      "read_ios" : 23740,
      "write_ios" : 0,
      "read_sectors" : 6077440,
      "write_sectors" : 0,
      "read_merges" : 0,
      "write_merges" : 0,
      "read_ticks" : 19504,
      "write_ticks" : 0,
      "in_queue" : 19504,
      "util" : 98.039216
    }
  ]
}
