{
  "fio version" : "fio-3.36",
  "timestamp" : 1781331126,
  "timestamp_ms" : 1781331126218,
  "time" : "Sat Jun 13 06:12:06 2026",
  "jobs" : [
    {
      "jobname" : "randomread_16k_64",
      "groupid" : 0,
      "job_start" : 1781331121200,
      "error" : 0,
      "eta" : 0,
      "elapsed" : 6,
      "job options" : {
        "name" : "randomread_16k_64",
        "filename" : "/dev/nvme3n1",
        "ioengine" : "io_uring",
        "direct" : "1",
        "rw" : "randread",
        "bs" : "16k",
        "iodepth" : "64",
        "size" : "3G",
        "runtime" : "5"
      },
      "read" : {
        "io_bytes" : 3877240832,
        "io_kbytes" : 3786368,
        "bw_bytes" : 775138111,
        "bw" : 756970,
        "iops" : 47310.675730,
        "runtime" : 5002,
        "total_ios" : 236648,
        "short_ios" : 0,
        "drop_ios" : 0,
        "slat_ns" : {
          "min" : 854,
          "max" : 122859,
          "mean" : 1408.240399,
          "stddev" : 434.220440,
          "N" : 236648
        },
        "clat_ns" : {
          "min" : 221597,
          "max" : 3046392,
          "mean" : 1350981.009415,
          "stddev" : 229024.506228,
          "N" : 236648,
          "percentile" : {
            "1.000000" : 872448,
            "5.000000" : 1011712,
            "10.000000" : 1089536,
            "20.000000" : 1171456,
            "30.000000" : 1236992,
            "40.000000" : 1286144,
            "50.000000" : 1335296,
            "60.000000" : 1384448,
            "70.000000" : 1449984,
            "80.000000" : 1515520,
            "90.000000" : 1613824,
            "95.000000" : 1695744,
            "99.000000" : 2039808,
            "99.500000" : 2441216,
            "99.900000" : 2768896,
            "99.950000" : 2834432,
            "99.990000" : 2932736
          }
        },
        "lat_ns" : {
          "min" : 239442,
          "max" : 3047780,
          "mean" : 1352389.249814,
          "stddev" : 229024.984142,
          "N" : 236648
        },
        "bw_min" : 698048,
        "bw_max" : 784896,
        "bw_agg" : 100.000000,
        "bw_mean" : 757276.444444,
        "bw_dev" : 23862.263132,
        "bw_samples" : 9,
        "iops_min" : 43628,
        "iops_max" : 49056,
        "iops_mean" : 47329.777778,
        "iops_stddev" : 1491.391446,
        "iops_samples" : 9
      },
      "write" : {
        "io_bytes" : 0,
        "io_kbytes" : 0,
        "bw_bytes" : 0,
        "bw" : 0,
        "iops" : 0.000000,
        "runtime" : 0,
        "total_ios" : 0,
        "short_ios" : 0,
        "drop_ios" : 0,
        "slat_ns" : {
          "min" : 0,
          "max" : 0,
          "mean" : 0.000000,
          "stddev" : 0.000000,
          "N" : 0
        },
        "clat_ns" : {
          "min" : 0,
          "max" : 0,
          "mean" : 0.000000,
          "stddev" : 0.000000,
          "N" : 0
        },
        "lat_ns" : {
          "min" : 0,
          "max" : 0,
          "mean" : 0.000000,
          "stddev" : 0.000000,
          "N" : 0
        },
        "bw_min" : 0,
        "bw_max" : 0,
        "bw_agg" : 0.000000,
        "bw_mean" : 0.000000,
        "bw_dev" : 0.000000,
        "bw_samples" : 0,
        "iops_min" : 0,
        "iops_max" : 0,
        "iops_mean" : 0.000000,
        "iops_stddev" : 0.000000,
        "iops_samples" : 0
      },
      "trim" : {
        "io_bytes" : 0,
        "io_kbytes" : 0,
        "bw_bytes" : 0,
        "bw" : 0,
        "iops" : 0.000000,
        "runtime" : 0,
        "total_ios" : 0,
        "short_ios" : 0,
        "drop_ios" : 0,
        "slat_ns" : {
          "min" : 0,
          "max" : 0,
          "mean" : 0.000000,
          "stddev" : 0.000000,
          "N" : 0
        },
        "clat_ns" : {
          "min" : 0,
          "max" : 0,
          "mean" : 0.000000,
          "stddev" : 0.000000,
          "N" : 0
        },
        "lat_ns" : {
          "min" : 0,
          "max" : 0,
          "mean" : 0.000000,
          "stddev" : 0.000000,
          "N" : 0
        },
        "bw_min" : 0,
        "bw_max" : 0,
        "bw_agg" : 0.000000,
        "bw_mean" : 0.000000,
        "bw_dev" : 0.000000,
        "bw_samples" : 0,
        "iops_min" : 0,
        "iops_max" : 0,
        "iops_mean" : 0.000000,
        "iops_stddev" : 0.000000,
        "iops_samples" : 0
      },
      "sync" : {
        "total_ios" : 0,
        "lat_ns" : {
          "min" : 0,
          "max" : 0,
          "mean" : 0.000000,
          "stddev" : 0.000000,
          "N" : 0
        }
      },
      "job_runtime" : 5001,
      "usr_cpu" : 1.679664,
      "sys_cpu" : 10.597880,
      "ctx" : 201925,
      "majf" : 0,
      "minf" : 266,
      "iodepth_level" : {
        "1" : 0.100000,
        "2" : 0.100000,
        "4" : 0.100000,
        "8" : 0.100000,
        "16" : 0.100000,
        "32" : 0.100000,
        ">=64" : 99.973378
      },
      "iodepth_submit" : {
        "0" : 0.000000,
        "4" : 100.000000,
        "8" : 0.000000,
        "16" : 0.000000,
        "32" : 0.000000,
        "64" : 0.000000,
        ">=64" : 0.000000
      },
      "iodepth_complete" : {
        "0" : 0.000000,
        "4" : 99.999577,
        "8" : 0.000000,
        "16" : 0.000000,
        "32" : 0.000000,
        "64" : 0.100000,
        ">=64" : 0.000000
      },
      "latency_ns" : {
        "2" : 0.000000,
        "4" : 0.000000,
        "10" : 0.000000,
        "20" : 0.000000,
        "50" : 0.000000,
        "100" : 0.000000,
        "250" : 0.000000,
        "500" : 0.000000,
        "750" : 0.000000,
        "1000" : 0.000000
      },
      "latency_us" : {
        "2" : 0.000000,
        "4" : 0.000000,
        "10" : 0.000000,
        "20" : 0.000000,
        "50" : 0.000000,
        "100" : 0.000000,
        "250" : 0.010000,
        "500" : 0.010000,
        "750" : 0.202833,
        "1000" : 4.135256
      },
      "latency_ms" : {
        "2" : 94.601264,
        "4" : 1.050928,
        "10" : 0.000000,
        "20" : 0.000000,
        "50" : 0.000000,
        "100" : 0.000000,
        "250" : 0.000000,
        "500" : 0.000000,
        "750" : 0.000000,
        "1000" : 0.000000,
        "2000" : 0.000000,
        ">=2000" : 0.000000
      },
      "latency_depth" : 64,
      "latency_target" : 0,
      "latency_percentile" : 100.000000,
      "latency_window" : 0
    }
  ],
  "disk_util" : [
    {
      "name" : "nvme3n1",
      "read_ios" : 231800,
      "write_ios" : 0,
      "read_sectors" : 7417600,
      "write_sectors" : 0,
      "read_merges" : 0,
      "write_merges" : 0,
      "read_ticks" : 312876,
      "write_ticks" : 0,
      "in_queue" : 312876,
      "util" : 98.119248
    }
  ]
}
