{
  "fio version" : "fio-3.42-31-g6a66",
  "timestamp" : 1781281804,
  "timestamp_ms" : 1781281804380,
  "time" : "Fri Jun 12 16:30:04 2026",
  "jobs" : [
    {
      "jobname" : "randomread_16k_128",
      "groupid" : 0,
      "job_start" : 1781281799232,
      "error" : 0,
      "eta" : 0,
      "elapsed" : 6,
      "job options" : {
        "name" : "randomread_16k_128",
        "filename" : "/dev/nvme2n1",
        "ioengine" : "io_uring",
        "direct" : "1",
        "group_reporting" : "",
        "rw" : "randread",
        "bs" : "16k",
        "iodepth" : "128",
        "size" : "3G",
        "time_based" : "",
        "runtime" : "5"
      },
      "read" : {
        "io_bytes" : 3894198272,
        "io_kbytes" : 3802928,
        "bw_bytes" : 778372630,
        "bw" : 760129,
        "iops" : 47508.095143,
        "runtime" : 5003,
        "total_ios" : 237683,
        "short_ios" : 0,
        "drop_ios" : 0,
        "slat_ns" : {
          "min" : 777,
          "max" : 26585,
          "mean" : 1036.301128,
          "stddev" : 486.672372,
          "N" : 237683
        },
        "clat_ns" : {
          "min" : 383938,
          "max" : 6002337,
          "mean" : 2692902.874547,
          "stddev" : 351030.152411,
          "N" : 237683,
          "percentile" : {
            "1.000000" : 2039808,
            "5.000000" : 2244608,
            "10.000000" : 2342912,
            "20.000000" : 2441216,
            "30.000000" : 2539520,
            "40.000000" : 2605056,
            "50.000000" : 2670592,
            "60.000000" : 2736128,
            "70.000000" : 2801664,
            "80.000000" : 2899968,
            "90.000000" : 3031040,
            "95.000000" : 3162112,
            "99.000000" : 3686400,
            "99.500000" : 4947968,
            "99.900000" : 5341184,
            "99.950000" : 5472256,
            "99.990000" : 5799936
          }
        },
        "lat_ns" : {
          "min" : 386955,
          "max" : 6003337,
          "mean" : 2693939.175675,
          "stddev" : 351026.395998,
          "N" : 237683
        },
        "bw_min" : 697664,
        "bw_max" : 782752,
        "bw_agg" : 100.000000,
        "bw_mean" : 760585.600000,
        "bw_dev" : 23797.990967,
        "bw_samples" : 10,
        "iops_min" : 43604,
        "iops_max" : 48922,
        "iops_mean" : 47536.600000,
        "iops_stddev" : 1487.374435,
        "iops_samples" : 10
      },
      "write" : {
        "io_bytes" : 0,
        "io_kbytes" : 0,
        "bw_bytes" : 0,
        "bw" : 0,
        "iops" : 0.000000,
        "runtime" : 0,
        "total_ios" : 0,
        "short_ios" : 0,
        "drop_ios" : 0,
        "slat_ns" : {
          "min" : 0,
          "max" : 0,
          "mean" : 0.000000,
          "stddev" : 0.000000,
          "N" : 0
        },
        "clat_ns" : {
          "min" : 0,
          "max" : 0,
          "mean" : 0.000000,
          "stddev" : 0.000000,
          "N" : 0
        },
        "lat_ns" : {
          "min" : 0,
          "max" : 0,
          "mean" : 0.000000,
          "stddev" : 0.000000,
          "N" : 0
        },
        "bw_min" : 0,
        "bw_max" : 0,
        "bw_agg" : 0.000000,
        "bw_mean" : 0.000000,
        "bw_dev" : 0.000000,
        "bw_samples" : 0,
        "iops_min" : 0,
        "iops_max" : 0,
        "iops_mean" : 0.000000,
        "iops_stddev" : 0.000000,
        "iops_samples" : 0
      },
      "trim" : {
        "io_bytes" : 0,
        "io_kbytes" : 0,
        "bw_bytes" : 0,
        "bw" : 0,
        "iops" : 0.000000,
        "runtime" : 0,
        "total_ios" : 0,
        "short_ios" : 0,
        "drop_ios" : 0,
        "slat_ns" : {
          "min" : 0,
          "max" : 0,
          "mean" : 0.000000,
          "stddev" : 0.000000,
          "N" : 0
        },
        "clat_ns" : {
          "min" : 0,
          "max" : 0,
          "mean" : 0.000000,
          "stddev" : 0.000000,
          "N" : 0
        },
        "lat_ns" : {
          "min" : 0,
          "max" : 0,
          "mean" : 0.000000,
          "stddev" : 0.000000,
          "N" : 0
        },
        "bw_min" : 0,
        "bw_max" : 0,
        "bw_agg" : 0.000000,
        "bw_mean" : 0.000000,
        "bw_dev" : 0.000000,
        "bw_samples" : 0,
        "iops_min" : 0,
        "iops_max" : 0,
        "iops_mean" : 0.000000,
        "iops_stddev" : 0.000000,
        "iops_samples" : 0
      },
      "sync" : {
        "total_ios" : 0,
        "lat_ns" : {
          "min" : 0,
          "max" : 0,
          "mean" : 0.000000,
          "stddev" : 0.000000,
          "N" : 0
        }
      },
      "job_runtime" : 5002,
      "usr_cpu" : 2.578968,
      "sys_cpu" : 10.055978,
      "ctx" : 191497,
      "majf" : 0,
      "minf" : 519,
      "iodepth_level" : {
        "1" : 0.100000,
        "2" : 0.100000,
        "4" : 0.100000,
        "8" : 0.100000,
        "16" : 0.100000,
        "32" : 0.100000,
        ">=64" : 99.973494
      },
      "iodepth_submit" : {
        "0" : 0.000000,
        "4" : 100.000000,
        "8" : 0.000000,
        "16" : 0.000000,
        "32" : 0.000000,
        "64" : 0.000000,
        ">=64" : 0.000000
      },
      "iodepth_complete" : {
        "0" : 0.000000,
        "4" : 99.999579,
        "8" : 0.000000,
        "16" : 0.000000,
        "32" : 0.000000,
        "64" : 0.000000,
        ">=64" : 0.100000
      },
      "latency_ns" : {
        "2" : 0.000000,
        "4" : 0.000000,
        "10" : 0.000000,
        "20" : 0.000000,
        "50" : 0.000000,
        "100" : 0.000000,
        "250" : 0.000000,
        "500" : 0.000000,
        "750" : 0.000000,
        "1000" : 0.000000
      },
      "latency_us" : {
        "2" : 0.000000,
        "4" : 0.000000,
        "10" : 0.000000,
        "20" : 0.000000,
        "50" : 0.000000,
        "100" : 0.000000,
        "250" : 0.000000,
        "500" : 0.010000,
        "750" : 0.010000,
        "1000" : 0.010000
      },
      "latency_ms" : {
        "2" : 0.629410,
        "4" : 98.432787,
        "10" : 0.929810,
        "20" : 0.000000,
        "50" : 0.000000,
        "100" : 0.000000,
        "250" : 0.000000,
        "500" : 0.000000,
        "750" : 0.000000,
        "1000" : 0.000000,
        "2000" : 0.000000,
        ">=2000" : 0.000000
      },
      "latency_depth" : 128,
      "latency_target" : 0,
      "latency_target_ns" : 0,
      "latency_percentile" : 100.000000,
      "latency_window" : 0,
      "latency_window_us" : 0
    }
  ],
  "disk_util" : [
    {
      "name" : "nvme2n1",
      "read_ios" : 232681,
      "write_ios" : 0,
      "read_sectors" : 7445792,
      "write_sectors" : 0,
      "read_merges" : 0,
      "write_merges" : 0,
      "read_ticks" : 626112,
      "write_ticks" : 0,
      "in_queue" : 626112,
      "util" : 98.158527
    }
  ]
}
