{
  "fio version" : "fio-3.42-31-g6a66",
  "timestamp" : 1781281777,
  "timestamp_ms" : 1781281777446,
  "time" : "Fri Jun 12 16:29:37 2026",
  "jobs" : [
    {
      "jobname" : "randomread_16k_4",
      "groupid" : 0,
      "job_start" : 1781281772298,
      "error" : 0,
      "eta" : 0,
      "elapsed" : 6,
      "job options" : {
        "name" : "randomread_16k_4",
        "filename" : "/dev/nvme2n1",
        "ioengine" : "io_uring",
        "direct" : "1",
        "group_reporting" : "",
        "rw" : "randread",
        "bs" : "16k",
        "iodepth" : "4",
        "size" : "3G",
        "time_based" : "",
        "runtime" : "5"
      },
      "read" : {
        "io_bytes" : 1900167168,
        "io_kbytes" : 1855632,
        "bw_bytes" : 379957442,
        "bw" : 371052,
        "iops" : 23190.761848,
        "runtime" : 5001,
        "total_ios" : 115977,
        "short_ios" : 0,
        "drop_ios" : 0,
        "slat_ns" : {
          "min" : 731,
          "max" : 25896,
          "mean" : 934.509308,
          "stddev" : 599.649882,
          "N" : 115977
        },
        "clat_ns" : {
          "min" : 61361,
          "max" : 1392828,
          "mean" : 171340.943075,
          "stddev" : 70043.160841,
          "N" : 115977,
          "percentile" : {
            "1.000000" : 72192,
            "5.000000" : 72192,
            "10.000000" : 76288,
            "20.000000" : 103936,
            "30.000000" : 120320,
            "40.000000" : 142336,
            "50.000000" : 164864,
            "60.000000" : 189440,
            "70.000000" : 211968,
            "80.000000" : 234496,
            "90.000000" : 264192,
            "95.000000" : 288768,
            "99.000000" : 337920,
            "99.500000" : 354304,
            "99.900000" : 391168,
            "99.950000" : 403456,
            "99.990000" : 440320
          }
        },
        "lat_ns" : {
          "min" : 62472,
          "max" : 1393892,
          "mean" : 172275.452383,
          "stddev" : 70039.141388,
          "N" : 115977
        },
        "bw_min" : 336384,
        "bw_max" : 377216,
        "bw_agg" : 100.000000,
        "bw_mean" : 371126.400000,
        "bw_dev" : 12319.201590,
        "bw_samples" : 10,
        "iops_min" : 21024,
        "iops_max" : 23576,
        "iops_mean" : 23195.400000,
        "iops_stddev" : 769.950099,
        "iops_samples" : 10
      },
      "write" : {
        "io_bytes" : 0,
        "io_kbytes" : 0,
        "bw_bytes" : 0,
        "bw" : 0,
        "iops" : 0.000000,
        "runtime" : 0,
        "total_ios" : 0,
        "short_ios" : 0,
        "drop_ios" : 0,
        "slat_ns" : {
          "min" : 0,
          "max" : 0,
          "mean" : 0.000000,
          "stddev" : 0.000000,
          "N" : 0
        },
        "clat_ns" : {
          "min" : 0,
          "max" : 0,
          "mean" : 0.000000,
          "stddev" : 0.000000,
          "N" : 0
        },
        "lat_ns" : {
          "min" : 0,
          "max" : 0,
          "mean" : 0.000000,
          "stddev" : 0.000000,
          "N" : 0
        },
        "bw_min" : 0,
        "bw_max" : 0,
        "bw_agg" : 0.000000,
        "bw_mean" : 0.000000,
        "bw_dev" : 0.000000,
        "bw_samples" : 0,
        "iops_min" : 0,
        "iops_max" : 0,
        "iops_mean" : 0.000000,
        "iops_stddev" : 0.000000,
        "iops_samples" : 0
      },
      "trim" : {
        "io_bytes" : 0,
        "io_kbytes" : 0,
        "bw_bytes" : 0,
        "bw" : 0,
        "iops" : 0.000000,
        "runtime" : 0,
        "total_ios" : 0,
        "short_ios" : 0,
        "drop_ios" : 0,
        "slat_ns" : {
          "min" : 0,
          "max" : 0,
          "mean" : 0.000000,
          "stddev" : 0.000000,
          "N" : 0
        },
        "clat_ns" : {
          "min" : 0,
          "max" : 0,
          "mean" : 0.000000,
          "stddev" : 0.000000,
          "N" : 0
        },
        "lat_ns" : {
          "min" : 0,
          "max" : 0,
          "mean" : 0.000000,
          "stddev" : 0.000000,
          "N" : 0
        },
        "bw_min" : 0,
        "bw_max" : 0,
        "bw_agg" : 0.000000,
        "bw_mean" : 0.000000,
        "bw_dev" : 0.000000,
        "bw_samples" : 0,
        "iops_min" : 0,
        "iops_max" : 0,
        "iops_mean" : 0.000000,
        "iops_stddev" : 0.000000,
        "iops_samples" : 0
      },
      "sync" : {
        "total_ios" : 0,
        "lat_ns" : {
          "min" : 0,
          "max" : 0,
          "mean" : 0.000000,
          "stddev" : 0.000000,
          "N" : 0
        }
      },
      "job_runtime" : 5000,
      "usr_cpu" : 1.500000,
      "sys_cpu" : 4.340000,
      "ctx" : 106640,
      "majf" : 0,
      "minf" : 24,
      "iodepth_level" : {
        "1" : 0.100000,
        "2" : 0.100000,
        "4" : 99.997413,
        "8" : 0.000000,
        "16" : 0.000000,
        "32" : 0.000000,
        ">=64" : 0.000000
      },
      "iodepth_submit" : {
        "0" : 0.000000,
        "4" : 100.000000,
        "8" : 0.000000,
        "16" : 0.000000,
        "32" : 0.000000,
        "64" : 0.000000,
        ">=64" : 0.000000
      },
      "iodepth_complete" : {
        "0" : 0.000000,
        "4" : 100.000000,
        "8" : 0.000000,
        "16" : 0.000000,
        "32" : 0.000000,
        "64" : 0.000000,
        ">=64" : 0.000000
      },
      "latency_ns" : {
        "2" : 0.000000,
        "4" : 0.000000,
        "10" : 0.000000,
        "20" : 0.000000,
        "50" : 0.000000,
        "100" : 0.000000,
        "250" : 0.000000,
        "500" : 0.000000,
        "750" : 0.000000,
        "1000" : 0.000000
      },
      "latency_us" : {
        "2" : 0.000000,
        "4" : 0.000000,
        "10" : 0.000000,
        "20" : 0.000000,
        "50" : 0.000000,
        "100" : 18.548505,
        "250" : 67.804823,
        "500" : 13.643222,
        "750" : 0.000000,
        "1000" : 0.000000
      },
      "latency_ms" : {
        "2" : 0.010000,
        "4" : 0.000000,
        "10" : 0.000000,
        "20" : 0.000000,
        "50" : 0.000000,
        "100" : 0.000000,
        "250" : 0.000000,
        "500" : 0.000000,
        "750" : 0.000000,
        "1000" : 0.000000,
        "2000" : 0.000000,
        ">=2000" : 0.000000
      },
      "latency_depth" : 4,
      "latency_target" : 0,
      "latency_target_ns" : 0,
      "latency_percentile" : 100.000000,
      "latency_window" : 0,
      "latency_window_us" : 0
    }
  ],
  "disk_util" : [
    {
      "name" : "nvme2n1",
      "read_ios" : 113614,
      "write_ios" : 0,
      "read_sectors" : 3635648,
      "write_sectors" : 0,
      "read_merges" : 0,
      "write_merges" : 0,
      "read_ticks" : 19361,
      "write_ticks" : 0,
      "in_queue" : 19361,
      "util" : 98.078463
    }
  ]
}
