{
  "fio version" : "fio-3.36",
  "timestamp" : 1781331099,
  "timestamp_ms" : 1781331099900,
  "time" : "Sat Jun 13 06:11:39 2026",
  "jobs" : [
    {
      "jobname" : "randomread_16k_2",
      "groupid" : 0,
      "job_start" : 1781331094880,
      "error" : 0,
      "eta" : 0,
      "elapsed" : 6,
      "job options" : {
        "name" : "randomread_16k_2",
        "filename" : "/dev/nvme3n1",
        "ioengine" : "io_uring",
        "direct" : "1",
        "rw" : "randread",
        "bs" : "16k",
        "iodepth" : "2",
        "size" : "3G",
        "runtime" : "5"
      },
      "read" : {
        "io_bytes" : 1158021120,
        "io_kbytes" : 1130880,
        "bw_bytes" : 231557912,
        "bw" : 226130,
        "iops" : 14133.173365,
        "runtime" : 5001,
        "total_ios" : 70680,
        "short_ios" : 0,
        "drop_ios" : 0,
        "slat_ns" : {
          "min" : 937,
          "max" : 18985,
          "mean" : 1425.123585,
          "stddev" : 395.078603,
          "N" : 70680
        },
        "clat_ns" : {
          "min" : 59697,
          "max" : 445033,
          "mean" : 139832.280829,
          "stddev" : 64803.030937,
          "N" : 70680,
          "percentile" : {
            "1.000000" : 63744,
            "5.000000" : 71168,
            "10.000000" : 71168,
            "20.000000" : 72192,
            "30.000000" : 79360,
            "40.000000" : 105984,
            "50.000000" : 118272,
            "60.000000" : 152576,
            "70.000000" : 177152,
            "80.000000" : 218112,
            "90.000000" : 234496,
            "95.000000" : 246784,
            "99.000000" : 280576,
            "99.500000" : 292864,
            "99.900000" : 317440,
            "99.950000" : 321536,
            "99.990000" : 337920
          }
        },
        "lat_ns" : {
          "min" : 60929,
          "max" : 446314,
          "mean" : 141257.404414,
          "stddev" : 64802.927143,
          "N" : 70680
        },
        "bw_min" : 183712,
        "bw_max" : 234144,
        "bw_agg" : 99.831171,
        "bw_mean" : 225749.333333,
        "bw_dev" : 15856.823389,
        "bw_samples" : 9,
        "iops_min" : 11482,
        "iops_max" : 14634,
        "iops_mean" : 14109.333333,
        "iops_stddev" : 991.051462,
        "iops_samples" : 9
      },
      "write" : {
        "io_bytes" : 0,
        "io_kbytes" : 0,
        "bw_bytes" : 0,
        "bw" : 0,
        "iops" : 0.000000,
        "runtime" : 0,
        "total_ios" : 0,
        "short_ios" : 0,
        "drop_ios" : 0,
        "slat_ns" : {
          "min" : 0,
          "max" : 0,
          "mean" : 0.000000,
          "stddev" : 0.000000,
          "N" : 0
        },
        "clat_ns" : {
          "min" : 0,
          "max" : 0,
          "mean" : 0.000000,
          "stddev" : 0.000000,
          "N" : 0
        },
        "lat_ns" : {
          "min" : 0,
          "max" : 0,
          "mean" : 0.000000,
          "stddev" : 0.000000,
          "N" : 0
        },
        "bw_min" : 0,
        "bw_max" : 0,
        "bw_agg" : 0.000000,
        "bw_mean" : 0.000000,
        "bw_dev" : 0.000000,
        "bw_samples" : 0,
        "iops_min" : 0,
        "iops_max" : 0,
        "iops_mean" : 0.000000,
        "iops_stddev" : 0.000000,
        "iops_samples" : 0
      },
      "trim" : {
        "io_bytes" : 0,
        "io_kbytes" : 0,
        "bw_bytes" : 0,
        "bw" : 0,
        "iops" : 0.000000,
        "runtime" : 0,
        "total_ios" : 0,
        "short_ios" : 0,
        "drop_ios" : 0,
        "slat_ns" : {
          "min" : 0,
          "max" : 0,
          "mean" : 0.000000,
          "stddev" : 0.000000,
          "N" : 0
        },
        "clat_ns" : {
          "min" : 0,
          "max" : 0,
          "mean" : 0.000000,
          "stddev" : 0.000000,
          "N" : 0
        },
        "lat_ns" : {
          "min" : 0,
          "max" : 0,
          "mean" : 0.000000,
          "stddev" : 0.000000,
          "N" : 0
        },
        "bw_min" : 0,
        "bw_max" : 0,
        "bw_agg" : 0.000000,
        "bw_mean" : 0.000000,
        "bw_dev" : 0.000000,
        "bw_samples" : 0,
        "iops_min" : 0,
        "iops_max" : 0,
        "iops_mean" : 0.000000,
        "iops_stddev" : 0.000000,
        "iops_samples" : 0
      },
      "sync" : {
        "total_ios" : 0,
        "lat_ns" : {
          "min" : 0,
          "max" : 0,
          "mean" : 0.000000,
          "stddev" : 0.000000,
          "N" : 0
        }
      },
      "job_runtime" : 5000,
      "usr_cpu" : 0.660000,
      "sys_cpu" : 3.620000,
      "ctx" : 68479,
      "majf" : 0,
      "minf" : 15,
      "iodepth_level" : {
        "1" : 0.100000,
        "2" : 99.998585,
        "4" : 0.000000,
        "8" : 0.000000,
        "16" : 0.000000,
        "32" : 0.000000,
        ">=64" : 0.000000
      },
      "iodepth_submit" : {
        "0" : 0.000000,
        "4" : 100.000000,
        "8" : 0.000000,
        "16" : 0.000000,
        "32" : 0.000000,
        "64" : 0.000000,
        ">=64" : 0.000000
      },
      "iodepth_complete" : {
        "0" : 0.000000,
        "4" : 100.000000,
        "8" : 0.000000,
        "16" : 0.000000,
        "32" : 0.000000,
        "64" : 0.000000,
        ">=64" : 0.000000
      },
      "latency_ns" : {
        "2" : 0.000000,
        "4" : 0.000000,
        "10" : 0.000000,
        "20" : 0.000000,
        "50" : 0.000000,
        "100" : 0.000000,
        "250" : 0.000000,
        "500" : 0.000000,
        "750" : 0.000000,
        "1000" : 0.000000
      },
      "latency_us" : {
        "2" : 0.000000,
        "4" : 0.000000,
        "10" : 0.000000,
        "20" : 0.000000,
        "50" : 0.000000,
        "100" : 36.973684,
        "250" : 58.678551,
        "500" : 4.347765,
        "750" : 0.000000,
        "1000" : 0.000000
      },
      "latency_ms" : {
        "2" : 0.000000,
        "4" : 0.000000,
        "10" : 0.000000,
        "20" : 0.000000,
        "50" : 0.000000,
        "100" : 0.000000,
        "250" : 0.000000,
        "500" : 0.000000,
        "750" : 0.000000,
        "1000" : 0.000000,
        "2000" : 0.000000,
        ">=2000" : 0.000000
      },
      "latency_depth" : 2,
      "latency_target" : 0,
      "latency_percentile" : 100.000000,
      "latency_window" : 0
    }
  ],
  "disk_util" : [
    {
      "name" : "nvme3n1",
      "read_ios" : 69196,
      "write_ios" : 0,
      "read_sectors" : 2214272,
      "write_sectors" : 0,
      "read_merges" : 0,
      "write_merges" : 0,
      "read_ticks" : 9629,
      "write_ticks" : 0,
      "in_queue" : 9629,
      "util" : 98.138883
    }
  ]
}
