{
  "fio version" : "fio-3.42-31-g6a66",
  "timestamp" : 1781281766,
  "timestamp_ms" : 1781281766674,
  "time" : "Fri Jun 12 16:29:26 2026",
  "jobs" : [
    {
      "jobname" : "randomread_16k_1",
      "groupid" : 0,
      "job_start" : 1781281761526,
      "error" : 0,
      "eta" : 0,
      "elapsed" : 6,
      "job options" : {
        "name" : "randomread_16k_1",
        "filename" : "/dev/nvme2n1",
        "ioengine" : "io_uring",
        "direct" : "1",
        "group_reporting" : "",
        "rw" : "randread",
        "bs" : "16k",
        "iodepth" : "1",
        "size" : "3G",
        "time_based" : "",
        "runtime" : "5"
      },
      "read" : {
        "io_bytes" : 647593984,
        "io_kbytes" : 632416,
        "bw_bytes" : 129492898,
        "bw" : 126457,
        "iops" : 7903.619276,
        "runtime" : 5001,
        "total_ios" : 39526,
        "short_ios" : 0,
        "drop_ios" : 0,
        "slat_ns" : {
          "min" : 859,
          "max" : 24773,
          "mean" : 939.040758,
          "stddev" : 486.437048,
          "N" : 39526
        },
        "clat_ns" : {
          "min" : 63906,
          "max" : 370531,
          "mean" : 125367.118858,
          "stddev" : 61655.983554,
          "N" : 39526,
          "percentile" : {
            "1.000000" : 64768,
            "5.000000" : 72192,
            "10.000000" : 72192,
            "20.000000" : 73216,
            "30.000000" : 73216,
            "40.000000" : 74240,
            "50.000000" : 107008,
            "60.000000" : 120320,
            "70.000000" : 154624,
            "80.000000" : 201728,
            "90.000000" : 224256,
            "95.000000" : 236544,
            "99.000000" : 248832,
            "99.500000" : 248832,
            "99.900000" : 250880,
            "99.950000" : 272384,
            "99.990000" : 321536
          }
        },
        "lat_ns" : {
          "min" : 64788,
          "max" : 371415,
          "mean" : 126306.159616,
          "stddev" : 61669.505885,
          "N" : 39526
        },
        "bw_min" : 75872,
        "bw_max" : 133952,
        "bw_agg" : 100.000000,
        "bw_mean" : 126483.200000,
        "bw_dev" : 17818.111615,
        "bw_samples" : 10,
        "iops_min" : 4742,
        "iops_max" : 8372,
        "iops_mean" : 7905.200000,
        "iops_stddev" : 1113.631976,
        "iops_samples" : 10
      },
      "write" : {
        "io_bytes" : 0,
        "io_kbytes" : 0,
        "bw_bytes" : 0,
        "bw" : 0,
        "iops" : 0.000000,
        "runtime" : 0,
        "total_ios" : 0,
        "short_ios" : 0,
        "drop_ios" : 0,
        "slat_ns" : {
          "min" : 0,
          "max" : 0,
          "mean" : 0.000000,
          "stddev" : 0.000000,
          "N" : 0
        },
        "clat_ns" : {
          "min" : 0,
          "max" : 0,
          "mean" : 0.000000,
          "stddev" : 0.000000,
          "N" : 0
        },
        "lat_ns" : {
          "min" : 0,
          "max" : 0,
          "mean" : 0.000000,
          "stddev" : 0.000000,
          "N" : 0
        },
        "bw_min" : 0,
        "bw_max" : 0,
        "bw_agg" : 0.000000,
        "bw_mean" : 0.000000,
        "bw_dev" : 0.000000,
        "bw_samples" : 0,
        "iops_min" : 0,
        "iops_max" : 0,
        "iops_mean" : 0.000000,
        "iops_stddev" : 0.000000,
        "iops_samples" : 0
      },
      "trim" : {
        "io_bytes" : 0,
        "io_kbytes" : 0,
        "bw_bytes" : 0,
        "bw" : 0,
        "iops" : 0.000000,
        "runtime" : 0,
        "total_ios" : 0,
        "short_ios" : 0,
        "drop_ios" : 0,
        "slat_ns" : {
          "min" : 0,
          "max" : 0,
          "mean" : 0.000000,
          "stddev" : 0.000000,
          "N" : 0
        },
        "clat_ns" : {
          "min" : 0,
          "max" : 0,
          "mean" : 0.000000,
          "stddev" : 0.000000,
          "N" : 0
        },
        "lat_ns" : {
          "min" : 0,
          "max" : 0,
          "mean" : 0.000000,
          "stddev" : 0.000000,
          "N" : 0
        },
        "bw_min" : 0,
        "bw_max" : 0,
        "bw_agg" : 0.000000,
        "bw_mean" : 0.000000,
        "bw_dev" : 0.000000,
        "bw_samples" : 0,
        "iops_min" : 0,
        "iops_max" : 0,
        "iops_mean" : 0.000000,
        "iops_stddev" : 0.000000,
        "iops_samples" : 0
      },
      "sync" : {
        "total_ios" : 0,
        "lat_ns" : {
          "min" : 0,
          "max" : 0,
          "mean" : 0.000000,
          "stddev" : 0.000000,
          "N" : 0
        }
      },
      "job_runtime" : 5000,
      "usr_cpu" : 0.700000,
      "sys_cpu" : 1.560000,
      "ctx" : 39526,
      "majf" : 0,
      "minf" : 10,
      "iodepth_level" : {
        "1" : 100.000000,
        "2" : 0.000000,
        "4" : 0.000000,
        "8" : 0.000000,
        "16" : 0.000000,
        "32" : 0.000000,
        ">=64" : 0.000000
      },
      "iodepth_submit" : {
        "0" : 0.000000,
        "4" : 100.000000,
        "8" : 0.000000,
        "16" : 0.000000,
        "32" : 0.000000,
        "64" : 0.000000,
        ">=64" : 0.000000
      },
      "iodepth_complete" : {
        "0" : 0.000000,
        "4" : 100.000000,
        "8" : 0.000000,
        "16" : 0.000000,
        "32" : 0.000000,
        "64" : 0.000000,
        ">=64" : 0.000000
      },
      "latency_ns" : {
        "2" : 0.000000,
        "4" : 0.000000,
        "10" : 0.000000,
        "20" : 0.000000,
        "50" : 0.000000,
        "100" : 0.000000,
        "250" : 0.000000,
        "500" : 0.000000,
        "750" : 0.000000,
        "1000" : 0.000000
      },
      "latency_us" : {
        "2" : 0.000000,
        "4" : 0.000000,
        "10" : 0.000000,
        "20" : 0.000000,
        "50" : 0.000000,
        "100" : 49.278956,
        "250" : 50.612255,
        "500" : 0.108789,
        "750" : 0.000000,
        "1000" : 0.000000
      },
      "latency_ms" : {
        "2" : 0.000000,
        "4" : 0.000000,
        "10" : 0.000000,
        "20" : 0.000000,
        "50" : 0.000000,
        "100" : 0.000000,
        "250" : 0.000000,
        "500" : 0.000000,
        "750" : 0.000000,
        "1000" : 0.000000,
        "2000" : 0.000000,
        ">=2000" : 0.000000
      },
      "latency_depth" : 1,
      "latency_target" : 0,
      "latency_target_ns" : 0,
      "latency_percentile" : 100.000000,
      "latency_window" : 0,
      "latency_window_us" : 0
    }
  ],
  "disk_util" : [
    {
      "name" : "nvme2n1",
      "read_ios" : 38676,
      "write_ios" : 0,
      "read_sectors" : 1237632,
      "write_sectors" : 0,
      "read_merges" : 0,
      "write_merges" : 0,
      "read_ticks" : 4818,
      "write_ticks" : 0,
      "in_queue" : 4818,
      "util" : 98.058835
    }
  ]
}
