{
  "fio version" : "fio-3.42-31-g6a66",
  "timestamp" : 1781281772,
  "timestamp_ms" : 1781281772060,
  "time" : "Fri Jun 12 16:29:32 2026",
  "jobs" : [
    {
      "jobname" : "randomread_16k_2",
      "groupid" : 0,
      "job_start" : 1781281766912,
      "error" : 0,
      "eta" : 0,
      "elapsed" : 6,
      "job options" : {
        "name" : "randomread_16k_2",
        "filename" : "/dev/nvme2n1",
        "ioengine" : "io_uring",
        "direct" : "1",
        "group_reporting" : "",
        "rw" : "randread",
        "bs" : "16k",
        "iodepth" : "2",
        "size" : "3G",
        "time_based" : "",
        "runtime" : "5"
      },
      "read" : {
        "io_bytes" : 1168031744,
        "io_kbytes" : 1140656,
        "bw_bytes" : 233559636,
        "bw" : 228085,
        "iops" : 14255.348930,
        "runtime" : 5001,
        "total_ios" : 71291,
        "short_ios" : 0,
        "drop_ios" : 0,
        "slat_ns" : {
          "min" : 747,
          "max" : 25791,
          "mean" : 939.545370,
          "stddev" : 418.505133,
          "N" : 71291
        },
        "clat_ns" : {
          "min" : 60164,
          "max" : 377450,
          "mean" : 139150.785345,
          "stddev" : 63437.300836,
          "N" : 71291,
          "percentile" : {
            "1.000000" : 64256,
            "5.000000" : 72192,
            "10.000000" : 72192,
            "20.000000" : 73216,
            "30.000000" : 80384,
            "40.000000" : 107008,
            "50.000000" : 119296,
            "60.000000" : 148480,
            "70.000000" : 177152,
            "80.000000" : 209920,
            "90.000000" : 234496,
            "95.000000" : 246784,
            "99.000000" : 280576,
            "99.500000" : 292864,
            "99.900000" : 317440,
            "99.950000" : 329728,
            "99.990000" : 342016
          }
        },
        "lat_ns" : {
          "min" : 61092,
          "max" : 380580,
          "mean" : 140090.330715,
          "stddev" : 63441.558785,
          "N" : 71291
        },
        "bw_min" : 187808,
        "bw_max" : 235520,
        "bw_agg" : 100.000000,
        "bw_mean" : 228131.200000,
        "bw_dev" : 14231.615609,
        "bw_samples" : 10,
        "iops_min" : 11738,
        "iops_max" : 14720,
        "iops_mean" : 14258.200000,
        "iops_stddev" : 889.475976,
        "iops_samples" : 10
      },
      "write" : {
        "io_bytes" : 0,
        "io_kbytes" : 0,
        "bw_bytes" : 0,
        "bw" : 0,
        "iops" : 0.000000,
        "runtime" : 0,
        "total_ios" : 0,
        "short_ios" : 0,
        "drop_ios" : 0,
        "slat_ns" : {
          "min" : 0,
          "max" : 0,
          "mean" : 0.000000,
          "stddev" : 0.000000,
          "N" : 0
        },
        "clat_ns" : {
          "min" : 0,
          "max" : 0,
          "mean" : 0.000000,
          "stddev" : 0.000000,
          "N" : 0
        },
        "lat_ns" : {
          "min" : 0,
          "max" : 0,
          "mean" : 0.000000,
          "stddev" : 0.000000,
          "N" : 0
        },
        "bw_min" : 0,
        "bw_max" : 0,
        "bw_agg" : 0.000000,
        "bw_mean" : 0.000000,
        "bw_dev" : 0.000000,
        "bw_samples" : 0,
        "iops_min" : 0,
        "iops_max" : 0,
        "iops_mean" : 0.000000,
        "iops_stddev" : 0.000000,
        "iops_samples" : 0
      },
      "trim" : {
        "io_bytes" : 0,
        "io_kbytes" : 0,
        "bw_bytes" : 0,
        "bw" : 0,
        "iops" : 0.000000,
        "runtime" : 0,
        "total_ios" : 0,
        "short_ios" : 0,
        "drop_ios" : 0,
        "slat_ns" : {
          "min" : 0,
          "max" : 0,
          "mean" : 0.000000,
          "stddev" : 0.000000,
          "N" : 0
        },
        "clat_ns" : {
          "min" : 0,
          "max" : 0,
          "mean" : 0.000000,
          "stddev" : 0.000000,
          "N" : 0
        },
        "lat_ns" : {
          "min" : 0,
          "max" : 0,
          "mean" : 0.000000,
          "stddev" : 0.000000,
          "N" : 0
        },
        "bw_min" : 0,
        "bw_max" : 0,
        "bw_agg" : 0.000000,
        "bw_mean" : 0.000000,
        "bw_dev" : 0.000000,
        "bw_samples" : 0,
        "iops_min" : 0,
        "iops_max" : 0,
        "iops_mean" : 0.000000,
        "iops_stddev" : 0.000000,
        "iops_samples" : 0
      },
      "sync" : {
        "total_ios" : 0,
        "lat_ns" : {
          "min" : 0,
          "max" : 0,
          "mean" : 0.000000,
          "stddev" : 0.000000,
          "N" : 0
        }
      },
      "job_runtime" : 5000,
      "usr_cpu" : 0.820000,
      "sys_cpu" : 2.840000,
      "ctx" : 68742,
      "majf" : 0,
      "minf" : 15,
      "iodepth_level" : {
        "1" : 0.100000,
        "2" : 99.998597,
        "4" : 0.000000,
        "8" : 0.000000,
        "16" : 0.000000,
        "32" : 0.000000,
        ">=64" : 0.000000
      },
      "iodepth_submit" : {
        "0" : 0.000000,
        "4" : 100.000000,
        "8" : 0.000000,
        "16" : 0.000000,
        "32" : 0.000000,
        "64" : 0.000000,
        ">=64" : 0.000000
      },
      "iodepth_complete" : {
        "0" : 0.000000,
        "4" : 100.000000,
        "8" : 0.000000,
        "16" : 0.000000,
        "32" : 0.000000,
        "64" : 0.000000,
        ">=64" : 0.000000
      },
      "latency_ns" : {
        "2" : 0.000000,
        "4" : 0.000000,
        "10" : 0.000000,
        "20" : 0.000000,
        "50" : 0.000000,
        "100" : 0.000000,
        "250" : 0.000000,
        "500" : 0.000000,
        "750" : 0.000000,
        "1000" : 0.000000
      },
      "latency_us" : {
        "2" : 0.000000,
        "4" : 0.000000,
        "10" : 0.000000,
        "20" : 0.000000,
        "50" : 0.000000,
        "100" : 37.029920,
        "250" : 59.502602,
        "500" : 3.467478,
        "750" : 0.000000,
        "1000" : 0.000000
      },
      "latency_ms" : {
        "2" : 0.000000,
        "4" : 0.000000,
        "10" : 0.000000,
        "20" : 0.000000,
        "50" : 0.000000,
        "100" : 0.000000,
        "250" : 0.000000,
        "500" : 0.000000,
        "750" : 0.000000,
        "1000" : 0.000000,
        "2000" : 0.000000,
        ">=2000" : 0.000000
      },
      "latency_depth" : 2,
      "latency_target" : 0,
      "latency_target_ns" : 0,
      "latency_percentile" : 100.000000,
      "latency_window" : 0,
      "latency_window_us" : 0
    }
  ],
  "disk_util" : [
    {
      "name" : "nvme2n1",
      "read_ios" : 69807,
      "write_ios" : 0,
      "read_sectors" : 2233824,
      "write_sectors" : 0,
      "read_merges" : 0,
      "write_merges" : 0,
      "read_ticks" : 9663,
      "write_ticks" : 0,
      "in_queue" : 9663,
      "util" : 98.138883
    }
  ]
}
