{
  "fio version" : "fio-3.42-31-g6a66",
  "timestamp" : 1781281788,
  "timestamp_ms" : 1781281788219,
  "time" : "Fri Jun 12 16:29:48 2026",
  "jobs" : [
    {
      "jobname" : "randomread_16k_16",
      "groupid" : 0,
      "job_start" : 1781281783070,
      "error" : 0,
      "eta" : 0,
      "elapsed" : 6,
      "job options" : {
        "name" : "randomread_16k_16",
        "filename" : "/dev/nvme2n1",
        "ioengine" : "io_uring",
        "direct" : "1",
        "group_reporting" : "",
        "rw" : "randread",
        "bs" : "16k",
        "iodepth" : "16",
        "size" : "3G",
        "time_based" : "",
        "runtime" : "5"
      },
      "read" : {
        "io_bytes" : 3394109440,
        "io_kbytes" : 3314560,
        "bw_bytes" : 678686150,
        "bw" : 662779,
        "iops" : 41423.715257,
        "runtime" : 5001,
        "total_ios" : 207160,
        "short_ios" : 0,
        "drop_ios" : 0,
        "slat_ns" : {
          "min" : 753,
          "max" : 26754,
          "mean" : 965.145482,
          "stddev" : 451.460308,
          "N" : 207160
        },
        "clat_ns" : {
          "min" : 64462,
          "max" : 1102351,
          "mean" : 385073.708703,
          "stddev" : 112343.748725,
          "N" : 207160,
          "percentile" : {
            "1.000000" : 142336,
            "5.000000" : 207872,
            "10.000000" : 244736,
            "20.000000" : 288768,
            "30.000000" : 325632,
            "40.000000" : 354304,
            "50.000000" : 382976,
            "60.000000" : 407552,
            "70.000000" : 440320,
            "80.000000" : 477184,
            "90.000000" : 528384,
            "95.000000" : 577536,
            "99.000000" : 675840,
            "99.500000" : 724992,
            "99.900000" : 823296,
            "99.950000" : 864256,
            "99.990000" : 962560
          }
        },
        "lat_ns" : {
          "min" : 65372,
          "max" : 1103296,
          "mean" : 386038.854185,
          "stddev" : 112339.082322,
          "N" : 207160
        },
        "bw_min" : 612279,
        "bw_max" : 685568,
        "bw_agg" : 100.000000,
        "bw_mean" : 662789.500000,
        "bw_dev" : 19496.657544,
        "bw_samples" : 10,
        "iops_min" : 38267,
        "iops_max" : 42848,
        "iops_mean" : 41424.300000,
        "iops_stddev" : 1218.667036,
        "iops_samples" : 10
      },
      "write" : {
        "io_bytes" : 0,
        "io_kbytes" : 0,
        "bw_bytes" : 0,
        "bw" : 0,
        "iops" : 0.000000,
        "runtime" : 0,
        "total_ios" : 0,
        "short_ios" : 0,
        "drop_ios" : 0,
        "slat_ns" : {
          "min" : 0,
          "max" : 0,
          "mean" : 0.000000,
          "stddev" : 0.000000,
          "N" : 0
        },
        "clat_ns" : {
          "min" : 0,
          "max" : 0,
          "mean" : 0.000000,
          "stddev" : 0.000000,
          "N" : 0
        },
        "lat_ns" : {
          "min" : 0,
          "max" : 0,
          "mean" : 0.000000,
          "stddev" : 0.000000,
          "N" : 0
        },
        "bw_min" : 0,
        "bw_max" : 0,
        "bw_agg" : 0.000000,
        "bw_mean" : 0.000000,
        "bw_dev" : 0.000000,
        "bw_samples" : 0,
        "iops_min" : 0,
        "iops_max" : 0,
        "iops_mean" : 0.000000,
        "iops_stddev" : 0.000000,
        "iops_samples" : 0
      },
      "trim" : {
        "io_bytes" : 0,
        "io_kbytes" : 0,
        "bw_bytes" : 0,
        "bw" : 0,
        "iops" : 0.000000,
        "runtime" : 0,
        "total_ios" : 0,
        "short_ios" : 0,
        "drop_ios" : 0,
        "slat_ns" : {
          "min" : 0,
          "max" : 0,
          "mean" : 0.000000,
          "stddev" : 0.000000,
          "N" : 0
        },
        "clat_ns" : {
          "min" : 0,
          "max" : 0,
          "mean" : 0.000000,
          "stddev" : 0.000000,
          "N" : 0
        },
        "lat_ns" : {
          "min" : 0,
          "max" : 0,
          "mean" : 0.000000,
          "stddev" : 0.000000,
          "N" : 0
        },
        "bw_min" : 0,
        "bw_max" : 0,
        "bw_agg" : 0.000000,
        "bw_mean" : 0.000000,
        "bw_dev" : 0.000000,
        "bw_samples" : 0,
        "iops_min" : 0,
        "iops_max" : 0,
        "iops_mean" : 0.000000,
        "iops_stddev" : 0.000000,
        "iops_samples" : 0
      },
      "sync" : {
        "total_ios" : 0,
        "lat_ns" : {
          "min" : 0,
          "max" : 0,
          "mean" : 0.000000,
          "stddev" : 0.000000,
          "N" : 0
        }
      },
      "job_runtime" : 5000,
      "usr_cpu" : 2.620000,
      "sys_cpu" : 7.760000,
      "ctx" : 176205,
      "majf" : 0,
      "minf" : 71,
      "iodepth_level" : {
        "1" : 0.100000,
        "2" : 0.100000,
        "4" : 0.100000,
        "8" : 0.100000,
        "16" : 99.992759,
        "32" : 0.000000,
        ">=64" : 0.000000
      },
      "iodepth_submit" : {
        "0" : 0.000000,
        "4" : 100.000000,
        "8" : 0.000000,
        "16" : 0.000000,
        "32" : 0.000000,
        "64" : 0.000000,
        ">=64" : 0.000000
      },
      "iodepth_complete" : {
        "0" : 0.000000,
        "4" : 99.999517,
        "8" : 0.000000,
        "16" : 0.100000,
        "32" : 0.000000,
        "64" : 0.000000,
        ">=64" : 0.000000
      },
      "latency_ns" : {
        "2" : 0.000000,
        "4" : 0.000000,
        "10" : 0.000000,
        "20" : 0.000000,
        "50" : 0.000000,
        "100" : 0.000000,
        "250" : 0.000000,
        "500" : 0.000000,
        "750" : 0.000000,
        "1000" : 0.000000
      },
      "latency_us" : {
        "2" : 0.000000,
        "4" : 0.000000,
        "10" : 0.000000,
        "20" : 0.000000,
        "50" : 0.000000,
        "100" : 0.238946,
        "250" : 10.640085,
        "500" : 74.581000,
        "750" : 14.204480,
        "1000" : 0.330662
      },
      "latency_ms" : {
        "2" : 0.010000,
        "4" : 0.000000,
        "10" : 0.000000,
        "20" : 0.000000,
        "50" : 0.000000,
        "100" : 0.000000,
        "250" : 0.000000,
        "500" : 0.000000,
        "750" : 0.000000,
        "1000" : 0.000000,
        "2000" : 0.000000,
        ">=2000" : 0.000000
      },
      "latency_depth" : 16,
      "latency_target" : 0,
      "latency_target_ns" : 0,
      "latency_percentile" : 100.000000,
      "latency_window" : 0,
      "latency_window_us" : 0
    }
  ],
  "disk_util" : [
    {
      "name" : "nvme2n1",
      "read_ios" : 202912,
      "write_ios" : 0,
      "read_sectors" : 6493184,
      "write_sectors" : 0,
      "read_merges" : 0,
      "write_merges" : 0,
      "read_ticks" : 77934,
      "write_ticks" : 0,
      "in_queue" : 77934,
      "util" : 98.078463
    }
  ]
}
