{
  "fio version" : "fio-3.36",
  "timestamp" : 1781331131,
  "timestamp_ms" : 1781331131482,
  "time" : "Sat Jun 13 06:12:11 2026",
  "jobs" : [
    {
      "jobname" : "randomread_16k_128",
      "groupid" : 0,
      "job_start" : 1781331126462,
      "error" : 0,
      "eta" : 0,
      "elapsed" : 6,
      "job options" : {
        "name" : "randomread_16k_128",
        "filename" : "/dev/nvme3n1",
        "ioengine" : "io_uring",
        "direct" : "1",
        "rw" : "randread",
        "bs" : "16k",
        "iodepth" : "128",
        "size" : "3G",
        "runtime" : "5"
      },
      "read" : {
        "io_bytes" : 3936043008,
        "io_kbytes" : 3843792,
        "bw_bytes" : 786736559,
        "bw" : 768297,
        "iops" : 48018.588847,
        "runtime" : 5003,
        "total_ios" : 240237,
        "short_ios" : 0,
        "drop_ios" : 0,
        "slat_ns" : {
          "min" : 893,
          "max" : 94140,
          "mean" : 1491.379958,
          "stddev" : 430.667787,
          "N" : 240237
        },
        "clat_ns" : {
          "min" : 345227,
          "max" : 5790365,
          "mean" : 2663600.165545,
          "stddev" : 352731.057488,
          "N" : 240237,
          "percentile" : {
            "1.000000" : 1990656,
            "5.000000" : 2179072,
            "10.000000" : 2310144,
            "20.000000" : 2408448,
            "30.000000" : 2506752,
            "40.000000" : 2572288,
            "50.000000" : 2637824,
            "60.000000" : 2703360,
            "70.000000" : 2801664,
            "80.000000" : 2867200,
            "90.000000" : 2998272,
            "95.000000" : 3129344,
            "99.000000" : 3653632,
            "99.500000" : 4882432,
            "99.900000" : 5341184,
            "99.950000" : 5406720,
            "99.990000" : 5603328
          }
        },
        "lat_ns" : {
          "min" : 347971,
          "max" : 5791598,
          "mean" : 2665091.545503,
          "stddev" : 352724.449596,
          "N" : 240237
        },
        "bw_min" : 707776,
        "bw_max" : 799840,
        "bw_agg" : 100.000000,
        "bw_mean" : 768352.000000,
        "bw_dev" : 23715.552890,
        "bw_samples" : 10,
        "iops_min" : 44236,
        "iops_max" : 49990,
        "iops_mean" : 48022.000000,
        "iops_stddev" : 1482.222056,
        "iops_samples" : 10
      },
      "write" : {
        "io_bytes" : 0,
        "io_kbytes" : 0,
        "bw_bytes" : 0,
        "bw" : 0,
        "iops" : 0.000000,
        "runtime" : 0,
        "total_ios" : 0,
        "short_ios" : 0,
        "drop_ios" : 0,
        "slat_ns" : {
          "min" : 0,
          "max" : 0,
          "mean" : 0.000000,
          "stddev" : 0.000000,
          "N" : 0
        },
        "clat_ns" : {
          "min" : 0,
          "max" : 0,
          "mean" : 0.000000,
          "stddev" : 0.000000,
          "N" : 0
        },
        "lat_ns" : {
          "min" : 0,
          "max" : 0,
          "mean" : 0.000000,
          "stddev" : 0.000000,
          "N" : 0
        },
        "bw_min" : 0,
        "bw_max" : 0,
        "bw_agg" : 0.000000,
        "bw_mean" : 0.000000,
        "bw_dev" : 0.000000,
        "bw_samples" : 0,
        "iops_min" : 0,
        "iops_max" : 0,
        "iops_mean" : 0.000000,
        "iops_stddev" : 0.000000,
        "iops_samples" : 0
      },
      "trim" : {
        "io_bytes" : 0,
        "io_kbytes" : 0,
        "bw_bytes" : 0,
        "bw" : 0,
        "iops" : 0.000000,
        "runtime" : 0,
        "total_ios" : 0,
        "short_ios" : 0,
        "drop_ios" : 0,
        "slat_ns" : {
          "min" : 0,
          "max" : 0,
          "mean" : 0.000000,
          "stddev" : 0.000000,
          "N" : 0
        },
        "clat_ns" : {
          "min" : 0,
          "max" : 0,
          "mean" : 0.000000,
          "stddev" : 0.000000,
          "N" : 0
        },
        "lat_ns" : {
          "min" : 0,
          "max" : 0,
          "mean" : 0.000000,
          "stddev" : 0.000000,
          "N" : 0
        },
        "bw_min" : 0,
        "bw_max" : 0,
        "bw_agg" : 0.000000,
        "bw_mean" : 0.000000,
        "bw_dev" : 0.000000,
        "bw_samples" : 0,
        "iops_min" : 0,
        "iops_max" : 0,
        "iops_mean" : 0.000000,
        "iops_stddev" : 0.000000,
        "iops_samples" : 0
      },
      "sync" : {
        "total_ios" : 0,
        "lat_ns" : {
          "min" : 0,
          "max" : 0,
          "mean" : 0.000000,
          "stddev" : 0.000000,
          "N" : 0
        }
      },
      "job_runtime" : 5002,
      "usr_cpu" : 2.638944,
      "sys_cpu" : 10.595762,
      "ctx" : 202178,
      "majf" : 0,
      "minf" : 522,
      "iodepth_level" : {
        "1" : 0.100000,
        "2" : 0.100000,
        "4" : 0.100000,
        "8" : 0.100000,
        "16" : 0.100000,
        "32" : 0.100000,
        ">=64" : 99.973776
      },
      "iodepth_submit" : {
        "0" : 0.000000,
        "4" : 100.000000,
        "8" : 0.000000,
        "16" : 0.000000,
        "32" : 0.000000,
        "64" : 0.000000,
        ">=64" : 0.000000
      },
      "iodepth_complete" : {
        "0" : 0.000000,
        "4" : 99.999584,
        "8" : 0.000000,
        "16" : 0.000000,
        "32" : 0.000000,
        "64" : 0.000000,
        ">=64" : 0.100000
      },
      "latency_ns" : {
        "2" : 0.000000,
        "4" : 0.000000,
        "10" : 0.000000,
        "20" : 0.000000,
        "50" : 0.000000,
        "100" : 0.000000,
        "250" : 0.000000,
        "500" : 0.000000,
        "750" : 0.000000,
        "1000" : 0.000000
      },
      "latency_us" : {
        "2" : 0.000000,
        "4" : 0.000000,
        "10" : 0.000000,
        "20" : 0.000000,
        "50" : 0.000000,
        "100" : 0.000000,
        "250" : 0.000000,
        "500" : 0.010000,
        "750" : 0.010000,
        "1000" : 0.010000
      },
      "latency_ms" : {
        "2" : 1.050213,
        "4" : 98.049842,
        "10" : 0.892868,
        "20" : 0.000000,
        "50" : 0.000000,
        "100" : 0.000000,
        "250" : 0.000000,
        "500" : 0.000000,
        "750" : 0.000000,
        "1000" : 0.000000,
        "2000" : 0.000000,
        ">=2000" : 0.000000
      },
      "latency_depth" : 128,
      "latency_target" : 0,
      "latency_percentile" : 100.000000,
      "latency_window" : 0
    }
  ],
  "disk_util" : [
    {
      "name" : "nvme3n1",
      "read_ios" : 235318,
      "write_ios" : 0,
      "read_sectors" : 7530176,
      "write_sectors" : 0,
      "read_merges" : 0,
      "write_merges" : 0,
      "read_ticks" : 626195,
      "write_ticks" : 0,
      "in_queue" : 626195,
      "util" : 98.119248
    }
  ]
}
