{
  "fio version" : "fio-3.42-31-g6a66",
  "timestamp" : 1781281987,
  "timestamp_ms" : 1781281987510,
  "time" : "Fri Jun 12 16:33:07 2026",
  "jobs" : [
    {
      "jobname" : "randomread_256k_32",
      "groupid" : 0,
      "job_start" : 1781281982362,
      "error" : 0,
      "eta" : 0,
      "elapsed" : 6,
      "job options" : {
        "name" : "randomread_256k_32",
        "filename" : "/dev/nvme2n1",
        "ioengine" : "io_uring",
        "direct" : "1",
        "group_reporting" : "",
        "rw" : "randread",
        "bs" : "256k",
        "iodepth" : "32",
        "size" : "3G",
        "time_based" : "",
        "runtime" : "5"
      },
      "read" : {
        "io_bytes" : 6515064832,
        "io_kbytes" : 6362368,
        "bw_bytes" : 1300412142,
        "bw" : 1269933,
        "iops" : 4960.678643,
        "runtime" : 5010,
        "total_ios" : 24853,
        "short_ios" : 0,
        "drop_ios" : 0,
        "slat_ns" : {
          "min" : 3150,
          "max" : 39547,
          "mean" : 3797.523317,
          "stddev" : 2078.186168,
          "N" : 24853
        },
        "clat_ns" : {
          "min" : 1443903,
          "max" : 19449926,
          "mean" : 6444949.412224,
          "stddev" : 3219281.364985,
          "N" : 24853,
          "percentile" : {
            "1.000000" : 2441216,
            "5.000000" : 3129344,
            "10.000000" : 3588096,
            "20.000000" : 4177920,
            "30.000000" : 4685824,
            "40.000000" : 5210112,
            "50.000000" : 5734400,
            "60.000000" : 6193152,
            "70.000000" : 6782976,
            "80.000000" : 7569408,
            "90.000000" : 9633792,
            "95.000000" : 15007744,
            "99.000000" : 17432576,
            "99.500000" : 17956864,
            "99.900000" : 18743296,
            "99.950000" : 19005440,
            "99.990000" : 19267584
          }
        },
        "lat_ns" : {
          "min" : 1447512,
          "max" : 19453467,
          "mean" : 6448746.935541,
          "stddev" : 3219443.649763,
          "N" : 24853
        },
        "bw_min" : 522752,
        "bw_max" : 1909760,
        "bw_agg" : 100.000000,
        "bw_mean" : 1270886.400000,
        "bw_dev" : 457044.619566,
        "bw_samples" : 10,
        "iops_min" : 2042,
        "iops_max" : 7460,
        "iops_mean" : 4964.400000,
        "iops_stddev" : 1785.330545,
        "iops_samples" : 10
      },
      "write" : {
        "io_bytes" : 0,
        "io_kbytes" : 0,
        "bw_bytes" : 0,
        "bw" : 0,
        "iops" : 0.000000,
        "runtime" : 0,
        "total_ios" : 0,
        "short_ios" : 0,
        "drop_ios" : 0,
        "slat_ns" : {
          "min" : 0,
          "max" : 0,
          "mean" : 0.000000,
          "stddev" : 0.000000,
          "N" : 0
        },
        "clat_ns" : {
          "min" : 0,
          "max" : 0,
          "mean" : 0.000000,
          "stddev" : 0.000000,
          "N" : 0
        },
        "lat_ns" : {
          "min" : 0,
          "max" : 0,
          "mean" : 0.000000,
          "stddev" : 0.000000,
          "N" : 0
        },
        "bw_min" : 0,
        "bw_max" : 0,
        "bw_agg" : 0.000000,
        "bw_mean" : 0.000000,
        "bw_dev" : 0.000000,
        "bw_samples" : 0,
        "iops_min" : 0,
        "iops_max" : 0,
        "iops_mean" : 0.000000,
        "iops_stddev" : 0.000000,
        "iops_samples" : 0
      },
      "trim" : {
        "io_bytes" : 0,
        "io_kbytes" : 0,
        "bw_bytes" : 0,
        "bw" : 0,
        "iops" : 0.000000,
        "runtime" : 0,
        "total_ios" : 0,
        "short_ios" : 0,
        "drop_ios" : 0,
        "slat_ns" : {
          "min" : 0,
          "max" : 0,
          "mean" : 0.000000,
          "stddev" : 0.000000,
          "N" : 0
        },
        "clat_ns" : {
          "min" : 0,
          "max" : 0,
          "mean" : 0.000000,
          "stddev" : 0.000000,
          "N" : 0
        },
        "lat_ns" : {
          "min" : 0,
          "max" : 0,
          "mean" : 0.000000,
          "stddev" : 0.000000,
          "N" : 0
        },
        "bw_min" : 0,
        "bw_max" : 0,
        "bw_agg" : 0.000000,
        "bw_mean" : 0.000000,
        "bw_dev" : 0.000000,
        "bw_samples" : 0,
        "iops_min" : 0,
        "iops_max" : 0,
        "iops_mean" : 0.000000,
        "iops_stddev" : 0.000000,
        "iops_samples" : 0
      },
      "sync" : {
        "total_ios" : 0,
        "lat_ns" : {
          "min" : 0,
          "max" : 0,
          "mean" : 0.000000,
          "stddev" : 0.000000,
          "N" : 0
        }
      },
      "job_runtime" : 5009,
      "usr_cpu" : 0.419245,
      "sys_cpu" : 2.755041,
      "ctx" : 23688,
      "majf" : 0,
      "minf" : 2055,
      "iodepth_level" : {
        "1" : 0.100000,
        "2" : 0.100000,
        "4" : 0.100000,
        "8" : 0.100000,
        "16" : 0.100000,
        "32" : 99.875267,
        ">=64" : 0.000000
      },
      "iodepth_submit" : {
        "0" : 0.000000,
        "4" : 100.000000,
        "8" : 0.000000,
        "16" : 0.000000,
        "32" : 0.000000,
        "64" : 0.000000,
        ">=64" : 0.000000
      },
      "iodepth_complete" : {
        "0" : 0.000000,
        "4" : 99.995971,
        "8" : 0.000000,
        "16" : 0.000000,
        "32" : 0.100000,
        "64" : 0.000000,
        ">=64" : 0.000000
      },
      "latency_ns" : {
        "2" : 0.000000,
        "4" : 0.000000,
        "10" : 0.000000,
        "20" : 0.000000,
        "50" : 0.000000,
        "100" : 0.000000,
        "250" : 0.000000,
        "500" : 0.000000,
        "750" : 0.000000,
        "1000" : 0.000000
      },
      "latency_us" : {
        "2" : 0.000000,
        "4" : 0.000000,
        "10" : 0.000000,
        "20" : 0.000000,
        "50" : 0.000000,
        "100" : 0.000000,
        "250" : 0.000000,
        "500" : 0.000000,
        "750" : 0.000000,
        "1000" : 0.000000
      },
      "latency_ms" : {
        "2" : 0.261538,
        "4" : 16.674043,
        "10" : 73.580654,
        "20" : 9.483765,
        "50" : 0.000000,
        "100" : 0.000000,
        "250" : 0.000000,
        "500" : 0.000000,
        "750" : 0.000000,
        "1000" : 0.000000,
        "2000" : 0.000000,
        ">=2000" : 0.000000
      },
      "latency_depth" : 32,
      "latency_target" : 0,
      "latency_target_ns" : 0,
      "latency_percentile" : 100.000000,
      "latency_window" : 0,
      "latency_window_us" : 0
    }
  ],
  "disk_util" : [
    {
      "name" : "nvme2n1",
      "read_ios" : 24341,
      "write_ios" : 0,
      "read_sectors" : 12462592,
      "write_sectors" : 0,
      "read_merges" : 0,
      "write_merges" : 0,
      "read_ticks" : 156504,
      "write_ticks" : 0,
      "in_queue" : 156503,
      "util" : 98.078463
    }
  ]
}
