{
  "fio version" : "fio-3.36",
  "timestamp" : 1781331289,
  "timestamp_ms" : 1781331289453,
  "time" : "Sat Jun 13 06:14:49 2026",
  "jobs" : [
    {
      "jobname" : "randomread_256k_2",
      "groupid" : 0,
      "job_start" : 1781331284434,
      "error" : 0,
      "eta" : 0,
      "elapsed" : 6,
      "job options" : {
        "name" : "randomread_256k_2",
        "filename" : "/dev/nvme3n1",
        "ioengine" : "io_uring",
        "direct" : "1",
        "rw" : "randread",
        "bs" : "256k",
        "iodepth" : "2",
        "size" : "3G",
        "runtime" : "5"
      },
      "read" : {
        "io_bytes" : 1707606016,
        "io_kbytes" : 1667584,
        "bw_bytes" : 341384649,
        "bw" : 333383,
        "iops" : 1302.279088,
        "runtime" : 5002,
        "total_ios" : 6514,
        "short_ios" : 0,
        "drop_ios" : 0,
        "slat_ns" : {
          "min" : 3654,
          "max" : 205230,
          "mean" : 6685.380872,
          "stddev" : 6437.543941,
          "N" : 6514
        },
        "clat_ns" : {
          "min" : 152011,
          "max" : 4002674,
          "mean" : 1528275.185754,
          "stddev" : 1080681.053526,
          "N" : 6514,
          "percentile" : {
            "1.000000" : 154624,
            "5.000000" : 154624,
            "10.000000" : 158720,
            "20.000000" : 236544,
            "30.000000" : 684032,
            "40.000000" : 946176,
            "50.000000" : 1384448,
            "60.000000" : 1843200,
            "70.000000" : 2506752,
            "80.000000" : 2801664,
            "90.000000" : 2932736,
            "95.000000" : 3096576,
            "99.000000" : 3293184,
            "99.500000" : 3358720,
            "99.900000" : 3588096,
            "99.950000" : 3620864,
            "99.990000" : 4014080
          }
        },
        "lat_ns" : {
          "min" : 157076,
          "max" : 4006833,
          "mean" : 1534960.566626,
          "stddev" : 1081794.823106,
          "N" : 6514
        },
        "bw_min" : 178688,
        "bw_max" : 583168,
        "bw_agg" : 91.309873,
        "bw_mean" : 304412.444444,
        "bw_dev" : 186071.872183,
        "bw_samples" : 9,
        "iops_min" : 698,
        "iops_max" : 2278,
        "iops_mean" : 1189.111111,
        "iops_stddev" : 726.843251,
        "iops_samples" : 9
      },
      "write" : {
        "io_bytes" : 0,
        "io_kbytes" : 0,
        "bw_bytes" : 0,
        "bw" : 0,
        "iops" : 0.000000,
        "runtime" : 0,
        "total_ios" : 0,
        "short_ios" : 0,
        "drop_ios" : 0,
        "slat_ns" : {
          "min" : 0,
          "max" : 0,
          "mean" : 0.000000,
          "stddev" : 0.000000,
          "N" : 0
        },
        "clat_ns" : {
          "min" : 0,
          "max" : 0,
          "mean" : 0.000000,
          "stddev" : 0.000000,
          "N" : 0
        },
        "lat_ns" : {
          "min" : 0,
          "max" : 0,
          "mean" : 0.000000,
          "stddev" : 0.000000,
          "N" : 0
        },
        "bw_min" : 0,
        "bw_max" : 0,
        "bw_agg" : 0.000000,
        "bw_mean" : 0.000000,
        "bw_dev" : 0.000000,
        "bw_samples" : 0,
        "iops_min" : 0,
        "iops_max" : 0,
        "iops_mean" : 0.000000,
        "iops_stddev" : 0.000000,
        "iops_samples" : 0
      },
      "trim" : {
        "io_bytes" : 0,
        "io_kbytes" : 0,
        "bw_bytes" : 0,
        "bw" : 0,
        "iops" : 0.000000,
        "runtime" : 0,
        "total_ios" : 0,
        "short_ios" : 0,
        "drop_ios" : 0,
        "slat_ns" : {
          "min" : 0,
          "max" : 0,
          "mean" : 0.000000,
          "stddev" : 0.000000,
          "N" : 0
        },
        "clat_ns" : {
          "min" : 0,
          "max" : 0,
          "mean" : 0.000000,
          "stddev" : 0.000000,
          "N" : 0
        },
        "lat_ns" : {
          "min" : 0,
          "max" : 0,
          "mean" : 0.000000,
          "stddev" : 0.000000,
          "N" : 0
        },
        "bw_min" : 0,
        "bw_max" : 0,
        "bw_agg" : 0.000000,
        "bw_mean" : 0.000000,
        "bw_dev" : 0.000000,
        "bw_samples" : 0,
        "iops_min" : 0,
        "iops_max" : 0,
        "iops_mean" : 0.000000,
        "iops_stddev" : 0.000000,
        "iops_samples" : 0
      },
      "sync" : {
        "total_ios" : 0,
        "lat_ns" : {
          "min" : 0,
          "max" : 0,
          "mean" : 0.000000,
          "stddev" : 0.000000,
          "N" : 0
        }
      },
      "job_runtime" : 5001,
      "usr_cpu" : 0.139972,
      "sys_cpu" : 1.119776,
      "ctx" : 6446,
      "majf" : 0,
      "minf" : 136,
      "iodepth_level" : {
        "1" : 0.100000,
        "2" : 99.984648,
        "4" : 0.000000,
        "8" : 0.000000,
        "16" : 0.000000,
        "32" : 0.000000,
        ">=64" : 0.000000
      },
      "iodepth_submit" : {
        "0" : 0.000000,
        "4" : 100.000000,
        "8" : 0.000000,
        "16" : 0.000000,
        "32" : 0.000000,
        "64" : 0.000000,
        ">=64" : 0.000000
      },
      "iodepth_complete" : {
        "0" : 0.000000,
        "4" : 100.000000,
        "8" : 0.000000,
        "16" : 0.000000,
        "32" : 0.000000,
        "64" : 0.000000,
        ">=64" : 0.000000
      },
      "latency_ns" : {
        "2" : 0.000000,
        "4" : 0.000000,
        "10" : 0.000000,
        "20" : 0.000000,
        "50" : 0.000000,
        "100" : 0.000000,
        "250" : 0.000000,
        "500" : 0.000000,
        "750" : 0.000000,
        "1000" : 0.000000
      },
      "latency_us" : {
        "2" : 0.000000,
        "4" : 0.000000,
        "10" : 0.000000,
        "20" : 0.000000,
        "50" : 0.000000,
        "100" : 0.000000,
        "250" : 20.202640,
        "500" : 3.883942,
        "750" : 8.996009,
        "1000" : 8.274486
      },
      "latency_ms" : {
        "2" : 20.647835,
        "4" : 37.979736,
        "10" : 0.015352,
        "20" : 0.000000,
        "50" : 0.000000,
        "100" : 0.000000,
        "250" : 0.000000,
        "500" : 0.000000,
        "750" : 0.000000,
        "1000" : 0.000000,
        "2000" : 0.000000,
        ">=2000" : 0.000000
      },
      "latency_depth" : 2,
      "latency_target" : 0,
      "latency_percentile" : 100.000000,
      "latency_window" : 0
    }
  ],
  "disk_util" : [
    {
      "name" : "nvme3n1",
      "read_ios" : 6263,
      "write_ios" : 0,
      "read_sectors" : 3206656,
      "write_sectors" : 0,
      "read_merges" : 0,
      "write_merges" : 0,
      "read_ticks" : 9752,
      "write_ticks" : 0,
      "in_queue" : 9752,
      "util" : 98.039216
    }
  ]
}
