{
  "fio version" : "fio-3.42-31-g6a66",
  "timestamp" : 1781281998,
  "timestamp_ms" : 1781281998283,
  "time" : "Fri Jun 12 16:33:18 2026",
  "jobs" : [
    {
      "jobname" : "randomread_256k_128",
      "groupid" : 0,
      "job_start" : 1781281993135,
      "error" : 0,
      "eta" : 0,
      "elapsed" : 6,
      "job options" : {
        "name" : "randomread_256k_128",
        "filename" : "/dev/nvme2n1",
        "ioengine" : "io_uring",
        "direct" : "1",
        "group_reporting" : "",
        "rw" : "randread",
        "bs" : "256k",
        "iodepth" : "128",
        "size" : "3G",
        "time_based" : "",
        "runtime" : "5"
      },
      "read" : {
        "io_bytes" : 6776684544,
        "io_kbytes" : 6617856,
        "bw_bytes" : 1348325615,
        "bw" : 1316724,
        "iops" : 5143.454039,
        "runtime" : 5026,
        "total_ios" : 25851,
        "short_ios" : 0,
        "drop_ios" : 0,
        "slat_ns" : {
          "min" : 3182,
          "max" : 106175,
          "mean" : 4216.314804,
          "stddev" : 2967.611032,
          "N" : 25851
        },
        "clat_ns" : {
          "min" : 4570037,
          "max" : 70145981,
          "mean" : 24868760.413059,
          "stddev" : 11931997.718619,
          "N" : 25851,
          "percentile" : {
            "1.000000" : 12124160,
            "5.000000" : 13959168,
            "10.000000" : 15007744,
            "20.000000" : 16908288,
            "30.000000" : 19005440,
            "40.000000" : 21102592,
            "50.000000" : 22675456,
            "60.000000" : 24248320,
            "70.000000" : 25559040,
            "80.000000" : 26869760,
            "90.000000" : 31064064,
            "95.000000" : 59506688,
            "99.000000" : 66846720,
            "99.500000" : 67633152,
            "99.900000" : 69730304,
            "99.950000" : 69730304,
            "99.990000" : 69730304
          }
        },
        "lat_ns" : {
          "min" : 4603609,
          "max" : 70149846,
          "mean" : 24872976.727863,
          "stddev" : 11932433.292025,
          "N" : 25851
        },
        "bw_min" : 522752,
        "bw_max" : 1969664,
        "bw_agg" : 100.000000,
        "bw_mean" : 1317068.800000,
        "bw_dev" : 486579.149043,
        "bw_samples" : 10,
        "iops_min" : 2042,
        "iops_max" : 7694,
        "iops_mean" : 5144.800000,
        "iops_stddev" : 1900.699801,
        "iops_samples" : 10
      },
      "write" : {
        "io_bytes" : 0,
        "io_kbytes" : 0,
        "bw_bytes" : 0,
        "bw" : 0,
        "iops" : 0.000000,
        "runtime" : 0,
        "total_ios" : 0,
        "short_ios" : 0,
        "drop_ios" : 0,
        "slat_ns" : {
          "min" : 0,
          "max" : 0,
          "mean" : 0.000000,
          "stddev" : 0.000000,
          "N" : 0
        },
        "clat_ns" : {
          "min" : 0,
          "max" : 0,
          "mean" : 0.000000,
          "stddev" : 0.000000,
          "N" : 0
        },
        "lat_ns" : {
          "min" : 0,
          "max" : 0,
          "mean" : 0.000000,
          "stddev" : 0.000000,
          "N" : 0
        },
        "bw_min" : 0,
        "bw_max" : 0,
        "bw_agg" : 0.000000,
        "bw_mean" : 0.000000,
        "bw_dev" : 0.000000,
        "bw_samples" : 0,
        "iops_min" : 0,
        "iops_max" : 0,
        "iops_mean" : 0.000000,
        "iops_stddev" : 0.000000,
        "iops_samples" : 0
      },
      "trim" : {
        "io_bytes" : 0,
        "io_kbytes" : 0,
        "bw_bytes" : 0,
        "bw" : 0,
        "iops" : 0.000000,
        "runtime" : 0,
        "total_ios" : 0,
        "short_ios" : 0,
        "drop_ios" : 0,
        "slat_ns" : {
          "min" : 0,
          "max" : 0,
          "mean" : 0.000000,
          "stddev" : 0.000000,
          "N" : 0
        },
        "clat_ns" : {
          "min" : 0,
          "max" : 0,
          "mean" : 0.000000,
          "stddev" : 0.000000,
          "N" : 0
        },
        "lat_ns" : {
          "min" : 0,
          "max" : 0,
          "mean" : 0.000000,
          "stddev" : 0.000000,
          "N" : 0
        },
        "bw_min" : 0,
        "bw_max" : 0,
        "bw_agg" : 0.000000,
        "bw_mean" : 0.000000,
        "bw_dev" : 0.000000,
        "bw_samples" : 0,
        "iops_min" : 0,
        "iops_max" : 0,
        "iops_mean" : 0.000000,
        "iops_stddev" : 0.000000,
        "iops_samples" : 0
      },
      "sync" : {
        "total_ios" : 0,
        "lat_ns" : {
          "min" : 0,
          "max" : 0,
          "mean" : 0.000000,
          "stddev" : 0.000000,
          "N" : 0
        }
      },
      "job_runtime" : 5025,
      "usr_cpu" : 0.079602,
      "sys_cpu" : 3.462687,
      "ctx" : 24553,
      "majf" : 0,
      "minf" : 8201,
      "iodepth_level" : {
        "1" : 0.100000,
        "2" : 0.100000,
        "4" : 0.100000,
        "8" : 0.100000,
        "16" : 0.100000,
        "32" : 0.123786,
        ">=64" : 99.756296
      },
      "iodepth_submit" : {
        "0" : 0.000000,
        "4" : 100.000000,
        "8" : 0.000000,
        "16" : 0.000000,
        "32" : 0.000000,
        "64" : 0.000000,
        ">=64" : 0.000000
      },
      "iodepth_complete" : {
        "0" : 0.000000,
        "4" : 99.996113,
        "8" : 0.000000,
        "16" : 0.000000,
        "32" : 0.000000,
        "64" : 0.000000,
        ">=64" : 0.100000
      },
      "latency_ns" : {
        "2" : 0.000000,
        "4" : 0.000000,
        "10" : 0.000000,
        "20" : 0.000000,
        "50" : 0.000000,
        "100" : 0.000000,
        "250" : 0.000000,
        "500" : 0.000000,
        "750" : 0.000000,
        "1000" : 0.000000
      },
      "latency_us" : {
        "2" : 0.000000,
        "4" : 0.000000,
        "10" : 0.000000,
        "20" : 0.000000,
        "50" : 0.000000,
        "100" : 0.000000,
        "250" : 0.000000,
        "500" : 0.000000,
        "750" : 0.000000,
        "1000" : 0.000000
      },
      "latency_ms" : {
        "2" : 0.000000,
        "4" : 0.000000,
        "10" : 0.050288,
        "20" : 34.551855,
        "50" : 57.212487,
        "100" : 8.185370,
        "250" : 0.000000,
        "500" : 0.000000,
        "750" : 0.000000,
        "1000" : 0.000000,
        "2000" : 0.000000,
        ">=2000" : 0.000000
      },
      "latency_depth" : 128,
      "latency_target" : 0,
      "latency_target_ns" : 0,
      "latency_percentile" : 100.000000,
      "latency_window" : 0,
      "latency_window_us" : 0
    }
  ],
  "disk_util" : [
    {
      "name" : "nvme2n1",
      "read_ios" : 25230,
      "write_ios" : 0,
      "read_sectors" : 12917760,
      "write_sectors" : 0,
      "read_merges" : 0,
      "write_merges" : 0,
      "read_ticks" : 624935,
      "write_ticks" : 0,
      "in_queue" : 624935,
      "util" : 98.078463
    }
  ]
}
