{
  "fio version" : "fio-3.42-31-g6a66",
  "timestamp" : 1781281965,
  "timestamp_ms" : 1781281965965,
  "time" : "Fri Jun 12 16:32:45 2026",
  "jobs" : [
    {
      "jobname" : "randomread_256k_2",
      "groupid" : 0,
      "job_start" : 1781281960816,
      "error" : 0,
      "eta" : 0,
      "elapsed" : 6,
      "job options" : {
        "name" : "randomread_256k_2",
        "filename" : "/dev/nvme2n1",
        "ioengine" : "io_uring",
        "direct" : "1",
        "group_reporting" : "",
        "rw" : "randread",
        "bs" : "256k",
        "iodepth" : "2",
        "size" : "3G",
        "time_based" : "",
        "runtime" : "5"
      },
      "read" : {
        "io_bytes" : 1734606848,
        "io_kbytes" : 1693952,
        "bw_bytes" : 346851999,
        "bw" : 338722,
        "iops" : 1323.135373,
        "runtime" : 5001,
        "total_ios" : 6617,
        "short_ios" : 0,
        "drop_ios" : 0,
        "slat_ns" : {
          "min" : 3130,
          "max" : 40611,
          "mean" : 6459.023425,
          "stddev" : 5197.774607,
          "N" : 6617
        },
        "clat_ns" : {
          "min" : 153080,
          "max" : 4049735,
          "mean" : 1504324.029318,
          "stddev" : 1058928.493331,
          "N" : 6617,
          "percentile" : {
            "1.000000" : 156672,
            "5.000000" : 156672,
            "10.000000" : 160768,
            "20.000000" : 264192,
            "30.000000" : 692224,
            "40.000000" : 937984,
            "50.000000" : 1384448,
            "60.000000" : 1761280,
            "70.000000" : 2342912,
            "80.000000" : 2736128,
            "90.000000" : 2965504,
            "95.000000" : 3063808,
            "99.000000" : 3391488,
            "99.500000" : 3522560,
            "99.900000" : 3850240,
            "99.950000" : 3915776,
            "99.990000" : 4046848
          }
        },
        "lat_ns" : {
          "min" : 156542,
          "max" : 4053190,
          "mean" : 1510783.052743,
          "stddev" : 1060251.743413,
          "N" : 6617
        },
        "bw_min" : 182784,
        "bw_max" : 614912,
        "bw_agg" : 100.000000,
        "bw_mean" : 338790.400000,
        "bw_dev" : 191842.550434,
        "bw_samples" : 10,
        "iops_min" : 714,
        "iops_max" : 2402,
        "iops_mean" : 1323.400000,
        "iops_stddev" : 749.384963,
        "iops_samples" : 10
      },
      "write" : {
        "io_bytes" : 0,
        "io_kbytes" : 0,
        "bw_bytes" : 0,
        "bw" : 0,
        "iops" : 0.000000,
        "runtime" : 0,
        "total_ios" : 0,
        "short_ios" : 0,
        "drop_ios" : 0,
        "slat_ns" : {
          "min" : 0,
          "max" : 0,
          "mean" : 0.000000,
          "stddev" : 0.000000,
          "N" : 0
        },
        "clat_ns" : {
          "min" : 0,
          "max" : 0,
          "mean" : 0.000000,
          "stddev" : 0.000000,
          "N" : 0
        },
        "lat_ns" : {
          "min" : 0,
          "max" : 0,
          "mean" : 0.000000,
          "stddev" : 0.000000,
          "N" : 0
        },
        "bw_min" : 0,
        "bw_max" : 0,
        "bw_agg" : 0.000000,
        "bw_mean" : 0.000000,
        "bw_dev" : 0.000000,
        "bw_samples" : 0,
        "iops_min" : 0,
        "iops_max" : 0,
        "iops_mean" : 0.000000,
        "iops_stddev" : 0.000000,
        "iops_samples" : 0
      },
      "trim" : {
        "io_bytes" : 0,
        "io_kbytes" : 0,
        "bw_bytes" : 0,
        "bw" : 0,
        "iops" : 0.000000,
        "runtime" : 0,
        "total_ios" : 0,
        "short_ios" : 0,
        "drop_ios" : 0,
        "slat_ns" : {
          "min" : 0,
          "max" : 0,
          "mean" : 0.000000,
          "stddev" : 0.000000,
          "N" : 0
        },
        "clat_ns" : {
          "min" : 0,
          "max" : 0,
          "mean" : 0.000000,
          "stddev" : 0.000000,
          "N" : 0
        },
        "lat_ns" : {
          "min" : 0,
          "max" : 0,
          "mean" : 0.000000,
          "stddev" : 0.000000,
          "N" : 0
        },
        "bw_min" : 0,
        "bw_max" : 0,
        "bw_agg" : 0.000000,
        "bw_mean" : 0.000000,
        "bw_dev" : 0.000000,
        "bw_samples" : 0,
        "iops_min" : 0,
        "iops_max" : 0,
        "iops_mean" : 0.000000,
        "iops_stddev" : 0.000000,
        "iops_samples" : 0
      },
      "sync" : {
        "total_ios" : 0,
        "lat_ns" : {
          "min" : 0,
          "max" : 0,
          "mean" : 0.000000,
          "stddev" : 0.000000,
          "N" : 0
        }
      },
      "job_runtime" : 5000,
      "usr_cpu" : 0.200000,
      "sys_cpu" : 1.440000,
      "ctx" : 6487,
      "majf" : 0,
      "minf" : 136,
      "iodepth_level" : {
        "1" : 0.100000,
        "2" : 99.984887,
        "4" : 0.000000,
        "8" : 0.000000,
        "16" : 0.000000,
        "32" : 0.000000,
        ">=64" : 0.000000
      },
      "iodepth_submit" : {
        "0" : 0.000000,
        "4" : 100.000000,
        "8" : 0.000000,
        "16" : 0.000000,
        "32" : 0.000000,
        "64" : 0.000000,
        ">=64" : 0.000000
      },
      "iodepth_complete" : {
        "0" : 0.000000,
        "4" : 100.000000,
        "8" : 0.000000,
        "16" : 0.000000,
        "32" : 0.000000,
        "64" : 0.000000,
        ">=64" : 0.000000
      },
      "latency_ns" : {
        "2" : 0.000000,
        "4" : 0.000000,
        "10" : 0.000000,
        "20" : 0.000000,
        "50" : 0.000000,
        "100" : 0.000000,
        "250" : 0.000000,
        "500" : 0.000000,
        "750" : 0.000000,
        "1000" : 0.000000
      },
      "latency_us" : {
        "2" : 0.000000,
        "4" : 0.000000,
        "10" : 0.000000,
        "20" : 0.000000,
        "50" : 0.000000,
        "100" : 0.000000,
        "250" : 19.752154,
        "500" : 4.307088,
        "750" : 8.735076,
        "1000" : 8.478162
      },
      "latency_ms" : {
        "2" : 22.381744,
        "4" : 36.300438,
        "10" : 0.045338,
        "20" : 0.000000,
        "50" : 0.000000,
        "100" : 0.000000,
        "250" : 0.000000,
        "500" : 0.000000,
        "750" : 0.000000,
        "1000" : 0.000000,
        "2000" : 0.000000,
        ">=2000" : 0.000000
      },
      "latency_depth" : 2,
      "latency_target" : 0,
      "latency_target_ns" : 0,
      "latency_percentile" : 100.000000,
      "latency_window" : 0,
      "latency_window_us" : 0
    }
  ],
  "disk_util" : [
    {
      "name" : "nvme2n1",
      "read_ios" : 6394,
      "write_ios" : 0,
      "read_sectors" : 3273728,
      "write_sectors" : 0,
      "read_merges" : 0,
      "write_merges" : 0,
      "read_ticks" : 9732,
      "write_ticks" : 0,
      "in_queue" : 9732,
      "util" : 98.158527
    }
  ]
}
