{
  "fio version" : "fio-3.42-31-g6a66",
  "timestamp" : 1781281982,
  "timestamp_ms" : 1781281982124,
  "time" : "Fri Jun 12 16:33:02 2026",
  "jobs" : [
    {
      "jobname" : "randomread_256k_16",
      "groupid" : 0,
      "job_start" : 1781281976976,
      "error" : 0,
      "eta" : 0,
      "elapsed" : 6,
      "job options" : {
        "name" : "randomread_256k_16",
        "filename" : "/dev/nvme2n1",
        "ioengine" : "io_uring",
        "direct" : "1",
        "group_reporting" : "",
        "rw" : "randread",
        "bs" : "256k",
        "iodepth" : "16",
        "size" : "3G",
        "time_based" : "",
        "runtime" : "5"
      },
      "read" : {
        "io_bytes" : 5789188096,
        "io_kbytes" : 5653504,
        "bw_bytes" : 1156912089,
        "bw" : 1129796,
        "iops" : 4413.269384,
        "runtime" : 5004,
        "total_ios" : 22084,
        "short_ios" : 0,
        "drop_ios" : 0,
        "slat_ns" : {
          "min" : 3121,
          "max" : 43021,
          "mean" : 3954.047410,
          "stddev" : 2371.364896,
          "N" : 22084
        },
        "clat_ns" : {
          "min" : 377231,
          "max" : 12872178,
          "mean" : 3620477.827341,
          "stddev" : 1797046.389697,
          "N" : 22084,
          "percentile" : {
            "1.000000" : 937984,
            "5.000000" : 1482752,
            "10.000000" : 1794048,
            "20.000000" : 2244608,
            "30.000000" : 2572288,
            "40.000000" : 2899968,
            "50.000000" : 3260416,
            "60.000000" : 3620864,
            "70.000000" : 4014080,
            "80.000000" : 4620288,
            "90.000000" : 6127616,
            "95.000000" : 7766016,
            "99.000000" : 9240576,
            "99.500000" : 9764864,
            "99.900000" : 10682368,
            "99.950000" : 11075584,
            "99.990000" : 12517376
          }
        },
        "lat_ns" : {
          "min" : 380658,
          "max" : 12878449,
          "mean" : 3624431.874751,
          "stddev" : 1797354.463285,
          "N" : 22084
        },
        "bw_min" : 508928,
        "bw_max" : 1617920,
        "bw_agg" : 100.000000,
        "bw_mean" : 1129932.800000,
        "bw_dev" : 369955.298954,
        "bw_samples" : 10,
        "iops_min" : 1988,
        "iops_max" : 6320,
        "iops_mean" : 4413.800000,
        "iops_stddev" : 1445.137887,
        "iops_samples" : 10
      },
      "write" : {
        "io_bytes" : 0,
        "io_kbytes" : 0,
        "bw_bytes" : 0,
        "bw" : 0,
        "iops" : 0.000000,
        "runtime" : 0,
        "total_ios" : 0,
        "short_ios" : 0,
        "drop_ios" : 0,
        "slat_ns" : {
          "min" : 0,
          "max" : 0,
          "mean" : 0.000000,
          "stddev" : 0.000000,
          "N" : 0
        },
        "clat_ns" : {
          "min" : 0,
          "max" : 0,
          "mean" : 0.000000,
          "stddev" : 0.000000,
          "N" : 0
        },
        "lat_ns" : {
          "min" : 0,
          "max" : 0,
          "mean" : 0.000000,
          "stddev" : 0.000000,
          "N" : 0
        },
        "bw_min" : 0,
        "bw_max" : 0,
        "bw_agg" : 0.000000,
        "bw_mean" : 0.000000,
        "bw_dev" : 0.000000,
        "bw_samples" : 0,
        "iops_min" : 0,
        "iops_max" : 0,
        "iops_mean" : 0.000000,
        "iops_stddev" : 0.000000,
        "iops_samples" : 0
      },
      "trim" : {
        "io_bytes" : 0,
        "io_kbytes" : 0,
        "bw_bytes" : 0,
        "bw" : 0,
        "iops" : 0.000000,
        "runtime" : 0,
        "total_ios" : 0,
        "short_ios" : 0,
        "drop_ios" : 0,
        "slat_ns" : {
          "min" : 0,
          "max" : 0,
          "mean" : 0.000000,
          "stddev" : 0.000000,
          "N" : 0
        },
        "clat_ns" : {
          "min" : 0,
          "max" : 0,
          "mean" : 0.000000,
          "stddev" : 0.000000,
          "N" : 0
        },
        "lat_ns" : {
          "min" : 0,
          "max" : 0,
          "mean" : 0.000000,
          "stddev" : 0.000000,
          "N" : 0
        },
        "bw_min" : 0,
        "bw_max" : 0,
        "bw_agg" : 0.000000,
        "bw_mean" : 0.000000,
        "bw_dev" : 0.000000,
        "bw_samples" : 0,
        "iops_min" : 0,
        "iops_max" : 0,
        "iops_mean" : 0.000000,
        "iops_stddev" : 0.000000,
        "iops_samples" : 0
      },
      "sync" : {
        "total_ios" : 0,
        "lat_ns" : {
          "min" : 0,
          "max" : 0,
          "mean" : 0.000000,
          "stddev" : 0.000000,
          "N" : 0
        }
      },
      "job_runtime" : 5003,
      "usr_cpu" : 0.659604,
      "sys_cpu" : 2.278633,
      "ctx" : 20975,
      "majf" : 0,
      "minf" : 1033,
      "iodepth_level" : {
        "1" : 0.100000,
        "2" : 0.100000,
        "4" : 0.100000,
        "8" : 0.100000,
        "16" : 99.932078,
        "32" : 0.000000,
        ">=64" : 0.000000
      },
      "iodepth_submit" : {
        "0" : 0.000000,
        "4" : 100.000000,
        "8" : 0.000000,
        "16" : 0.000000,
        "32" : 0.000000,
        "64" : 0.000000,
        ">=64" : 0.000000
      },
      "iodepth_complete" : {
        "0" : 0.000000,
        "4" : 99.995469,
        "8" : 0.000000,
        "16" : 0.100000,
        "32" : 0.000000,
        "64" : 0.000000,
        ">=64" : 0.000000
      },
      "latency_ns" : {
        "2" : 0.000000,
        "4" : 0.000000,
        "10" : 0.000000,
        "20" : 0.000000,
        "50" : 0.000000,
        "100" : 0.000000,
        "250" : 0.000000,
        "500" : 0.000000,
        "750" : 0.000000,
        "1000" : 0.000000
      },
      "latency_us" : {
        "2" : 0.000000,
        "4" : 0.000000,
        "10" : 0.000000,
        "20" : 0.000000,
        "50" : 0.000000,
        "100" : 0.000000,
        "250" : 0.000000,
        "500" : 0.031697,
        "750" : 0.321500,
        "1000" : 0.869408
      },
      "latency_ms" : {
        "2" : 13.113566,
        "4" : 55.139467,
        "10" : 30.198334,
        "20" : 0.326028,
        "50" : 0.000000,
        "100" : 0.000000,
        "250" : 0.000000,
        "500" : 0.000000,
        "750" : 0.000000,
        "1000" : 0.000000,
        "2000" : 0.000000,
        ">=2000" : 0.000000
      },
      "latency_depth" : 16,
      "latency_target" : 0,
      "latency_target_ns" : 0,
      "latency_percentile" : 100.000000,
      "latency_window" : 0,
      "latency_window_us" : 0
    }
  ],
  "disk_util" : [
    {
      "name" : "nvme2n1",
      "read_ios" : 21628,
      "write_ios" : 0,
      "read_sectors" : 11073536,
      "write_sectors" : 0,
      "read_merges" : 0,
      "write_merges" : 0,
      "read_ticks" : 78221,
      "write_ticks" : 0,
      "in_queue" : 78222,
      "util" : 98.158527
    }
  ]
}
