{
  "fio version" : "fio-3.36",
  "timestamp" : 1781331315,
  "timestamp_ms" : 1781331315779,
  "time" : "Sat Jun 13 06:15:15 2026",
  "jobs" : [
    {
      "jobname" : "randomread_256k_64",
      "groupid" : 0,
      "job_start" : 1781331310750,
      "error" : 0,
      "eta" : 0,
      "elapsed" : 6,
      "job options" : {
        "name" : "randomread_256k_64",
        "filename" : "/dev/nvme3n1",
        "ioengine" : "io_uring",
        "direct" : "1",
        "rw" : "randread",
        "bs" : "256k",
        "iodepth" : "64",
        "size" : "3G",
        "runtime" : "5"
      },
      "read" : {
        "io_bytes" : 6805520384,
        "io_kbytes" : 6646016,
        "bw_bytes" : 1357845248,
        "bw" : 1326020,
        "iops" : 5179.768555,
        "runtime" : 5012,
        "total_ios" : 25961,
        "short_ios" : 0,
        "drop_ios" : 0,
        "slat_ns" : {
          "min" : 3585,
          "max" : 37386,
          "mean" : 4693.156889,
          "stddev" : 2434.591458,
          "N" : 25961
        },
        "clat_ns" : {
          "min" : 2099937,
          "max" : 41577612,
          "mean" : 12346106.646932,
          "stddev" : 6079772.894071,
          "N" : 25961,
          "percentile" : {
            "1.000000" : 5668864,
            "5.000000" : 6651904,
            "10.000000" : 7372800,
            "20.000000" : 8355840,
            "30.000000" : 9240576,
            "40.000000" : 10027008,
            "50.000000" : 10944512,
            "60.000000" : 11862016,
            "70.000000" : 12779520,
            "80.000000" : 13959168,
            "90.000000" : 16318464,
            "95.000000" : 29491200,
            "99.000000" : 32899072,
            "99.500000" : 34865152,
            "99.900000" : 40632320,
            "99.950000" : 40632320,
            "99.990000" : 41680896
          }
        },
        "lat_ns" : {
          "min" : 2135310,
          "max" : 41582164,
          "mean" : 12350799.803821,
          "stddev" : 6080006.008243,
          "N" : 25961
        },
        "bw_min" : 520192,
        "bw_max" : 1944064,
        "bw_agg" : 99.996701,
        "bw_mean" : 1325977.600000,
        "bw_dev" : 481684.939055,
        "bw_samples" : 10,
        "iops_min" : 2032,
        "iops_max" : 7594,
        "iops_mean" : 5179.600000,
        "iops_stddev" : 1881.581793,
        "iops_samples" : 10
      },
      "write" : {
        "io_bytes" : 0,
        "io_kbytes" : 0,
        "bw_bytes" : 0,
        "bw" : 0,
        "iops" : 0.000000,
        "runtime" : 0,
        "total_ios" : 0,
        "short_ios" : 0,
        "drop_ios" : 0,
        "slat_ns" : {
          "min" : 0,
          "max" : 0,
          "mean" : 0.000000,
          "stddev" : 0.000000,
          "N" : 0
        },
        "clat_ns" : {
          "min" : 0,
          "max" : 0,
          "mean" : 0.000000,
          "stddev" : 0.000000,
          "N" : 0
        },
        "lat_ns" : {
          "min" : 0,
          "max" : 0,
          "mean" : 0.000000,
          "stddev" : 0.000000,
          "N" : 0
        },
        "bw_min" : 0,
        "bw_max" : 0,
        "bw_agg" : 0.000000,
        "bw_mean" : 0.000000,
        "bw_dev" : 0.000000,
        "bw_samples" : 0,
        "iops_min" : 0,
        "iops_max" : 0,
        "iops_mean" : 0.000000,
        "iops_stddev" : 0.000000,
        "iops_samples" : 0
      },
      "trim" : {
        "io_bytes" : 0,
        "io_kbytes" : 0,
        "bw_bytes" : 0,
        "bw" : 0,
        "iops" : 0.000000,
        "runtime" : 0,
        "total_ios" : 0,
        "short_ios" : 0,
        "drop_ios" : 0,
        "slat_ns" : {
          "min" : 0,
          "max" : 0,
          "mean" : 0.000000,
          "stddev" : 0.000000,
          "N" : 0
        },
        "clat_ns" : {
          "min" : 0,
          "max" : 0,
          "mean" : 0.000000,
          "stddev" : 0.000000,
          "N" : 0
        },
        "lat_ns" : {
          "min" : 0,
          "max" : 0,
          "mean" : 0.000000,
          "stddev" : 0.000000,
          "N" : 0
        },
        "bw_min" : 0,
        "bw_max" : 0,
        "bw_agg" : 0.000000,
        "bw_mean" : 0.000000,
        "bw_dev" : 0.000000,
        "bw_samples" : 0,
        "iops_min" : 0,
        "iops_max" : 0,
        "iops_mean" : 0.000000,
        "iops_stddev" : 0.000000,
        "iops_samples" : 0
      },
      "sync" : {
        "total_ios" : 0,
        "lat_ns" : {
          "min" : 0,
          "max" : 0,
          "mean" : 0.000000,
          "stddev" : 0.000000,
          "N" : 0
        }
      },
      "job_runtime" : 5011,
      "usr_cpu" : 0.399122,
      "sys_cpu" : 2.933546,
      "ctx" : 24920,
      "majf" : 0,
      "minf" : 4105,
      "iodepth_level" : {
        "1" : 0.100000,
        "2" : 0.100000,
        "4" : 0.100000,
        "8" : 0.100000,
        "16" : 0.100000,
        "32" : 0.123262,
        ">=64" : 99.757328
      },
      "iodepth_submit" : {
        "0" : 0.000000,
        "4" : 100.000000,
        "8" : 0.000000,
        "16" : 0.000000,
        "32" : 0.000000,
        "64" : 0.000000,
        ">=64" : 0.000000
      },
      "iodepth_complete" : {
        "0" : 0.000000,
        "4" : 99.996139,
        "8" : 0.000000,
        "16" : 0.000000,
        "32" : 0.000000,
        "64" : 0.100000,
        ">=64" : 0.000000
      },
      "latency_ns" : {
        "2" : 0.000000,
        "4" : 0.000000,
        "10" : 0.000000,
        "20" : 0.000000,
        "50" : 0.000000,
        "100" : 0.000000,
        "250" : 0.000000,
        "500" : 0.000000,
        "750" : 0.000000,
        "1000" : 0.000000
      },
      "latency_us" : {
        "2" : 0.000000,
        "4" : 0.000000,
        "10" : 0.000000,
        "20" : 0.000000,
        "50" : 0.000000,
        "100" : 0.000000,
        "250" : 0.000000,
        "500" : 0.000000,
        "750" : 0.000000,
        "1000" : 0.000000
      },
      "latency_ms" : {
        "2" : 0.000000,
        "4" : 0.015408,
        "10" : 39.547783,
        "20" : 52.055006,
        "50" : 8.381803,
        "100" : 0.000000,
        "250" : 0.000000,
        "500" : 0.000000,
        "750" : 0.000000,
        "1000" : 0.000000,
        "2000" : 0.000000,
        ">=2000" : 0.000000
      },
      "latency_depth" : 64,
      "latency_target" : 0,
      "latency_percentile" : 100.000000,
      "latency_window" : 0
    }
  ],
  "disk_util" : [
    {
      "name" : "nvme3n1",
      "read_ios" : 25346,
      "write_ios" : 0,
      "read_sectors" : 12977152,
      "write_sectors" : 0,
      "read_merges" : 0,
      "write_merges" : 0,
      "read_ticks" : 312895,
      "write_ticks" : 0,
      "in_queue" : 312895,
      "util" : 98.119248
    }
  ]
}
