{
  "fio version" : "fio-3.42-31-g6a66",
  "timestamp" : 1781281992,
  "timestamp_ms" : 1781281992896,
  "time" : "Fri Jun 12 16:33:12 2026",
  "jobs" : [
    {
      "jobname" : "randomread_256k_64",
      "groupid" : 0,
      "job_start" : 1781281987748,
      "error" : 0,
      "eta" : 0,
      "elapsed" : 6,
      "job options" : {
        "name" : "randomread_256k_64",
        "filename" : "/dev/nvme2n1",
        "ioengine" : "io_uring",
        "direct" : "1",
        "group_reporting" : "",
        "rw" : "randread",
        "bs" : "256k",
        "iodepth" : "64",
        "size" : "3G",
        "time_based" : "",
        "runtime" : "5"
      },
      "read" : {
        "io_bytes" : 6741032960,
        "io_kbytes" : 6583040,
        "bw_bytes" : 1343906092,
        "bw" : 1312408,
        "iops" : 5126.594896,
        "runtime" : 5016,
        "total_ios" : 25715,
        "short_ios" : 0,
        "drop_ios" : 0,
        "slat_ns" : {
          "min" : 3167,
          "max" : 46047,
          "mean" : 3885.479914,
          "stddev" : 2244.308766,
          "N" : 25715
        },
        "clat_ns" : {
          "min" : 2732166,
          "max" : 37121734,
          "mean" : 12475392.572934,
          "stddev" : 6142677.257078,
          "N" : 25715,
          "percentile" : {
            "1.000000" : 5406720,
            "5.000000" : 6586368,
            "10.000000" : 7372800,
            "20.000000" : 8355840,
            "30.000000" : 9371648,
            "40.000000" : 10289152,
            "50.000000" : 11206656,
            "60.000000" : 11993088,
            "70.000000" : 12910592,
            "80.000000" : 13959168,
            "90.000000" : 16711680,
            "95.000000" : 29753344,
            "99.000000" : 33816576,
            "99.500000" : 34865152,
            "99.900000" : 35913728,
            "99.950000" : 36438016,
            "99.990000" : 36438016
          }
        },
        "lat_ns" : {
          "min" : 2778213,
          "max" : 37125418,
          "mean" : 12479278.052848,
          "stddev" : 6142859.509009,
          "N" : 25715
        },
        "bw_min" : 522240,
        "bw_max" : 1948160,
        "bw_agg" : 100.000000,
        "bw_mean" : 1313382.400000,
        "bw_dev" : 482343.723960,
        "bw_samples" : 10,
        "iops_min" : 2040,
        "iops_max" : 7610,
        "iops_mean" : 5130.400000,
        "iops_stddev" : 1884.155172,
        "iops_samples" : 10
      },
      "write" : {
        "io_bytes" : 0,
        "io_kbytes" : 0,
        "bw_bytes" : 0,
        "bw" : 0,
        "iops" : 0.000000,
        "runtime" : 0,
        "total_ios" : 0,
        "short_ios" : 0,
        "drop_ios" : 0,
        "slat_ns" : {
          "min" : 0,
          "max" : 0,
          "mean" : 0.000000,
          "stddev" : 0.000000,
          "N" : 0
        },
        "clat_ns" : {
          "min" : 0,
          "max" : 0,
          "mean" : 0.000000,
          "stddev" : 0.000000,
          "N" : 0
        },
        "lat_ns" : {
          "min" : 0,
          "max" : 0,
          "mean" : 0.000000,
          "stddev" : 0.000000,
          "N" : 0
        },
        "bw_min" : 0,
        "bw_max" : 0,
        "bw_agg" : 0.000000,
        "bw_mean" : 0.000000,
        "bw_dev" : 0.000000,
        "bw_samples" : 0,
        "iops_min" : 0,
        "iops_max" : 0,
        "iops_mean" : 0.000000,
        "iops_stddev" : 0.000000,
        "iops_samples" : 0
      },
      "trim" : {
        "io_bytes" : 0,
        "io_kbytes" : 0,
        "bw_bytes" : 0,
        "bw" : 0,
        "iops" : 0.000000,
        "runtime" : 0,
        "total_ios" : 0,
        "short_ios" : 0,
        "drop_ios" : 0,
        "slat_ns" : {
          "min" : 0,
          "max" : 0,
          "mean" : 0.000000,
          "stddev" : 0.000000,
          "N" : 0
        },
        "clat_ns" : {
          "min" : 0,
          "max" : 0,
          "mean" : 0.000000,
          "stddev" : 0.000000,
          "N" : 0
        },
        "lat_ns" : {
          "min" : 0,
          "max" : 0,
          "mean" : 0.000000,
          "stddev" : 0.000000,
          "N" : 0
        },
        "bw_min" : 0,
        "bw_max" : 0,
        "bw_agg" : 0.000000,
        "bw_mean" : 0.000000,
        "bw_dev" : 0.000000,
        "bw_samples" : 0,
        "iops_min" : 0,
        "iops_max" : 0,
        "iops_mean" : 0.000000,
        "iops_stddev" : 0.000000,
        "iops_samples" : 0
      },
      "sync" : {
        "total_ios" : 0,
        "lat_ns" : {
          "min" : 0,
          "max" : 0,
          "mean" : 0.000000,
          "stddev" : 0.000000,
          "N" : 0
        }
      },
      "job_runtime" : 5015,
      "usr_cpu" : 0.279163,
      "sys_cpu" : 3.070788,
      "ctx" : 24507,
      "majf" : 0,
      "minf" : 4102,
      "iodepth_level" : {
        "1" : 0.100000,
        "2" : 0.100000,
        "4" : 0.100000,
        "8" : 0.100000,
        "16" : 0.100000,
        "32" : 0.124441,
        ">=64" : 99.755007
      },
      "iodepth_submit" : {
        "0" : 0.000000,
        "4" : 100.000000,
        "8" : 0.000000,
        "16" : 0.000000,
        "32" : 0.000000,
        "64" : 0.000000,
        ">=64" : 0.000000
      },
      "iodepth_complete" : {
        "0" : 0.000000,
        "4" : 99.996102,
        "8" : 0.000000,
        "16" : 0.000000,
        "32" : 0.000000,
        "64" : 0.100000,
        ">=64" : 0.000000
      },
      "latency_ns" : {
        "2" : 0.000000,
        "4" : 0.000000,
        "10" : 0.000000,
        "20" : 0.000000,
        "50" : 0.000000,
        "100" : 0.000000,
        "250" : 0.000000,
        "500" : 0.000000,
        "750" : 0.000000,
        "1000" : 0.000000
      },
      "latency_us" : {
        "2" : 0.000000,
        "4" : 0.000000,
        "10" : 0.000000,
        "20" : 0.000000,
        "50" : 0.000000,
        "100" : 0.000000,
        "250" : 0.000000,
        "500" : 0.000000,
        "750" : 0.000000,
        "1000" : 0.000000
      },
      "latency_ms" : {
        "2" : 0.000000,
        "4" : 0.031110,
        "10" : 36.678981,
        "20" : 54.785145,
        "50" : 8.504764,
        "100" : 0.000000,
        "250" : 0.000000,
        "500" : 0.000000,
        "750" : 0.000000,
        "1000" : 0.000000,
        "2000" : 0.000000,
        ">=2000" : 0.000000
      },
      "latency_depth" : 64,
      "latency_target" : 0,
      "latency_target_ns" : 0,
      "latency_percentile" : 100.000000,
      "latency_window" : 0,
      "latency_window_us" : 0
    }
  ],
  "disk_util" : [
    {
      "name" : "nvme2n1",
      "read_ios" : 25129,
      "write_ios" : 0,
      "read_sectors" : 12866048,
      "write_sectors" : 0,
      "read_merges" : 0,
      "write_merges" : 0,
      "read_ticks" : 312789,
      "write_ticks" : 0,
      "in_queue" : 312790,
      "util" : 98.078463
    }
  ]
}
