{
  "fio version" : "fio-3.36",
  "timestamp" : 1781331310,
  "timestamp_ms" : 1781331310506,
  "time" : "Sat Jun 13 06:15:10 2026",
  "jobs" : [
    {
      "jobname" : "randomread_256k_32",
      "groupid" : 0,
      "job_start" : 1781331305487,
      "error" : 0,
      "eta" : 0,
      "elapsed" : 6,
      "job options" : {
        "name" : "randomread_256k_32",
        "filename" : "/dev/nvme3n1",
        "ioengine" : "io_uring",
        "direct" : "1",
        "rw" : "randread",
        "bs" : "256k",
        "iodepth" : "32",
        "size" : "3G",
        "runtime" : "5"
      },
      "read" : {
        "io_bytes" : 6522404864,
        "io_kbytes" : 6369536,
        "bw_bytes" : 1303177795,
        "bw" : 1272634,
        "iops" : 4971.228771,
        "runtime" : 5005,
        "total_ios" : 24881,
        "short_ios" : 0,
        "drop_ios" : 0,
        "slat_ns" : {
          "min" : 3452,
          "max" : 45178,
          "mean" : 5051.692979,
          "stddev" : 2708.883502,
          "N" : 24881
        },
        "clat_ns" : {
          "min" : 1408136,
          "max" : 24556943,
          "mean" : 6430492.217596,
          "stddev" : 3225448.009203,
          "N" : 24881,
          "percentile" : {
            "1.000000" : 2375680,
            "5.000000" : 3096576,
            "10.000000" : 3555328,
            "20.000000" : 4177920,
            "30.000000" : 4685824,
            "40.000000" : 5144576,
            "50.000000" : 5668864,
            "60.000000" : 6193152,
            "70.000000" : 6782976,
            "80.000000" : 7634944,
            "90.000000" : 9764864,
            "95.000000" : 14876672,
            "99.000000" : 16908288,
            "99.500000" : 17956864,
            "99.900000" : 21889024,
            "99.950000" : 22675456,
            "99.990000" : 23986176
          }
        },
        "lat_ns" : {
          "min" : 1412654,
          "max" : 24561295,
          "mean" : 6435543.910574,
          "stddev" : 3225855.478195,
          "N" : 24881
        },
        "bw_min" : 520704,
        "bw_max" : 1913344,
        "bw_agg" : 99.975204,
        "bw_mean" : 1272320.000000,
        "bw_dev" : 458449.678161,
        "bw_samples" : 10,
        "iops_min" : 2034,
        "iops_max" : 7474,
        "iops_mean" : 4970.000000,
        "iops_stddev" : 1790.819055,
        "iops_samples" : 10
      },
      "write" : {
        "io_bytes" : 0,
        "io_kbytes" : 0,
        "bw_bytes" : 0,
        "bw" : 0,
        "iops" : 0.000000,
        "runtime" : 0,
        "total_ios" : 0,
        "short_ios" : 0,
        "drop_ios" : 0,
        "slat_ns" : {
          "min" : 0,
          "max" : 0,
          "mean" : 0.000000,
          "stddev" : 0.000000,
          "N" : 0
        },
        "clat_ns" : {
          "min" : 0,
          "max" : 0,
          "mean" : 0.000000,
          "stddev" : 0.000000,
          "N" : 0
        },
        "lat_ns" : {
          "min" : 0,
          "max" : 0,
          "mean" : 0.000000,
          "stddev" : 0.000000,
          "N" : 0
        },
        "bw_min" : 0,
        "bw_max" : 0,
        "bw_agg" : 0.000000,
        "bw_mean" : 0.000000,
        "bw_dev" : 0.000000,
        "bw_samples" : 0,
        "iops_min" : 0,
        "iops_max" : 0,
        "iops_mean" : 0.000000,
        "iops_stddev" : 0.000000,
        "iops_samples" : 0
      },
      "trim" : {
        "io_bytes" : 0,
        "io_kbytes" : 0,
        "bw_bytes" : 0,
        "bw" : 0,
        "iops" : 0.000000,
        "runtime" : 0,
        "total_ios" : 0,
        "short_ios" : 0,
        "drop_ios" : 0,
        "slat_ns" : {
          "min" : 0,
          "max" : 0,
          "mean" : 0.000000,
          "stddev" : 0.000000,
          "N" : 0
        },
        "clat_ns" : {
          "min" : 0,
          "max" : 0,
          "mean" : 0.000000,
          "stddev" : 0.000000,
          "N" : 0
        },
        "lat_ns" : {
          "min" : 0,
          "max" : 0,
          "mean" : 0.000000,
          "stddev" : 0.000000,
          "N" : 0
        },
        "bw_min" : 0,
        "bw_max" : 0,
        "bw_agg" : 0.000000,
        "bw_mean" : 0.000000,
        "bw_dev" : 0.000000,
        "bw_samples" : 0,
        "iops_min" : 0,
        "iops_max" : 0,
        "iops_mean" : 0.000000,
        "iops_stddev" : 0.000000,
        "iops_samples" : 0
      },
      "sync" : {
        "total_ios" : 0,
        "lat_ns" : {
          "min" : 0,
          "max" : 0,
          "mean" : 0.000000,
          "stddev" : 0.000000,
          "N" : 0
        }
      },
      "job_runtime" : 5004,
      "usr_cpu" : 0.319744,
      "sys_cpu" : 3.097522,
      "ctx" : 23844,
      "majf" : 0,
      "minf" : 2055,
      "iodepth_level" : {
        "1" : 0.100000,
        "2" : 0.100000,
        "4" : 0.100000,
        "8" : 0.100000,
        "16" : 0.100000,
        "32" : 99.875407,
        ">=64" : 0.000000
      },
      "iodepth_submit" : {
        "0" : 0.000000,
        "4" : 100.000000,
        "8" : 0.000000,
        "16" : 0.000000,
        "32" : 0.000000,
        "64" : 0.000000,
        ">=64" : 0.000000
      },
      "iodepth_complete" : {
        "0" : 0.000000,
        "4" : 99.995976,
        "8" : 0.000000,
        "16" : 0.000000,
        "32" : 0.100000,
        "64" : 0.000000,
        ">=64" : 0.000000
      },
      "latency_ns" : {
        "2" : 0.000000,
        "4" : 0.000000,
        "10" : 0.000000,
        "20" : 0.000000,
        "50" : 0.000000,
        "100" : 0.000000,
        "250" : 0.000000,
        "500" : 0.000000,
        "750" : 0.000000,
        "1000" : 0.000000
      },
      "latency_us" : {
        "2" : 0.000000,
        "4" : 0.000000,
        "10" : 0.000000,
        "20" : 0.000000,
        "50" : 0.000000,
        "100" : 0.000000,
        "250" : 0.000000,
        "500" : 0.000000,
        "750" : 0.000000,
        "1000" : 0.000000
      },
      "latency_ms" : {
        "2" : 0.253205,
        "4" : 16.643222,
        "10" : 73.453639,
        "20" : 9.428881,
        "50" : 0.221052,
        "100" : 0.000000,
        "250" : 0.000000,
        "500" : 0.000000,
        "750" : 0.000000,
        "1000" : 0.000000,
        "2000" : 0.000000,
        ">=2000" : 0.000000
      },
      "latency_depth" : 32,
      "latency_target" : 0,
      "latency_percentile" : 100.000000,
      "latency_window" : 0
    }
  ],
  "disk_util" : [
    {
      "name" : "nvme3n1",
      "read_ios" : 24377,
      "write_ios" : 0,
      "read_sectors" : 12481024,
      "write_sectors" : 0,
      "read_merges" : 0,
      "write_merges" : 0,
      "read_ticks" : 156543,
      "write_ticks" : 0,
      "in_queue" : 156542,
      "util" : 98.058835
    }
  ]
}
