{
  "fio version" : "fio-3.36",
  "timestamp" : 1781331299,
  "timestamp_ms" : 1781331299980,
  "time" : "Sat Jun 13 06:14:59 2026",
  "jobs" : [
    {
      "jobname" : "randomread_256k_8",
      "groupid" : 0,
      "job_start" : 1781331294962,
      "error" : 0,
      "eta" : 0,
      "elapsed" : 6,
      "job options" : {
        "name" : "randomread_256k_8",
        "filename" : "/dev/nvme3n1",
        "ioengine" : "io_uring",
        "direct" : "1",
        "rw" : "randread",
        "bs" : "256k",
        "iodepth" : "8",
        "size" : "3G",
        "runtime" : "5"
      },
      "read" : {
        "io_bytes" : 4613472256,
        "io_kbytes" : 4505344,
        "bw_bytes" : 922141166,
        "bw" : 900528,
        "iops" : 3517.689386,
        "runtime" : 5003,
        "total_ios" : 17599,
        "short_ios" : 0,
        "drop_ios" : 0,
        "slat_ns" : {
          "min" : 3559,
          "max" : 38034,
          "mean" : 4764.737428,
          "stddev" : 3109.994056,
          "N" : 17599
        },
        "clat_ns" : {
          "min" : 154862,
          "max" : 7055138,
          "mean" : 2268648.300074,
          "stddev" : 1229772.700573,
          "N" : 17599,
          "percentile" : {
            "1.000000" : 342016,
            "5.000000" : 643072,
            "10.000000" : 856064,
            "20.000000" : 1187840,
            "30.000000" : 1449984,
            "40.000000" : 1728512,
            "50.000000" : 2023424,
            "60.000000" : 2375680,
            "70.000000" : 2801664,
            "80.000000" : 3325952,
            "90.000000" : 4112384,
            "95.000000" : 4620288,
            "99.000000" : 5406720,
            "99.500000" : 5734400,
            "99.900000" : 6193152,
            "99.950000" : 6324224,
            "99.990000" : 6455296
          }
        },
        "lat_ns" : {
          "min" : 158919,
          "max" : 7090451,
          "mean" : 2273413.037502,
          "stddev" : 1229839.473993,
          "N" : 17599
        },
        "bw_min" : 468992,
        "bw_max" : 1274368,
        "bw_agg" : 100.000000,
        "bw_mean" : 900710.400000,
        "bw_dev" : 290196.954907,
        "bw_samples" : 10,
        "iops_min" : 1832,
        "iops_max" : 4978,
        "iops_mean" : 3518.400000,
        "iops_stddev" : 1133.581855,
        "iops_samples" : 10
      },
      "write" : {
        "io_bytes" : 0,
        "io_kbytes" : 0,
        "bw_bytes" : 0,
        "bw" : 0,
        "iops" : 0.000000,
        "runtime" : 0,
        "total_ios" : 0,
        "short_ios" : 0,
        "drop_ios" : 0,
        "slat_ns" : {
          "min" : 0,
          "max" : 0,
          "mean" : 0.000000,
          "stddev" : 0.000000,
          "N" : 0
        },
        "clat_ns" : {
          "min" : 0,
          "max" : 0,
          "mean" : 0.000000,
          "stddev" : 0.000000,
          "N" : 0
        },
        "lat_ns" : {
          "min" : 0,
          "max" : 0,
          "mean" : 0.000000,
          "stddev" : 0.000000,
          "N" : 0
        },
        "bw_min" : 0,
        "bw_max" : 0,
        "bw_agg" : 0.000000,
        "bw_mean" : 0.000000,
        "bw_dev" : 0.000000,
        "bw_samples" : 0,
        "iops_min" : 0,
        "iops_max" : 0,
        "iops_mean" : 0.000000,
        "iops_stddev" : 0.000000,
        "iops_samples" : 0
      },
      "trim" : {
        "io_bytes" : 0,
        "io_kbytes" : 0,
        "bw_bytes" : 0,
        "bw" : 0,
        "iops" : 0.000000,
        "runtime" : 0,
        "total_ios" : 0,
        "short_ios" : 0,
        "drop_ios" : 0,
        "slat_ns" : {
          "min" : 0,
          "max" : 0,
          "mean" : 0.000000,
          "stddev" : 0.000000,
          "N" : 0
        },
        "clat_ns" : {
          "min" : 0,
          "max" : 0,
          "mean" : 0.000000,
          "stddev" : 0.000000,
          "N" : 0
        },
        "lat_ns" : {
          "min" : 0,
          "max" : 0,
          "mean" : 0.000000,
          "stddev" : 0.000000,
          "N" : 0
        },
        "bw_min" : 0,
        "bw_max" : 0,
        "bw_agg" : 0.000000,
        "bw_mean" : 0.000000,
        "bw_dev" : 0.000000,
        "bw_samples" : 0,
        "iops_min" : 0,
        "iops_max" : 0,
        "iops_mean" : 0.000000,
        "iops_stddev" : 0.000000,
        "iops_samples" : 0
      },
      "sync" : {
        "total_ios" : 0,
        "lat_ns" : {
          "min" : 0,
          "max" : 0,
          "mean" : 0.000000,
          "stddev" : 0.000000,
          "N" : 0
        }
      },
      "job_runtime" : 5002,
      "usr_cpu" : 0.179928,
      "sys_cpu" : 2.139144,
      "ctx" : 16965,
      "majf" : 0,
      "minf" : 521,
      "iodepth_level" : {
        "1" : 0.100000,
        "2" : 0.100000,
        "4" : 0.100000,
        "8" : 99.960225,
        "16" : 0.000000,
        "32" : 0.000000,
        ">=64" : 0.000000
      },
      "iodepth_submit" : {
        "0" : 0.000000,
        "4" : 100.000000,
        "8" : 0.000000,
        "16" : 0.000000,
        "32" : 0.000000,
        "64" : 0.000000,
        ">=64" : 0.000000
      },
      "iodepth_complete" : {
        "0" : 0.000000,
        "4" : 99.994316,
        "8" : 0.100000,
        "16" : 0.000000,
        "32" : 0.000000,
        "64" : 0.000000,
        ">=64" : 0.000000
      },
      "latency_ns" : {
        "2" : 0.000000,
        "4" : 0.000000,
        "10" : 0.000000,
        "20" : 0.000000,
        "50" : 0.000000,
        "100" : 0.000000,
        "250" : 0.000000,
        "500" : 0.000000,
        "750" : 0.000000,
        "1000" : 0.000000
      },
      "latency_us" : {
        "2" : 0.000000,
        "4" : 0.000000,
        "10" : 0.000000,
        "20" : 0.000000,
        "50" : 0.000000,
        "100" : 0.000000,
        "250" : 0.335246,
        "500" : 2.767203,
        "750" : 4.182056,
        "1000" : 7.125405
      },
      "latency_ms" : {
        "2" : 34.445139,
        "4" : 39.922723,
        "10" : 11.222229,
        "20" : 0.000000,
        "50" : 0.000000,
        "100" : 0.000000,
        "250" : 0.000000,
        "500" : 0.000000,
        "750" : 0.000000,
        "1000" : 0.000000,
        "2000" : 0.000000,
        ">=2000" : 0.000000
      },
      "latency_depth" : 8,
      "latency_target" : 0,
      "latency_percentile" : 100.000000,
      "latency_window" : 0
    }
  ],
  "disk_util" : [
    {
      "name" : "nvme3n1",
      "read_ios" : 17264,
      "write_ios" : 0,
      "read_sectors" : 8839168,
      "write_sectors" : 0,
      "read_merges" : 0,
      "write_merges" : 0,
      "read_ticks" : 39086,
      "write_ticks" : 0,
      "in_queue" : 39086,
      "util" : 98.058835
    }
  ]
}
