{
  "fio version" : "fio-3.36",
  "timestamp" : 1781331163,
  "timestamp_ms" : 1781331163066,
  "time" : "Sat Jun 13 06:12:43 2026",
  "jobs" : [
    {
      "jobname" : "randomread_32k_16",
      "groupid" : 0,
      "job_start" : 1781331158048,
      "error" : 0,
      "eta" : 0,
      "elapsed" : 6,
      "job options" : {
        "name" : "randomread_32k_16",
        "filename" : "/dev/nvme3n1",
        "ioengine" : "io_uring",
        "direct" : "1",
        "rw" : "randread",
        "bs" : "32k",
        "iodepth" : "16",
        "size" : "3G",
        "runtime" : "5"
      },
      "read" : {
        "io_bytes" : 4577263616,
        "io_kbytes" : 4469984,
        "bw_bytes" : 915269669,
        "bw" : 893818,
        "iops" : 27931.813637,
        "runtime" : 5001,
        "total_ios" : 139687,
        "short_ios" : 0,
        "drop_ios" : 0,
        "slat_ns" : {
          "min" : 1070,
          "max" : 86158,
          "mean" : 1528.233801,
          "stddev" : 394.679560,
          "N" : 139687
        },
        "clat_ns" : {
          "min" : 83057,
          "max" : 1693128,
          "mean" : 571078.964463,
          "stddev" : 183510.528394,
          "N" : 139687,
          "percentile" : {
            "1.000000" : 193536,
            "5.000000" : 292864,
            "10.000000" : 346112,
            "20.000000" : 419840,
            "30.000000" : 468992,
            "40.000000" : 518144,
            "50.000000" : 561152,
            "60.000000" : 602112,
            "70.000000" : 651264,
            "80.000000" : 716800,
            "90.000000" : 798720,
            "95.000000" : 880640,
            "99.000000" : 1089536,
            "99.500000" : 1187840,
            "99.900000" : 1368064,
            "99.950000" : 1433600,
            "99.990000" : 1548288
          }
        },
        "lat_ns" : {
          "min" : 84424,
          "max" : 1694585,
          "mean" : 572607.198265,
          "stddev" : 183510.883846,
          "N" : 139687
        },
        "bw_min" : 763145,
        "bw_max" : 953408,
        "bw_agg" : 100.000000,
        "bw_mean" : 894081.000000,
        "bw_dev" : 53780.208488,
        "bw_samples" : 9,
        "iops_min" : 23848,
        "iops_max" : 29794,
        "iops_mean" : 27940.000000,
        "iops_stddev" : 1680.717109,
        "iops_samples" : 9
      },
      "write" : {
        "io_bytes" : 0,
        "io_kbytes" : 0,
        "bw_bytes" : 0,
        "bw" : 0,
        "iops" : 0.000000,
        "runtime" : 0,
        "total_ios" : 0,
        "short_ios" : 0,
        "drop_ios" : 0,
        "slat_ns" : {
          "min" : 0,
          "max" : 0,
          "mean" : 0.000000,
          "stddev" : 0.000000,
          "N" : 0
        },
        "clat_ns" : {
          "min" : 0,
          "max" : 0,
          "mean" : 0.000000,
          "stddev" : 0.000000,
          "N" : 0
        },
        "lat_ns" : {
          "min" : 0,
          "max" : 0,
          "mean" : 0.000000,
          "stddev" : 0.000000,
          "N" : 0
        },
        "bw_min" : 0,
        "bw_max" : 0,
        "bw_agg" : 0.000000,
        "bw_mean" : 0.000000,
        "bw_dev" : 0.000000,
        "bw_samples" : 0,
        "iops_min" : 0,
        "iops_max" : 0,
        "iops_mean" : 0.000000,
        "iops_stddev" : 0.000000,
        "iops_samples" : 0
      },
      "trim" : {
        "io_bytes" : 0,
        "io_kbytes" : 0,
        "bw_bytes" : 0,
        "bw" : 0,
        "iops" : 0.000000,
        "runtime" : 0,
        "total_ios" : 0,
        "short_ios" : 0,
        "drop_ios" : 0,
        "slat_ns" : {
          "min" : 0,
          "max" : 0,
          "mean" : 0.000000,
          "stddev" : 0.000000,
          "N" : 0
        },
        "clat_ns" : {
          "min" : 0,
          "max" : 0,
          "mean" : 0.000000,
          "stddev" : 0.000000,
          "N" : 0
        },
        "lat_ns" : {
          "min" : 0,
          "max" : 0,
          "mean" : 0.000000,
          "stddev" : 0.000000,
          "N" : 0
        },
        "bw_min" : 0,
        "bw_max" : 0,
        "bw_agg" : 0.000000,
        "bw_mean" : 0.000000,
        "bw_dev" : 0.000000,
        "bw_samples" : 0,
        "iops_min" : 0,
        "iops_max" : 0,
        "iops_mean" : 0.000000,
        "iops_stddev" : 0.000000,
        "iops_samples" : 0
      },
      "sync" : {
        "total_ios" : 0,
        "lat_ns" : {
          "min" : 0,
          "max" : 0,
          "mean" : 0.000000,
          "stddev" : 0.000000,
          "N" : 0
        }
      },
      "job_runtime" : 5000,
      "usr_cpu" : 1.300000,
      "sys_cpu" : 6.660000,
      "ctx" : 133085,
      "majf" : 0,
      "minf" : 137,
      "iodepth_level" : {
        "1" : 0.100000,
        "2" : 0.100000,
        "4" : 0.100000,
        "8" : 0.100000,
        "16" : 99.989262,
        "32" : 0.000000,
        ">=64" : 0.000000
      },
      "iodepth_submit" : {
        "0" : 0.000000,
        "4" : 100.000000,
        "8" : 0.000000,
        "16" : 0.000000,
        "32" : 0.000000,
        "64" : 0.000000,
        ">=64" : 0.000000
      },
      "iodepth_complete" : {
        "0" : 0.000000,
        "4" : 99.999284,
        "8" : 0.000000,
        "16" : 0.100000,
        "32" : 0.000000,
        "64" : 0.000000,
        ">=64" : 0.000000
      },
      "latency_ns" : {
        "2" : 0.000000,
        "4" : 0.000000,
        "10" : 0.000000,
        "20" : 0.000000,
        "50" : 0.000000,
        "100" : 0.000000,
        "250" : 0.000000,
        "500" : 0.000000,
        "750" : 0.000000,
        "1000" : 0.000000
      },
      "latency_us" : {
        "2" : 0.000000,
        "4" : 0.000000,
        "10" : 0.000000,
        "20" : 0.000000,
        "50" : 0.000000,
        "100" : 0.090202,
        "250" : 2.575759,
        "500" : 33.589382,
        "750" : 48.559995,
        "1000" : 13.287564
      },
      "latency_ms" : {
        "2" : 1.897099,
        "4" : 0.000000,
        "10" : 0.000000,
        "20" : 0.000000,
        "50" : 0.000000,
        "100" : 0.000000,
        "250" : 0.000000,
        "500" : 0.000000,
        "750" : 0.000000,
        "1000" : 0.000000,
        "2000" : 0.000000,
        ">=2000" : 0.000000
      },
      "latency_depth" : 16,
      "latency_target" : 0,
      "latency_percentile" : 100.000000,
      "latency_window" : 0
    }
  ],
  "disk_util" : [
    {
      "name" : "nvme3n1",
      "read_ios" : 136812,
      "write_ios" : 0,
      "read_sectors" : 8755968,
      "write_sectors" : 0,
      "read_merges" : 0,
      "write_merges" : 0,
      "read_ticks" : 78046,
      "write_ticks" : 0,
      "in_queue" : 78046,
      "util" : 98.138883
    }
  ]
}
