{
  "fio version" : "fio-3.36",
  "timestamp" : 1781331142,
  "timestamp_ms" : 1781331142011,
  "time" : "Sat Jun 13 06:12:22 2026",
  "jobs" : [
    {
      "jobname" : "randomread_32k_1",
      "groupid" : 0,
      "job_start" : 1781331136991,
      "error" : 0,
      "eta" : 0,
      "elapsed" : 6,
      "job options" : {
        "name" : "randomread_32k_1",
        "filename" : "/dev/nvme3n1",
        "ioengine" : "io_uring",
        "direct" : "1",
        "rw" : "randread",
        "bs" : "32k",
        "iodepth" : "1",
        "size" : "3G",
        "runtime" : "5"
      },
      "read" : {
        "io_bytes" : 793870336,
        "io_kbytes" : 775264,
        "bw_bytes" : 158742318,
        "bw" : 155021,
        "iops" : 4844.431114,
        "runtime" : 5001,
        "total_ios" : 24227,
        "short_ios" : 0,
        "drop_ios" : 0,
        "slat_ns" : {
          "min" : 1310,
          "max" : 20333,
          "mean" : 1734.739588,
          "stddev" : 733.542903,
          "N" : 24227
        },
        "clat_ns" : {
          "min" : 82725,
          "max" : 580105,
          "mean" : 204392.187270,
          "stddev" : 130816.030890,
          "N" : 24227,
          "percentile" : {
            "1.000000" : 83456,
            "5.000000" : 86528,
            "10.000000" : 86528,
            "20.000000" : 90624,
            "30.000000" : 90624,
            "40.000000" : 91648,
            "50.000000" : 156672,
            "60.000000" : 185344,
            "70.000000" : 272384,
            "80.000000" : 378880,
            "90.000000" : 411648,
            "95.000000" : 423936,
            "99.000000" : 460800,
            "99.500000" : 460800,
            "99.900000" : 460800,
            "99.950000" : 468992,
            "99.990000" : 501760
          }
        },
        "lat_ns" : {
          "min" : 84209,
          "max" : 581648,
          "mean" : 206126.926858,
          "stddev" : 130825.418187,
          "N" : 24227
        },
        "bw_min" : 79872,
        "bw_max" : 174464,
        "bw_agg" : 98.688059,
        "bw_mean" : 152988.444444,
        "bw_dev" : 35478.550390,
        "bw_samples" : 9,
        "iops_min" : 2496,
        "iops_max" : 5452,
        "iops_mean" : 4780.888889,
        "iops_stddev" : 1108.704700,
        "iops_samples" : 9
      },
      "write" : {
        "io_bytes" : 0,
        "io_kbytes" : 0,
        "bw_bytes" : 0,
        "bw" : 0,
        "iops" : 0.000000,
        "runtime" : 0,
        "total_ios" : 0,
        "short_ios" : 0,
        "drop_ios" : 0,
        "slat_ns" : {
          "min" : 0,
          "max" : 0,
          "mean" : 0.000000,
          "stddev" : 0.000000,
          "N" : 0
        },
        "clat_ns" : {
          "min" : 0,
          "max" : 0,
          "mean" : 0.000000,
          "stddev" : 0.000000,
          "N" : 0
        },
        "lat_ns" : {
          "min" : 0,
          "max" : 0,
          "mean" : 0.000000,
          "stddev" : 0.000000,
          "N" : 0
        },
        "bw_min" : 0,
        "bw_max" : 0,
        "bw_agg" : 0.000000,
        "bw_mean" : 0.000000,
        "bw_dev" : 0.000000,
        "bw_samples" : 0,
        "iops_min" : 0,
        "iops_max" : 0,
        "iops_mean" : 0.000000,
        "iops_stddev" : 0.000000,
        "iops_samples" : 0
      },
      "trim" : {
        "io_bytes" : 0,
        "io_kbytes" : 0,
        "bw_bytes" : 0,
        "bw" : 0,
        "iops" : 0.000000,
        "runtime" : 0,
        "total_ios" : 0,
        "short_ios" : 0,
        "drop_ios" : 0,
        "slat_ns" : {
          "min" : 0,
          "max" : 0,
          "mean" : 0.000000,
          "stddev" : 0.000000,
          "N" : 0
        },
        "clat_ns" : {
          "min" : 0,
          "max" : 0,
          "mean" : 0.000000,
          "stddev" : 0.000000,
          "N" : 0
        },
        "lat_ns" : {
          "min" : 0,
          "max" : 0,
          "mean" : 0.000000,
          "stddev" : 0.000000,
          "N" : 0
        },
        "bw_min" : 0,
        "bw_max" : 0,
        "bw_agg" : 0.000000,
        "bw_mean" : 0.000000,
        "bw_dev" : 0.000000,
        "bw_samples" : 0,
        "iops_min" : 0,
        "iops_max" : 0,
        "iops_mean" : 0.000000,
        "iops_stddev" : 0.000000,
        "iops_samples" : 0
      },
      "sync" : {
        "total_ios" : 0,
        "lat_ns" : {
          "min" : 0,
          "max" : 0,
          "mean" : 0.000000,
          "stddev" : 0.000000,
          "N" : 0
        }
      },
      "job_runtime" : 5000,
      "usr_cpu" : 0.320000,
      "sys_cpu" : 1.400000,
      "ctx" : 24236,
      "majf" : 0,
      "minf" : 19,
      "iodepth_level" : {
        "1" : 100.000000,
        "2" : 0.000000,
        "4" : 0.000000,
        "8" : 0.000000,
        "16" : 0.000000,
        "32" : 0.000000,
        ">=64" : 0.000000
      },
      "iodepth_submit" : {
        "0" : 0.000000,
        "4" : 100.000000,
        "8" : 0.000000,
        "16" : 0.000000,
        "32" : 0.000000,
        "64" : 0.000000,
        ">=64" : 0.000000
      },
      "iodepth_complete" : {
        "0" : 0.000000,
        "4" : 100.000000,
        "8" : 0.000000,
        "16" : 0.000000,
        "32" : 0.000000,
        "64" : 0.000000,
        ">=64" : 0.000000
      },
      "latency_ns" : {
        "2" : 0.000000,
        "4" : 0.000000,
        "10" : 0.000000,
        "20" : 0.000000,
        "50" : 0.000000,
        "100" : 0.000000,
        "250" : 0.000000,
        "500" : 0.000000,
        "750" : 0.000000,
        "1000" : 0.000000
      },
      "latency_us" : {
        "2" : 0.000000,
        "4" : 0.000000,
        "10" : 0.000000,
        "20" : 0.000000,
        "50" : 0.000000,
        "100" : 45.746481,
        "250" : 21.232509,
        "500" : 33.008627,
        "750" : 0.012383,
        "1000" : 0.000000
      },
      "latency_ms" : {
        "2" : 0.000000,
        "4" : 0.000000,
        "10" : 0.000000,
        "20" : 0.000000,
        "50" : 0.000000,
        "100" : 0.000000,
        "250" : 0.000000,
        "500" : 0.000000,
        "750" : 0.000000,
        "1000" : 0.000000,
        "2000" : 0.000000,
        ">=2000" : 0.000000
      },
      "latency_depth" : 1,
      "latency_target" : 0,
      "latency_percentile" : 100.000000,
      "latency_window" : 0
    }
  ],
  "disk_util" : [
    {
      "name" : "nvme3n1",
      "read_ios" : 23696,
      "write_ios" : 0,
      "read_sectors" : 1516544,
      "write_sectors" : 0,
      "read_merges" : 0,
      "write_merges" : 0,
      "read_ticks" : 4835,
      "write_ticks" : 0,
      "in_queue" : 4835,
      "util" : 98.119248
    }
  ]
}
