{
  "fio version" : "fio-3.42-31-g6a66",
  "timestamp" : 1781281842,
  "timestamp_ms" : 1781281842081,
  "time" : "Fri Jun 12 16:30:42 2026",
  "jobs" : [
    {
      "jobname" : "randomread_32k_32",
      "groupid" : 0,
      "job_start" : 1781281836934,
      "error" : 0,
      "eta" : 0,
      "elapsed" : 6,
      "job options" : {
        "name" : "randomread_32k_32",
        "filename" : "/dev/nvme2n1",
        "ioengine" : "io_uring",
        "direct" : "1",
        "group_reporting" : "",
        "rw" : "randread",
        "bs" : "32k",
        "iodepth" : "32",
        "size" : "3G",
        "time_based" : "",
        "runtime" : "5"
      },
      "read" : {
        "io_bytes" : 5255856128,
        "io_kbytes" : 5132672,
        "bw_bytes" : 1050961033,
        "bw" : 1026329,
        "iops" : 32072.785443,
        "runtime" : 5001,
        "total_ios" : 160396,
        "short_ios" : 0,
        "drop_ios" : 0,
        "slat_ns" : {
          "min" : 944,
          "max" : 27123,
          "mean" : 1188.416831,
          "stddev" : 485.043734,
          "N" : 160396
        },
        "clat_ns" : {
          "min" : 96294,
          "max" : 3046120,
          "mean" : 996317.339335,
          "stddev" : 255729.024545,
          "N" : 160396,
          "percentile" : {
            "1.000000" : 473088,
            "5.000000" : 618496,
            "10.000000" : 700416,
            "20.000000" : 798720,
            "30.000000" : 864256,
            "40.000000" : 921600,
            "50.000000" : 978944,
            "60.000000" : 1036288,
            "70.000000" : 1105920,
            "80.000000" : 1171456,
            "90.000000" : 1286144,
            "95.000000" : 1400832,
            "99.000000" : 1843200,
            "99.500000" : 2113536,
            "99.900000" : 2375680,
            "99.950000" : 2473984,
            "99.990000" : 2736128
          }
        },
        "lat_ns" : {
          "min" : 97433,
          "max" : 3047240,
          "mean" : 997505.756166,
          "stddev" : 255719.889167,
          "N" : 160396
        },
        "bw_min" : 884096,
        "bw_max" : 1108992,
        "bw_agg" : 100.000000,
        "bw_mean" : 1026534.400000,
        "bw_dev" : 55869.667865,
        "bw_samples" : 10,
        "iops_min" : 27628,
        "iops_max" : 34656,
        "iops_mean" : 32079.200000,
        "iops_stddev" : 1745.927121,
        "iops_samples" : 10
      },
      "write" : {
        "io_bytes" : 0,
        "io_kbytes" : 0,
        "bw_bytes" : 0,
        "bw" : 0,
        "iops" : 0.000000,
        "runtime" : 0,
        "total_ios" : 0,
        "short_ios" : 0,
        "drop_ios" : 0,
        "slat_ns" : {
          "min" : 0,
          "max" : 0,
          "mean" : 0.000000,
          "stddev" : 0.000000,
          "N" : 0
        },
        "clat_ns" : {
          "min" : 0,
          "max" : 0,
          "mean" : 0.000000,
          "stddev" : 0.000000,
          "N" : 0
        },
        "lat_ns" : {
          "min" : 0,
          "max" : 0,
          "mean" : 0.000000,
          "stddev" : 0.000000,
          "N" : 0
        },
        "bw_min" : 0,
        "bw_max" : 0,
        "bw_agg" : 0.000000,
        "bw_mean" : 0.000000,
        "bw_dev" : 0.000000,
        "bw_samples" : 0,
        "iops_min" : 0,
        "iops_max" : 0,
        "iops_mean" : 0.000000,
        "iops_stddev" : 0.000000,
        "iops_samples" : 0
      },
      "trim" : {
        "io_bytes" : 0,
        "io_kbytes" : 0,
        "bw_bytes" : 0,
        "bw" : 0,
        "iops" : 0.000000,
        "runtime" : 0,
        "total_ios" : 0,
        "short_ios" : 0,
        "drop_ios" : 0,
        "slat_ns" : {
          "min" : 0,
          "max" : 0,
          "mean" : 0.000000,
          "stddev" : 0.000000,
          "N" : 0
        },
        "clat_ns" : {
          "min" : 0,
          "max" : 0,
          "mean" : 0.000000,
          "stddev" : 0.000000,
          "N" : 0
        },
        "lat_ns" : {
          "min" : 0,
          "max" : 0,
          "mean" : 0.000000,
          "stddev" : 0.000000,
          "N" : 0
        },
        "bw_min" : 0,
        "bw_max" : 0,
        "bw_agg" : 0.000000,
        "bw_mean" : 0.000000,
        "bw_dev" : 0.000000,
        "bw_samples" : 0,
        "iops_min" : 0,
        "iops_max" : 0,
        "iops_mean" : 0.000000,
        "iops_stddev" : 0.000000,
        "iops_samples" : 0
      },
      "sync" : {
        "total_ios" : 0,
        "lat_ns" : {
          "min" : 0,
          "max" : 0,
          "mean" : 0.000000,
          "stddev" : 0.000000,
          "N" : 0
        }
      },
      "job_runtime" : 5000,
      "usr_cpu" : 1.420000,
      "sys_cpu" : 8.220000,
      "ctx" : 145947,
      "majf" : 0,
      "minf" : 265,
      "iodepth_level" : {
        "1" : 0.100000,
        "2" : 0.100000,
        "4" : 0.100000,
        "8" : 0.100000,
        "16" : 0.100000,
        "32" : 99.980673,
        ">=64" : 0.000000
      },
      "iodepth_submit" : {
        "0" : 0.000000,
        "4" : 100.000000,
        "8" : 0.000000,
        "16" : 0.000000,
        "32" : 0.000000,
        "64" : 0.000000,
        ">=64" : 0.000000
      },
      "iodepth_complete" : {
        "0" : 0.000000,
        "4" : 99.999376,
        "8" : 0.000000,
        "16" : 0.000000,
        "32" : 0.100000,
        "64" : 0.000000,
        ">=64" : 0.000000
      },
      "latency_ns" : {
        "2" : 0.000000,
        "4" : 0.000000,
        "10" : 0.000000,
        "20" : 0.000000,
        "50" : 0.000000,
        "100" : 0.000000,
        "250" : 0.000000,
        "500" : 0.000000,
        "750" : 0.000000,
        "1000" : 0.000000
      },
      "latency_us" : {
        "2" : 0.000000,
        "4" : 0.000000,
        "10" : 0.000000,
        "20" : 0.000000,
        "50" : 0.000000,
        "100" : 0.010000,
        "250" : 0.030549,
        "500" : 1.342926,
        "750" : 13.295843,
        "1000" : 38.747849
      },
      "latency_ms" : {
        "2" : 45.879573,
        "4" : 0.702636,
        "10" : 0.000000,
        "20" : 0.000000,
        "50" : 0.000000,
        "100" : 0.000000,
        "250" : 0.000000,
        "500" : 0.000000,
        "750" : 0.000000,
        "1000" : 0.000000,
        "2000" : 0.000000,
        ">=2000" : 0.000000
      },
      "latency_depth" : 32,
      "latency_target" : 0,
      "latency_target_ns" : 0,
      "latency_percentile" : 100.000000,
      "latency_window" : 0,
      "latency_window_us" : 0
    }
  ],
  "disk_util" : [
    {
      "name" : "nvme2n1",
      "read_ios" : 156992,
      "write_ios" : 0,
      "read_sectors" : 10047488,
      "write_sectors" : 0,
      "read_merges" : 0,
      "write_merges" : 0,
      "read_ticks" : 156352,
      "write_ticks" : 0,
      "in_queue" : 156352,
      "util" : 98.078463
    }
  ]
}
