{
  "fio version" : "fio-3.36",
  "timestamp" : 1781331157,
  "timestamp_ms" : 1781331157803,
  "time" : "Sat Jun 13 06:12:37 2026",
  "jobs" : [
    {
      "jobname" : "randomread_32k_8",
      "groupid" : 0,
      "job_start" : 1781331152785,
      "error" : 0,
      "eta" : 0,
      "elapsed" : 6,
      "job options" : {
        "name" : "randomread_32k_8",
        "filename" : "/dev/nvme3n1",
        "ioengine" : "io_uring",
        "direct" : "1",
        "rw" : "randread",
        "bs" : "32k",
        "iodepth" : "8",
        "size" : "3G",
        "runtime" : "5"
      },
      "read" : {
        "io_bytes" : 3534422016,
        "io_kbytes" : 3451584,
        "bw_bytes" : 706743054,
        "bw" : 690178,
        "iops" : 21568.086383,
        "runtime" : 5001,
        "total_ios" : 107862,
        "short_ios" : 0,
        "drop_ios" : 0,
        "slat_ns" : {
          "min" : 1100,
          "max" : 128171,
          "mean" : 1580.669448,
          "stddev" : 512.740834,
          "N" : 107862
        },
        "clat_ns" : {
          "min" : 81702,
          "max" : 1027257,
          "mean" : 369082.746315,
          "stddev" : 145641.610746,
          "N" : 107862,
          "percentile" : {
            "1.000000" : 91648,
            "5.000000" : 138240,
            "10.000000" : 179200,
            "20.000000" : 236544,
            "30.000000" : 280576,
            "40.000000" : 325632,
            "50.000000" : 366592,
            "60.000000" : 407552,
            "70.000000" : 444416,
            "80.000000" : 489472,
            "90.000000" : 561152,
            "95.000000" : 618496,
            "99.000000" : 733184,
            "99.500000" : 774144,
            "99.900000" : 856064,
            "99.950000" : 888832,
            "99.990000" : 937984
          }
        },
        "lat_ns" : {
          "min" : 83299,
          "max" : 1028720,
          "mean" : 370663.415763,
          "stddev" : 145633.827342,
          "N" : 107862
        },
        "bw_min" : 587968,
        "bw_max" : 736768,
        "bw_agg" : 100.000000,
        "bw_mean" : 690567.111111,
        "bw_dev" : 41581.589088,
        "bw_samples" : 9,
        "iops_min" : 18374,
        "iops_max" : 23024,
        "iops_mean" : 21580.222222,
        "iops_stddev" : 1299.424659,
        "iops_samples" : 9
      },
      "write" : {
        "io_bytes" : 0,
        "io_kbytes" : 0,
        "bw_bytes" : 0,
        "bw" : 0,
        "iops" : 0.000000,
        "runtime" : 0,
        "total_ios" : 0,
        "short_ios" : 0,
        "drop_ios" : 0,
        "slat_ns" : {
          "min" : 0,
          "max" : 0,
          "mean" : 0.000000,
          "stddev" : 0.000000,
          "N" : 0
        },
        "clat_ns" : {
          "min" : 0,
          "max" : 0,
          "mean" : 0.000000,
          "stddev" : 0.000000,
          "N" : 0
        },
        "lat_ns" : {
          "min" : 0,
          "max" : 0,
          "mean" : 0.000000,
          "stddev" : 0.000000,
          "N" : 0
        },
        "bw_min" : 0,
        "bw_max" : 0,
        "bw_agg" : 0.000000,
        "bw_mean" : 0.000000,
        "bw_dev" : 0.000000,
        "bw_samples" : 0,
        "iops_min" : 0,
        "iops_max" : 0,
        "iops_mean" : 0.000000,
        "iops_stddev" : 0.000000,
        "iops_samples" : 0
      },
      "trim" : {
        "io_bytes" : 0,
        "io_kbytes" : 0,
        "bw_bytes" : 0,
        "bw" : 0,
        "iops" : 0.000000,
        "runtime" : 0,
        "total_ios" : 0,
        "short_ios" : 0,
        "drop_ios" : 0,
        "slat_ns" : {
          "min" : 0,
          "max" : 0,
          "mean" : 0.000000,
          "stddev" : 0.000000,
          "N" : 0
        },
        "clat_ns" : {
          "min" : 0,
          "max" : 0,
          "mean" : 0.000000,
          "stddev" : 0.000000,
          "N" : 0
        },
        "lat_ns" : {
          "min" : 0,
          "max" : 0,
          "mean" : 0.000000,
          "stddev" : 0.000000,
          "N" : 0
        },
        "bw_min" : 0,
        "bw_max" : 0,
        "bw_agg" : 0.000000,
        "bw_mean" : 0.000000,
        "bw_dev" : 0.000000,
        "bw_samples" : 0,
        "iops_min" : 0,
        "iops_max" : 0,
        "iops_mean" : 0.000000,
        "iops_stddev" : 0.000000,
        "iops_samples" : 0
      },
      "sync" : {
        "total_ios" : 0,
        "lat_ns" : {
          "min" : 0,
          "max" : 0,
          "mean" : 0.000000,
          "stddev" : 0.000000,
          "N" : 0
        }
      },
      "job_runtime" : 5000,
      "usr_cpu" : 0.940000,
      "sys_cpu" : 5.400000,
      "ctx" : 103437,
      "majf" : 0,
      "minf" : 72,
      "iodepth_level" : {
        "1" : 0.100000,
        "2" : 0.100000,
        "4" : 0.100000,
        "8" : 99.993510,
        "16" : 0.000000,
        "32" : 0.000000,
        ">=64" : 0.000000
      },
      "iodepth_submit" : {
        "0" : 0.000000,
        "4" : 100.000000,
        "8" : 0.000000,
        "16" : 0.000000,
        "32" : 0.000000,
        "64" : 0.000000,
        ">=64" : 0.000000
      },
      "iodepth_complete" : {
        "0" : 0.000000,
        "4" : 99.999073,
        "8" : 0.100000,
        "16" : 0.000000,
        "32" : 0.000000,
        "64" : 0.000000,
        ">=64" : 0.000000
      },
      "latency_ns" : {
        "2" : 0.000000,
        "4" : 0.000000,
        "10" : 0.000000,
        "20" : 0.000000,
        "50" : 0.000000,
        "100" : 0.000000,
        "250" : 0.000000,
        "500" : 0.000000,
        "750" : 0.000000,
        "1000" : 0.000000
      },
      "latency_us" : {
        "2" : 0.000000,
        "4" : 0.000000,
        "10" : 0.000000,
        "20" : 0.000000,
        "50" : 0.000000,
        "100" : 2.039643,
        "250" : 20.747807,
        "500" : 58.812186,
        "750" : 17.683707,
        "1000" : 0.714802
      },
      "latency_ms" : {
        "2" : 0.010000,
        "4" : 0.000000,
        "10" : 0.000000,
        "20" : 0.000000,
        "50" : 0.000000,
        "100" : 0.000000,
        "250" : 0.000000,
        "500" : 0.000000,
        "750" : 0.000000,
        "1000" : 0.000000,
        "2000" : 0.000000,
        ">=2000" : 0.000000
      },
      "latency_depth" : 8,
      "latency_target" : 0,
      "latency_percentile" : 100.000000,
      "latency_window" : 0
    }
  ],
  "disk_util" : [
    {
      "name" : "nvme3n1",
      "read_ios" : 105666,
      "write_ios" : 0,
      "read_sectors" : 6762624,
      "write_sectors" : 0,
      "read_merges" : 0,
      "write_merges" : 0,
      "read_ticks" : 38947,
      "write_ticks" : 0,
      "in_queue" : 38947,
      "util" : 98.119248
    }
  ]
}
