{
  "fio version" : "fio-3.42-31-g6a66",
  "timestamp" : 1781281825,
  "timestamp_ms" : 1781281825923,
  "time" : "Fri Jun 12 16:30:25 2026",
  "jobs" : [
    {
      "jobname" : "randomread_32k_4",
      "groupid" : 0,
      "job_start" : 1781281820775,
      "error" : 0,
      "eta" : 0,
      "elapsed" : 6,
      "job options" : {
        "name" : "randomread_32k_4",
        "filename" : "/dev/nvme2n1",
        "ioengine" : "io_uring",
        "direct" : "1",
        "group_reporting" : "",
        "rw" : "randread",
        "bs" : "32k",
        "iodepth" : "4",
        "size" : "3G",
        "time_based" : "",
        "runtime" : "5"
      },
      "read" : {
        "io_bytes" : 2363195392,
        "io_kbytes" : 2307808,
        "bw_bytes" : 472544569,
        "bw" : 461469,
        "iops" : 14420.915817,
        "runtime" : 5001,
        "total_ios" : 72119,
        "short_ios" : 0,
        "drop_ios" : 0,
        "slat_ns" : {
          "min" : 917,
          "max" : 26012,
          "mean" : 1126.150196,
          "stddev" : 474.840323,
          "N" : 72119
        },
        "clat_ns" : {
          "min" : 80113,
          "max" : 794738,
          "mean" : 276011.595557,
          "stddev" : 131998.975038,
          "N" : 72119,
          "percentile" : {
            "1.000000" : 87552,
            "5.000000" : 91648,
            "10.000000" : 95744,
            "20.000000" : 142336,
            "30.000000" : 183296,
            "40.000000" : 224256,
            "50.000000" : 264192,
            "60.000000" : 313344,
            "70.000000" : 366592,
            "80.000000" : 407552,
            "90.000000" : 448512,
            "95.000000" : 493568,
            "99.000000" : 569344,
            "99.500000" : 602112,
            "99.900000" : 659456,
            "99.950000" : 675840,
            "99.990000" : 724992
          }
        },
        "lat_ns" : {
          "min" : 81179,
          "max" : 795857,
          "mean" : 277137.745754,
          "stddev" : 131991.816703,
          "N" : 72119
        },
        "bw_min" : 380224,
        "bw_max" : 475584,
        "bw_agg" : 100.000000,
        "bw_mean" : 461561.600000,
        "bw_dev" : 28881.763640,
        "bw_samples" : 10,
        "iops_min" : 11882,
        "iops_max" : 14862,
        "iops_mean" : 14423.800000,
        "iops_stddev" : 902.555114,
        "iops_samples" : 10
      },
      "write" : {
        "io_bytes" : 0,
        "io_kbytes" : 0,
        "bw_bytes" : 0,
        "bw" : 0,
        "iops" : 0.000000,
        "runtime" : 0,
        "total_ios" : 0,
        "short_ios" : 0,
        "drop_ios" : 0,
        "slat_ns" : {
          "min" : 0,
          "max" : 0,
          "mean" : 0.000000,
          "stddev" : 0.000000,
          "N" : 0
        },
        "clat_ns" : {
          "min" : 0,
          "max" : 0,
          "mean" : 0.000000,
          "stddev" : 0.000000,
          "N" : 0
        },
        "lat_ns" : {
          "min" : 0,
          "max" : 0,
          "mean" : 0.000000,
          "stddev" : 0.000000,
          "N" : 0
        },
        "bw_min" : 0,
        "bw_max" : 0,
        "bw_agg" : 0.000000,
        "bw_mean" : 0.000000,
        "bw_dev" : 0.000000,
        "bw_samples" : 0,
        "iops_min" : 0,
        "iops_max" : 0,
        "iops_mean" : 0.000000,
        "iops_stddev" : 0.000000,
        "iops_samples" : 0
      },
      "trim" : {
        "io_bytes" : 0,
        "io_kbytes" : 0,
        "bw_bytes" : 0,
        "bw" : 0,
        "iops" : 0.000000,
        "runtime" : 0,
        "total_ios" : 0,
        "short_ios" : 0,
        "drop_ios" : 0,
        "slat_ns" : {
          "min" : 0,
          "max" : 0,
          "mean" : 0.000000,
          "stddev" : 0.000000,
          "N" : 0
        },
        "clat_ns" : {
          "min" : 0,
          "max" : 0,
          "mean" : 0.000000,
          "stddev" : 0.000000,
          "N" : 0
        },
        "lat_ns" : {
          "min" : 0,
          "max" : 0,
          "mean" : 0.000000,
          "stddev" : 0.000000,
          "N" : 0
        },
        "bw_min" : 0,
        "bw_max" : 0,
        "bw_agg" : 0.000000,
        "bw_mean" : 0.000000,
        "bw_dev" : 0.000000,
        "bw_samples" : 0,
        "iops_min" : 0,
        "iops_max" : 0,
        "iops_mean" : 0.000000,
        "iops_stddev" : 0.000000,
        "iops_samples" : 0
      },
      "sync" : {
        "total_ios" : 0,
        "lat_ns" : {
          "min" : 0,
          "max" : 0,
          "mean" : 0.000000,
          "stddev" : 0.000000,
          "N" : 0
        }
      },
      "job_runtime" : 5000,
      "usr_cpu" : 0.900000,
      "sys_cpu" : 3.460000,
      "ctx" : 68361,
      "majf" : 0,
      "minf" : 40,
      "iodepth_level" : {
        "1" : 0.100000,
        "2" : 0.100000,
        "4" : 99.995840,
        "8" : 0.000000,
        "16" : 0.000000,
        "32" : 0.000000,
        ">=64" : 0.000000
      },
      "iodepth_submit" : {
        "0" : 0.000000,
        "4" : 100.000000,
        "8" : 0.000000,
        "16" : 0.000000,
        "32" : 0.000000,
        "64" : 0.000000,
        ">=64" : 0.000000
      },
      "iodepth_complete" : {
        "0" : 0.000000,
        "4" : 100.000000,
        "8" : 0.000000,
        "16" : 0.000000,
        "32" : 0.000000,
        "64" : 0.000000,
        ">=64" : 0.000000
      },
      "latency_ns" : {
        "2" : 0.000000,
        "4" : 0.000000,
        "10" : 0.000000,
        "20" : 0.000000,
        "50" : 0.000000,
        "100" : 0.000000,
        "250" : 0.000000,
        "500" : 0.000000,
        "750" : 0.000000,
        "1000" : 0.000000
      },
      "latency_us" : {
        "2" : 0.000000,
        "4" : 0.000000,
        "10" : 0.000000,
        "20" : 0.000000,
        "50" : 0.000000,
        "100" : 11.754184,
        "250" : 34.373743,
        "500" : 49.279663,
        "750" : 4.589637,
        "1000" : 0.010000
      },
      "latency_ms" : {
        "2" : 0.000000,
        "4" : 0.000000,
        "10" : 0.000000,
        "20" : 0.000000,
        "50" : 0.000000,
        "100" : 0.000000,
        "250" : 0.000000,
        "500" : 0.000000,
        "750" : 0.000000,
        "1000" : 0.000000,
        "2000" : 0.000000,
        ">=2000" : 0.000000
      },
      "latency_depth" : 4,
      "latency_target" : 0,
      "latency_target_ns" : 0,
      "latency_percentile" : 100.000000,
      "latency_window" : 0,
      "latency_window_us" : 0
    }
  ],
  "disk_util" : [
    {
      "name" : "nvme2n1",
      "read_ios" : 70578,
      "write_ios" : 0,
      "read_sectors" : 4516992,
      "write_sectors" : 0,
      "read_merges" : 0,
      "write_merges" : 0,
      "read_ticks" : 19427,
      "write_ticks" : 0,
      "in_queue" : 19427,
      "util" : 98.098098
    }
  ]
}
