{
  "fio version" : "fio-3.42-31-g6a66",
  "timestamp" : 1781281820,
  "timestamp_ms" : 1781281820537,
  "time" : "Fri Jun 12 16:30:20 2026",
  "jobs" : [
    {
      "jobname" : "randomread_32k_2",
      "groupid" : 0,
      "job_start" : 1781281815389,
      "error" : 0,
      "eta" : 0,
      "elapsed" : 6,
      "job options" : {
        "name" : "randomread_32k_2",
        "filename" : "/dev/nvme2n1",
        "ioengine" : "io_uring",
        "direct" : "1",
        "group_reporting" : "",
        "rw" : "randread",
        "bs" : "32k",
        "iodepth" : "2",
        "size" : "3G",
        "time_based" : "",
        "runtime" : "5"
      },
      "read" : {
        "io_bytes" : 1436319744,
        "io_kbytes" : 1402656,
        "bw_bytes" : 287206507,
        "bw" : 280475,
        "iops" : 8764.847031,
        "runtime" : 5001,
        "total_ios" : 43833,
        "short_ios" : 0,
        "drop_ios" : 0,
        "slat_ns" : {
          "min" : 926,
          "max" : 25947,
          "mean" : 1159.864600,
          "stddev" : 602.762735,
          "N" : 43833
        },
        "clat_ns" : {
          "min" : 79536,
          "max" : 648589,
          "mean" : 226776.993452,
          "stddev" : 126973.706395,
          "N" : 43833,
          "percentile" : {
            "1.000000" : 84480,
            "5.000000" : 88576,
            "10.000000" : 91648,
            "20.000000" : 93696,
            "30.000000" : 101888,
            "40.000000" : 158720,
            "50.000000" : 187392,
            "60.000000" : 250880,
            "70.000000" : 309248,
            "80.000000" : 378880,
            "90.000000" : 415744,
            "95.000000" : 436224,
            "99.000000" : 493568,
            "99.500000" : 514048,
            "99.900000" : 552960,
            "99.950000" : 569344,
            "99.990000" : 593920
          }
        },
        "lat_ns" : {
          "min" : 80602,
          "max" : 649652,
          "mean" : 227936.858052,
          "stddev" : 126971.651352,
          "N" : 43833
        },
        "bw_min" : 180608,
        "bw_max" : 295360,
        "bw_agg" : 99.571761,
        "bw_mean" : 279274.666667,
        "bw_dev" : 37125.654742,
        "bw_samples" : 9,
        "iops_min" : 5644,
        "iops_max" : 9230,
        "iops_mean" : 8727.333333,
        "iops_stddev" : 1160.176711,
        "iops_samples" : 9
      },
      "write" : {
        "io_bytes" : 0,
        "io_kbytes" : 0,
        "bw_bytes" : 0,
        "bw" : 0,
        "iops" : 0.000000,
        "runtime" : 0,
        "total_ios" : 0,
        "short_ios" : 0,
        "drop_ios" : 0,
        "slat_ns" : {
          "min" : 0,
          "max" : 0,
          "mean" : 0.000000,
          "stddev" : 0.000000,
          "N" : 0
        },
        "clat_ns" : {
          "min" : 0,
          "max" : 0,
          "mean" : 0.000000,
          "stddev" : 0.000000,
          "N" : 0
        },
        "lat_ns" : {
          "min" : 0,
          "max" : 0,
          "mean" : 0.000000,
          "stddev" : 0.000000,
          "N" : 0
        },
        "bw_min" : 0,
        "bw_max" : 0,
        "bw_agg" : 0.000000,
        "bw_mean" : 0.000000,
        "bw_dev" : 0.000000,
        "bw_samples" : 0,
        "iops_min" : 0,
        "iops_max" : 0,
        "iops_mean" : 0.000000,
        "iops_stddev" : 0.000000,
        "iops_samples" : 0
      },
      "trim" : {
        "io_bytes" : 0,
        "io_kbytes" : 0,
        "bw_bytes" : 0,
        "bw" : 0,
        "iops" : 0.000000,
        "runtime" : 0,
        "total_ios" : 0,
        "short_ios" : 0,
        "drop_ios" : 0,
        "slat_ns" : {
          "min" : 0,
          "max" : 0,
          "mean" : 0.000000,
          "stddev" : 0.000000,
          "N" : 0
        },
        "clat_ns" : {
          "min" : 0,
          "max" : 0,
          "mean" : 0.000000,
          "stddev" : 0.000000,
          "N" : 0
        },
        "lat_ns" : {
          "min" : 0,
          "max" : 0,
          "mean" : 0.000000,
          "stddev" : 0.000000,
          "N" : 0
        },
        "bw_min" : 0,
        "bw_max" : 0,
        "bw_agg" : 0.000000,
        "bw_mean" : 0.000000,
        "bw_dev" : 0.000000,
        "bw_samples" : 0,
        "iops_min" : 0,
        "iops_max" : 0,
        "iops_mean" : 0.000000,
        "iops_stddev" : 0.000000,
        "iops_samples" : 0
      },
      "sync" : {
        "total_ios" : 0,
        "lat_ns" : {
          "min" : 0,
          "max" : 0,
          "mean" : 0.000000,
          "stddev" : 0.000000,
          "N" : 0
        }
      },
      "job_runtime" : 5000,
      "usr_cpu" : 0.700000,
      "sys_cpu" : 2.140000,
      "ctx" : 42703,
      "majf" : 0,
      "minf" : 23,
      "iodepth_level" : {
        "1" : 0.100000,
        "2" : 99.997719,
        "4" : 0.000000,
        "8" : 0.000000,
        "16" : 0.000000,
        "32" : 0.000000,
        ">=64" : 0.000000
      },
      "iodepth_submit" : {
        "0" : 0.000000,
        "4" : 100.000000,
        "8" : 0.000000,
        "16" : 0.000000,
        "32" : 0.000000,
        "64" : 0.000000,
        ">=64" : 0.000000
      },
      "iodepth_complete" : {
        "0" : 0.000000,
        "4" : 100.000000,
        "8" : 0.000000,
        "16" : 0.000000,
        "32" : 0.000000,
        "64" : 0.000000,
        ">=64" : 0.000000
      },
      "latency_ns" : {
        "2" : 0.000000,
        "4" : 0.000000,
        "10" : 0.000000,
        "20" : 0.000000,
        "50" : 0.000000,
        "100" : 0.000000,
        "250" : 0.000000,
        "500" : 0.000000,
        "750" : 0.000000,
        "1000" : 0.000000
      },
      "latency_us" : {
        "2" : 0.000000,
        "4" : 0.000000,
        "10" : 0.000000,
        "20" : 0.000000,
        "50" : 0.000000,
        "100" : 29.384254,
        "250" : 30.435973,
        "500" : 39.374444,
        "750" : 0.805329,
        "1000" : 0.000000
      },
      "latency_ms" : {
        "2" : 0.000000,
        "4" : 0.000000,
        "10" : 0.000000,
        "20" : 0.000000,
        "50" : 0.000000,
        "100" : 0.000000,
        "250" : 0.000000,
        "500" : 0.000000,
        "750" : 0.000000,
        "1000" : 0.000000,
        "2000" : 0.000000,
        ">=2000" : 0.000000
      },
      "latency_depth" : 2,
      "latency_target" : 0,
      "latency_target_ns" : 0,
      "latency_percentile" : 100.000000,
      "latency_window" : 0,
      "latency_window_us" : 0
    }
  ],
  "disk_util" : [
    {
      "name" : "nvme2n1",
      "read_ios" : 42897,
      "write_ios" : 0,
      "read_sectors" : 2745408,
      "write_sectors" : 0,
      "read_merges" : 0,
      "write_merges" : 0,
      "read_ticks" : 9692,
      "write_ticks" : 0,
      "in_queue" : 9693,
      "util" : 98.158527
    }
  ]
}
