{
  "fio version" : "fio-3.36",
  "timestamp" : 1781331152,
  "timestamp_ms" : 1781331152540,
  "time" : "Sat Jun 13 06:12:32 2026",
  "jobs" : [
    {
      "jobname" : "randomread_32k_4",
      "groupid" : 0,
      "job_start" : 1781331147521,
      "error" : 0,
      "eta" : 0,
      "elapsed" : 6,
      "job options" : {
        "name" : "randomread_32k_4",
        "filename" : "/dev/nvme3n1",
        "ioengine" : "io_uring",
        "direct" : "1",
        "rw" : "randread",
        "bs" : "32k",
        "iodepth" : "4",
        "size" : "3G",
        "runtime" : "5"
      },
      "read" : {
        "io_bytes" : 2344583168,
        "io_kbytes" : 2289632,
        "bw_bytes" : 468822869,
        "bw" : 457834,
        "iops" : 14307.338532,
        "runtime" : 5001,
        "total_ios" : 71551,
        "short_ios" : 0,
        "drop_ios" : 0,
        "slat_ns" : {
          "min" : 1111,
          "max" : 26403,
          "mean" : 1645.088357,
          "stddev" : 453.942713,
          "N" : 71551
        },
        "clat_ns" : {
          "min" : 80629,
          "max" : 771373,
          "mean" : 277671.353720,
          "stddev" : 133205.278637,
          "N" : 71551,
          "percentile" : {
            "1.000000" : 86528,
            "5.000000" : 90624,
            "10.000000" : 94720,
            "20.000000" : 142336,
            "30.000000" : 181248,
            "40.000000" : 226304,
            "50.000000" : 264192,
            "60.000000" : 317440,
            "70.000000" : 370688,
            "80.000000" : 411648,
            "90.000000" : 452608,
            "95.000000" : 493568,
            "99.000000" : 569344,
            "99.500000" : 593920,
            "99.900000" : 651264,
            "99.950000" : 667648,
            "99.990000" : 708608
          }
        },
        "lat_ns" : {
          "min" : 82046,
          "max" : 772785,
          "mean" : 279316.442076,
          "stddev" : 133198.881067,
          "N" : 71551
        },
        "bw_min" : 376704,
        "bw_max" : 473984,
        "bw_agg" : 99.700147,
        "bw_mean" : 456462.222222,
        "bw_dev" : 30218.638428,
        "bw_samples" : 9,
        "iops_min" : 11772,
        "iops_max" : 14812,
        "iops_mean" : 14264.444444,
        "iops_stddev" : 944.332451,
        "iops_samples" : 9
      },
      "write" : {
        "io_bytes" : 0,
        "io_kbytes" : 0,
        "bw_bytes" : 0,
        "bw" : 0,
        "iops" : 0.000000,
        "runtime" : 0,
        "total_ios" : 0,
        "short_ios" : 0,
        "drop_ios" : 0,
        "slat_ns" : {
          "min" : 0,
          "max" : 0,
          "mean" : 0.000000,
          "stddev" : 0.000000,
          "N" : 0
        },
        "clat_ns" : {
          "min" : 0,
          "max" : 0,
          "mean" : 0.000000,
          "stddev" : 0.000000,
          "N" : 0
        },
        "lat_ns" : {
          "min" : 0,
          "max" : 0,
          "mean" : 0.000000,
          "stddev" : 0.000000,
          "N" : 0
        },
        "bw_min" : 0,
        "bw_max" : 0,
        "bw_agg" : 0.000000,
        "bw_mean" : 0.000000,
        "bw_dev" : 0.000000,
        "bw_samples" : 0,
        "iops_min" : 0,
        "iops_max" : 0,
        "iops_mean" : 0.000000,
        "iops_stddev" : 0.000000,
        "iops_samples" : 0
      },
      "trim" : {
        "io_bytes" : 0,
        "io_kbytes" : 0,
        "bw_bytes" : 0,
        "bw" : 0,
        "iops" : 0.000000,
        "runtime" : 0,
        "total_ios" : 0,
        "short_ios" : 0,
        "drop_ios" : 0,
        "slat_ns" : {
          "min" : 0,
          "max" : 0,
          "mean" : 0.000000,
          "stddev" : 0.000000,
          "N" : 0
        },
        "clat_ns" : {
          "min" : 0,
          "max" : 0,
          "mean" : 0.000000,
          "stddev" : 0.000000,
          "N" : 0
        },
        "lat_ns" : {
          "min" : 0,
          "max" : 0,
          "mean" : 0.000000,
          "stddev" : 0.000000,
          "N" : 0
        },
        "bw_min" : 0,
        "bw_max" : 0,
        "bw_agg" : 0.000000,
        "bw_mean" : 0.000000,
        "bw_dev" : 0.000000,
        "bw_samples" : 0,
        "iops_min" : 0,
        "iops_max" : 0,
        "iops_mean" : 0.000000,
        "iops_stddev" : 0.000000,
        "iops_samples" : 0
      },
      "sync" : {
        "total_ios" : 0,
        "lat_ns" : {
          "min" : 0,
          "max" : 0,
          "mean" : 0.000000,
          "stddev" : 0.000000,
          "N" : 0
        }
      },
      "job_runtime" : 5000,
      "usr_cpu" : 1.120000,
      "sys_cpu" : 3.380000,
      "ctx" : 69433,
      "majf" : 0,
      "minf" : 42,
      "iodepth_level" : {
        "1" : 0.100000,
        "2" : 0.100000,
        "4" : 99.995807,
        "8" : 0.000000,
        "16" : 0.000000,
        "32" : 0.000000,
        ">=64" : 0.000000
      },
      "iodepth_submit" : {
        "0" : 0.000000,
        "4" : 100.000000,
        "8" : 0.000000,
        "16" : 0.000000,
        "32" : 0.000000,
        "64" : 0.000000,
        ">=64" : 0.000000
      },
      "iodepth_complete" : {
        "0" : 0.000000,
        "4" : 100.000000,
        "8" : 0.000000,
        "16" : 0.000000,
        "32" : 0.000000,
        "64" : 0.000000,
        ">=64" : 0.000000
      },
      "latency_ns" : {
        "2" : 0.000000,
        "4" : 0.000000,
        "10" : 0.000000,
        "20" : 0.000000,
        "50" : 0.000000,
        "100" : 0.000000,
        "250" : 0.000000,
        "500" : 0.000000,
        "750" : 0.000000,
        "1000" : 0.000000
      },
      "latency_us" : {
        "2" : 0.000000,
        "4" : 0.000000,
        "10" : 0.000000,
        "20" : 0.000000,
        "50" : 0.000000,
        "100" : 11.902000,
        "250" : 34.150466,
        "500" : 49.355006,
        "750" : 4.588336,
        "1000" : 0.010000
      },
      "latency_ms" : {
        "2" : 0.000000,
        "4" : 0.000000,
        "10" : 0.000000,
        "20" : 0.000000,
        "50" : 0.000000,
        "100" : 0.000000,
        "250" : 0.000000,
        "500" : 0.000000,
        "750" : 0.000000,
        "1000" : 0.000000,
        "2000" : 0.000000,
        ">=2000" : 0.000000
      },
      "latency_depth" : 4,
      "latency_target" : 0,
      "latency_percentile" : 100.000000,
      "latency_window" : 0
    }
  ],
  "disk_util" : [
    {
      "name" : "nvme3n1",
      "read_ios" : 70028,
      "write_ios" : 0,
      "read_sectors" : 4481792,
      "write_sectors" : 0,
      "read_merges" : 0,
      "write_merges" : 0,
      "read_ticks" : 19422,
      "write_ticks" : 0,
      "in_queue" : 19422,
      "util" : 98.119248
    }
  ]
}
