{
  "fio version" : "fio-3.36",
  "timestamp" : 1781331173,
  "timestamp_ms" : 1781331173594,
  "time" : "Sat Jun 13 06:12:53 2026",
  "jobs" : [
    {
      "jobname" : "randomread_32k_64",
      "groupid" : 0,
      "job_start" : 1781331168575,
      "error" : 0,
      "eta" : 0,
      "elapsed" : 6,
      "job options" : {
        "name" : "randomread_32k_64",
        "filename" : "/dev/nvme3n1",
        "ioengine" : "io_uring",
        "direct" : "1",
        "rw" : "randread",
        "bs" : "32k",
        "iodepth" : "64",
        "size" : "3G",
        "runtime" : "5"
      },
      "read" : {
        "io_bytes" : 5477269504,
        "io_kbytes" : 5348896,
        "bw_bytes" : 1095015894,
        "bw" : 1069351,
        "iops" : 33417.233107,
        "runtime" : 5002,
        "total_ios" : 167153,
        "short_ios" : 0,
        "drop_ios" : 0,
        "slat_ns" : {
          "min" : 1095,
          "max" : 219393,
          "mean" : 1690.461840,
          "stddev" : 700.686066,
          "N" : 167153
        },
        "clat_ns" : {
          "min" : 420508,
          "max" : 5033903,
          "mean" : 1913130.809982,
          "stddev" : 391894.022218,
          "N" : 167153,
          "percentile" : {
            "1.000000" : 1171456,
            "5.000000" : 1384448,
            "10.000000" : 1499136,
            "20.000000" : 1630208,
            "30.000000" : 1728512,
            "40.000000" : 1810432,
            "50.000000" : 1892352,
            "60.000000" : 1957888,
            "70.000000" : 2056192,
            "80.000000" : 2146304,
            "90.000000" : 2310144,
            "95.000000" : 2441216,
            "99.000000" : 3620864,
            "99.500000" : 4079616,
            "99.900000" : 4554752,
            "99.950000" : 4620288,
            "99.990000" : 4816896
          }
        },
        "lat_ns" : {
          "min" : 424529,
          "max" : 5036325,
          "mean" : 1914821.271823,
          "stddev" : 391901.121504,
          "N" : 167153
        },
        "bw_min" : 914240,
        "bw_max" : 1133568,
        "bw_agg" : 100.000000,
        "bw_mean" : 1069639.111111,
        "bw_dev" : 62521.862089,
        "bw_samples" : 9,
        "iops_min" : 28570,
        "iops_max" : 35424,
        "iops_mean" : 33426.222222,
        "iops_stddev" : 1953.808190,
        "iops_samples" : 9
      },
      "write" : {
        "io_bytes" : 0,
        "io_kbytes" : 0,
        "bw_bytes" : 0,
        "bw" : 0,
        "iops" : 0.000000,
        "runtime" : 0,
        "total_ios" : 0,
        "short_ios" : 0,
        "drop_ios" : 0,
        "slat_ns" : {
          "min" : 0,
          "max" : 0,
          "mean" : 0.000000,
          "stddev" : 0.000000,
          "N" : 0
        },
        "clat_ns" : {
          "min" : 0,
          "max" : 0,
          "mean" : 0.000000,
          "stddev" : 0.000000,
          "N" : 0
        },
        "lat_ns" : {
          "min" : 0,
          "max" : 0,
          "mean" : 0.000000,
          "stddev" : 0.000000,
          "N" : 0
        },
        "bw_min" : 0,
        "bw_max" : 0,
        "bw_agg" : 0.000000,
        "bw_mean" : 0.000000,
        "bw_dev" : 0.000000,
        "bw_samples" : 0,
        "iops_min" : 0,
        "iops_max" : 0,
        "iops_mean" : 0.000000,
        "iops_stddev" : 0.000000,
        "iops_samples" : 0
      },
      "trim" : {
        "io_bytes" : 0,
        "io_kbytes" : 0,
        "bw_bytes" : 0,
        "bw" : 0,
        "iops" : 0.000000,
        "runtime" : 0,
        "total_ios" : 0,
        "short_ios" : 0,
        "drop_ios" : 0,
        "slat_ns" : {
          "min" : 0,
          "max" : 0,
          "mean" : 0.000000,
          "stddev" : 0.000000,
          "N" : 0
        },
        "clat_ns" : {
          "min" : 0,
          "max" : 0,
          "mean" : 0.000000,
          "stddev" : 0.000000,
          "N" : 0
        },
        "lat_ns" : {
          "min" : 0,
          "max" : 0,
          "mean" : 0.000000,
          "stddev" : 0.000000,
          "N" : 0
        },
        "bw_min" : 0,
        "bw_max" : 0,
        "bw_agg" : 0.000000,
        "bw_mean" : 0.000000,
        "bw_dev" : 0.000000,
        "bw_samples" : 0,
        "iops_min" : 0,
        "iops_max" : 0,
        "iops_mean" : 0.000000,
        "iops_stddev" : 0.000000,
        "iops_samples" : 0
      },
      "sync" : {
        "total_ios" : 0,
        "lat_ns" : {
          "min" : 0,
          "max" : 0,
          "mean" : 0.000000,
          "stddev" : 0.000000,
          "N" : 0
        }
      },
      "job_runtime" : 5001,
      "usr_cpu" : 1.259748,
      "sys_cpu" : 9.038192,
      "ctx" : 156223,
      "majf" : 0,
      "minf" : 521,
      "iodepth_level" : {
        "1" : 0.100000,
        "2" : 0.100000,
        "4" : 0.100000,
        "8" : 0.100000,
        "16" : 0.100000,
        "32" : 0.100000,
        ">=64" : 99.962310
      },
      "iodepth_submit" : {
        "0" : 0.000000,
        "4" : 100.000000,
        "8" : 0.000000,
        "16" : 0.000000,
        "32" : 0.000000,
        "64" : 0.000000,
        ">=64" : 0.000000
      },
      "iodepth_complete" : {
        "0" : 0.000000,
        "4" : 99.999402,
        "8" : 0.000000,
        "16" : 0.000000,
        "32" : 0.000000,
        "64" : 0.100000,
        ">=64" : 0.000000
      },
      "latency_ns" : {
        "2" : 0.000000,
        "4" : 0.000000,
        "10" : 0.000000,
        "20" : 0.000000,
        "50" : 0.000000,
        "100" : 0.000000,
        "250" : 0.000000,
        "500" : 0.000000,
        "750" : 0.000000,
        "1000" : 0.000000
      },
      "latency_us" : {
        "2" : 0.000000,
        "4" : 0.000000,
        "10" : 0.000000,
        "20" : 0.000000,
        "50" : 0.000000,
        "100" : 0.000000,
        "250" : 0.000000,
        "500" : 0.010000,
        "750" : 0.018546,
        "1000" : 0.154948
      },
      "latency_ms" : {
        "2" : 63.898943,
        "4" : 35.342471,
        "10" : 0.582700,
        "20" : 0.000000,
        "50" : 0.000000,
        "100" : 0.000000,
        "250" : 0.000000,
        "500" : 0.000000,
        "750" : 0.000000,
        "1000" : 0.000000,
        "2000" : 0.000000,
        ">=2000" : 0.000000
      },
      "latency_depth" : 64,
      "latency_target" : 0,
      "latency_percentile" : 100.000000,
      "latency_window" : 0
    }
  ],
  "disk_util" : [
    {
      "name" : "nvme3n1",
      "read_ios" : 163721,
      "write_ios" : 0,
      "read_sectors" : 10478144,
      "write_sectors" : 0,
      "read_merges" : 0,
      "write_merges" : 0,
      "read_ticks" : 312941,
      "write_ticks" : 0,
      "in_queue" : 312941,
      "util" : 98.119248
    }
  ]
}
