{
  "fio version" : "fio-3.42-31-g6a66",
  "timestamp" : 1781281836,
  "timestamp_ms" : 1781281836696,
  "time" : "Fri Jun 12 16:30:36 2026",
  "jobs" : [
    {
      "jobname" : "randomread_32k_16",
      "groupid" : 0,
      "job_start" : 1781281831548,
      "error" : 0,
      "eta" : 0,
      "elapsed" : 6,
      "job options" : {
        "name" : "randomread_32k_16",
        "filename" : "/dev/nvme2n1",
        "ioengine" : "io_uring",
        "direct" : "1",
        "group_reporting" : "",
        "rw" : "randread",
        "bs" : "32k",
        "iodepth" : "16",
        "size" : "3G",
        "time_based" : "",
        "runtime" : "5"
      },
      "read" : {
        "io_bytes" : 4617568256,
        "io_kbytes" : 4509344,
        "bw_bytes" : 923328985,
        "bw" : 901688,
        "iops" : 28177.764447,
        "runtime" : 5001,
        "total_ios" : 140917,
        "short_ios" : 0,
        "drop_ios" : 0,
        "slat_ns" : {
          "min" : 928,
          "max" : 27256,
          "mean" : 1168.434561,
          "stddev" : 516.356990,
          "N" : 140917
        },
        "clat_ns" : {
          "min" : 84789,
          "max" : 1751365,
          "mean" : 566399.885067,
          "stddev" : 181986.455891,
          "N" : 140917,
          "percentile" : {
            "1.000000" : 189440,
            "5.000000" : 288768,
            "10.000000" : 346112,
            "20.000000" : 415744,
            "30.000000" : 468992,
            "40.000000" : 514048,
            "50.000000" : 552960,
            "60.000000" : 602112,
            "70.000000" : 651264,
            "80.000000" : 708608,
            "90.000000" : 790528,
            "95.000000" : 872448,
            "99.000000" : 1073152,
            "99.500000" : 1171456,
            "99.900000" : 1351680,
            "99.950000" : 1433600,
            "99.990000" : 1613824
          }
        },
        "lat_ns" : {
          "min" : 85911,
          "max" : 1752451,
          "mean" : 567568.319628,
          "stddev" : 181976.640101,
          "N" : 140917
        },
        "bw_min" : 774592,
        "bw_max" : 968256,
        "bw_agg" : 100.000000,
        "bw_mean" : 901868.800000,
        "bw_dev" : 49827.470257,
        "bw_samples" : 10,
        "iops_min" : 24206,
        "iops_max" : 30258,
        "iops_mean" : 28183.400000,
        "iops_stddev" : 1557.108446,
        "iops_samples" : 10
      },
      "write" : {
        "io_bytes" : 0,
        "io_kbytes" : 0,
        "bw_bytes" : 0,
        "bw" : 0,
        "iops" : 0.000000,
        "runtime" : 0,
        "total_ios" : 0,
        "short_ios" : 0,
        "drop_ios" : 0,
        "slat_ns" : {
          "min" : 0,
          "max" : 0,
          "mean" : 0.000000,
          "stddev" : 0.000000,
          "N" : 0
        },
        "clat_ns" : {
          "min" : 0,
          "max" : 0,
          "mean" : 0.000000,
          "stddev" : 0.000000,
          "N" : 0
        },
        "lat_ns" : {
          "min" : 0,
          "max" : 0,
          "mean" : 0.000000,
          "stddev" : 0.000000,
          "N" : 0
        },
        "bw_min" : 0,
        "bw_max" : 0,
        "bw_agg" : 0.000000,
        "bw_mean" : 0.000000,
        "bw_dev" : 0.000000,
        "bw_samples" : 0,
        "iops_min" : 0,
        "iops_max" : 0,
        "iops_mean" : 0.000000,
        "iops_stddev" : 0.000000,
        "iops_samples" : 0
      },
      "trim" : {
        "io_bytes" : 0,
        "io_kbytes" : 0,
        "bw_bytes" : 0,
        "bw" : 0,
        "iops" : 0.000000,
        "runtime" : 0,
        "total_ios" : 0,
        "short_ios" : 0,
        "drop_ios" : 0,
        "slat_ns" : {
          "min" : 0,
          "max" : 0,
          "mean" : 0.000000,
          "stddev" : 0.000000,
          "N" : 0
        },
        "clat_ns" : {
          "min" : 0,
          "max" : 0,
          "mean" : 0.000000,
          "stddev" : 0.000000,
          "N" : 0
        },
        "lat_ns" : {
          "min" : 0,
          "max" : 0,
          "mean" : 0.000000,
          "stddev" : 0.000000,
          "N" : 0
        },
        "bw_min" : 0,
        "bw_max" : 0,
        "bw_agg" : 0.000000,
        "bw_mean" : 0.000000,
        "bw_dev" : 0.000000,
        "bw_samples" : 0,
        "iops_min" : 0,
        "iops_max" : 0,
        "iops_mean" : 0.000000,
        "iops_stddev" : 0.000000,
        "iops_samples" : 0
      },
      "sync" : {
        "total_ios" : 0,
        "lat_ns" : {
          "min" : 0,
          "max" : 0,
          "mean" : 0.000000,
          "stddev" : 0.000000,
          "N" : 0
        }
      },
      "job_runtime" : 5000,
      "usr_cpu" : 2.080000,
      "sys_cpu" : 6.120000,
      "ctx" : 130218,
      "majf" : 0,
      "minf" : 135,
      "iodepth_level" : {
        "1" : 0.100000,
        "2" : 0.100000,
        "4" : 0.100000,
        "8" : 0.100000,
        "16" : 99.989355,
        "32" : 0.000000,
        ">=64" : 0.000000
      },
      "iodepth_submit" : {
        "0" : 0.000000,
        "4" : 100.000000,
        "8" : 0.000000,
        "16" : 0.000000,
        "32" : 0.000000,
        "64" : 0.000000,
        ">=64" : 0.000000
      },
      "iodepth_complete" : {
        "0" : 0.000000,
        "4" : 99.999290,
        "8" : 0.000000,
        "16" : 0.100000,
        "32" : 0.000000,
        "64" : 0.000000,
        ">=64" : 0.000000
      },
      "latency_ns" : {
        "2" : 0.000000,
        "4" : 0.000000,
        "10" : 0.000000,
        "20" : 0.000000,
        "50" : 0.000000,
        "100" : 0.000000,
        "250" : 0.000000,
        "500" : 0.000000,
        "750" : 0.000000,
        "1000" : 0.000000
      },
      "latency_us" : {
        "2" : 0.000000,
        "4" : 0.000000,
        "10" : 0.000000,
        "20" : 0.000000,
        "50" : 0.000000,
        "100" : 0.100769,
        "250" : 2.820809,
        "500" : 34.049831,
        "750" : 48.667655,
        "1000" : 12.553489
      },
      "latency_ms" : {
        "2" : 1.807447,
        "4" : 0.000000,
        "10" : 0.000000,
        "20" : 0.000000,
        "50" : 0.000000,
        "100" : 0.000000,
        "250" : 0.000000,
        "500" : 0.000000,
        "750" : 0.000000,
        "1000" : 0.000000,
        "2000" : 0.000000,
        ">=2000" : 0.000000
      },
      "latency_depth" : 16,
      "latency_target" : 0,
      "latency_target_ns" : 0,
      "latency_percentile" : 100.000000,
      "latency_window" : 0,
      "latency_window_us" : 0
    }
  ],
  "disk_util" : [
    {
      "name" : "nvme2n1",
      "read_ios" : 137986,
      "write_ios" : 0,
      "read_sectors" : 8831104,
      "write_sectors" : 0,
      "read_merges" : 0,
      "write_merges" : 0,
      "read_ticks" : 78044,
      "write_ticks" : 0,
      "in_queue" : 78045,
      "util" : 98.078463
    }
  ]
}
