{
  "fio version" : "fio-3.42-31-g6a66",
  "timestamp" : 1781281707,
  "timestamp_ms" : 1781281707421,
  "time" : "Fri Jun 12 16:28:27 2026",
  "jobs" : [
    {
      "jobname" : "randomread_4k_128",
      "groupid" : 0,
      "job_start" : 1781281702272,
      "error" : 0,
      "eta" : 0,
      "elapsed" : 6,
      "job options" : {
        "name" : "randomread_4k_128",
        "filename" : "/dev/nvme2n1",
        "ioengine" : "io_uring",
        "direct" : "1",
        "group_reporting" : "",
        "rw" : "randread",
        "bs" : "4k",
        "iodepth" : "128",
        "size" : "3G",
        "time_based" : "",
        "runtime" : "5"
      },
      "read" : {
        "io_bytes" : 3888754688,
        "io_kbytes" : 3797612,
        "bw_bytes" : 777284566,
        "bw" : 759066,
        "iops" : 189766.739956,
        "runtime" : 5003,
        "total_ios" : 949403,
        "short_ios" : 0,
        "drop_ios" : 0,
        "slat_ns" : {
          "min" : 527,
          "max" : 29140,
          "mean" : 783.860241,
          "stddev" : 496.742633,
          "N" : 949403
        },
        "clat_ns" : {
          "min" : 52578,
          "max" : 4800004,
          "mean" : 673432.416507,
          "stddev" : 752024.511810,
          "N" : 949403,
          "percentile" : {
            "1.000000" : 63232,
            "5.000000" : 69120,
            "10.000000" : 78336,
            "20.000000" : 114176,
            "30.000000" : 158720,
            "40.000000" : 218112,
            "50.000000" : 296960,
            "60.000000" : 419840,
            "70.000000" : 659456,
            "80.000000" : 1499136,
            "90.000000" : 2023424,
            "95.000000" : 2244608,
            "99.000000" : 2572288,
            "99.500000" : 2703360,
            "99.900000" : 2932736,
            "99.950000" : 3031040,
            "99.990000" : 3424256
          }
        },
        "lat_ns" : {
          "min" : 59013,
          "max" : 4800616,
          "mean" : 674216.276748,
          "stddev" : 752023.836195,
          "N" : 949403
        },
        "bw_min" : 747560,
        "bw_max" : 772912,
        "bw_agg" : 100.000000,
        "bw_mean" : 759522.400000,
        "bw_dev" : 7448.822535,
        "bw_samples" : 10,
        "iops_min" : 186890,
        "iops_max" : 193228,
        "iops_mean" : 189880.600000,
        "iops_stddev" : 1862.205634,
        "iops_samples" : 10
      },
      "write" : {
        "io_bytes" : 0,
        "io_kbytes" : 0,
        "bw_bytes" : 0,
        "bw" : 0,
        "iops" : 0.000000,
        "runtime" : 0,
        "total_ios" : 0,
        "short_ios" : 0,
        "drop_ios" : 0,
        "slat_ns" : {
          "min" : 0,
          "max" : 0,
          "mean" : 0.000000,
          "stddev" : 0.000000,
          "N" : 0
        },
        "clat_ns" : {
          "min" : 0,
          "max" : 0,
          "mean" : 0.000000,
          "stddev" : 0.000000,
          "N" : 0
        },
        "lat_ns" : {
          "min" : 0,
          "max" : 0,
          "mean" : 0.000000,
          "stddev" : 0.000000,
          "N" : 0
        },
        "bw_min" : 0,
        "bw_max" : 0,
        "bw_agg" : 0.000000,
        "bw_mean" : 0.000000,
        "bw_dev" : 0.000000,
        "bw_samples" : 0,
        "iops_min" : 0,
        "iops_max" : 0,
        "iops_mean" : 0.000000,
        "iops_stddev" : 0.000000,
        "iops_samples" : 0
      },
      "trim" : {
        "io_bytes" : 0,
        "io_kbytes" : 0,
        "bw_bytes" : 0,
        "bw" : 0,
        "iops" : 0.000000,
        "runtime" : 0,
        "total_ios" : 0,
        "short_ios" : 0,
        "drop_ios" : 0,
        "slat_ns" : {
          "min" : 0,
          "max" : 0,
          "mean" : 0.000000,
          "stddev" : 0.000000,
          "N" : 0
        },
        "clat_ns" : {
          "min" : 0,
          "max" : 0,
          "mean" : 0.000000,
          "stddev" : 0.000000,
          "N" : 0
        },
        "lat_ns" : {
          "min" : 0,
          "max" : 0,
          "mean" : 0.000000,
          "stddev" : 0.000000,
          "N" : 0
        },
        "bw_min" : 0,
        "bw_max" : 0,
        "bw_agg" : 0.000000,
        "bw_mean" : 0.000000,
        "bw_dev" : 0.000000,
        "bw_samples" : 0,
        "iops_min" : 0,
        "iops_max" : 0,
        "iops_mean" : 0.000000,
        "iops_stddev" : 0.000000,
        "iops_samples" : 0
      },
      "sync" : {
        "total_ios" : 0,
        "lat_ns" : {
          "min" : 0,
          "max" : 0,
          "mean" : 0.000000,
          "stddev" : 0.000000,
          "N" : 0
        }
      },
      "job_runtime" : 5002,
      "usr_cpu" : 8.236705,
      "sys_cpu" : 25.969612,
      "ctx" : 444020,
      "majf" : 0,
      "minf" : 135,
      "iodepth_level" : {
        "1" : 0.100000,
        "2" : 0.100000,
        "4" : 0.100000,
        "8" : 0.100000,
        "16" : 0.100000,
        "32" : 0.100000,
        ">=64" : 99.993364
      },
      "iodepth_submit" : {
        "0" : 0.000000,
        "4" : 100.000000,
        "8" : 0.000000,
        "16" : 0.000000,
        "32" : 0.000000,
        "64" : 0.000000,
        ">=64" : 0.000000
      },
      "iodepth_complete" : {
        "0" : 0.000000,
        "4" : 99.999895,
        "8" : 0.000000,
        "16" : 0.000000,
        "32" : 0.000000,
        "64" : 0.000000,
        ">=64" : 0.100000
      },
      "latency_ns" : {
        "2" : 0.000000,
        "4" : 0.000000,
        "10" : 0.000000,
        "20" : 0.000000,
        "50" : 0.000000,
        "100" : 0.000000,
        "250" : 0.000000,
        "500" : 0.000000,
        "750" : 0.000000,
        "1000" : 0.000000
      },
      "latency_us" : {
        "2" : 0.000000,
        "4" : 0.000000,
        "10" : 0.000000,
        "20" : 0.000000,
        "50" : 0.000000,
        "100" : 15.581897,
        "250" : 28.787459,
        "500" : 20.044280,
        "750" : 7.442993,
        "1000" : 3.063609
      },
      "latency_ms" : {
        "2" : 14.695129,
        "4" : 10.381155,
        "10" : 0.010000,
        "20" : 0.000000,
        "50" : 0.000000,
        "100" : 0.000000,
        "250" : 0.000000,
        "500" : 0.000000,
        "750" : 0.000000,
        "1000" : 0.000000,
        "2000" : 0.000000,
        ">=2000" : 0.000000
      },
      "latency_depth" : 128,
      "latency_target" : 0,
      "latency_target_ns" : 0,
      "latency_percentile" : 100.000000,
      "latency_window" : 0,
      "latency_window_us" : 0
    }
  ],
  "disk_util" : [
    {
      "name" : "nvme2n1",
      "read_ios" : 930232,
      "write_ios" : 0,
      "read_sectors" : 7441856,
      "write_sectors" : 0,
      "read_merges" : 0,
      "write_merges" : 0,
      "read_ticks" : 624167,
      "write_ticks" : 0,
      "in_queue" : 624167,
      "util" : 98.158527
    }
  ]
}
