{
  "fio version" : "fio-3.36",
  "timestamp" : 1781331036,
  "timestamp_ms" : 1781331036732,
  "time" : "Sat Jun 13 06:10:36 2026",
  "jobs" : [
    {
      "jobname" : "randomread_4k_128",
      "groupid" : 0,
      "job_start" : 1781331031713,
      "error" : 0,
      "eta" : 0,
      "elapsed" : 6,
      "job options" : {
        "name" : "randomread_4k_128",
        "filename" : "/dev/nvme3n1",
        "ioengine" : "io_uring",
        "direct" : "1",
        "rw" : "randread",
        "bs" : "4k",
        "iodepth" : "128",
        "size" : "3G",
        "runtime" : "5"
      },
      "read" : {
        "io_bytes" : 3926904832,
        "io_kbytes" : 3834868,
        "bw_bytes" : 785066939,
        "bw" : 766666,
        "iops" : 191666.733307,
        "runtime" : 5002,
        "total_ios" : 958717,
        "short_ios" : 0,
        "drop_ios" : 0,
        "slat_ns" : {
          "min" : 599,
          "max" : 151006,
          "mean" : 876.303678,
          "stddev" : 268.979539,
          "N" : 958717
        },
        "clat_ns" : {
          "min" : 52925,
          "max" : 3844671,
          "mean" : 666785.788403,
          "stddev" : 619750.897238,
          "N" : 958717,
          "percentile" : {
            "1.000000" : 61184,
            "5.000000" : 73216,
            "10.000000" : 84480,
            "20.000000" : 134144,
            "30.000000" : 199680,
            "40.000000" : 292864,
            "50.000000" : 419840,
            "60.000000" : 610304,
            "70.000000" : 880640,
            "80.000000" : 1236992,
            "90.000000" : 1646592,
            "95.000000" : 1941504,
            "99.000000" : 2375680,
            "99.500000" : 2506752,
            "99.900000" : 2736128,
            "99.950000" : 2834432,
            "99.990000" : 3129344
          }
        },
        "lat_ns" : {
          "min" : 60313,
          "max" : 3845375,
          "mean" : 667662.092080,
          "stddev" : 619751.204057,
          "N" : 958717
        },
        "bw_min" : 753776,
        "bw_max" : 776408,
        "bw_agg" : 100.000000,
        "bw_mean" : 766872.000000,
        "bw_dev" : 7335.443090,
        "bw_samples" : 10,
        "iops_min" : 188444,
        "iops_max" : 194102,
        "iops_mean" : 191718.000000,
        "iops_stddev" : 1833.860773,
        "iops_samples" : 10
      },
      "write" : {
        "io_bytes" : 0,
        "io_kbytes" : 0,
        "bw_bytes" : 0,
        "bw" : 0,
        "iops" : 0.000000,
        "runtime" : 0,
        "total_ios" : 0,
        "short_ios" : 0,
        "drop_ios" : 0,
        "slat_ns" : {
          "min" : 0,
          "max" : 0,
          "mean" : 0.000000,
          "stddev" : 0.000000,
          "N" : 0
        },
        "clat_ns" : {
          "min" : 0,
          "max" : 0,
          "mean" : 0.000000,
          "stddev" : 0.000000,
          "N" : 0
        },
        "lat_ns" : {
          "min" : 0,
          "max" : 0,
          "mean" : 0.000000,
          "stddev" : 0.000000,
          "N" : 0
        },
        "bw_min" : 0,
        "bw_max" : 0,
        "bw_agg" : 0.000000,
        "bw_mean" : 0.000000,
        "bw_dev" : 0.000000,
        "bw_samples" : 0,
        "iops_min" : 0,
        "iops_max" : 0,
        "iops_mean" : 0.000000,
        "iops_stddev" : 0.000000,
        "iops_samples" : 0
      },
      "trim" : {
        "io_bytes" : 0,
        "io_kbytes" : 0,
        "bw_bytes" : 0,
        "bw" : 0,
        "iops" : 0.000000,
        "runtime" : 0,
        "total_ios" : 0,
        "short_ios" : 0,
        "drop_ios" : 0,
        "slat_ns" : {
          "min" : 0,
          "max" : 0,
          "mean" : 0.000000,
          "stddev" : 0.000000,
          "N" : 0
        },
        "clat_ns" : {
          "min" : 0,
          "max" : 0,
          "mean" : 0.000000,
          "stddev" : 0.000000,
          "N" : 0
        },
        "lat_ns" : {
          "min" : 0,
          "max" : 0,
          "mean" : 0.000000,
          "stddev" : 0.000000,
          "N" : 0
        },
        "bw_min" : 0,
        "bw_max" : 0,
        "bw_agg" : 0.000000,
        "bw_mean" : 0.000000,
        "bw_dev" : 0.000000,
        "bw_samples" : 0,
        "iops_min" : 0,
        "iops_max" : 0,
        "iops_mean" : 0.000000,
        "iops_stddev" : 0.000000,
        "iops_samples" : 0
      },
      "sync" : {
        "total_ios" : 0,
        "lat_ns" : {
          "min" : 0,
          "max" : 0,
          "mean" : 0.000000,
          "stddev" : 0.000000,
          "N" : 0
        }
      },
      "job_runtime" : 5001,
      "usr_cpu" : 7.698460,
      "sys_cpu" : 26.754649,
      "ctx" : 694345,
      "majf" : 0,
      "minf" : 136,
      "iodepth_level" : {
        "1" : 0.100000,
        "2" : 0.100000,
        "4" : 0.100000,
        "8" : 0.100000,
        "16" : 0.100000,
        "32" : 0.100000,
        ">=64" : 99.993429
      },
      "iodepth_submit" : {
        "0" : 0.000000,
        "4" : 100.000000,
        "8" : 0.000000,
        "16" : 0.000000,
        "32" : 0.000000,
        "64" : 0.000000,
        ">=64" : 0.000000
      },
      "iodepth_complete" : {
        "0" : 0.000000,
        "4" : 99.999896,
        "8" : 0.000000,
        "16" : 0.000000,
        "32" : 0.000000,
        "64" : 0.000000,
        ">=64" : 0.100000
      },
      "latency_ns" : {
        "2" : 0.000000,
        "4" : 0.000000,
        "10" : 0.000000,
        "20" : 0.000000,
        "50" : 0.000000,
        "100" : 0.000000,
        "250" : 0.000000,
        "500" : 0.000000,
        "750" : 0.000000,
        "1000" : 0.000000
      },
      "latency_us" : {
        "2" : 0.000000,
        "4" : 0.000000,
        "10" : 0.000000,
        "20" : 0.000000,
        "50" : 0.000000,
        "100" : 12.834653,
        "250" : 23.070520,
        "500" : 18.869593,
        "750" : 10.770957,
        "1000" : 8.049612
      },
      "latency_ms" : {
        "2" : 22.186318,
        "4" : 4.218346,
        "10" : 0.000000,
        "20" : 0.000000,
        "50" : 0.000000,
        "100" : 0.000000,
        "250" : 0.000000,
        "500" : 0.000000,
        "750" : 0.000000,
        "1000" : 0.000000,
        "2000" : 0.000000,
        ">=2000" : 0.000000
      },
      "latency_depth" : 128,
      "latency_target" : 0,
      "latency_percentile" : 100.000000,
      "latency_window" : 0
    }
  ],
  "disk_util" : [
    {
      "name" : "nvme3n1",
      "read_ios" : 938959,
      "write_ios" : 0,
      "read_sectors" : 7511672,
      "write_sectors" : 0,
      "read_merges" : 0,
      "write_merges" : 0,
      "read_ticks" : 624697,
      "write_ticks" : 0,
      "in_queue" : 624697,
      "util" : 98.158527
    }
  ]
}
