{
  "fio version" : "fio-3.36",
  "timestamp" : 1781331041,
  "timestamp_ms" : 1781331041994,
  "time" : "Sat Jun 13 06:10:41 2026",
  "jobs" : [
    {
      "jobname" : "randomread_4k_256",
      "groupid" : 0,
      "job_start" : 1781331036976,
      "error" : 0,
      "eta" : 0,
      "elapsed" : 6,
      "job options" : {
        "name" : "randomread_4k_256",
        "filename" : "/dev/nvme3n1",
        "ioengine" : "io_uring",
        "direct" : "1",
        "rw" : "randread",
        "bs" : "4k",
        "iodepth" : "256",
        "size" : "3G",
        "runtime" : "5"
      },
      "read" : {
        "io_bytes" : 3945480192,
        "io_kbytes" : 3853008,
        "bw_bytes" : 788465266,
        "bw" : 769985,
        "iops" : 192496.402878,
        "runtime" : 5004,
        "total_ios" : 963252,
        "short_ios" : 0,
        "drop_ios" : 0,
        "slat_ns" : {
          "min" : 597,
          "max" : 23363,
          "mean" : 858.752424,
          "stddev" : 158.575271,
          "N" : 963252
        },
        "clat_ns" : {
          "min" : 60958,
          "max" : 7847855,
          "mean" : 1328800.555775,
          "stddev" : 1465309.722985,
          "N" : 963252,
          "percentile" : {
            "1.000000" : 63232,
            "5.000000" : 75264,
            "10.000000" : 92672,
            "20.000000" : 146432,
            "30.000000" : 224256,
            "40.000000" : 342016,
            "50.000000" : 536576,
            "60.000000" : 987136,
            "70.000000" : 1859584,
            "80.000000" : 2834432,
            "90.000000" : 3784704,
            "95.000000" : 4358144,
            "99.000000" : 5013504,
            "99.500000" : 5210112,
            "99.900000" : 5472256,
            "99.950000" : 5668864,
            "99.990000" : 6193152
          }
        },
        "lat_ns" : {
          "min" : 61826,
          "max" : 7848734,
          "mean" : 1329659.308199,
          "stddev" : 1465310.034995,
          "N" : 963252
        },
        "bw_min" : 758888,
        "bw_max" : 779520,
        "bw_agg" : 100.000000,
        "bw_mean" : 770397.600000,
        "bw_dev" : 6443.651194,
        "bw_samples" : 10,
        "iops_min" : 189722,
        "iops_max" : 194880,
        "iops_mean" : 192599.400000,
        "iops_stddev" : 1610.912799,
        "iops_samples" : 10
      },
      "write" : {
        "io_bytes" : 0,
        "io_kbytes" : 0,
        "bw_bytes" : 0,
        "bw" : 0,
        "iops" : 0.000000,
        "runtime" : 0,
        "total_ios" : 0,
        "short_ios" : 0,
        "drop_ios" : 0,
        "slat_ns" : {
          "min" : 0,
          "max" : 0,
          "mean" : 0.000000,
          "stddev" : 0.000000,
          "N" : 0
        },
        "clat_ns" : {
          "min" : 0,
          "max" : 0,
          "mean" : 0.000000,
          "stddev" : 0.000000,
          "N" : 0
        },
        "lat_ns" : {
          "min" : 0,
          "max" : 0,
          "mean" : 0.000000,
          "stddev" : 0.000000,
          "N" : 0
        },
        "bw_min" : 0,
        "bw_max" : 0,
        "bw_agg" : 0.000000,
        "bw_mean" : 0.000000,
        "bw_dev" : 0.000000,
        "bw_samples" : 0,
        "iops_min" : 0,
        "iops_max" : 0,
        "iops_mean" : 0.000000,
        "iops_stddev" : 0.000000,
        "iops_samples" : 0
      },
      "trim" : {
        "io_bytes" : 0,
        "io_kbytes" : 0,
        "bw_bytes" : 0,
        "bw" : 0,
        "iops" : 0.000000,
        "runtime" : 0,
        "total_ios" : 0,
        "short_ios" : 0,
        "drop_ios" : 0,
        "slat_ns" : {
          "min" : 0,
          "max" : 0,
          "mean" : 0.000000,
          "stddev" : 0.000000,
          "N" : 0
        },
        "clat_ns" : {
          "min" : 0,
          "max" : 0,
          "mean" : 0.000000,
          "stddev" : 0.000000,
          "N" : 0
        },
        "lat_ns" : {
          "min" : 0,
          "max" : 0,
          "mean" : 0.000000,
          "stddev" : 0.000000,
          "N" : 0
        },
        "bw_min" : 0,
        "bw_max" : 0,
        "bw_agg" : 0.000000,
        "bw_mean" : 0.000000,
        "bw_dev" : 0.000000,
        "bw_samples" : 0,
        "iops_min" : 0,
        "iops_max" : 0,
        "iops_mean" : 0.000000,
        "iops_stddev" : 0.000000,
        "iops_samples" : 0
      },
      "sync" : {
        "total_ios" : 0,
        "lat_ns" : {
          "min" : 0,
          "max" : 0,
          "mean" : 0.000000,
          "stddev" : 0.000000,
          "N" : 0
        }
      },
      "job_runtime" : 5003,
      "usr_cpu" : 6.196282,
      "sys_cpu" : 27.283630,
      "ctx" : 681896,
      "majf" : 0,
      "minf" : 266,
      "iodepth_level" : {
        "1" : 0.100000,
        "2" : 0.100000,
        "4" : 0.100000,
        "8" : 0.100000,
        "16" : 0.100000,
        "32" : 0.100000,
        ">=64" : 99.993460
      },
      "iodepth_submit" : {
        "0" : 0.000000,
        "4" : 100.000000,
        "8" : 0.000000,
        "16" : 0.000000,
        "32" : 0.000000,
        "64" : 0.000000,
        ">=64" : 0.000000
      },
      "iodepth_complete" : {
        "0" : 0.000000,
        "4" : 99.999896,
        "8" : 0.000000,
        "16" : 0.000000,
        "32" : 0.000000,
        "64" : 0.000000,
        ">=64" : 0.100000
      },
      "latency_ns" : {
        "2" : 0.000000,
        "4" : 0.000000,
        "10" : 0.000000,
        "20" : 0.000000,
        "50" : 0.000000,
        "100" : 0.000000,
        "250" : 0.000000,
        "500" : 0.000000,
        "750" : 0.000000,
        "1000" : 0.000000
      },
      "latency_us" : {
        "2" : 0.000000,
        "4" : 0.000000,
        "10" : 0.000000,
        "20" : 0.000000,
        "50" : 0.000000,
        "100" : 11.356114,
        "250" : 21.147218,
        "500" : 15.983875,
        "750" : 7.342108,
        "1000" : 4.306973
      },
      "latency_ms" : {
        "2" : 11.291438,
        "4" : 20.471694,
        "10" : 8.100580,
        "20" : 0.000000,
        "50" : 0.000000,
        "100" : 0.000000,
        "250" : 0.000000,
        "500" : 0.000000,
        "750" : 0.000000,
        "1000" : 0.000000,
        "2000" : 0.000000,
        ">=2000" : 0.000000
      },
      "latency_depth" : 256,
      "latency_target" : 0,
      "latency_percentile" : 100.000000,
      "latency_window" : 0
    }
  ],
  "disk_util" : [
    {
      "name" : "nvme3n1",
      "read_ios" : 943415,
      "write_ios" : 0,
      "read_sectors" : 7547320,
      "write_sectors" : 0,
      "read_merges" : 0,
      "write_merges" : 0,
      "read_ticks" : 1251041,
      "write_ticks" : 0,
      "in_queue" : 1251041,
      "util" : 98.138883
    }
  ]
}
