{
  "fio version" : "fio-3.36",
  "timestamp" : 1781331005,
  "timestamp_ms" : 1781331005154,
  "time" : "Sat Jun 13 06:10:05 2026",
  "jobs" : [
    {
      "jobname" : "randomread_4k_2",
      "groupid" : 0,
      "job_start" : 1781331000136,
      "error" : 0,
      "eta" : 0,
      "elapsed" : 6,
      "job options" : {
        "name" : "randomread_4k_2",
        "filename" : "/dev/nvme3n1",
        "ioengine" : "io_uring",
        "direct" : "1",
        "rw" : "randread",
        "bs" : "4k",
        "iodepth" : "2",
        "size" : "3G",
        "runtime" : "5"
      },
      "read" : {
        "io_bytes" : 504311808,
        "io_kbytes" : 492492,
        "bw_bytes" : 100842193,
        "bw" : 98478,
        "iops" : 24619.676065,
        "runtime" : 5001,
        "total_ios" : 123123,
        "short_ios" : 0,
        "drop_ios" : 0,
        "slat_ns" : {
          "min" : 622,
          "max" : 32753,
          "mean" : 936.755164,
          "stddev" : 266.343007,
          "N" : 123123
        },
        "clat_ns" : {
          "min" : 53780,
          "max" : 751142,
          "mean" : 80076.877781,
          "stddev" : 22997.472202,
          "N" : 123123,
          "percentile" : {
            "1.000000" : 59136,
            "5.000000" : 59136,
            "10.000000" : 59648,
            "20.000000" : 59648,
            "30.000000" : 60160,
            "40.000000" : 71168,
            "50.000000" : 71168,
            "60.000000" : 72192,
            "70.000000" : 93696,
            "80.000000" : 105984,
            "90.000000" : 110080,
            "95.000000" : 118272,
            "99.000000" : 138240,
            "99.500000" : 152576,
            "99.900000" : 183296,
            "99.950000" : 197632,
            "99.990000" : 585728
          }
        },
        "lat_ns" : {
          "min" : 59235,
          "max" : 751958,
          "mean" : 81013.632944,
          "stddev" : 22997.839448,
          "N" : 123123
        },
        "bw_min" : 93104,
        "bw_max" : 99592,
        "bw_agg" : 99.954605,
        "bw_mean" : 98434.666667,
        "bw_dev" : 2018.791718,
        "bw_samples" : 9,
        "iops_min" : 23276,
        "iops_max" : 24898,
        "iops_mean" : 24608.666667,
        "iops_stddev" : 504.697929,
        "iops_samples" : 9
      },
      "write" : {
        "io_bytes" : 0,
        "io_kbytes" : 0,
        "bw_bytes" : 0,
        "bw" : 0,
        "iops" : 0.000000,
        "runtime" : 0,
        "total_ios" : 0,
        "short_ios" : 0,
        "drop_ios" : 0,
        "slat_ns" : {
          "min" : 0,
          "max" : 0,
          "mean" : 0.000000,
          "stddev" : 0.000000,
          "N" : 0
        },
        "clat_ns" : {
          "min" : 0,
          "max" : 0,
          "mean" : 0.000000,
          "stddev" : 0.000000,
          "N" : 0
        },
        "lat_ns" : {
          "min" : 0,
          "max" : 0,
          "mean" : 0.000000,
          "stddev" : 0.000000,
          "N" : 0
        },
        "bw_min" : 0,
        "bw_max" : 0,
        "bw_agg" : 0.000000,
        "bw_mean" : 0.000000,
        "bw_dev" : 0.000000,
        "bw_samples" : 0,
        "iops_min" : 0,
        "iops_max" : 0,
        "iops_mean" : 0.000000,
        "iops_stddev" : 0.000000,
        "iops_samples" : 0
      },
      "trim" : {
        "io_bytes" : 0,
        "io_kbytes" : 0,
        "bw_bytes" : 0,
        "bw" : 0,
        "iops" : 0.000000,
        "runtime" : 0,
        "total_ios" : 0,
        "short_ios" : 0,
        "drop_ios" : 0,
        "slat_ns" : {
          "min" : 0,
          "max" : 0,
          "mean" : 0.000000,
          "stddev" : 0.000000,
          "N" : 0
        },
        "clat_ns" : {
          "min" : 0,
          "max" : 0,
          "mean" : 0.000000,
          "stddev" : 0.000000,
          "N" : 0
        },
        "lat_ns" : {
          "min" : 0,
          "max" : 0,
          "mean" : 0.000000,
          "stddev" : 0.000000,
          "N" : 0
        },
        "bw_min" : 0,
        "bw_max" : 0,
        "bw_agg" : 0.000000,
        "bw_mean" : 0.000000,
        "bw_dev" : 0.000000,
        "bw_samples" : 0,
        "iops_min" : 0,
        "iops_max" : 0,
        "iops_mean" : 0.000000,
        "iops_stddev" : 0.000000,
        "iops_samples" : 0
      },
      "sync" : {
        "total_ios" : 0,
        "lat_ns" : {
          "min" : 0,
          "max" : 0,
          "mean" : 0.000000,
          "stddev" : 0.000000,
          "N" : 0
        }
      },
      "job_runtime" : 5000,
      "usr_cpu" : 1.100000,
      "sys_cpu" : 4.500000,
      "ctx" : 117916,
      "majf" : 0,
      "minf" : 12,
      "iodepth_level" : {
        "1" : 0.100000,
        "2" : 99.999188,
        "4" : 0.000000,
        "8" : 0.000000,
        "16" : 0.000000,
        "32" : 0.000000,
        ">=64" : 0.000000
      },
      "iodepth_submit" : {
        "0" : 0.000000,
        "4" : 100.000000,
        "8" : 0.000000,
        "16" : 0.000000,
        "32" : 0.000000,
        "64" : 0.000000,
        ">=64" : 0.000000
      },
      "iodepth_complete" : {
        "0" : 0.000000,
        "4" : 100.000000,
        "8" : 0.000000,
        "16" : 0.000000,
        "32" : 0.000000,
        "64" : 0.000000,
        ">=64" : 0.000000
      },
      "latency_ns" : {
        "2" : 0.000000,
        "4" : 0.000000,
        "10" : 0.000000,
        "20" : 0.000000,
        "50" : 0.000000,
        "100" : 0.000000,
        "250" : 0.000000,
        "500" : 0.000000,
        "750" : 0.000000,
        "1000" : 0.000000
      },
      "latency_us" : {
        "2" : 0.000000,
        "4" : 0.000000,
        "10" : 0.000000,
        "20" : 0.000000,
        "50" : 0.000000,
        "100" : 74.791875,
        "250" : 25.185384,
        "500" : 0.010000,
        "750" : 0.012183,
        "1000" : 0.010000
      },
      "latency_ms" : {
        "2" : 0.000000,
        "4" : 0.000000,
        "10" : 0.000000,
        "20" : 0.000000,
        "50" : 0.000000,
        "100" : 0.000000,
        "250" : 0.000000,
        "500" : 0.000000,
        "750" : 0.000000,
        "1000" : 0.000000,
        "2000" : 0.000000,
        ">=2000" : 0.000000
      },
      "latency_depth" : 2,
      "latency_target" : 0,
      "latency_percentile" : 100.000000,
      "latency_window" : 0
    }
  ],
  "disk_util" : [
    {
      "name" : "nvme3n1",
      "read_ios" : 120594,
      "write_ios" : 0,
      "read_sectors" : 964752,
      "write_sectors" : 0,
      "read_merges" : 0,
      "write_merges" : 0,
      "read_ticks" : 9531,
      "write_ticks" : 0,
      "in_queue" : 9531,
      "util" : 98.119248
    }
  ]
}
