{
  "fio version" : "fio-3.42-31-g6a66",
  "timestamp" : 1781281675,
  "timestamp_ms" : 1781281675102,
  "time" : "Fri Jun 12 16:27:55 2026",
  "jobs" : [
    {
      "jobname" : "randomread_4k_2",
      "groupid" : 0,
      "job_start" : 1781281669954,
      "error" : 0,
      "eta" : 0,
      "elapsed" : 6,
      "job options" : {
        "name" : "randomread_4k_2",
        "filename" : "/dev/nvme2n1",
        "ioengine" : "io_uring",
        "direct" : "1",
        "group_reporting" : "",
        "rw" : "randread",
        "bs" : "4k",
        "iodepth" : "2",
        "size" : "3G",
        "time_based" : "",
        "runtime" : "5"
      },
      "read" : {
        "io_bytes" : 502784000,
        "io_kbytes" : 491000,
        "bw_bytes" : 100536692,
        "bw" : 98180,
        "iops" : 24545.090982,
        "runtime" : 5001,
        "total_ios" : 122750,
        "short_ios" : 0,
        "drop_ios" : 0,
        "slat_ns" : {
          "min" : 547,
          "max" : 26593,
          "mean" : 752.609157,
          "stddev" : 512.579672,
          "N" : 122750
        },
        "clat_ns" : {
          "min" : 58385,
          "max" : 283481,
          "mean" : 80541.231088,
          "stddev" : 21841.021005,
          "N" : 122750,
          "percentile" : {
            "1.000000" : 59648,
            "5.000000" : 59648,
            "10.000000" : 60160,
            "20.000000" : 60160,
            "30.000000" : 61184,
            "40.000000" : 72192,
            "50.000000" : 72192,
            "60.000000" : 72192,
            "70.000000" : 94720,
            "80.000000" : 107008,
            "90.000000" : 109056,
            "95.000000" : 118272,
            "99.000000" : 138240,
            "99.500000" : 152576,
            "99.900000" : 181248,
            "99.950000" : 189440,
            "99.990000" : 209920
          }
        },
        "lat_ns" : {
          "min" : 59567,
          "max" : 284343,
          "mean" : 81293.840244,
          "stddev" : 21856.125106,
          "N" : 122750
        },
        "bw_min" : 92742,
        "bw_max" : 99312,
        "bw_agg" : 100.000000,
        "bw_mean" : 98181.400000,
        "bw_dev" : 1957.540418,
        "bw_samples" : 10,
        "iops_min" : 23185,
        "iops_max" : 24828,
        "iops_mean" : 24545.300000,
        "iops_stddev" : 489.539477,
        "iops_samples" : 10
      },
      "write" : {
        "io_bytes" : 0,
        "io_kbytes" : 0,
        "bw_bytes" : 0,
        "bw" : 0,
        "iops" : 0.000000,
        "runtime" : 0,
        "total_ios" : 0,
        "short_ios" : 0,
        "drop_ios" : 0,
        "slat_ns" : {
          "min" : 0,
          "max" : 0,
          "mean" : 0.000000,
          "stddev" : 0.000000,
          "N" : 0
        },
        "clat_ns" : {
          "min" : 0,
          "max" : 0,
          "mean" : 0.000000,
          "stddev" : 0.000000,
          "N" : 0
        },
        "lat_ns" : {
          "min" : 0,
          "max" : 0,
          "mean" : 0.000000,
          "stddev" : 0.000000,
          "N" : 0
        },
        "bw_min" : 0,
        "bw_max" : 0,
        "bw_agg" : 0.000000,
        "bw_mean" : 0.000000,
        "bw_dev" : 0.000000,
        "bw_samples" : 0,
        "iops_min" : 0,
        "iops_max" : 0,
        "iops_mean" : 0.000000,
        "iops_stddev" : 0.000000,
        "iops_samples" : 0
      },
      "trim" : {
        "io_bytes" : 0,
        "io_kbytes" : 0,
        "bw_bytes" : 0,
        "bw" : 0,
        "iops" : 0.000000,
        "runtime" : 0,
        "total_ios" : 0,
        "short_ios" : 0,
        "drop_ios" : 0,
        "slat_ns" : {
          "min" : 0,
          "max" : 0,
          "mean" : 0.000000,
          "stddev" : 0.000000,
          "N" : 0
        },
        "clat_ns" : {
          "min" : 0,
          "max" : 0,
          "mean" : 0.000000,
          "stddev" : 0.000000,
          "N" : 0
        },
        "lat_ns" : {
          "min" : 0,
          "max" : 0,
          "mean" : 0.000000,
          "stddev" : 0.000000,
          "N" : 0
        },
        "bw_min" : 0,
        "bw_max" : 0,
        "bw_agg" : 0.000000,
        "bw_mean" : 0.000000,
        "bw_dev" : 0.000000,
        "bw_samples" : 0,
        "iops_min" : 0,
        "iops_max" : 0,
        "iops_mean" : 0.000000,
        "iops_stddev" : 0.000000,
        "iops_samples" : 0
      },
      "sync" : {
        "total_ios" : 0,
        "lat_ns" : {
          "min" : 0,
          "max" : 0,
          "mean" : 0.000000,
          "stddev" : 0.000000,
          "N" : 0
        }
      },
      "job_runtime" : 5000,
      "usr_cpu" : 1.700000,
      "sys_cpu" : 3.960000,
      "ctx" : 117032,
      "majf" : 0,
      "minf" : 8,
      "iodepth_level" : {
        "1" : 0.100000,
        "2" : 99.999185,
        "4" : 0.000000,
        "8" : 0.000000,
        "16" : 0.000000,
        "32" : 0.000000,
        ">=64" : 0.000000
      },
      "iodepth_submit" : {
        "0" : 0.000000,
        "4" : 100.000000,
        "8" : 0.000000,
        "16" : 0.000000,
        "32" : 0.000000,
        "64" : 0.000000,
        ">=64" : 0.000000
      },
      "iodepth_complete" : {
        "0" : 0.000000,
        "4" : 100.000000,
        "8" : 0.000000,
        "16" : 0.000000,
        "32" : 0.000000,
        "64" : 0.000000,
        ">=64" : 0.000000
      },
      "latency_ns" : {
        "2" : 0.000000,
        "4" : 0.000000,
        "10" : 0.000000,
        "20" : 0.000000,
        "50" : 0.000000,
        "100" : 0.000000,
        "250" : 0.000000,
        "500" : 0.000000,
        "750" : 0.000000,
        "1000" : 0.000000
      },
      "latency_us" : {
        "2" : 0.000000,
        "4" : 0.000000,
        "10" : 0.000000,
        "20" : 0.000000,
        "50" : 0.000000,
        "100" : 75.037067,
        "250" : 24.960489,
        "500" : 0.010000,
        "750" : 0.000000,
        "1000" : 0.000000
      },
      "latency_ms" : {
        "2" : 0.000000,
        "4" : 0.000000,
        "10" : 0.000000,
        "20" : 0.000000,
        "50" : 0.000000,
        "100" : 0.000000,
        "250" : 0.000000,
        "500" : 0.000000,
        "750" : 0.000000,
        "1000" : 0.000000,
        "2000" : 0.000000,
        ">=2000" : 0.000000
      },
      "latency_depth" : 2,
      "latency_target" : 0,
      "latency_target_ns" : 0,
      "latency_percentile" : 100.000000,
      "latency_window" : 0,
      "latency_window_us" : 0
    }
  ],
  "disk_util" : [
    {
      "name" : "nvme2n1",
      "read_ios" : 120216,
      "write_ios" : 0,
      "read_sectors" : 961728,
      "write_sectors" : 0,
      "read_merges" : 0,
      "write_merges" : 0,
      "read_ticks" : 9585,
      "write_ticks" : 0,
      "in_queue" : 9585,
      "util" : 98.078463
    }
  ]
}
