{
  "fio version" : "fio-3.42-31-g6a66",
  "timestamp" : 1781281696,
  "timestamp_ms" : 1781281696647,
  "time" : "Fri Jun 12 16:28:16 2026",
  "jobs" : [
    {
      "jobname" : "randomread_4k_32",
      "groupid" : 0,
      "job_start" : 1781281691499,
      "error" : 0,
      "eta" : 0,
      "elapsed" : 6,
      "job options" : {
        "name" : "randomread_4k_32",
        "filename" : "/dev/nvme2n1",
        "ioengine" : "io_uring",
        "direct" : "1",
        "group_reporting" : "",
        "rw" : "randread",
        "bs" : "4k",
        "iodepth" : "32",
        "size" : "3G",
        "time_based" : "",
        "runtime" : "5"
      },
      "read" : {
        "io_bytes" : 3604393984,
        "io_kbytes" : 3519916,
        "bw_bytes" : 720734649,
        "bw" : 703842,
        "iops" : 175960.607878,
        "runtime" : 5001,
        "total_ios" : 879979,
        "short_ios" : 0,
        "drop_ios" : 0,
        "slat_ns" : {
          "min" : 532,
          "max" : 26487,
          "mean" : 756.724409,
          "stddev" : 456.641074,
          "N" : 879979
        },
        "clat_ns" : {
          "min" : 55712,
          "max" : 1228991,
          "mean" : 180905.926198,
          "stddev" : 117414.680676,
          "N" : 879979,
          "percentile" : {
            "1.000000" : 60672,
            "5.000000" : 61696,
            "10.000000" : 70144,
            "20.000000" : 77312,
            "30.000000" : 101888,
            "40.000000" : 120320,
            "50.000000" : 144384,
            "60.000000" : 175104,
            "70.000000" : 214016,
            "80.000000" : 268288,
            "90.000000" : 350208,
            "95.000000" : 419840,
            "99.000000" : 561152,
            "99.500000" : 610304,
            "99.900000" : 724992,
            "99.950000" : 774144,
            "99.990000" : 913408
          }
        },
        "lat_ns" : {
          "min" : 58561,
          "max" : 1229601,
          "mean" : 181662.650608,
          "stddev" : 117409.638589,
          "N" : 879979
        },
        "bw_min" : 691176,
        "bw_max" : 712240,
        "bw_agg" : 100.000000,
        "bw_mean" : 704901.333333,
        "bw_dev" : 6667.504481,
        "bw_samples" : 9,
        "iops_min" : 172794,
        "iops_max" : 178060,
        "iops_mean" : 176225.333333,
        "iops_stddev" : 1666.876120,
        "iops_samples" : 9
      },
      "write" : {
        "io_bytes" : 0,
        "io_kbytes" : 0,
        "bw_bytes" : 0,
        "bw" : 0,
        "iops" : 0.000000,
        "runtime" : 0,
        "total_ios" : 0,
        "short_ios" : 0,
        "drop_ios" : 0,
        "slat_ns" : {
          "min" : 0,
          "max" : 0,
          "mean" : 0.000000,
          "stddev" : 0.000000,
          "N" : 0
        },
        "clat_ns" : {
          "min" : 0,
          "max" : 0,
          "mean" : 0.000000,
          "stddev" : 0.000000,
          "N" : 0
        },
        "lat_ns" : {
          "min" : 0,
          "max" : 0,
          "mean" : 0.000000,
          "stddev" : 0.000000,
          "N" : 0
        },
        "bw_min" : 0,
        "bw_max" : 0,
        "bw_agg" : 0.000000,
        "bw_mean" : 0.000000,
        "bw_dev" : 0.000000,
        "bw_samples" : 0,
        "iops_min" : 0,
        "iops_max" : 0,
        "iops_mean" : 0.000000,
        "iops_stddev" : 0.000000,
        "iops_samples" : 0
      },
      "trim" : {
        "io_bytes" : 0,
        "io_kbytes" : 0,
        "bw_bytes" : 0,
        "bw" : 0,
        "iops" : 0.000000,
        "runtime" : 0,
        "total_ios" : 0,
        "short_ios" : 0,
        "drop_ios" : 0,
        "slat_ns" : {
          "min" : 0,
          "max" : 0,
          "mean" : 0.000000,
          "stddev" : 0.000000,
          "N" : 0
        },
        "clat_ns" : {
          "min" : 0,
          "max" : 0,
          "mean" : 0.000000,
          "stddev" : 0.000000,
          "N" : 0
        },
        "lat_ns" : {
          "min" : 0,
          "max" : 0,
          "mean" : 0.000000,
          "stddev" : 0.000000,
          "N" : 0
        },
        "bw_min" : 0,
        "bw_max" : 0,
        "bw_agg" : 0.000000,
        "bw_mean" : 0.000000,
        "bw_dev" : 0.000000,
        "bw_samples" : 0,
        "iops_min" : 0,
        "iops_max" : 0,
        "iops_mean" : 0.000000,
        "iops_stddev" : 0.000000,
        "iops_samples" : 0
      },
      "sync" : {
        "total_ios" : 0,
        "lat_ns" : {
          "min" : 0,
          "max" : 0,
          "mean" : 0.000000,
          "stddev" : 0.000000,
          "N" : 0
        }
      },
      "job_runtime" : 5000,
      "usr_cpu" : 7.560000,
      "sys_cpu" : 27.160000,
      "ctx" : 508168,
      "majf" : 0,
      "minf" : 40,
      "iodepth_level" : {
        "1" : 0.100000,
        "2" : 0.100000,
        "4" : 0.100000,
        "8" : 0.100000,
        "16" : 0.100000,
        "32" : 99.996477,
        ">=64" : 0.000000
      },
      "iodepth_submit" : {
        "0" : 0.000000,
        "4" : 100.000000,
        "8" : 0.000000,
        "16" : 0.000000,
        "32" : 0.000000,
        "64" : 0.000000,
        ">=64" : 0.000000
      },
      "iodepth_complete" : {
        "0" : 0.000000,
        "4" : 99.999886,
        "8" : 0.000000,
        "16" : 0.000000,
        "32" : 0.100000,
        "64" : 0.000000,
        ">=64" : 0.000000
      },
      "latency_ns" : {
        "2" : 0.000000,
        "4" : 0.000000,
        "10" : 0.000000,
        "20" : 0.000000,
        "50" : 0.000000,
        "100" : 0.000000,
        "250" : 0.000000,
        "500" : 0.000000,
        "750" : 0.000000,
        "1000" : 0.000000
      },
      "latency_us" : {
        "2" : 0.000000,
        "4" : 0.000000,
        "10" : 0.000000,
        "20" : 0.000000,
        "50" : 0.000000,
        "100" : 29.366951,
        "250" : 47.814550,
        "500" : 20.727540,
        "750" : 2.022435,
        "1000" : 0.064661
      },
      "latency_ms" : {
        "2" : 0.010000,
        "4" : 0.000000,
        "10" : 0.000000,
        "20" : 0.000000,
        "50" : 0.000000,
        "100" : 0.000000,
        "250" : 0.000000,
        "500" : 0.000000,
        "750" : 0.000000,
        "1000" : 0.000000,
        "2000" : 0.000000,
        ">=2000" : 0.000000
      },
      "latency_depth" : 32,
      "latency_target" : 0,
      "latency_target_ns" : 0,
      "latency_percentile" : 100.000000,
      "latency_window" : 0,
      "latency_window_us" : 0
    }
  ],
  "disk_util" : [
    {
      "name" : "nvme2n1",
      "read_ios" : 861815,
      "write_ios" : 0,
      "read_sectors" : 6894520,
      "write_sectors" : 0,
      "read_merges" : 0,
      "write_merges" : 0,
      "read_ticks" : 154526,
      "write_ticks" : 0,
      "in_queue" : 154527,
      "util" : 98.098098
    }
  ]
}
