{
  "fio version" : "fio-3.36",
  "timestamp" : 1781331026,
  "timestamp_ms" : 1781331026204,
  "time" : "Sat Jun 13 06:10:26 2026",
  "jobs" : [
    {
      "jobname" : "randomread_4k_32",
      "groupid" : 0,
      "job_start" : 1781331021193,
      "error" : 0,
      "eta" : 0,
      "elapsed" : 6,
      "job options" : {
        "name" : "randomread_4k_32",
        "filename" : "/dev/nvme3n1",
        "ioengine" : "io_uring",
        "direct" : "1",
        "rw" : "randread",
        "bs" : "4k",
        "iodepth" : "32",
        "size" : "3G",
        "runtime" : "5"
      },
      "read" : {
        "io_bytes" : 3590901760,
        "io_kbytes" : 3506740,
        "bw_bytes" : 718036744,
        "bw" : 701207,
        "iops" : 175301.939612,
        "runtime" : 5001,
        "total_ios" : 876685,
        "short_ios" : 0,
        "drop_ios" : 0,
        "slat_ns" : {
          "min" : 604,
          "max" : 171131,
          "mean" : 926.565870,
          "stddev" : 359.585612,
          "N" : 876685
        },
        "clat_ns" : {
          "min" : 27404,
          "max" : 1293787,
          "mean" : 181447.881408,
          "stddev" : 118129.806684,
          "N" : 876685,
          "percentile" : {
            "1.000000" : 59648,
            "5.000000" : 60160,
            "10.000000" : 69120,
            "20.000000" : 76288,
            "30.000000" : 101888,
            "40.000000" : 119296,
            "50.000000" : 146432,
            "60.000000" : 177152,
            "70.000000" : 216064,
            "80.000000" : 268288,
            "90.000000" : 350208,
            "95.000000" : 419840,
            "99.000000" : 561152,
            "99.500000" : 610304,
            "99.900000" : 716800,
            "99.950000" : 774144,
            "99.990000" : 921600
          }
        },
        "lat_ns" : {
          "min" : 59360,
          "max" : 1294893,
          "mean" : 182374.447278,
          "stddev" : 118127.226530,
          "N" : 876685
        },
        "bw_min" : 687345,
        "bw_max" : 707600,
        "bw_agg" : 100.000000,
        "bw_mean" : 701365.444444,
        "bw_dev" : 5912.725157,
        "bw_samples" : 9,
        "iops_min" : 171836,
        "iops_max" : 176900,
        "iops_mean" : 175341.333333,
        "iops_stddev" : 1478.255391,
        "iops_samples" : 9
      },
      "write" : {
        "io_bytes" : 0,
        "io_kbytes" : 0,
        "bw_bytes" : 0,
        "bw" : 0,
        "iops" : 0.000000,
        "runtime" : 0,
        "total_ios" : 0,
        "short_ios" : 0,
        "drop_ios" : 0,
        "slat_ns" : {
          "min" : 0,
          "max" : 0,
          "mean" : 0.000000,
          "stddev" : 0.000000,
          "N" : 0
        },
        "clat_ns" : {
          "min" : 0,
          "max" : 0,
          "mean" : 0.000000,
          "stddev" : 0.000000,
          "N" : 0
        },
        "lat_ns" : {
          "min" : 0,
          "max" : 0,
          "mean" : 0.000000,
          "stddev" : 0.000000,
          "N" : 0
        },
        "bw_min" : 0,
        "bw_max" : 0,
        "bw_agg" : 0.000000,
        "bw_mean" : 0.000000,
        "bw_dev" : 0.000000,
        "bw_samples" : 0,
        "iops_min" : 0,
        "iops_max" : 0,
        "iops_mean" : 0.000000,
        "iops_stddev" : 0.000000,
        "iops_samples" : 0
      },
      "trim" : {
        "io_bytes" : 0,
        "io_kbytes" : 0,
        "bw_bytes" : 0,
        "bw" : 0,
        "iops" : 0.000000,
        "runtime" : 0,
        "total_ios" : 0,
        "short_ios" : 0,
        "drop_ios" : 0,
        "slat_ns" : {
          "min" : 0,
          "max" : 0,
          "mean" : 0.000000,
          "stddev" : 0.000000,
          "N" : 0
        },
        "clat_ns" : {
          "min" : 0,
          "max" : 0,
          "mean" : 0.000000,
          "stddev" : 0.000000,
          "N" : 0
        },
        "lat_ns" : {
          "min" : 0,
          "max" : 0,
          "mean" : 0.000000,
          "stddev" : 0.000000,
          "N" : 0
        },
        "bw_min" : 0,
        "bw_max" : 0,
        "bw_agg" : 0.000000,
        "bw_mean" : 0.000000,
        "bw_dev" : 0.000000,
        "bw_samples" : 0,
        "iops_min" : 0,
        "iops_max" : 0,
        "iops_mean" : 0.000000,
        "iops_stddev" : 0.000000,
        "iops_samples" : 0
      },
      "sync" : {
        "total_ios" : 0,
        "lat_ns" : {
          "min" : 0,
          "max" : 0,
          "mean" : 0.000000,
          "stddev" : 0.000000,
          "N" : 0
        }
      },
      "job_runtime" : 5000,
      "usr_cpu" : 5.180000,
      "sys_cpu" : 26.080000,
      "ctx" : 578494,
      "majf" : 0,
      "minf" : 42,
      "iodepth_level" : {
        "1" : 0.100000,
        "2" : 0.100000,
        "4" : 0.100000,
        "8" : 0.100000,
        "16" : 0.100000,
        "32" : 99.996464,
        ">=64" : 0.000000
      },
      "iodepth_submit" : {
        "0" : 0.000000,
        "4" : 100.000000,
        "8" : 0.000000,
        "16" : 0.000000,
        "32" : 0.000000,
        "64" : 0.000000,
        ">=64" : 0.000000
      },
      "iodepth_complete" : {
        "0" : 0.000000,
        "4" : 99.999886,
        "8" : 0.000000,
        "16" : 0.000000,
        "32" : 0.100000,
        "64" : 0.000000,
        ">=64" : 0.000000
      },
      "latency_ns" : {
        "2" : 0.000000,
        "4" : 0.000000,
        "10" : 0.000000,
        "20" : 0.000000,
        "50" : 0.000000,
        "100" : 0.000000,
        "250" : 0.000000,
        "500" : 0.000000,
        "750" : 0.000000,
        "1000" : 0.000000
      },
      "latency_us" : {
        "2" : 0.000000,
        "4" : 0.000000,
        "10" : 0.000000,
        "20" : 0.000000,
        "50" : 0.010000,
        "100" : 29.424138,
        "250" : 47.262586,
        "500" : 21.228035,
        "750" : 2.016460,
        "1000" : 0.063991
      },
      "latency_ms" : {
        "2" : 0.010000,
        "4" : 0.000000,
        "10" : 0.000000,
        "20" : 0.000000,
        "50" : 0.000000,
        "100" : 0.000000,
        "250" : 0.000000,
        "500" : 0.000000,
        "750" : 0.000000,
        "1000" : 0.000000,
        "2000" : 0.000000,
        ">=2000" : 0.000000
      },
      "latency_depth" : 32,
      "latency_target" : 0,
      "latency_percentile" : 100.000000,
      "latency_window" : 0
    }
  ],
  "disk_util" : [
    {
      "name" : "nvme3n1",
      "read_ios" : 858959,
      "write_ios" : 0,
      "read_sectors" : 6871672,
      "write_sectors" : 0,
      "read_merges" : 0,
      "write_merges" : 0,
      "read_ticks" : 154958,
      "write_ticks" : 0,
      "in_queue" : 154958,
      "util" : 98.058835
    }
  ]
}
