{
  "fio version" : "fio-3.36",
  "timestamp" : 1781331010,
  "timestamp_ms" : 1781331010419,
  "time" : "Sat Jun 13 06:10:10 2026",
  "jobs" : [
    {
      "jobname" : "randomread_4k_4",
      "groupid" : 0,
      "job_start" : 1781331005399,
      "error" : 0,
      "eta" : 0,
      "elapsed" : 6,
      "job options" : {
        "name" : "randomread_4k_4",
        "filename" : "/dev/nvme3n1",
        "ioengine" : "io_uring",
        "direct" : "1",
        "rw" : "randread",
        "bs" : "4k",
        "iodepth" : "4",
        "size" : "3G",
        "runtime" : "5"
      },
      "read" : {
        "io_bytes" : 971067392,
        "io_kbytes" : 948308,
        "bw_bytes" : 194174643,
        "bw" : 189623,
        "iops" : 47405.918816,
        "runtime" : 5001,
        "total_ios" : 237077,
        "short_ios" : 0,
        "drop_ios" : 0,
        "slat_ns" : {
          "min" : 610,
          "max" : 53960,
          "mean" : 925.663928,
          "stddev" : 219.933934,
          "N" : 237077
        },
        "clat_ns" : {
          "min" : 53623,
          "max" : 755778,
          "mean" : 83235.743294,
          "stddev" : 25892.096661,
          "N" : 237077,
          "percentile" : {
            "1.000000" : 59136,
            "5.000000" : 59136,
            "10.000000" : 59648,
            "20.000000" : 59648,
            "30.000000" : 67072,
            "40.000000" : 71168,
            "50.000000" : 71168,
            "60.000000" : 73216,
            "70.000000" : 94720,
            "80.000000" : 105984,
            "90.000000" : 118272,
            "95.000000" : 126464,
            "99.000000" : 162816,
            "99.500000" : 179200,
            "99.900000" : 207872,
            "99.950000" : 220160,
            "99.990000" : 268288
          }
        },
        "lat_ns" : {
          "min" : 59183,
          "max" : 756661,
          "mean" : 84161.407222,
          "stddev" : 25890.944998,
          "N" : 237077
        },
        "bw_min" : 183576,
        "bw_max" : 190992,
        "bw_agg" : 100.000000,
        "bw_mean" : 189704.888889,
        "bw_dev" : 2329.337913,
        "bw_samples" : 9,
        "iops_min" : 45894,
        "iops_max" : 47748,
        "iops_mean" : 47426.222222,
        "iops_stddev" : 582.334478,
        "iops_samples" : 9
      },
      "write" : {
        "io_bytes" : 0,
        "io_kbytes" : 0,
        "bw_bytes" : 0,
        "bw" : 0,
        "iops" : 0.000000,
        "runtime" : 0,
        "total_ios" : 0,
        "short_ios" : 0,
        "drop_ios" : 0,
        "slat_ns" : {
          "min" : 0,
          "max" : 0,
          "mean" : 0.000000,
          "stddev" : 0.000000,
          "N" : 0
        },
        "clat_ns" : {
          "min" : 0,
          "max" : 0,
          "mean" : 0.000000,
          "stddev" : 0.000000,
          "N" : 0
        },
        "lat_ns" : {
          "min" : 0,
          "max" : 0,
          "mean" : 0.000000,
          "stddev" : 0.000000,
          "N" : 0
        },
        "bw_min" : 0,
        "bw_max" : 0,
        "bw_agg" : 0.000000,
        "bw_mean" : 0.000000,
        "bw_dev" : 0.000000,
        "bw_samples" : 0,
        "iops_min" : 0,
        "iops_max" : 0,
        "iops_mean" : 0.000000,
        "iops_stddev" : 0.000000,
        "iops_samples" : 0
      },
      "trim" : {
        "io_bytes" : 0,
        "io_kbytes" : 0,
        "bw_bytes" : 0,
        "bw" : 0,
        "iops" : 0.000000,
        "runtime" : 0,
        "total_ios" : 0,
        "short_ios" : 0,
        "drop_ios" : 0,
        "slat_ns" : {
          "min" : 0,
          "max" : 0,
          "mean" : 0.000000,
          "stddev" : 0.000000,
          "N" : 0
        },
        "clat_ns" : {
          "min" : 0,
          "max" : 0,
          "mean" : 0.000000,
          "stddev" : 0.000000,
          "N" : 0
        },
        "lat_ns" : {
          "min" : 0,
          "max" : 0,
          "mean" : 0.000000,
          "stddev" : 0.000000,
          "N" : 0
        },
        "bw_min" : 0,
        "bw_max" : 0,
        "bw_agg" : 0.000000,
        "bw_mean" : 0.000000,
        "bw_dev" : 0.000000,
        "bw_samples" : 0,
        "iops_min" : 0,
        "iops_max" : 0,
        "iops_mean" : 0.000000,
        "iops_stddev" : 0.000000,
        "iops_samples" : 0
      },
      "sync" : {
        "total_ios" : 0,
        "lat_ns" : {
          "min" : 0,
          "max" : 0,
          "mean" : 0.000000,
          "stddev" : 0.000000,
          "N" : 0
        }
      },
      "job_runtime" : 5000,
      "usr_cpu" : 2.220000,
      "sys_cpu" : 8.420000,
      "ctx" : 211911,
      "majf" : 0,
      "minf" : 14,
      "iodepth_level" : {
        "1" : 0.100000,
        "2" : 0.100000,
        "4" : 99.998735,
        "8" : 0.000000,
        "16" : 0.000000,
        "32" : 0.000000,
        ">=64" : 0.000000
      },
      "iodepth_submit" : {
        "0" : 0.000000,
        "4" : 100.000000,
        "8" : 0.000000,
        "16" : 0.000000,
        "32" : 0.000000,
        "64" : 0.000000,
        ">=64" : 0.000000
      },
      "iodepth_complete" : {
        "0" : 0.000000,
        "4" : 100.000000,
        "8" : 0.000000,
        "16" : 0.000000,
        "32" : 0.000000,
        "64" : 0.000000,
        ">=64" : 0.000000
      },
      "latency_ns" : {
        "2" : 0.000000,
        "4" : 0.000000,
        "10" : 0.000000,
        "20" : 0.000000,
        "50" : 0.000000,
        "100" : 0.000000,
        "250" : 0.000000,
        "500" : 0.000000,
        "750" : 0.000000,
        "1000" : 0.000000
      },
      "latency_us" : {
        "2" : 0.000000,
        "4" : 0.000000,
        "10" : 0.000000,
        "20" : 0.000000,
        "50" : 0.000000,
        "100" : 71.677978,
        "250" : 28.306837,
        "500" : 0.010000,
        "750" : 0.010000,
        "1000" : 0.010000
      },
      "latency_ms" : {
        "2" : 0.000000,
        "4" : 0.000000,
        "10" : 0.000000,
        "20" : 0.000000,
        "50" : 0.000000,
        "100" : 0.000000,
        "250" : 0.000000,
        "500" : 0.000000,
        "750" : 0.000000,
        "1000" : 0.000000,
        "2000" : 0.000000,
        ">=2000" : 0.000000
      },
      "latency_depth" : 4,
      "latency_target" : 0,
      "latency_percentile" : 100.000000,
      "latency_window" : 0
    }
  ],
  "disk_util" : [
    {
      "name" : "nvme3n1",
      "read_ios" : 232227,
      "write_ios" : 0,
      "read_sectors" : 1857816,
      "write_sectors" : 0,
      "read_merges" : 0,
      "write_merges" : 0,
      "read_ticks" : 19080,
      "write_ticks" : 0,
      "in_queue" : 19080,
      "util" : 98.119248
    }
  ]
}
