{
  "fio version" : "fio-3.36",
  "timestamp" : 1781331031,
  "timestamp_ms" : 1781331031468,
  "time" : "Sat Jun 13 06:10:31 2026",
  "jobs" : [
    {
      "jobname" : "randomread_4k_64",
      "groupid" : 0,
      "job_start" : 1781331026449,
      "error" : 0,
      "eta" : 0,
      "elapsed" : 6,
      "job options" : {
        "name" : "randomread_4k_64",
        "filename" : "/dev/nvme3n1",
        "ioengine" : "io_uring",
        "direct" : "1",
        "rw" : "randread",
        "bs" : "4k",
        "iodepth" : "64",
        "size" : "3G",
        "runtime" : "5"
      },
      "read" : {
        "io_bytes" : 3847786496,
        "io_kbytes" : 3757604,
        "bw_bytes" : 769403418,
        "bw" : 751370,
        "iops" : 187842.631474,
        "runtime" : 5001,
        "total_ios" : 939401,
        "short_ios" : 0,
        "drop_ios" : 0,
        "slat_ns" : {
          "min" : 604,
          "max" : 34733,
          "mean" : 946.849891,
          "stddev" : 230.092215,
          "N" : 939401
        },
        "clat_ns" : {
          "min" : 54900,
          "max" : 1722567,
          "mean" : 339595.684051,
          "stddev" : 265115.903642,
          "N" : 939401,
          "percentile" : {
            "1.000000" : 60160,
            "5.000000" : 64256,
            "10.000000" : 73216,
            "20.000000" : 107008,
            "30.000000" : 144384,
            "40.000000" : 195584,
            "50.000000" : 257024,
            "60.000000" : 333824,
            "70.000000" : 432128,
            "80.000000" : 561152,
            "90.000000" : 733184,
            "95.000000" : 880640,
            "99.000000" : 1122304,
            "99.500000" : 1204224,
            "99.900000" : 1384448,
            "99.950000" : 1449984,
            "99.990000" : 1564672
          }
        },
        "lat_ns" : {
          "min" : 59660,
          "max" : 1723343,
          "mean" : 340542.533941,
          "stddev" : 265114.616476,
          "N" : 939401
        },
        "bw_min" : 737976,
        "bw_max" : 759744,
        "bw_agg" : 99.939241,
        "bw_mean" : 750914.666667,
        "bw_dev" : 6492.789847,
        "bw_samples" : 9,
        "iops_min" : 184494,
        "iops_max" : 189936,
        "iops_mean" : 187728.666667,
        "iops_stddev" : 1623.197462,
        "iops_samples" : 9
      },
      "write" : {
        "io_bytes" : 0,
        "io_kbytes" : 0,
        "bw_bytes" : 0,
        "bw" : 0,
        "iops" : 0.000000,
        "runtime" : 0,
        "total_ios" : 0,
        "short_ios" : 0,
        "drop_ios" : 0,
        "slat_ns" : {
          "min" : 0,
          "max" : 0,
          "mean" : 0.000000,
          "stddev" : 0.000000,
          "N" : 0
        },
        "clat_ns" : {
          "min" : 0,
          "max" : 0,
          "mean" : 0.000000,
          "stddev" : 0.000000,
          "N" : 0
        },
        "lat_ns" : {
          "min" : 0,
          "max" : 0,
          "mean" : 0.000000,
          "stddev" : 0.000000,
          "N" : 0
        },
        "bw_min" : 0,
        "bw_max" : 0,
        "bw_agg" : 0.000000,
        "bw_mean" : 0.000000,
        "bw_dev" : 0.000000,
        "bw_samples" : 0,
        "iops_min" : 0,
        "iops_max" : 0,
        "iops_mean" : 0.000000,
        "iops_stddev" : 0.000000,
        "iops_samples" : 0
      },
      "trim" : {
        "io_bytes" : 0,
        "io_kbytes" : 0,
        "bw_bytes" : 0,
        "bw" : 0,
        "iops" : 0.000000,
        "runtime" : 0,
        "total_ios" : 0,
        "short_ios" : 0,
        "drop_ios" : 0,
        "slat_ns" : {
          "min" : 0,
          "max" : 0,
          "mean" : 0.000000,
          "stddev" : 0.000000,
          "N" : 0
        },
        "clat_ns" : {
          "min" : 0,
          "max" : 0,
          "mean" : 0.000000,
          "stddev" : 0.000000,
          "N" : 0
        },
        "lat_ns" : {
          "min" : 0,
          "max" : 0,
          "mean" : 0.000000,
          "stddev" : 0.000000,
          "N" : 0
        },
        "bw_min" : 0,
        "bw_max" : 0,
        "bw_agg" : 0.000000,
        "bw_mean" : 0.000000,
        "bw_dev" : 0.000000,
        "bw_samples" : 0,
        "iops_min" : 0,
        "iops_max" : 0,
        "iops_mean" : 0.000000,
        "iops_stddev" : 0.000000,
        "iops_samples" : 0
      },
      "sync" : {
        "total_ios" : 0,
        "lat_ns" : {
          "min" : 0,
          "max" : 0,
          "mean" : 0.000000,
          "stddev" : 0.000000,
          "N" : 0
        }
      },
      "job_runtime" : 5000,
      "usr_cpu" : 6.020000,
      "sys_cpu" : 27.660000,
      "ctx" : 607188,
      "majf" : 0,
      "minf" : 75,
      "iodepth_level" : {
        "1" : 0.100000,
        "2" : 0.100000,
        "4" : 0.100000,
        "8" : 0.100000,
        "16" : 0.100000,
        "32" : 0.100000,
        ">=64" : 99.993294
      },
      "iodepth_submit" : {
        "0" : 0.000000,
        "4" : 100.000000,
        "8" : 0.000000,
        "16" : 0.000000,
        "32" : 0.000000,
        "64" : 0.000000,
        ">=64" : 0.000000
      },
      "iodepth_complete" : {
        "0" : 0.000000,
        "4" : 99.999894,
        "8" : 0.000000,
        "16" : 0.000000,
        "32" : 0.000000,
        "64" : 0.100000,
        ">=64" : 0.000000
      },
      "latency_ns" : {
        "2" : 0.000000,
        "4" : 0.000000,
        "10" : 0.000000,
        "20" : 0.000000,
        "50" : 0.000000,
        "100" : 0.000000,
        "250" : 0.000000,
        "500" : 0.000000,
        "750" : 0.000000,
        "1000" : 0.000000
      },
      "latency_us" : {
        "2" : 0.000000,
        "4" : 0.000000,
        "10" : 0.000000,
        "20" : 0.000000,
        "50" : 0.000000,
        "100" : 17.640390,
        "250" : 31.355193,
        "500" : 26.810808,
        "750" : 14.750463,
        "1000" : 7.052366
      },
      "latency_ms" : {
        "2" : 2.390779,
        "4" : 0.000000,
        "10" : 0.000000,
        "20" : 0.000000,
        "50" : 0.000000,
        "100" : 0.000000,
        "250" : 0.000000,
        "500" : 0.000000,
        "750" : 0.000000,
        "1000" : 0.000000,
        "2000" : 0.000000,
        ">=2000" : 0.000000
      },
      "latency_depth" : 64,
      "latency_target" : 0,
      "latency_percentile" : 100.000000,
      "latency_window" : 0
    }
  ],
  "disk_util" : [
    {
      "name" : "nvme3n1",
      "read_ios" : 920217,
      "write_ios" : 0,
      "read_sectors" : 7361744,
      "write_sectors" : 0,
      "read_merges" : 0,
      "write_merges" : 0,
      "read_ticks" : 311325,
      "write_ticks" : 0,
      "in_queue" : 311325,
      "util" : 98.138883
    }
  ]
}
