{
  "fio version" : "fio-3.36",
  "timestamp" : 1781331015,
  "timestamp_ms" : 1781331015682,
  "time" : "Sat Jun 13 06:10:15 2026",
  "jobs" : [
    {
      "jobname" : "randomread_4k_8",
      "groupid" : 0,
      "job_start" : 1781331010663,
      "error" : 0,
      "eta" : 0,
      "elapsed" : 6,
      "job options" : {
        "name" : "randomread_4k_8",
        "filename" : "/dev/nvme3n1",
        "ioengine" : "io_uring",
        "direct" : "1",
        "rw" : "randread",
        "bs" : "4k",
        "iodepth" : "8",
        "size" : "3G",
        "runtime" : "5"
      },
      "read" : {
        "io_bytes" : 1771012096,
        "io_kbytes" : 1729504,
        "bw_bytes" : 354131592,
        "bw" : 345831,
        "iops" : 86457.908418,
        "runtime" : 5001,
        "total_ios" : 432376,
        "short_ios" : 0,
        "drop_ios" : 0,
        "slat_ns" : {
          "min" : 610,
          "max" : 29525,
          "mean" : 916.127697,
          "stddev" : 183.127605,
          "N" : 432376
        },
        "clat_ns" : {
          "min" : 55216,
          "max" : 853543,
          "mean" : 91436.421899,
          "stddev" : 33926.129228,
          "N" : 432376,
          "percentile" : {
            "1.000000" : 59136,
            "5.000000" : 59136,
            "10.000000" : 59648,
            "20.000000" : 60160,
            "30.000000" : 71168,
            "40.000000" : 71168,
            "50.000000" : 75264,
            "60.000000" : 93696,
            "70.000000" : 105984,
            "80.000000" : 118272,
            "90.000000" : 134144,
            "95.000000" : 156672,
            "99.000000" : 203776,
            "99.500000" : 222208,
            "99.900000" : 268288,
            "99.950000" : 288768,
            "99.990000" : 342016
          }
        },
        "lat_ns" : {
          "min" : 59055,
          "max" : 854857,
          "mean" : 92352.549596,
          "stddev" : 33923.296216,
          "N" : 432376
        },
        "bw_min" : 339016,
        "bw_max" : 348768,
        "bw_agg" : 100.000000,
        "bw_mean" : 346072.888889,
        "bw_dev" : 2805.675518,
        "bw_samples" : 9,
        "iops_min" : 84754,
        "iops_max" : 87190,
        "iops_mean" : 86518.000000,
        "iops_stddev" : 701.179007,
        "iops_samples" : 9
      },
      "write" : {
        "io_bytes" : 0,
        "io_kbytes" : 0,
        "bw_bytes" : 0,
        "bw" : 0,
        "iops" : 0.000000,
        "runtime" : 0,
        "total_ios" : 0,
        "short_ios" : 0,
        "drop_ios" : 0,
        "slat_ns" : {
          "min" : 0,
          "max" : 0,
          "mean" : 0.000000,
          "stddev" : 0.000000,
          "N" : 0
        },
        "clat_ns" : {
          "min" : 0,
          "max" : 0,
          "mean" : 0.000000,
          "stddev" : 0.000000,
          "N" : 0
        },
        "lat_ns" : {
          "min" : 0,
          "max" : 0,
          "mean" : 0.000000,
          "stddev" : 0.000000,
          "N" : 0
        },
        "bw_min" : 0,
        "bw_max" : 0,
        "bw_agg" : 0.000000,
        "bw_mean" : 0.000000,
        "bw_dev" : 0.000000,
        "bw_samples" : 0,
        "iops_min" : 0,
        "iops_max" : 0,
        "iops_mean" : 0.000000,
        "iops_stddev" : 0.000000,
        "iops_samples" : 0
      },
      "trim" : {
        "io_bytes" : 0,
        "io_kbytes" : 0,
        "bw_bytes" : 0,
        "bw" : 0,
        "iops" : 0.000000,
        "runtime" : 0,
        "total_ios" : 0,
        "short_ios" : 0,
        "drop_ios" : 0,
        "slat_ns" : {
          "min" : 0,
          "max" : 0,
          "mean" : 0.000000,
          "stddev" : 0.000000,
          "N" : 0
        },
        "clat_ns" : {
          "min" : 0,
          "max" : 0,
          "mean" : 0.000000,
          "stddev" : 0.000000,
          "N" : 0
        },
        "lat_ns" : {
          "min" : 0,
          "max" : 0,
          "mean" : 0.000000,
          "stddev" : 0.000000,
          "N" : 0
        },
        "bw_min" : 0,
        "bw_max" : 0,
        "bw_agg" : 0.000000,
        "bw_mean" : 0.000000,
        "bw_dev" : 0.000000,
        "bw_samples" : 0,
        "iops_min" : 0,
        "iops_max" : 0,
        "iops_mean" : 0.000000,
        "iops_stddev" : 0.000000,
        "iops_samples" : 0
      },
      "sync" : {
        "total_ios" : 0,
        "lat_ns" : {
          "min" : 0,
          "max" : 0,
          "mean" : 0.000000,
          "stddev" : 0.000000,
          "N" : 0
        }
      },
      "job_runtime" : 5000,
      "usr_cpu" : 3.660000,
      "sys_cpu" : 13.980000,
      "ctx" : 351776,
      "majf" : 0,
      "minf" : 17,
      "iodepth_level" : {
        "1" : 0.100000,
        "2" : 0.100000,
        "4" : 0.100000,
        "8" : 99.998381,
        "16" : 0.000000,
        "32" : 0.000000,
        ">=64" : 0.000000
      },
      "iodepth_submit" : {
        "0" : 0.000000,
        "4" : 100.000000,
        "8" : 0.000000,
        "16" : 0.000000,
        "32" : 0.000000,
        "64" : 0.000000,
        ">=64" : 0.000000
      },
      "iodepth_complete" : {
        "0" : 0.000000,
        "4" : 99.999769,
        "8" : 0.100000,
        "16" : 0.000000,
        "32" : 0.000000,
        "64" : 0.000000,
        ">=64" : 0.000000
      },
      "latency_ns" : {
        "2" : 0.000000,
        "4" : 0.000000,
        "10" : 0.000000,
        "20" : 0.000000,
        "50" : 0.000000,
        "100" : 0.000000,
        "250" : 0.000000,
        "500" : 0.000000,
        "750" : 0.000000,
        "1000" : 0.000000
      },
      "latency_us" : {
        "2" : 0.000000,
        "4" : 0.000000,
        "10" : 0.000000,
        "20" : 0.000000,
        "50" : 0.000000,
        "100" : 63.955215,
        "250" : 35.847041,
        "500" : 0.193582,
        "750" : 0.010000,
        "1000" : 0.010000
      },
      "latency_ms" : {
        "2" : 0.000000,
        "4" : 0.000000,
        "10" : 0.000000,
        "20" : 0.000000,
        "50" : 0.000000,
        "100" : 0.000000,
        "250" : 0.000000,
        "500" : 0.000000,
        "750" : 0.000000,
        "1000" : 0.000000,
        "2000" : 0.000000,
        ">=2000" : 0.000000
      },
      "latency_depth" : 8,
      "latency_target" : 0,
      "latency_percentile" : 100.000000,
      "latency_window" : 0
    }
  ],
  "disk_util" : [
    {
      "name" : "nvme3n1",
      "read_ios" : 423597,
      "write_ios" : 0,
      "read_sectors" : 3388784,
      "write_sectors" : 0,
      "read_merges" : 0,
      "write_merges" : 0,
      "read_ticks" : 38316,
      "write_ticks" : 0,
      "in_queue" : 38316,
      "util" : 98.119248
    }
  ]
}
