{
  "fio version" : "fio-3.42-31-g6a66",
  "timestamp" : 1781281885,
  "timestamp_ms" : 1781281885171,
  "time" : "Fri Jun 12 16:31:25 2026",
  "jobs" : [
    {
      "jobname" : "randomread_64k_16",
      "groupid" : 0,
      "job_start" : 1781281880023,
      "error" : 0,
      "eta" : 0,
      "elapsed" : 6,
      "job options" : {
        "name" : "randomread_64k_16",
        "filename" : "/dev/nvme2n1",
        "ioengine" : "io_uring",
        "direct" : "1",
        "group_reporting" : "",
        "rw" : "randread",
        "bs" : "64k",
        "iodepth" : "16",
        "size" : "3G",
        "time_based" : "",
        "runtime" : "5"
      },
      "read" : {
        "io_bytes" : 5513019392,
        "io_kbytes" : 5383808,
        "bw_bytes" : 1102163013,
        "bw" : 1076331,
        "iops" : 16817.672931,
        "runtime" : 5002,
        "total_ios" : 84122,
        "short_ios" : 0,
        "drop_ios" : 0,
        "slat_ns" : {
          "min" : 1230,
          "max" : 30424,
          "mean" : 1526.622037,
          "stddev" : 597.742133,
          "N" : 84122
        },
        "clat_ns" : {
          "min" : 99698,
          "max" : 3065227,
          "mean" : 949460.005314,
          "stddev" : 343910.536444,
          "N" : 84122,
          "percentile" : {
            "1.000000" : 276480,
            "5.000000" : 444416,
            "10.000000" : 544768,
            "20.000000" : 667648,
            "30.000000" : 765952,
            "40.000000" : 839680,
            "50.000000" : 921600,
            "60.000000" : 1003520,
            "70.000000" : 1089536,
            "80.000000" : 1204224,
            "90.000000" : 1368064,
            "95.000000" : 1548288,
            "99.000000" : 2007040,
            "99.500000" : 2179072,
            "99.900000" : 2539520,
            "99.950000" : 2637824,
            "99.990000" : 2965504
          }
        },
        "lat_ns" : {
          "min" : 101150,
          "max" : 3066634,
          "mean" : 950986.627351,
          "stddev" : 343902.727621,
          "N" : 84122
        },
        "bw_min" : 796160,
        "bw_max" : 1177344,
        "bw_agg" : 100.000000,
        "bw_mean" : 1076565.333333,
        "bw_dev" : 111987.199268,
        "bw_samples" : 9,
        "iops_min" : 12440,
        "iops_max" : 18396,
        "iops_mean" : 16821.333333,
        "iops_stddev" : 1749.755411,
        "iops_samples" : 9
      },
      "write" : {
        "io_bytes" : 0,
        "io_kbytes" : 0,
        "bw_bytes" : 0,
        "bw" : 0,
        "iops" : 0.000000,
        "runtime" : 0,
        "total_ios" : 0,
        "short_ios" : 0,
        "drop_ios" : 0,
        "slat_ns" : {
          "min" : 0,
          "max" : 0,
          "mean" : 0.000000,
          "stddev" : 0.000000,
          "N" : 0
        },
        "clat_ns" : {
          "min" : 0,
          "max" : 0,
          "mean" : 0.000000,
          "stddev" : 0.000000,
          "N" : 0
        },
        "lat_ns" : {
          "min" : 0,
          "max" : 0,
          "mean" : 0.000000,
          "stddev" : 0.000000,
          "N" : 0
        },
        "bw_min" : 0,
        "bw_max" : 0,
        "bw_agg" : 0.000000,
        "bw_mean" : 0.000000,
        "bw_dev" : 0.000000,
        "bw_samples" : 0,
        "iops_min" : 0,
        "iops_max" : 0,
        "iops_mean" : 0.000000,
        "iops_stddev" : 0.000000,
        "iops_samples" : 0
      },
      "trim" : {
        "io_bytes" : 0,
        "io_kbytes" : 0,
        "bw_bytes" : 0,
        "bw" : 0,
        "iops" : 0.000000,
        "runtime" : 0,
        "total_ios" : 0,
        "short_ios" : 0,
        "drop_ios" : 0,
        "slat_ns" : {
          "min" : 0,
          "max" : 0,
          "mean" : 0.000000,
          "stddev" : 0.000000,
          "N" : 0
        },
        "clat_ns" : {
          "min" : 0,
          "max" : 0,
          "mean" : 0.000000,
          "stddev" : 0.000000,
          "N" : 0
        },
        "lat_ns" : {
          "min" : 0,
          "max" : 0,
          "mean" : 0.000000,
          "stddev" : 0.000000,
          "N" : 0
        },
        "bw_min" : 0,
        "bw_max" : 0,
        "bw_agg" : 0.000000,
        "bw_mean" : 0.000000,
        "bw_dev" : 0.000000,
        "bw_samples" : 0,
        "iops_min" : 0,
        "iops_max" : 0,
        "iops_mean" : 0.000000,
        "iops_stddev" : 0.000000,
        "iops_samples" : 0
      },
      "sync" : {
        "total_ios" : 0,
        "lat_ns" : {
          "min" : 0,
          "max" : 0,
          "mean" : 0.000000,
          "stddev" : 0.000000,
          "N" : 0
        }
      },
      "job_runtime" : 5001,
      "usr_cpu" : 0.879824,
      "sys_cpu" : 5.218956,
      "ctx" : 77306,
      "majf" : 0,
      "minf" : 263,
      "iodepth_level" : {
        "1" : 0.100000,
        "2" : 0.100000,
        "4" : 0.100000,
        "8" : 0.100000,
        "16" : 99.982169,
        "32" : 0.000000,
        ">=64" : 0.000000
      },
      "iodepth_submit" : {
        "0" : 0.000000,
        "4" : 100.000000,
        "8" : 0.000000,
        "16" : 0.000000,
        "32" : 0.000000,
        "64" : 0.000000,
        ">=64" : 0.000000
      },
      "iodepth_complete" : {
        "0" : 0.000000,
        "4" : 99.998811,
        "8" : 0.000000,
        "16" : 0.100000,
        "32" : 0.000000,
        "64" : 0.000000,
        ">=64" : 0.000000
      },
      "latency_ns" : {
        "2" : 0.000000,
        "4" : 0.000000,
        "10" : 0.000000,
        "20" : 0.000000,
        "50" : 0.000000,
        "100" : 0.000000,
        "250" : 0.000000,
        "500" : 0.000000,
        "750" : 0.000000,
        "1000" : 0.000000
      },
      "latency_us" : {
        "2" : 0.000000,
        "4" : 0.000000,
        "10" : 0.000000,
        "20" : 0.000000,
        "50" : 0.000000,
        "100" : 0.010000,
        "250" : 0.721571,
        "500" : 6.731889,
        "750" : 20.952902,
        "1000" : 31.354461
      },
      "latency_ms" : {
        "2" : 39.199020,
        "4" : 1.037778,
        "10" : 0.000000,
        "20" : 0.000000,
        "50" : 0.000000,
        "100" : 0.000000,
        "250" : 0.000000,
        "500" : 0.000000,
        "750" : 0.000000,
        "1000" : 0.000000,
        "2000" : 0.000000,
        ">=2000" : 0.000000
      },
      "latency_depth" : 16,
      "latency_target" : 0,
      "latency_target_ns" : 0,
      "latency_percentile" : 100.000000,
      "latency_window" : 0,
      "latency_window_us" : 0
    }
  ],
  "disk_util" : [
    {
      "name" : "nvme2n1",
      "read_ios" : 82348,
      "write_ios" : 0,
      "read_sectors" : 10540544,
      "write_sectors" : 0,
      "read_merges" : 0,
      "write_merges" : 0,
      "read_ticks" : 78129,
      "write_ticks" : 0,
      "in_queue" : 78129,
      "util" : 98.158527
    }
  ]
}
