{
  "fio version" : "fio-3.42-31-g6a66",
  "timestamp" : 1781281890,
  "timestamp_ms" : 1781281890557,
  "time" : "Fri Jun 12 16:31:30 2026",
  "jobs" : [
    {
      "jobname" : "randomread_64k_32",
      "groupid" : 0,
      "job_start" : 1781281885409,
      "error" : 0,
      "eta" : 0,
      "elapsed" : 6,
      "job options" : {
        "name" : "randomread_64k_32",
        "filename" : "/dev/nvme2n1",
        "ioengine" : "io_uring",
        "direct" : "1",
        "group_reporting" : "",
        "rw" : "randread",
        "bs" : "64k",
        "iodepth" : "32",
        "size" : "3G",
        "time_based" : "",
        "runtime" : "5"
      },
      "read" : {
        "io_bytes" : 6421807104,
        "io_kbytes" : 6271296,
        "bw_bytes" : 1283591266,
        "bw" : 1253507,
        "iops" : 19586.048371,
        "runtime" : 5003,
        "total_ios" : 97989,
        "short_ios" : 0,
        "drop_ios" : 0,
        "slat_ns" : {
          "min" : 1251,
          "max" : 28071,
          "mean" : 1544.649073,
          "stddev" : 572.158153,
          "N" : 97989
        },
        "clat_ns" : {
          "min" : 167308,
          "max" : 5196659,
          "mean" : 1631807.491433,
          "stddev" : 499072.891272,
          "N" : 97989,
          "percentile" : {
            "1.000000" : 716800,
            "5.000000" : 954368,
            "10.000000" : 1089536,
            "20.000000" : 1253376,
            "30.000000" : 1384448,
            "40.000000" : 1482752,
            "50.000000" : 1581056,
            "60.000000" : 1679360,
            "70.000000" : 1794048,
            "80.000000" : 1941504,
            "90.000000" : 2146304,
            "95.000000" : 2375680,
            "99.000000" : 3653632,
            "99.500000" : 3981312,
            "99.900000" : 4423680,
            "99.950000" : 4554752,
            "99.990000" : 5013504
          }
        },
        "lat_ns" : {
          "min" : 168750,
          "max" : 5198141,
          "mean" : 1633352.140506,
          "stddev" : 499069.931597,
          "N" : 97989
        },
        "bw_min" : 916864,
        "bw_max" : 1423488,
        "bw_agg" : 100.000000,
        "bw_mean" : 1254259.200000,
        "bw_dev" : 130750.027461,
        "bw_samples" : 10,
        "iops_min" : 14326,
        "iops_max" : 22242,
        "iops_mean" : 19597.800000,
        "iops_stddev" : 2042.969179,
        "iops_samples" : 10
      },
      "write" : {
        "io_bytes" : 0,
        "io_kbytes" : 0,
        "bw_bytes" : 0,
        "bw" : 0,
        "iops" : 0.000000,
        "runtime" : 0,
        "total_ios" : 0,
        "short_ios" : 0,
        "drop_ios" : 0,
        "slat_ns" : {
          "min" : 0,
          "max" : 0,
          "mean" : 0.000000,
          "stddev" : 0.000000,
          "N" : 0
        },
        "clat_ns" : {
          "min" : 0,
          "max" : 0,
          "mean" : 0.000000,
          "stddev" : 0.000000,
          "N" : 0
        },
        "lat_ns" : {
          "min" : 0,
          "max" : 0,
          "mean" : 0.000000,
          "stddev" : 0.000000,
          "N" : 0
        },
        "bw_min" : 0,
        "bw_max" : 0,
        "bw_agg" : 0.000000,
        "bw_mean" : 0.000000,
        "bw_dev" : 0.000000,
        "bw_samples" : 0,
        "iops_min" : 0,
        "iops_max" : 0,
        "iops_mean" : 0.000000,
        "iops_stddev" : 0.000000,
        "iops_samples" : 0
      },
      "trim" : {
        "io_bytes" : 0,
        "io_kbytes" : 0,
        "bw_bytes" : 0,
        "bw" : 0,
        "iops" : 0.000000,
        "runtime" : 0,
        "total_ios" : 0,
        "short_ios" : 0,
        "drop_ios" : 0,
        "slat_ns" : {
          "min" : 0,
          "max" : 0,
          "mean" : 0.000000,
          "stddev" : 0.000000,
          "N" : 0
        },
        "clat_ns" : {
          "min" : 0,
          "max" : 0,
          "mean" : 0.000000,
          "stddev" : 0.000000,
          "N" : 0
        },
        "lat_ns" : {
          "min" : 0,
          "max" : 0,
          "mean" : 0.000000,
          "stddev" : 0.000000,
          "N" : 0
        },
        "bw_min" : 0,
        "bw_max" : 0,
        "bw_agg" : 0.000000,
        "bw_mean" : 0.000000,
        "bw_dev" : 0.000000,
        "bw_samples" : 0,
        "iops_min" : 0,
        "iops_max" : 0,
        "iops_mean" : 0.000000,
        "iops_stddev" : 0.000000,
        "iops_samples" : 0
      },
      "sync" : {
        "total_ios" : 0,
        "lat_ns" : {
          "min" : 0,
          "max" : 0,
          "mean" : 0.000000,
          "stddev" : 0.000000,
          "N" : 0
        }
      },
      "job_runtime" : 5002,
      "usr_cpu" : 0.979608,
      "sys_cpu" : 5.717713,
      "ctx" : 90110,
      "majf" : 0,
      "minf" : 519,
      "iodepth_level" : {
        "1" : 0.100000,
        "2" : 0.100000,
        "4" : 0.100000,
        "8" : 0.100000,
        "16" : 0.100000,
        "32" : 99.968364,
        ">=64" : 0.000000
      },
      "iodepth_submit" : {
        "0" : 0.000000,
        "4" : 100.000000,
        "8" : 0.000000,
        "16" : 0.000000,
        "32" : 0.000000,
        "64" : 0.000000,
        ">=64" : 0.000000
      },
      "iodepth_complete" : {
        "0" : 0.000000,
        "4" : 99.998979,
        "8" : 0.000000,
        "16" : 0.000000,
        "32" : 0.100000,
        "64" : 0.000000,
        ">=64" : 0.000000
      },
      "latency_ns" : {
        "2" : 0.000000,
        "4" : 0.000000,
        "10" : 0.000000,
        "20" : 0.000000,
        "50" : 0.000000,
        "100" : 0.000000,
        "250" : 0.000000,
        "500" : 0.000000,
        "750" : 0.000000,
        "1000" : 0.000000
      },
      "latency_us" : {
        "2" : 0.000000,
        "4" : 0.000000,
        "10" : 0.000000,
        "20" : 0.000000,
        "50" : 0.000000,
        "100" : 0.000000,
        "250" : 0.010000,
        "500" : 0.122463,
        "750" : 1.155232,
        "1000" : 5.056690
      },
      "latency_ms" : {
        "2" : 76.674933,
        "4" : 16.528386,
        "10" : 0.460256,
        "20" : 0.000000,
        "50" : 0.000000,
        "100" : 0.000000,
        "250" : 0.000000,
        "500" : 0.000000,
        "750" : 0.000000,
        "1000" : 0.000000,
        "2000" : 0.000000,
        ">=2000" : 0.000000
      },
      "latency_depth" : 32,
      "latency_target" : 0,
      "latency_target_ns" : 0,
      "latency_percentile" : 100.000000,
      "latency_window" : 0,
      "latency_window_us" : 0
    }
  ],
  "disk_util" : [
    {
      "name" : "nvme2n1",
      "read_ios" : 95993,
      "write_ios" : 0,
      "read_sectors" : 12287104,
      "write_sectors" : 0,
      "read_merges" : 0,
      "write_merges" : 0,
      "read_ticks" : 156446,
      "write_ticks" : 0,
      "in_queue" : 156447,
      "util" : 98.158527
    }
  ]
}
