{
  "fio version" : "fio-3.36",
  "timestamp" : 1781331205,
  "timestamp_ms" : 1781331205183,
  "time" : "Sat Jun 13 06:13:25 2026",
  "jobs" : [
    {
      "jobname" : "randomread_64k_8",
      "groupid" : 0,
      "job_start" : 1781331200163,
      "error" : 0,
      "eta" : 0,
      "elapsed" : 6,
      "job options" : {
        "name" : "randomread_64k_8",
        "filename" : "/dev/nvme3n1",
        "ioengine" : "io_uring",
        "direct" : "1",
        "rw" : "randread",
        "bs" : "64k",
        "iodepth" : "8",
        "size" : "3G",
        "runtime" : "5"
      },
      "read" : {
        "io_bytes" : 4141678592,
        "io_kbytes" : 4044608,
        "bw_bytes" : 828170084,
        "bw" : 808759,
        "iops" : 12636.872625,
        "runtime" : 5001,
        "total_ios" : 63197,
        "short_ios" : 0,
        "drop_ios" : 0,
        "slat_ns" : {
          "min" : 1446,
          "max" : 30423,
          "mean" : 1937.479374,
          "stddev" : 385.691735,
          "N" : 63197
        },
        "clat_ns" : {
          "min" : 98992,
          "max" : 1907787,
          "mean" : 630870.750241,
          "stddev" : 279502.940085,
          "N" : 63197,
          "percentile" : {
            "1.000000" : 110080,
            "5.000000" : 191488,
            "10.000000" : 268288,
            "20.000000" : 374784,
            "30.000000" : 460800,
            "40.000000" : 544768,
            "50.000000" : 626688,
            "60.000000" : 708608,
            "70.000000" : 782336,
            "80.000000" : 864256,
            "90.000000" : 995328,
            "95.000000" : 1105920,
            "99.000000" : 1335296,
            "99.500000" : 1400832,
            "99.900000" : 1548288,
            "99.950000" : 1613824,
            "99.990000" : 1712128
          }
        },
        "lat_ns" : {
          "min" : 100765,
          "max" : 1909593,
          "mean" : 632808.229615,
          "stddev" : 279506.675337,
          "N" : 63197
        },
        "bw_min" : 580224,
        "bw_max" : 886272,
        "bw_agg" : 100.000000,
        "bw_mean" : 810823.111111,
        "bw_dev" : 91204.022056,
        "bw_samples" : 9,
        "iops_min" : 9066,
        "iops_max" : 13848,
        "iops_mean" : 12669.111111,
        "iops_stddev" : 1425.062845,
        "iops_samples" : 9
      },
      "write" : {
        "io_bytes" : 0,
        "io_kbytes" : 0,
        "bw_bytes" : 0,
        "bw" : 0,
        "iops" : 0.000000,
        "runtime" : 0,
        "total_ios" : 0,
        "short_ios" : 0,
        "drop_ios" : 0,
        "slat_ns" : {
          "min" : 0,
          "max" : 0,
          "mean" : 0.000000,
          "stddev" : 0.000000,
          "N" : 0
        },
        "clat_ns" : {
          "min" : 0,
          "max" : 0,
          "mean" : 0.000000,
          "stddev" : 0.000000,
          "N" : 0
        },
        "lat_ns" : {
          "min" : 0,
          "max" : 0,
          "mean" : 0.000000,
          "stddev" : 0.000000,
          "N" : 0
        },
        "bw_min" : 0,
        "bw_max" : 0,
        "bw_agg" : 0.000000,
        "bw_mean" : 0.000000,
        "bw_dev" : 0.000000,
        "bw_samples" : 0,
        "iops_min" : 0,
        "iops_max" : 0,
        "iops_mean" : 0.000000,
        "iops_stddev" : 0.000000,
        "iops_samples" : 0
      },
      "trim" : {
        "io_bytes" : 0,
        "io_kbytes" : 0,
        "bw_bytes" : 0,
        "bw" : 0,
        "iops" : 0.000000,
        "runtime" : 0,
        "total_ios" : 0,
        "short_ios" : 0,
        "drop_ios" : 0,
        "slat_ns" : {
          "min" : 0,
          "max" : 0,
          "mean" : 0.000000,
          "stddev" : 0.000000,
          "N" : 0
        },
        "clat_ns" : {
          "min" : 0,
          "max" : 0,
          "mean" : 0.000000,
          "stddev" : 0.000000,
          "N" : 0
        },
        "lat_ns" : {
          "min" : 0,
          "max" : 0,
          "mean" : 0.000000,
          "stddev" : 0.000000,
          "N" : 0
        },
        "bw_min" : 0,
        "bw_max" : 0,
        "bw_agg" : 0.000000,
        "bw_mean" : 0.000000,
        "bw_dev" : 0.000000,
        "bw_samples" : 0,
        "iops_min" : 0,
        "iops_max" : 0,
        "iops_mean" : 0.000000,
        "iops_stddev" : 0.000000,
        "iops_samples" : 0
      },
      "sync" : {
        "total_ios" : 0,
        "lat_ns" : {
          "min" : 0,
          "max" : 0,
          "mean" : 0.000000,
          "stddev" : 0.000000,
          "N" : 0
        }
      },
      "job_runtime" : 5000,
      "usr_cpu" : 0.760000,
      "sys_cpu" : 3.500000,
      "ctx" : 61256,
      "majf" : 0,
      "minf" : 137,
      "iodepth_level" : {
        "1" : 0.100000,
        "2" : 0.100000,
        "4" : 0.100000,
        "8" : 99.988924,
        "16" : 0.000000,
        "32" : 0.000000,
        ">=64" : 0.000000
      },
      "iodepth_submit" : {
        "0" : 0.000000,
        "4" : 100.000000,
        "8" : 0.000000,
        "16" : 0.000000,
        "32" : 0.000000,
        "64" : 0.000000,
        ">=64" : 0.000000
      },
      "iodepth_complete" : {
        "0" : 0.000000,
        "4" : 99.998417,
        "8" : 0.100000,
        "16" : 0.000000,
        "32" : 0.000000,
        "64" : 0.000000,
        ">=64" : 0.000000
      },
      "latency_ns" : {
        "2" : 0.000000,
        "4" : 0.000000,
        "10" : 0.000000,
        "20" : 0.000000,
        "50" : 0.000000,
        "100" : 0.000000,
        "250" : 0.000000,
        "500" : 0.000000,
        "750" : 0.000000,
        "1000" : 0.000000
      },
      "latency_us" : {
        "2" : 0.000000,
        "4" : 0.000000,
        "10" : 0.000000,
        "20" : 0.000000,
        "50" : 0.000000,
        "100" : 0.183553,
        "250" : 8.413374,
        "500" : 26.585123,
        "750" : 31.104325,
        "1000" : 24.154628
      },
      "latency_ms" : {
        "2" : 9.558998,
        "4" : 0.000000,
        "10" : 0.000000,
        "20" : 0.000000,
        "50" : 0.000000,
        "100" : 0.000000,
        "250" : 0.000000,
        "500" : 0.000000,
        "750" : 0.000000,
        "1000" : 0.000000,
        "2000" : 0.000000,
        ">=2000" : 0.000000
      },
      "latency_depth" : 8,
      "latency_target" : 0,
      "latency_percentile" : 100.000000,
      "latency_window" : 0
    }
  ],
  "disk_util" : [
    {
      "name" : "nvme3n1",
      "read_ios" : 61908,
      "write_ios" : 0,
      "read_sectors" : 7924224,
      "write_sectors" : 0,
      "read_merges" : 0,
      "write_merges" : 0,
      "read_ticks" : 39018,
      "write_ticks" : 0,
      "in_queue" : 39018,
      "util" : 98.058835
    }
  ]
}
