{
  "fio version" : "fio-3.36",
  "timestamp" : 1781331189,
  "timestamp_ms" : 1781331189390,
  "time" : "Sat Jun 13 06:13:09 2026",
  "jobs" : [
    {
      "jobname" : "randomread_64k_1",
      "groupid" : 0,
      "job_start" : 1781331184370,
      "error" : 0,
      "eta" : 0,
      "elapsed" : 6,
      "job options" : {
        "name" : "randomread_64k_1",
        "filename" : "/dev/nvme3n1",
        "ioengine" : "io_uring",
        "direct" : "1",
        "rw" : "randread",
        "bs" : "64k",
        "iodepth" : "1",
        "size" : "3G",
        "runtime" : "5"
      },
      "read" : {
        "io_bytes" : 895483904,
        "io_kbytes" : 874496,
        "bw_bytes" : 179060968,
        "bw" : 174864,
        "iops" : 2732.253549,
        "runtime" : 5001,
        "total_ios" : 13664,
        "short_ios" : 0,
        "drop_ios" : 0,
        "slat_ns" : {
          "min" : 1673,
          "max" : 27024,
          "mean" : 2517.864388,
          "stddev" : 1620.844114,
          "N" : 13664
        },
        "clat_ns" : {
          "min" : 98124,
          "max" : 869391,
          "mean" : 363109.745243,
          "stddev" : 273488.555016,
          "N" : 13664,
          "percentile" : {
            "1.000000" : 98816,
            "5.000000" : 98816,
            "10.000000" : 98816,
            "20.000000" : 102912,
            "30.000000" : 107008,
            "40.000000" : 111104,
            "50.000000" : 259072,
            "60.000000" : 415744,
            "70.000000" : 602112,
            "80.000000" : 733184,
            "90.000000" : 749568,
            "95.000000" : 798720,
            "99.000000" : 847872,
            "99.500000" : 847872,
            "99.900000" : 856064,
            "99.950000" : 856064,
            "99.990000" : 864256
          }
        },
        "lat_ns" : {
          "min" : 100609,
          "max" : 875230,
          "mean" : 365627.609631,
          "stddev" : 273718.029546,
          "N" : 13664
        },
        "bw_min" : 86016,
        "bw_max" : 221824,
        "bw_agg" : 97.038144,
        "bw_mean" : 169685.333333,
        "bw_dev" : 62838.092905,
        "bw_samples" : 9,
        "iops_min" : 1344,
        "iops_max" : 3466,
        "iops_mean" : 2651.333333,
        "iops_stddev" : 981.845202,
        "iops_samples" : 9
      },
      "write" : {
        "io_bytes" : 0,
        "io_kbytes" : 0,
        "bw_bytes" : 0,
        "bw" : 0,
        "iops" : 0.000000,
        "runtime" : 0,
        "total_ios" : 0,
        "short_ios" : 0,
        "drop_ios" : 0,
        "slat_ns" : {
          "min" : 0,
          "max" : 0,
          "mean" : 0.000000,
          "stddev" : 0.000000,
          "N" : 0
        },
        "clat_ns" : {
          "min" : 0,
          "max" : 0,
          "mean" : 0.000000,
          "stddev" : 0.000000,
          "N" : 0
        },
        "lat_ns" : {
          "min" : 0,
          "max" : 0,
          "mean" : 0.000000,
          "stddev" : 0.000000,
          "N" : 0
        },
        "bw_min" : 0,
        "bw_max" : 0,
        "bw_agg" : 0.000000,
        "bw_mean" : 0.000000,
        "bw_dev" : 0.000000,
        "bw_samples" : 0,
        "iops_min" : 0,
        "iops_max" : 0,
        "iops_mean" : 0.000000,
        "iops_stddev" : 0.000000,
        "iops_samples" : 0
      },
      "trim" : {
        "io_bytes" : 0,
        "io_kbytes" : 0,
        "bw_bytes" : 0,
        "bw" : 0,
        "iops" : 0.000000,
        "runtime" : 0,
        "total_ios" : 0,
        "short_ios" : 0,
        "drop_ios" : 0,
        "slat_ns" : {
          "min" : 0,
          "max" : 0,
          "mean" : 0.000000,
          "stddev" : 0.000000,
          "N" : 0
        },
        "clat_ns" : {
          "min" : 0,
          "max" : 0,
          "mean" : 0.000000,
          "stddev" : 0.000000,
          "N" : 0
        },
        "lat_ns" : {
          "min" : 0,
          "max" : 0,
          "mean" : 0.000000,
          "stddev" : 0.000000,
          "N" : 0
        },
        "bw_min" : 0,
        "bw_max" : 0,
        "bw_agg" : 0.000000,
        "bw_mean" : 0.000000,
        "bw_dev" : 0.000000,
        "bw_samples" : 0,
        "iops_min" : 0,
        "iops_max" : 0,
        "iops_mean" : 0.000000,
        "iops_stddev" : 0.000000,
        "iops_samples" : 0
      },
      "sync" : {
        "total_ios" : 0,
        "lat_ns" : {
          "min" : 0,
          "max" : 0,
          "mean" : 0.000000,
          "stddev" : 0.000000,
          "N" : 0
        }
      },
      "job_runtime" : 5000,
      "usr_cpu" : 0.380000,
      "sys_cpu" : 0.880000,
      "ctx" : 13671,
      "majf" : 0,
      "minf" : 27,
      "iodepth_level" : {
        "1" : 100.000000,
        "2" : 0.000000,
        "4" : 0.000000,
        "8" : 0.000000,
        "16" : 0.000000,
        "32" : 0.000000,
        ">=64" : 0.000000
      },
      "iodepth_submit" : {
        "0" : 0.000000,
        "4" : 100.000000,
        "8" : 0.000000,
        "16" : 0.000000,
        "32" : 0.000000,
        "64" : 0.000000,
        ">=64" : 0.000000
      },
      "iodepth_complete" : {
        "0" : 0.000000,
        "4" : 100.000000,
        "8" : 0.000000,
        "16" : 0.000000,
        "32" : 0.000000,
        "64" : 0.000000,
        ">=64" : 0.000000
      },
      "latency_ns" : {
        "2" : 0.000000,
        "4" : 0.000000,
        "10" : 0.000000,
        "20" : 0.000000,
        "50" : 0.000000,
        "100" : 0.000000,
        "250" : 0.000000,
        "500" : 0.000000,
        "750" : 0.000000,
        "1000" : 0.000000
      },
      "latency_us" : {
        "2" : 0.000000,
        "4" : 0.000000,
        "10" : 0.000000,
        "20" : 0.000000,
        "50" : 0.000000,
        "100" : 12.631733,
        "250" : 37.302400,
        "500" : 16.569087,
        "750" : 24.743852,
        "1000" : 8.752927
      },
      "latency_ms" : {
        "2" : 0.000000,
        "4" : 0.000000,
        "10" : 0.000000,
        "20" : 0.000000,
        "50" : 0.000000,
        "100" : 0.000000,
        "250" : 0.000000,
        "500" : 0.000000,
        "750" : 0.000000,
        "1000" : 0.000000,
        "2000" : 0.000000,
        ">=2000" : 0.000000
      },
      "latency_depth" : 1,
      "latency_target" : 0,
      "latency_percentile" : 100.000000,
      "latency_window" : 0
    }
  ],
  "disk_util" : [
    {
      "name" : "nvme3n1",
      "read_ios" : 13345,
      "write_ios" : 0,
      "read_sectors" : 1708160,
      "write_sectors" : 0,
      "read_merges" : 0,
      "write_merges" : 0,
      "read_ticks" : 4851,
      "write_ticks" : 0,
      "in_queue" : 4851,
      "util" : 98.058835
    }
  ]
}
