{
  "fio version" : "fio-3.36",
  "timestamp" : 1781331220,
  "timestamp_ms" : 1781331220975,
  "time" : "Sat Jun 13 06:13:40 2026",
  "jobs" : [
    {
      "jobname" : "randomread_64k_64",
      "groupid" : 0,
      "job_start" : 1781331215955,
      "error" : 0,
      "eta" : 0,
      "elapsed" : 6,
      "job options" : {
        "name" : "randomread_64k_64",
        "filename" : "/dev/nvme3n1",
        "ioengine" : "io_uring",
        "direct" : "1",
        "rw" : "randread",
        "bs" : "64k",
        "iodepth" : "64",
        "size" : "3G",
        "runtime" : "5"
      },
      "read" : {
        "io_bytes" : 6789201920,
        "io_kbytes" : 6630080,
        "bw_bytes" : 1357026168,
        "bw" : 1325220,
        "iops" : 20706.576054,
        "runtime" : 5003,
        "total_ios" : 103595,
        "short_ios" : 0,
        "drop_ios" : 0,
        "slat_ns" : {
          "min" : 1432,
          "max" : 174626,
          "mean" : 2085.447483,
          "stddev" : 772.123624,
          "N" : 103595
        },
        "clat_ns" : {
          "min" : 599434,
          "max" : 9116630,
          "mean" : 3088191.610763,
          "stddev" : 803111.296645,
          "N" : 103595,
          "percentile" : {
            "1.000000" : 1794048,
            "5.000000" : 2146304,
            "10.000000" : 2310144,
            "20.000000" : 2539520,
            "30.000000" : 2703360,
            "40.000000" : 2867200,
            "50.000000" : 2998272,
            "60.000000" : 3162112,
            "70.000000" : 3293184,
            "80.000000" : 3489792,
            "90.000000" : 3784704,
            "95.000000" : 4079616,
            "99.000000" : 7110656,
            "99.500000" : 7503872,
            "99.900000" : 8224768,
            "99.950000" : 8355840,
            "99.990000" : 8716288
          }
        },
        "lat_ns" : {
          "min" : 624891,
          "max" : 9118599,
          "mean" : 3090277.058246,
          "stddev" : 803143.099860,
          "N" : 103595
        },
        "bw_min" : 966144,
        "bw_max" : 1459328,
        "bw_agg" : 99.999105,
        "bw_mean" : 1325209.600000,
        "bw_dev" : 136303.043119,
        "bw_samples" : 10,
        "iops_min" : 15096,
        "iops_max" : 22802,
        "iops_mean" : 20706.400000,
        "iops_stddev" : 2129.735049,
        "iops_samples" : 10
      },
      "write" : {
        "io_bytes" : 0,
        "io_kbytes" : 0,
        "bw_bytes" : 0,
        "bw" : 0,
        "iops" : 0.000000,
        "runtime" : 0,
        "total_ios" : 0,
        "short_ios" : 0,
        "drop_ios" : 0,
        "slat_ns" : {
          "min" : 0,
          "max" : 0,
          "mean" : 0.000000,
          "stddev" : 0.000000,
          "N" : 0
        },
        "clat_ns" : {
          "min" : 0,
          "max" : 0,
          "mean" : 0.000000,
          "stddev" : 0.000000,
          "N" : 0
        },
        "lat_ns" : {
          "min" : 0,
          "max" : 0,
          "mean" : 0.000000,
          "stddev" : 0.000000,
          "N" : 0
        },
        "bw_min" : 0,
        "bw_max" : 0,
        "bw_agg" : 0.000000,
        "bw_mean" : 0.000000,
        "bw_dev" : 0.000000,
        "bw_samples" : 0,
        "iops_min" : 0,
        "iops_max" : 0,
        "iops_mean" : 0.000000,
        "iops_stddev" : 0.000000,
        "iops_samples" : 0
      },
      "trim" : {
        "io_bytes" : 0,
        "io_kbytes" : 0,
        "bw_bytes" : 0,
        "bw" : 0,
        "iops" : 0.000000,
        "runtime" : 0,
        "total_ios" : 0,
        "short_ios" : 0,
        "drop_ios" : 0,
        "slat_ns" : {
          "min" : 0,
          "max" : 0,
          "mean" : 0.000000,
          "stddev" : 0.000000,
          "N" : 0
        },
        "clat_ns" : {
          "min" : 0,
          "max" : 0,
          "mean" : 0.000000,
          "stddev" : 0.000000,
          "N" : 0
        },
        "lat_ns" : {
          "min" : 0,
          "max" : 0,
          "mean" : 0.000000,
          "stddev" : 0.000000,
          "N" : 0
        },
        "bw_min" : 0,
        "bw_max" : 0,
        "bw_agg" : 0.000000,
        "bw_mean" : 0.000000,
        "bw_dev" : 0.000000,
        "bw_samples" : 0,
        "iops_min" : 0,
        "iops_max" : 0,
        "iops_mean" : 0.000000,
        "iops_stddev" : 0.000000,
        "iops_samples" : 0
      },
      "sync" : {
        "total_ios" : 0,
        "lat_ns" : {
          "min" : 0,
          "max" : 0,
          "mean" : 0.000000,
          "stddev" : 0.000000,
          "N" : 0
        }
      },
      "job_runtime" : 5002,
      "usr_cpu" : 1.919232,
      "sys_cpu" : 5.417833,
      "ctx" : 96724,
      "majf" : 0,
      "minf" : 1030,
      "iodepth_level" : {
        "1" : 0.100000,
        "2" : 0.100000,
        "4" : 0.100000,
        "8" : 0.100000,
        "16" : 0.100000,
        "32" : 0.100000,
        ">=64" : 99.939186
      },
      "iodepth_submit" : {
        "0" : 0.000000,
        "4" : 100.000000,
        "8" : 0.000000,
        "16" : 0.000000,
        "32" : 0.000000,
        "64" : 0.000000,
        ">=64" : 0.000000
      },
      "iodepth_complete" : {
        "0" : 0.000000,
        "4" : 99.999034,
        "8" : 0.000000,
        "16" : 0.000000,
        "32" : 0.000000,
        "64" : 0.100000,
        ">=64" : 0.000000
      },
      "latency_ns" : {
        "2" : 0.000000,
        "4" : 0.000000,
        "10" : 0.000000,
        "20" : 0.000000,
        "50" : 0.000000,
        "100" : 0.000000,
        "250" : 0.000000,
        "500" : 0.000000,
        "750" : 0.000000,
        "1000" : 0.000000
      },
      "latency_us" : {
        "2" : 0.000000,
        "4" : 0.000000,
        "10" : 0.000000,
        "20" : 0.000000,
        "50" : 0.000000,
        "100" : 0.000000,
        "250" : 0.000000,
        "500" : 0.000000,
        "750" : 0.010000,
        "1000" : 0.010000
      },
      "latency_ms" : {
        "2" : 2.698007,
        "4" : 91.476423,
        "10" : 5.816883,
        "20" : 0.000000,
        "50" : 0.000000,
        "100" : 0.000000,
        "250" : 0.000000,
        "500" : 0.000000,
        "750" : 0.000000,
        "1000" : 0.000000,
        "2000" : 0.000000,
        ">=2000" : 0.000000
      },
      "latency_depth" : 64,
      "latency_target" : 0,
      "latency_percentile" : 100.000000,
      "latency_window" : 0
    }
  ],
  "disk_util" : [
    {
      "name" : "nvme3n1",
      "read_ios" : 101453,
      "write_ios" : 0,
      "read_sectors" : 12985984,
      "write_sectors" : 0,
      "read_merges" : 0,
      "write_merges" : 0,
      "read_ticks" : 313114,
      "write_ticks" : 0,
      "in_queue" : 313114,
      "util" : 98.119248
    }
  ]
}
