{
  "fio version" : "fio-3.42-31-g6a66",
  "timestamp" : 1781281874,
  "timestamp_ms" : 1781281874398,
  "time" : "Fri Jun 12 16:31:14 2026",
  "jobs" : [
    {
      "jobname" : "randomread_64k_4",
      "groupid" : 0,
      "job_start" : 1781281869250,
      "error" : 0,
      "eta" : 0,
      "elapsed" : 6,
      "job options" : {
        "name" : "randomread_64k_4",
        "filename" : "/dev/nvme2n1",
        "ioengine" : "io_uring",
        "direct" : "1",
        "group_reporting" : "",
        "rw" : "randread",
        "bs" : "64k",
        "iodepth" : "4",
        "size" : "3G",
        "time_based" : "",
        "runtime" : "5"
      },
      "read" : {
        "io_bytes" : 2796945408,
        "io_kbytes" : 2731392,
        "bw_bytes" : 559277226,
        "bw" : 546169,
        "iops" : 8533.893221,
        "runtime" : 5001,
        "total_ios" : 42678,
        "short_ios" : 0,
        "drop_ios" : 0,
        "slat_ns" : {
          "min" : 1229,
          "max" : 29296,
          "mean" : 1509.479873,
          "stddev" : 629.630492,
          "N" : 42678
        },
        "clat_ns" : {
          "min" : 95795,
          "max" : 1359712,
          "mean" : 466944.713178,
          "stddev" : 257220.918468,
          "N" : 42678,
          "percentile" : {
            "1.000000" : 100864,
            "5.000000" : 108032,
            "10.000000" : 117248,
            "20.000000" : 207872,
            "30.000000" : 288768,
            "40.000000" : 366592,
            "50.000000" : 436224,
            "60.000000" : 536576,
            "70.000000" : 634880,
            "80.000000" : 733184,
            "90.000000" : 806912,
            "95.000000" : 888832,
            "99.000000" : 1028096,
            "99.500000" : 1089536,
            "99.900000" : 1187840,
            "99.950000" : 1220608,
            "99.990000" : 1302528
          }
        },
        "lat_ns" : {
          "min" : 97201,
          "max" : 1361140,
          "mean" : 468454.193050,
          "stddev" : 257207.129937,
          "N" : 42678
        },
        "bw_min" : 354176,
        "bw_max" : 590208,
        "bw_agg" : 98.813707,
        "bw_mean" : 539690.666667,
        "bw_dev" : 71527.638071,
        "bw_samples" : 9,
        "iops_min" : 5534,
        "iops_max" : 9222,
        "iops_mean" : 8432.666667,
        "iops_stddev" : 1117.619345,
        "iops_samples" : 9
      },
      "write" : {
        "io_bytes" : 0,
        "io_kbytes" : 0,
        "bw_bytes" : 0,
        "bw" : 0,
        "iops" : 0.000000,
        "runtime" : 0,
        "total_ios" : 0,
        "short_ios" : 0,
        "drop_ios" : 0,
        "slat_ns" : {
          "min" : 0,
          "max" : 0,
          "mean" : 0.000000,
          "stddev" : 0.000000,
          "N" : 0
        },
        "clat_ns" : {
          "min" : 0,
          "max" : 0,
          "mean" : 0.000000,
          "stddev" : 0.000000,
          "N" : 0
        },
        "lat_ns" : {
          "min" : 0,
          "max" : 0,
          "mean" : 0.000000,
          "stddev" : 0.000000,
          "N" : 0
        },
        "bw_min" : 0,
        "bw_max" : 0,
        "bw_agg" : 0.000000,
        "bw_mean" : 0.000000,
        "bw_dev" : 0.000000,
        "bw_samples" : 0,
        "iops_min" : 0,
        "iops_max" : 0,
        "iops_mean" : 0.000000,
        "iops_stddev" : 0.000000,
        "iops_samples" : 0
      },
      "trim" : {
        "io_bytes" : 0,
        "io_kbytes" : 0,
        "bw_bytes" : 0,
        "bw" : 0,
        "iops" : 0.000000,
        "runtime" : 0,
        "total_ios" : 0,
        "short_ios" : 0,
        "drop_ios" : 0,
        "slat_ns" : {
          "min" : 0,
          "max" : 0,
          "mean" : 0.000000,
          "stddev" : 0.000000,
          "N" : 0
        },
        "clat_ns" : {
          "min" : 0,
          "max" : 0,
          "mean" : 0.000000,
          "stddev" : 0.000000,
          "N" : 0
        },
        "lat_ns" : {
          "min" : 0,
          "max" : 0,
          "mean" : 0.000000,
          "stddev" : 0.000000,
          "N" : 0
        },
        "bw_min" : 0,
        "bw_max" : 0,
        "bw_agg" : 0.000000,
        "bw_mean" : 0.000000,
        "bw_dev" : 0.000000,
        "bw_samples" : 0,
        "iops_min" : 0,
        "iops_max" : 0,
        "iops_mean" : 0.000000,
        "iops_stddev" : 0.000000,
        "iops_samples" : 0
      },
      "sync" : {
        "total_ios" : 0,
        "lat_ns" : {
          "min" : 0,
          "max" : 0,
          "mean" : 0.000000,
          "stddev" : 0.000000,
          "N" : 0
        }
      },
      "job_runtime" : 5000,
      "usr_cpu" : 0.380000,
      "sys_cpu" : 2.540000,
      "ctx" : 40507,
      "majf" : 0,
      "minf" : 71,
      "iodepth_level" : {
        "1" : 0.100000,
        "2" : 0.100000,
        "4" : 99.992971,
        "8" : 0.000000,
        "16" : 0.000000,
        "32" : 0.000000,
        ">=64" : 0.000000
      },
      "iodepth_submit" : {
        "0" : 0.000000,
        "4" : 100.000000,
        "8" : 0.000000,
        "16" : 0.000000,
        "32" : 0.000000,
        "64" : 0.000000,
        ">=64" : 0.000000
      },
      "iodepth_complete" : {
        "0" : 0.000000,
        "4" : 100.000000,
        "8" : 0.000000,
        "16" : 0.000000,
        "32" : 0.000000,
        "64" : 0.000000,
        ">=64" : 0.000000
      },
      "latency_ns" : {
        "2" : 0.000000,
        "4" : 0.000000,
        "10" : 0.000000,
        "20" : 0.000000,
        "50" : 0.000000,
        "100" : 0.000000,
        "250" : 0.000000,
        "500" : 0.000000,
        "750" : 0.000000,
        "1000" : 0.000000
      },
      "latency_us" : {
        "2" : 0.000000,
        "4" : 0.000000,
        "10" : 0.000000,
        "20" : 0.000000,
        "50" : 0.000000,
        "100" : 0.435822,
        "250" : 25.132387,
        "500" : 31.376822,
        "750" : 25.193308,
        "1000" : 16.526079
      },
      "latency_ms" : {
        "2" : 1.335583,
        "4" : 0.000000,
        "10" : 0.000000,
        "20" : 0.000000,
        "50" : 0.000000,
        "100" : 0.000000,
        "250" : 0.000000,
        "500" : 0.000000,
        "750" : 0.000000,
        "1000" : 0.000000,
        "2000" : 0.000000,
        ">=2000" : 0.000000
      },
      "latency_depth" : 4,
      "latency_target" : 0,
      "latency_target_ns" : 0,
      "latency_percentile" : 100.000000,
      "latency_window" : 0,
      "latency_window_us" : 0
    }
  ],
  "disk_util" : [
    {
      "name" : "nvme2n1",
      "read_ios" : 41693,
      "write_ios" : 0,
      "read_sectors" : 5336704,
      "write_sectors" : 0,
      "read_merges" : 0,
      "write_merges" : 0,
      "read_ticks" : 19485,
      "write_ticks" : 0,
      "in_queue" : 19485,
      "util" : 98.058835
    }
  ]
}
