{
  "fio version" : "fio-3.42-31-g6a66",
  "timestamp" : 1781281906,
  "timestamp_ms" : 1781281906715,
  "time" : "Fri Jun 12 16:31:46 2026",
  "jobs" : [
    {
      "jobname" : "randomread_64k_256",
      "groupid" : 0,
      "job_start" : 1781281901567,
      "error" : 0,
      "eta" : 0,
      "elapsed" : 6,
      "job options" : {
        "name" : "randomread_64k_256",
        "filename" : "/dev/nvme2n1",
        "ioengine" : "io_uring",
        "direct" : "1",
        "group_reporting" : "",
        "rw" : "randread",
        "bs" : "64k",
        "iodepth" : "256",
        "size" : "3G",
        "time_based" : "",
        "runtime" : "5"
      },
      "read" : {
        "io_bytes" : 6813253632,
        "io_kbytes" : 6653568,
        "bw_bytes" : 1359388194,
        "bw" : 1327527,
        "iops" : 20742.617717,
        "runtime" : 5012,
        "total_ios" : 103962,
        "short_ios" : 0,
        "drop_ios" : 0,
        "slat_ns" : {
          "min" : 1275,
          "max" : 30883,
          "mean" : 1687.669716,
          "stddev" : 772.506747,
          "N" : 103962
        },
        "clat_ns" : {
          "min" : 2387405,
          "max" : 31492531,
          "mean" : 12334995.338749,
          "stddev" : 2595456.247281,
          "N" : 103962,
          "percentile" : {
            "1.000000" : 9371648,
            "5.000000" : 10158080,
            "10.000000" : 10551296,
            "20.000000" : 11075584,
            "30.000000" : 11468800,
            "40.000000" : 11730944,
            "50.000000" : 11993088,
            "60.000000" : 12255232,
            "70.000000" : 12648448,
            "80.000000" : 13041664,
            "90.000000" : 13565952,
            "95.000000" : 14221312,
            "99.000000" : 28704768,
            "99.500000" : 29753344,
            "99.900000" : 30539776,
            "99.950000" : 30801920,
            "99.990000" : 31326208
          }
        },
        "lat_ns" : {
          "min" : 2396193,
          "max" : 31494141,
          "mean" : 12336683.008465,
          "stddev" : 2595455.716185,
          "N" : 103962
        },
        "bw_min" : 954240,
        "bw_max" : 1485440,
        "bw_agg" : 99.994084,
        "bw_mean" : 1327449.600000,
        "bw_dev" : 142123.224496,
        "bw_samples" : 10,
        "iops_min" : 14910,
        "iops_max" : 23210,
        "iops_mean" : 20741.400000,
        "iops_stddev" : 2220.675383,
        "iops_samples" : 10
      },
      "write" : {
        "io_bytes" : 0,
        "io_kbytes" : 0,
        "bw_bytes" : 0,
        "bw" : 0,
        "iops" : 0.000000,
        "runtime" : 0,
        "total_ios" : 0,
        "short_ios" : 0,
        "drop_ios" : 0,
        "slat_ns" : {
          "min" : 0,
          "max" : 0,
          "mean" : 0.000000,
          "stddev" : 0.000000,
          "N" : 0
        },
        "clat_ns" : {
          "min" : 0,
          "max" : 0,
          "mean" : 0.000000,
          "stddev" : 0.000000,
          "N" : 0
        },
        "lat_ns" : {
          "min" : 0,
          "max" : 0,
          "mean" : 0.000000,
          "stddev" : 0.000000,
          "N" : 0
        },
        "bw_min" : 0,
        "bw_max" : 0,
        "bw_agg" : 0.000000,
        "bw_mean" : 0.000000,
        "bw_dev" : 0.000000,
        "bw_samples" : 0,
        "iops_min" : 0,
        "iops_max" : 0,
        "iops_mean" : 0.000000,
        "iops_stddev" : 0.000000,
        "iops_samples" : 0
      },
      "trim" : {
        "io_bytes" : 0,
        "io_kbytes" : 0,
        "bw_bytes" : 0,
        "bw" : 0,
        "iops" : 0.000000,
        "runtime" : 0,
        "total_ios" : 0,
        "short_ios" : 0,
        "drop_ios" : 0,
        "slat_ns" : {
          "min" : 0,
          "max" : 0,
          "mean" : 0.000000,
          "stddev" : 0.000000,
          "N" : 0
        },
        "clat_ns" : {
          "min" : 0,
          "max" : 0,
          "mean" : 0.000000,
          "stddev" : 0.000000,
          "N" : 0
        },
        "lat_ns" : {
          "min" : 0,
          "max" : 0,
          "mean" : 0.000000,
          "stddev" : 0.000000,
          "N" : 0
        },
        "bw_min" : 0,
        "bw_max" : 0,
        "bw_agg" : 0.000000,
        "bw_mean" : 0.000000,
        "bw_dev" : 0.000000,
        "bw_samples" : 0,
        "iops_min" : 0,
        "iops_max" : 0,
        "iops_mean" : 0.000000,
        "iops_stddev" : 0.000000,
        "iops_samples" : 0
      },
      "sync" : {
        "total_ios" : 0,
        "lat_ns" : {
          "min" : 0,
          "max" : 0,
          "mean" : 0.000000,
          "stddev" : 0.000000,
          "N" : 0
        }
      },
      "job_runtime" : 5011,
      "usr_cpu" : 1.556576,
      "sys_cpu" : 5.787268,
      "ctx" : 88962,
      "majf" : 0,
      "minf" : 4103,
      "iodepth_level" : {
        "1" : 0.100000,
        "2" : 0.100000,
        "4" : 0.100000,
        "8" : 0.100000,
        "16" : 0.100000,
        "32" : 0.100000,
        ">=64" : 99.939401
      },
      "iodepth_submit" : {
        "0" : 0.000000,
        "4" : 100.000000,
        "8" : 0.000000,
        "16" : 0.000000,
        "32" : 0.000000,
        "64" : 0.000000,
        ">=64" : 0.000000
      },
      "iodepth_complete" : {
        "0" : 0.000000,
        "4" : 99.999036,
        "8" : 0.000000,
        "16" : 0.000000,
        "32" : 0.000000,
        "64" : 0.000000,
        ">=64" : 0.100000
      },
      "latency_ns" : {
        "2" : 0.000000,
        "4" : 0.000000,
        "10" : 0.000000,
        "20" : 0.000000,
        "50" : 0.000000,
        "100" : 0.000000,
        "250" : 0.000000,
        "500" : 0.000000,
        "750" : 0.000000,
        "1000" : 0.000000
      },
      "latency_us" : {
        "2" : 0.000000,
        "4" : 0.000000,
        "10" : 0.000000,
        "20" : 0.000000,
        "50" : 0.000000,
        "100" : 0.000000,
        "250" : 0.000000,
        "500" : 0.000000,
        "750" : 0.000000,
        "1000" : 0.000000
      },
      "latency_ms" : {
        "2" : 0.000000,
        "4" : 0.027895,
        "10" : 4.032243,
        "20" : 93.849676,
        "50" : 2.090187,
        "100" : 0.000000,
        "250" : 0.000000,
        "500" : 0.000000,
        "750" : 0.000000,
        "1000" : 0.000000,
        "2000" : 0.000000,
        ">=2000" : 0.000000
      },
      "latency_depth" : 256,
      "latency_target" : 0,
      "latency_target_ns" : 0,
      "latency_percentile" : 100.000000,
      "latency_window" : 0,
      "latency_window_us" : 0
    }
  ],
  "disk_util" : [
    {
      "name" : "nvme2n1",
      "read_ios" : 101516,
      "write_ios" : 0,
      "read_sectors" : 12994048,
      "write_sectors" : 0,
      "read_merges" : 0,
      "write_merges" : 0,
      "read_ticks" : 1251626,
      "write_ticks" : 0,
      "in_queue" : 1251626,
      "util" : 98.098098
    }
  ]
}
