{
  "fio version" : "fio-3.36",
  "timestamp" : 1781331231,
  "timestamp_ms" : 1781331231514,
  "time" : "Sat Jun 13 06:13:51 2026",
  "jobs" : [
    {
      "jobname" : "randomread_64k_256",
      "groupid" : 0,
      "job_start" : 1781331226484,
      "error" : 0,
      "eta" : 0,
      "elapsed" : 6,
      "job options" : {
        "name" : "randomread_64k_256",
        "filename" : "/dev/nvme3n1",
        "ioengine" : "io_uring",
        "direct" : "1",
        "rw" : "randread",
        "bs" : "64k",
        "iodepth" : "256",
        "size" : "3G",
        "runtime" : "5"
      },
      "read" : {
        "io_bytes" : 6945505280,
        "io_kbytes" : 6782720,
        "bw_bytes" : 1385775195,
        "bw" : 1353296,
        "iops" : 21145.251397,
        "runtime" : 5012,
        "total_ios" : 105980,
        "short_ios" : 0,
        "drop_ios" : 0,
        "slat_ns" : {
          "min" : 1469,
          "max" : 47661,
          "mean" : 2098.758804,
          "stddev" : 573.276178,
          "N" : 105980
        },
        "clat_ns" : {
          "min" : 2333205,
          "max" : 30741474,
          "mean" : 12100375.148707,
          "stddev" : 2529302.224930,
          "N" : 105980,
          "percentile" : {
            "1.000000" : 9109504,
            "5.000000" : 9895936,
            "10.000000" : 10289152,
            "20.000000" : 10813440,
            "30.000000" : 11206656,
            "40.000000" : 11468800,
            "50.000000" : 11862016,
            "60.000000" : 12124160,
            "70.000000" : 12386304,
            "80.000000" : 12779520,
            "90.000000" : 13303808,
            "95.000000" : 13959168,
            "99.000000" : 28180480,
            "99.500000" : 29229056,
            "99.900000" : 30015488,
            "99.950000" : 30277632,
            "99.990000" : 30539776
          }
        },
        "lat_ns" : {
          "min" : 2340500,
          "max" : 30743866,
          "mean" : 12102473.907511,
          "stddev" : 2529360.231994,
          "N" : 105980
        },
        "bw_min" : 981120,
        "bw_max" : 1483520,
        "bw_agg" : 99.998811,
        "bw_mean" : 1353280.000000,
        "bw_dev" : 139991.670813,
        "bw_samples" : 10,
        "iops_min" : 15330,
        "iops_max" : 23180,
        "iops_mean" : 21145.000000,
        "iops_stddev" : 2187.369856,
        "iops_samples" : 10
      },
      "write" : {
        "io_bytes" : 0,
        "io_kbytes" : 0,
        "bw_bytes" : 0,
        "bw" : 0,
        "iops" : 0.000000,
        "runtime" : 0,
        "total_ios" : 0,
        "short_ios" : 0,
        "drop_ios" : 0,
        "slat_ns" : {
          "min" : 0,
          "max" : 0,
          "mean" : 0.000000,
          "stddev" : 0.000000,
          "N" : 0
        },
        "clat_ns" : {
          "min" : 0,
          "max" : 0,
          "mean" : 0.000000,
          "stddev" : 0.000000,
          "N" : 0
        },
        "lat_ns" : {
          "min" : 0,
          "max" : 0,
          "mean" : 0.000000,
          "stddev" : 0.000000,
          "N" : 0
        },
        "bw_min" : 0,
        "bw_max" : 0,
        "bw_agg" : 0.000000,
        "bw_mean" : 0.000000,
        "bw_dev" : 0.000000,
        "bw_samples" : 0,
        "iops_min" : 0,
        "iops_max" : 0,
        "iops_mean" : 0.000000,
        "iops_stddev" : 0.000000,
        "iops_samples" : 0
      },
      "trim" : {
        "io_bytes" : 0,
        "io_kbytes" : 0,
        "bw_bytes" : 0,
        "bw" : 0,
        "iops" : 0.000000,
        "runtime" : 0,
        "total_ios" : 0,
        "short_ios" : 0,
        "drop_ios" : 0,
        "slat_ns" : {
          "min" : 0,
          "max" : 0,
          "mean" : 0.000000,
          "stddev" : 0.000000,
          "N" : 0
        },
        "clat_ns" : {
          "min" : 0,
          "max" : 0,
          "mean" : 0.000000,
          "stddev" : 0.000000,
          "N" : 0
        },
        "lat_ns" : {
          "min" : 0,
          "max" : 0,
          "mean" : 0.000000,
          "stddev" : 0.000000,
          "N" : 0
        },
        "bw_min" : 0,
        "bw_max" : 0,
        "bw_agg" : 0.000000,
        "bw_mean" : 0.000000,
        "bw_dev" : 0.000000,
        "bw_samples" : 0,
        "iops_min" : 0,
        "iops_max" : 0,
        "iops_mean" : 0.000000,
        "iops_stddev" : 0.000000,
        "iops_samples" : 0
      },
      "sync" : {
        "total_ios" : 0,
        "lat_ns" : {
          "min" : 0,
          "max" : 0,
          "mean" : 0.000000,
          "stddev" : 0.000000,
          "N" : 0
        }
      },
      "job_runtime" : 5011,
      "usr_cpu" : 1.057673,
      "sys_cpu" : 6.565556,
      "ctx" : 102387,
      "majf" : 0,
      "minf" : 4105,
      "iodepth_level" : {
        "1" : 0.100000,
        "2" : 0.100000,
        "4" : 0.100000,
        "8" : 0.100000,
        "16" : 0.100000,
        "32" : 0.100000,
        ">=64" : 99.940555
      },
      "iodepth_submit" : {
        "0" : 0.000000,
        "4" : 100.000000,
        "8" : 0.000000,
        "16" : 0.000000,
        "32" : 0.000000,
        "64" : 0.000000,
        ">=64" : 0.000000
      },
      "iodepth_complete" : {
        "0" : 0.000000,
        "4" : 99.999054,
        "8" : 0.000000,
        "16" : 0.000000,
        "32" : 0.000000,
        "64" : 0.000000,
        ">=64" : 0.100000
      },
      "latency_ns" : {
        "2" : 0.000000,
        "4" : 0.000000,
        "10" : 0.000000,
        "20" : 0.000000,
        "50" : 0.000000,
        "100" : 0.000000,
        "250" : 0.000000,
        "500" : 0.000000,
        "750" : 0.000000,
        "1000" : 0.000000
      },
      "latency_us" : {
        "2" : 0.000000,
        "4" : 0.000000,
        "10" : 0.000000,
        "20" : 0.000000,
        "50" : 0.000000,
        "100" : 0.000000,
        "250" : 0.000000,
        "500" : 0.000000,
        "750" : 0.000000,
        "1000" : 0.000000
      },
      "latency_ms" : {
        "2" : 0.000000,
        "4" : 0.026420,
        "10" : 5.722778,
        "20" : 92.207964,
        "50" : 2.042838,
        "100" : 0.000000,
        "250" : 0.000000,
        "500" : 0.000000,
        "750" : 0.000000,
        "1000" : 0.000000,
        "2000" : 0.000000,
        ">=2000" : 0.000000
      },
      "latency_depth" : 256,
      "latency_target" : 0,
      "latency_percentile" : 100.000000,
      "latency_window" : 0
    }
  ],
  "disk_util" : [
    {
      "name" : "nvme3n1",
      "read_ios" : 103576,
      "write_ios" : 0,
      "read_sectors" : 13257728,
      "write_sectors" : 0,
      "read_merges" : 0,
      "write_merges" : 0,
      "read_ticks" : 1251857,
      "write_ticks" : 0,
      "in_queue" : 1251857,
      "util" : 98.138883
    }
  ]
}
