{
  "fio version" : "fio-3.42-31-g6a66",
  "timestamp" : 1781281895,
  "timestamp_ms" : 1781281895943,
  "time" : "Fri Jun 12 16:31:35 2026",
  "jobs" : [
    {
      "jobname" : "randomread_64k_64",
      "groupid" : 0,
      "job_start" : 1781281890795,
      "error" : 0,
      "eta" : 0,
      "elapsed" : 6,
      "job options" : {
        "name" : "randomread_64k_64",
        "filename" : "/dev/nvme2n1",
        "ioengine" : "io_uring",
        "direct" : "1",
        "group_reporting" : "",
        "rw" : "randread",
        "bs" : "64k",
        "iodepth" : "64",
        "size" : "3G",
        "time_based" : "",
        "runtime" : "5"
      },
      "read" : {
        "io_bytes" : 6763577344,
        "io_kbytes" : 6605056,
        "bw_bytes" : 1351364104,
        "bw" : 1319691,
        "iops" : 20620.179820,
        "runtime" : 5005,
        "total_ios" : 103204,
        "short_ios" : 0,
        "drop_ios" : 0,
        "slat_ns" : {
          "min" : 1252,
          "max" : 26360,
          "mean" : 1541.393715,
          "stddev" : 612.551298,
          "N" : 103204
        },
        "clat_ns" : {
          "min" : 760182,
          "max" : 9235902,
          "mean" : 3101224.715709,
          "stddev" : 811869.747686,
          "N" : 103204,
          "percentile" : {
            "1.000000" : 1810432,
            "5.000000" : 2146304,
            "10.000000" : 2310144,
            "20.000000" : 2572288,
            "30.000000" : 2736128,
            "40.000000" : 2867200,
            "50.000000" : 3031040,
            "60.000000" : 3162112,
            "70.000000" : 3325952,
            "80.000000" : 3489792,
            "90.000000" : 3784704,
            "95.000000" : 4079616,
            "99.000000" : 7241728,
            "99.500000" : 7700480,
            "99.900000" : 8355840,
            "99.950000" : 8585216,
            "99.990000" : 8978432
          }
        },
        "lat_ns" : {
          "min" : 778680,
          "max" : 9237364,
          "mean" : 3102766.109424,
          "stddev" : 811874.383567,
          "N" : 103204
        },
        "bw_min" : 950528,
        "bw_max" : 1466240,
        "bw_agg" : 100.000000,
        "bw_mean" : 1320204.800000,
        "bw_dev" : 139633.215798,
        "bw_samples" : 10,
        "iops_min" : 14852,
        "iops_max" : 22910,
        "iops_mean" : 20628.200000,
        "iops_stddev" : 2181.768997,
        "iops_samples" : 10
      },
      "write" : {
        "io_bytes" : 0,
        "io_kbytes" : 0,
        "bw_bytes" : 0,
        "bw" : 0,
        "iops" : 0.000000,
        "runtime" : 0,
        "total_ios" : 0,
        "short_ios" : 0,
        "drop_ios" : 0,
        "slat_ns" : {
          "min" : 0,
          "max" : 0,
          "mean" : 0.000000,
          "stddev" : 0.000000,
          "N" : 0
        },
        "clat_ns" : {
          "min" : 0,
          "max" : 0,
          "mean" : 0.000000,
          "stddev" : 0.000000,
          "N" : 0
        },
        "lat_ns" : {
          "min" : 0,
          "max" : 0,
          "mean" : 0.000000,
          "stddev" : 0.000000,
          "N" : 0
        },
        "bw_min" : 0,
        "bw_max" : 0,
        "bw_agg" : 0.000000,
        "bw_mean" : 0.000000,
        "bw_dev" : 0.000000,
        "bw_samples" : 0,
        "iops_min" : 0,
        "iops_max" : 0,
        "iops_mean" : 0.000000,
        "iops_stddev" : 0.000000,
        "iops_samples" : 0
      },
      "trim" : {
        "io_bytes" : 0,
        "io_kbytes" : 0,
        "bw_bytes" : 0,
        "bw" : 0,
        "iops" : 0.000000,
        "runtime" : 0,
        "total_ios" : 0,
        "short_ios" : 0,
        "drop_ios" : 0,
        "slat_ns" : {
          "min" : 0,
          "max" : 0,
          "mean" : 0.000000,
          "stddev" : 0.000000,
          "N" : 0
        },
        "clat_ns" : {
          "min" : 0,
          "max" : 0,
          "mean" : 0.000000,
          "stddev" : 0.000000,
          "N" : 0
        },
        "lat_ns" : {
          "min" : 0,
          "max" : 0,
          "mean" : 0.000000,
          "stddev" : 0.000000,
          "N" : 0
        },
        "bw_min" : 0,
        "bw_max" : 0,
        "bw_agg" : 0.000000,
        "bw_mean" : 0.000000,
        "bw_dev" : 0.000000,
        "bw_samples" : 0,
        "iops_min" : 0,
        "iops_max" : 0,
        "iops_mean" : 0.000000,
        "iops_stddev" : 0.000000,
        "iops_samples" : 0
      },
      "sync" : {
        "total_ios" : 0,
        "lat_ns" : {
          "min" : 0,
          "max" : 0,
          "mean" : 0.000000,
          "stddev" : 0.000000,
          "N" : 0
        }
      },
      "job_runtime" : 5004,
      "usr_cpu" : 1.338929,
      "sys_cpu" : 5.275779,
      "ctx" : 95038,
      "majf" : 0,
      "minf" : 1030,
      "iodepth_level" : {
        "1" : 0.100000,
        "2" : 0.100000,
        "4" : 0.100000,
        "8" : 0.100000,
        "16" : 0.100000,
        "32" : 0.100000,
        ">=64" : 99.938956
      },
      "iodepth_submit" : {
        "0" : 0.000000,
        "4" : 100.000000,
        "8" : 0.000000,
        "16" : 0.000000,
        "32" : 0.000000,
        "64" : 0.000000,
        ">=64" : 0.000000
      },
      "iodepth_complete" : {
        "0" : 0.000000,
        "4" : 99.999030,
        "8" : 0.000000,
        "16" : 0.000000,
        "32" : 0.000000,
        "64" : 0.100000,
        ">=64" : 0.000000
      },
      "latency_ns" : {
        "2" : 0.000000,
        "4" : 0.000000,
        "10" : 0.000000,
        "20" : 0.000000,
        "50" : 0.000000,
        "100" : 0.000000,
        "250" : 0.000000,
        "500" : 0.000000,
        "750" : 0.000000,
        "1000" : 0.000000
      },
      "latency_us" : {
        "2" : 0.000000,
        "4" : 0.000000,
        "10" : 0.000000,
        "20" : 0.000000,
        "50" : 0.000000,
        "100" : 0.000000,
        "250" : 0.000000,
        "500" : 0.000000,
        "750" : 0.000000,
        "1000" : 0.010000
      },
      "latency_ms" : {
        "2" : 2.620053,
        "4" : 91.335607,
        "10" : 6.039495,
        "20" : 0.000000,
        "50" : 0.000000,
        "100" : 0.000000,
        "250" : 0.000000,
        "500" : 0.000000,
        "750" : 0.000000,
        "1000" : 0.000000,
        "2000" : 0.000000,
        ">=2000" : 0.000000
      },
      "latency_depth" : 64,
      "latency_target" : 0,
      "latency_target_ns" : 0,
      "latency_percentile" : 100.000000,
      "latency_window" : 0,
      "latency_window_us" : 0
    }
  ],
  "disk_util" : [
    {
      "name" : "nvme2n1",
      "read_ios" : 100989,
      "write_ios" : 0,
      "read_sectors" : 12926592,
      "write_sectors" : 0,
      "read_merges" : 0,
      "write_merges" : 0,
      "read_ticks" : 313075,
      "write_ticks" : 0,
      "in_queue" : 313074,
      "util" : 98.078463
    }
  ]
}
