{
  "fio version" : "fio-3.42-31-g6a66",
  "timestamp" : 1781281901,
  "timestamp_ms" : 1781281901329,
  "time" : "Fri Jun 12 16:31:41 2026",
  "jobs" : [
    {
      "jobname" : "randomread_64k_128",
      "groupid" : 0,
      "job_start" : 1781281896181,
      "error" : 0,
      "eta" : 0,
      "elapsed" : 6,
      "job options" : {
        "name" : "randomread_64k_128",
        "filename" : "/dev/nvme2n1",
        "ioengine" : "io_uring",
        "direct" : "1",
        "group_reporting" : "",
        "rw" : "randread",
        "bs" : "64k",
        "iodepth" : "128",
        "size" : "3G",
        "time_based" : "",
        "runtime" : "5"
      },
      "read" : {
        "io_bytes" : 6803685376,
        "io_kbytes" : 6644224,
        "bw_bytes" : 1358834706,
        "bw" : 1326987,
        "iops" : 20734.172159,
        "runtime" : 5007,
        "total_ios" : 103816,
        "short_ios" : 0,
        "drop_ios" : 0,
        "slat_ns" : {
          "min" : 1257,
          "max" : 32672,
          "mean" : 1569.489674,
          "stddev" : 610.286621,
          "N" : 103816
        },
        "clat_ns" : {
          "min" : 1214396,
          "max" : 16692445,
          "mean" : 6169692.095843,
          "stddev" : 1413336.537294,
          "N" : 103816,
          "percentile" : {
            "1.000000" : 4292608,
            "5.000000" : 4751360,
            "10.000000" : 5013504,
            "20.000000" : 5341184,
            "30.000000" : 5603328,
            "40.000000" : 5799936,
            "50.000000" : 5996544,
            "60.000000" : 6193152,
            "70.000000" : 6389760,
            "80.000000" : 6717440,
            "90.000000" : 7110656,
            "95.000000" : 7503872,
            "99.000000" : 14483456,
            "99.500000" : 15007744,
            "99.900000" : 15925248,
            "99.950000" : 16318464,
            "99.990000" : 16580608
          }
        },
        "lat_ns" : {
          "min" : 1221719,
          "max" : 16693918,
          "mean" : 6171261.585517,
          "stddev" : 1413351.761474,
          "N" : 103816
        },
        "bw_min" : 954240,
        "bw_max" : 1484160,
        "bw_agg" : 100.000000,
        "bw_mean" : 1327219.200000,
        "bw_dev" : 141858.132435,
        "bw_samples" : 10,
        "iops_min" : 14910,
        "iops_max" : 23190,
        "iops_mean" : 20737.800000,
        "iops_stddev" : 2216.533319,
        "iops_samples" : 10
      },
      "write" : {
        "io_bytes" : 0,
        "io_kbytes" : 0,
        "bw_bytes" : 0,
        "bw" : 0,
        "iops" : 0.000000,
        "runtime" : 0,
        "total_ios" : 0,
        "short_ios" : 0,
        "drop_ios" : 0,
        "slat_ns" : {
          "min" : 0,
          "max" : 0,
          "mean" : 0.000000,
          "stddev" : 0.000000,
          "N" : 0
        },
        "clat_ns" : {
          "min" : 0,
          "max" : 0,
          "mean" : 0.000000,
          "stddev" : 0.000000,
          "N" : 0
        },
        "lat_ns" : {
          "min" : 0,
          "max" : 0,
          "mean" : 0.000000,
          "stddev" : 0.000000,
          "N" : 0
        },
        "bw_min" : 0,
        "bw_max" : 0,
        "bw_agg" : 0.000000,
        "bw_mean" : 0.000000,
        "bw_dev" : 0.000000,
        "bw_samples" : 0,
        "iops_min" : 0,
        "iops_max" : 0,
        "iops_mean" : 0.000000,
        "iops_stddev" : 0.000000,
        "iops_samples" : 0
      },
      "trim" : {
        "io_bytes" : 0,
        "io_kbytes" : 0,
        "bw_bytes" : 0,
        "bw" : 0,
        "iops" : 0.000000,
        "runtime" : 0,
        "total_ios" : 0,
        "short_ios" : 0,
        "drop_ios" : 0,
        "slat_ns" : {
          "min" : 0,
          "max" : 0,
          "mean" : 0.000000,
          "stddev" : 0.000000,
          "N" : 0
        },
        "clat_ns" : {
          "min" : 0,
          "max" : 0,
          "mean" : 0.000000,
          "stddev" : 0.000000,
          "N" : 0
        },
        "lat_ns" : {
          "min" : 0,
          "max" : 0,
          "mean" : 0.000000,
          "stddev" : 0.000000,
          "N" : 0
        },
        "bw_min" : 0,
        "bw_max" : 0,
        "bw_agg" : 0.000000,
        "bw_mean" : 0.000000,
        "bw_dev" : 0.000000,
        "bw_samples" : 0,
        "iops_min" : 0,
        "iops_max" : 0,
        "iops_mean" : 0.000000,
        "iops_stddev" : 0.000000,
        "iops_samples" : 0
      },
      "sync" : {
        "total_ios" : 0,
        "lat_ns" : {
          "min" : 0,
          "max" : 0,
          "mean" : 0.000000,
          "stddev" : 0.000000,
          "N" : 0
        }
      },
      "job_runtime" : 5006,
      "usr_cpu" : 1.578106,
      "sys_cpu" : 5.533360,
      "ctx" : 94737,
      "majf" : 0,
      "minf" : 2054,
      "iodepth_level" : {
        "1" : 0.100000,
        "2" : 0.100000,
        "4" : 0.100000,
        "8" : 0.100000,
        "16" : 0.100000,
        "32" : 0.100000,
        ">=64" : 99.939316
      },
      "iodepth_submit" : {
        "0" : 0.000000,
        "4" : 100.000000,
        "8" : 0.000000,
        "16" : 0.000000,
        "32" : 0.000000,
        "64" : 0.000000,
        ">=64" : 0.000000
      },
      "iodepth_complete" : {
        "0" : 0.000000,
        "4" : 99.999036,
        "8" : 0.000000,
        "16" : 0.000000,
        "32" : 0.000000,
        "64" : 0.000000,
        ">=64" : 0.100000
      },
      "latency_ns" : {
        "2" : 0.000000,
        "4" : 0.000000,
        "10" : 0.000000,
        "20" : 0.000000,
        "50" : 0.000000,
        "100" : 0.000000,
        "250" : 0.000000,
        "500" : 0.000000,
        "750" : 0.000000,
        "1000" : 0.000000
      },
      "latency_us" : {
        "2" : 0.000000,
        "4" : 0.000000,
        "10" : 0.000000,
        "20" : 0.000000,
        "50" : 0.000000,
        "100" : 0.000000,
        "250" : 0.000000,
        "500" : 0.000000,
        "750" : 0.000000,
        "1000" : 0.000000
      },
      "latency_ms" : {
        "2" : 0.011559,
        "4" : 0.322686,
        "10" : 97.565886,
        "20" : 2.099869,
        "50" : 0.000000,
        "100" : 0.000000,
        "250" : 0.000000,
        "500" : 0.000000,
        "750" : 0.000000,
        "1000" : 0.000000,
        "2000" : 0.000000,
        ">=2000" : 0.000000
      },
      "latency_depth" : 128,
      "latency_target" : 0,
      "latency_target_ns" : 0,
      "latency_percentile" : 100.000000,
      "latency_window" : 0,
      "latency_window_us" : 0
    }
  ],
  "disk_util" : [
    {
      "name" : "nvme2n1",
      "read_ios" : 101508,
      "write_ios" : 0,
      "read_sectors" : 12993024,
      "write_sectors" : 0,
      "read_merges" : 0,
      "write_merges" : 0,
      "read_ticks" : 626253,
      "write_ticks" : 0,
      "in_queue" : 626253,
      "util" : 98.158527
    }
  ]
}
