{
  "fio version" : "fio-3.36",
  "timestamp" : 1781331210,
  "timestamp_ms" : 1781331210445,
  "time" : "Sat Jun 13 06:13:30 2026",
  "jobs" : [
    {
      "jobname" : "randomread_64k_16",
      "groupid" : 0,
      "job_start" : 1781331205427,
      "error" : 0,
      "eta" : 0,
      "elapsed" : 6,
      "job options" : {
        "name" : "randomread_64k_16",
        "filename" : "/dev/nvme3n1",
        "ioengine" : "io_uring",
        "direct" : "1",
        "rw" : "randread",
        "bs" : "64k",
        "iodepth" : "16",
        "size" : "3G",
        "runtime" : "5"
      },
      "read" : {
        "io_bytes" : 5486149632,
        "io_kbytes" : 5357568,
        "bw_bytes" : 1096791209,
        "bw" : 1071085,
        "iops" : 16735.705718,
        "runtime" : 5002,
        "total_ios" : 83712,
        "short_ios" : 0,
        "drop_ios" : 0,
        "slat_ns" : {
          "min" : 1434,
          "max" : 25686,
          "mean" : 1944.609745,
          "stddev" : 457.835338,
          "N" : 83712
        },
        "clat_ns" : {
          "min" : 99191,
          "max" : 2984714,
          "mean" : 953718.207127,
          "stddev" : 344018.305302,
          "N" : 83712,
          "percentile" : {
            "1.000000" : 280576,
            "5.000000" : 444416,
            "10.000000" : 544768,
            "20.000000" : 675840,
            "30.000000" : 765952,
            "40.000000" : 847872,
            "50.000000" : 929792,
            "60.000000" : 1011712,
            "70.000000" : 1105920,
            "80.000000" : 1204224,
            "90.000000" : 1368064,
            "95.000000" : 1531904,
            "99.000000" : 2023424,
            "99.500000" : 2211840,
            "99.900000" : 2506752,
            "99.950000" : 2572288,
            "99.990000" : 2768896
          }
        },
        "lat_ns" : {
          "min" : 100930,
          "max" : 2986602,
          "mean" : 955662.816872,
          "stddev" : 344010.514035,
          "N" : 83712
        },
        "bw_min" : 784000,
        "bw_max" : 1179648,
        "bw_agg" : 100.000000,
        "bw_mean" : 1071345.777778,
        "bw_dev" : 115973.923812,
        "bw_samples" : 9,
        "iops_min" : 12250,
        "iops_max" : 18432,
        "iops_mean" : 16739.777778,
        "iops_stddev" : 1812.092560,
        "iops_samples" : 9
      },
      "write" : {
        "io_bytes" : 0,
        "io_kbytes" : 0,
        "bw_bytes" : 0,
        "bw" : 0,
        "iops" : 0.000000,
        "runtime" : 0,
        "total_ios" : 0,
        "short_ios" : 0,
        "drop_ios" : 0,
        "slat_ns" : {
          "min" : 0,
          "max" : 0,
          "mean" : 0.000000,
          "stddev" : 0.000000,
          "N" : 0
        },
        "clat_ns" : {
          "min" : 0,
          "max" : 0,
          "mean" : 0.000000,
          "stddev" : 0.000000,
          "N" : 0
        },
        "lat_ns" : {
          "min" : 0,
          "max" : 0,
          "mean" : 0.000000,
          "stddev" : 0.000000,
          "N" : 0
        },
        "bw_min" : 0,
        "bw_max" : 0,
        "bw_agg" : 0.000000,
        "bw_mean" : 0.000000,
        "bw_dev" : 0.000000,
        "bw_samples" : 0,
        "iops_min" : 0,
        "iops_max" : 0,
        "iops_mean" : 0.000000,
        "iops_stddev" : 0.000000,
        "iops_samples" : 0
      },
      "trim" : {
        "io_bytes" : 0,
        "io_kbytes" : 0,
        "bw_bytes" : 0,
        "bw" : 0,
        "iops" : 0.000000,
        "runtime" : 0,
        "total_ios" : 0,
        "short_ios" : 0,
        "drop_ios" : 0,
        "slat_ns" : {
          "min" : 0,
          "max" : 0,
          "mean" : 0.000000,
          "stddev" : 0.000000,
          "N" : 0
        },
        "clat_ns" : {
          "min" : 0,
          "max" : 0,
          "mean" : 0.000000,
          "stddev" : 0.000000,
          "N" : 0
        },
        "lat_ns" : {
          "min" : 0,
          "max" : 0,
          "mean" : 0.000000,
          "stddev" : 0.000000,
          "N" : 0
        },
        "bw_min" : 0,
        "bw_max" : 0,
        "bw_agg" : 0.000000,
        "bw_mean" : 0.000000,
        "bw_dev" : 0.000000,
        "bw_samples" : 0,
        "iops_min" : 0,
        "iops_max" : 0,
        "iops_mean" : 0.000000,
        "iops_stddev" : 0.000000,
        "iops_samples" : 0
      },
      "sync" : {
        "total_ios" : 0,
        "lat_ns" : {
          "min" : 0,
          "max" : 0,
          "mean" : 0.000000,
          "stddev" : 0.000000,
          "N" : 0
        }
      },
      "job_runtime" : 5001,
      "usr_cpu" : 0.459908,
      "sys_cpu" : 5.058988,
      "ctx" : 80356,
      "majf" : 0,
      "minf" : 265,
      "iodepth_level" : {
        "1" : 0.100000,
        "2" : 0.100000,
        "4" : 0.100000,
        "8" : 0.100000,
        "16" : 99.982081,
        "32" : 0.000000,
        ">=64" : 0.000000
      },
      "iodepth_submit" : {
        "0" : 0.000000,
        "4" : 100.000000,
        "8" : 0.000000,
        "16" : 0.000000,
        "32" : 0.000000,
        "64" : 0.000000,
        ">=64" : 0.000000
      },
      "iodepth_complete" : {
        "0" : 0.000000,
        "4" : 99.998805,
        "8" : 0.000000,
        "16" : 0.100000,
        "32" : 0.000000,
        "64" : 0.000000,
        ">=64" : 0.000000
      },
      "latency_ns" : {
        "2" : 0.000000,
        "4" : 0.000000,
        "10" : 0.000000,
        "20" : 0.000000,
        "50" : 0.000000,
        "100" : 0.000000,
        "250" : 0.000000,
        "500" : 0.000000,
        "750" : 0.000000,
        "1000" : 0.000000
      },
      "latency_us" : {
        "2" : 0.000000,
        "4" : 0.000000,
        "10" : 0.000000,
        "20" : 0.000000,
        "50" : 0.000000,
        "100" : 0.010000,
        "250" : 0.674933,
        "500" : 6.944046,
        "750" : 20.521550,
        "1000" : 30.841456
      },
      "latency_ms" : {
        "2" : 39.909451,
        "4" : 1.106174,
        "10" : 0.000000,
        "20" : 0.000000,
        "50" : 0.000000,
        "100" : 0.000000,
        "250" : 0.000000,
        "500" : 0.000000,
        "750" : 0.000000,
        "1000" : 0.000000,
        "2000" : 0.000000,
        ">=2000" : 0.000000
      },
      "latency_depth" : 16,
      "latency_target" : 0,
      "latency_percentile" : 100.000000,
      "latency_window" : 0
    }
  ],
  "disk_util" : [
    {
      "name" : "nvme3n1",
      "read_ios" : 82015,
      "write_ios" : 0,
      "read_sectors" : 10497920,
      "write_sectors" : 0,
      "read_merges" : 0,
      "write_merges" : 0,
      "read_ticks" : 78160,
      "write_ticks" : 0,
      "in_queue" : 78160,
      "util" : 98.119248
    }
  ]
}
