{
  "fio version" : "fio-3.36",
  "timestamp" : 1781331068,
  "timestamp_ms" : 1781331068313,
  "time" : "Sat Jun 13 06:11:08 2026",
  "jobs" : [
    {
      "jobname" : "randomread_8k_16",
      "groupid" : 0,
      "job_start" : 1781331063294,
      "error" : 0,
      "eta" : 0,
      "elapsed" : 6,
      "job options" : {
        "name" : "randomread_8k_16",
        "filename" : "/dev/nvme3n1",
        "ioengine" : "io_uring",
        "direct" : "1",
        "rw" : "randread",
        "bs" : "8k",
        "iodepth" : "16",
        "size" : "3G",
        "runtime" : "5"
      },
      "read" : {
        "io_bytes" : 3234398208,
        "io_kbytes" : 3158592,
        "bw_bytes" : 646750291,
        "bw" : 631592,
        "iops" : 78949.010198,
        "runtime" : 5001,
        "total_ios" : 394824,
        "short_ios" : 0,
        "drop_ios" : 0,
        "slat_ns" : {
          "min" : 766,
          "max" : 125319,
          "mean" : 1197.480779,
          "stddev" : 332.396865,
          "N" : 394824
        },
        "clat_ns" : {
          "min" : 53461,
          "max" : 1119550,
          "mean" : 201253.427996,
          "stddev" : 96320.006727,
          "N" : 394824,
          "percentile" : {
            "1.000000" : 59648,
            "5.000000" : 72192,
            "10.000000" : 81408,
            "20.000000" : 114176,
            "30.000000" : 140288,
            "40.000000" : 162816,
            "50.000000" : 187392,
            "60.000000" : 211968,
            "70.000000" : 242688,
            "80.000000" : 280576,
            "90.000000" : 333824,
            "95.000000" : 378880,
            "99.000000" : 468992,
            "99.500000" : 505856,
            "99.900000" : 585728,
            "99.950000" : 634880,
            "99.990000" : 856064
          }
        },
        "lat_ns" : {
          "min" : 59658,
          "max" : 1120563,
          "mean" : 202450.908775,
          "stddev" : 96313.636149,
          "N" : 394824
        },
        "bw_min" : 609405,
        "bw_max" : 638704,
        "bw_agg" : 99.869048,
        "bw_mean" : 630765.888889,
        "bw_dev" : 8431.073011,
        "bw_samples" : 9,
        "iops_min" : 76175,
        "iops_max" : 79838,
        "iops_mean" : 78845.666667,
        "iops_stddev" : 1054.082065,
        "iops_samples" : 9
      },
      "write" : {
        "io_bytes" : 0,
        "io_kbytes" : 0,
        "bw_bytes" : 0,
        "bw" : 0,
        "iops" : 0.000000,
        "runtime" : 0,
        "total_ios" : 0,
        "short_ios" : 0,
        "drop_ios" : 0,
        "slat_ns" : {
          "min" : 0,
          "max" : 0,
          "mean" : 0.000000,
          "stddev" : 0.000000,
          "N" : 0
        },
        "clat_ns" : {
          "min" : 0,
          "max" : 0,
          "mean" : 0.000000,
          "stddev" : 0.000000,
          "N" : 0
        },
        "lat_ns" : {
          "min" : 0,
          "max" : 0,
          "mean" : 0.000000,
          "stddev" : 0.000000,
          "N" : 0
        },
        "bw_min" : 0,
        "bw_max" : 0,
        "bw_agg" : 0.000000,
        "bw_mean" : 0.000000,
        "bw_dev" : 0.000000,
        "bw_samples" : 0,
        "iops_min" : 0,
        "iops_max" : 0,
        "iops_mean" : 0.000000,
        "iops_stddev" : 0.000000,
        "iops_samples" : 0
      },
      "trim" : {
        "io_bytes" : 0,
        "io_kbytes" : 0,
        "bw_bytes" : 0,
        "bw" : 0,
        "iops" : 0.000000,
        "runtime" : 0,
        "total_ios" : 0,
        "short_ios" : 0,
        "drop_ios" : 0,
        "slat_ns" : {
          "min" : 0,
          "max" : 0,
          "mean" : 0.000000,
          "stddev" : 0.000000,
          "N" : 0
        },
        "clat_ns" : {
          "min" : 0,
          "max" : 0,
          "mean" : 0.000000,
          "stddev" : 0.000000,
          "N" : 0
        },
        "lat_ns" : {
          "min" : 0,
          "max" : 0,
          "mean" : 0.000000,
          "stddev" : 0.000000,
          "N" : 0
        },
        "bw_min" : 0,
        "bw_max" : 0,
        "bw_agg" : 0.000000,
        "bw_mean" : 0.000000,
        "bw_dev" : 0.000000,
        "bw_samples" : 0,
        "iops_min" : 0,
        "iops_max" : 0,
        "iops_mean" : 0.000000,
        "iops_stddev" : 0.000000,
        "iops_samples" : 0
      },
      "sync" : {
        "total_ios" : 0,
        "lat_ns" : {
          "min" : 0,
          "max" : 0,
          "mean" : 0.000000,
          "stddev" : 0.000000,
          "N" : 0
        }
      },
      "job_runtime" : 5000,
      "usr_cpu" : 3.620000,
      "sys_cpu" : 14.820000,
      "ctx" : 313575,
      "majf" : 0,
      "minf" : 40,
      "iodepth_level" : {
        "1" : 0.100000,
        "2" : 0.100000,
        "4" : 0.100000,
        "8" : 0.100000,
        "16" : 99.996201,
        "32" : 0.000000,
        ">=64" : 0.000000
      },
      "iodepth_submit" : {
        "0" : 0.000000,
        "4" : 100.000000,
        "8" : 0.000000,
        "16" : 0.000000,
        "32" : 0.000000,
        "64" : 0.000000,
        ">=64" : 0.000000
      },
      "iodepth_complete" : {
        "0" : 0.000000,
        "4" : 99.999747,
        "8" : 0.000000,
        "16" : 0.100000,
        "32" : 0.000000,
        "64" : 0.000000,
        ">=64" : 0.000000
      },
      "latency_ns" : {
        "2" : 0.000000,
        "4" : 0.000000,
        "10" : 0.000000,
        "20" : 0.000000,
        "50" : 0.000000,
        "100" : 0.000000,
        "250" : 0.000000,
        "500" : 0.000000,
        "750" : 0.000000,
        "1000" : 0.000000
      },
      "latency_us" : {
        "2" : 0.000000,
        "4" : 0.000000,
        "10" : 0.000000,
        "20" : 0.000000,
        "50" : 0.000000,
        "100" : 14.807610,
        "250" : 57.222459,
        "500" : 27.423612,
        "750" : 0.523778,
        "1000" : 0.020515
      },
      "latency_ms" : {
        "2" : 0.010000,
        "4" : 0.000000,
        "10" : 0.000000,
        "20" : 0.000000,
        "50" : 0.000000,
        "100" : 0.000000,
        "250" : 0.000000,
        "500" : 0.000000,
        "750" : 0.000000,
        "1000" : 0.000000,
        "2000" : 0.000000,
        ">=2000" : 0.000000
      },
      "latency_depth" : 16,
      "latency_target" : 0,
      "latency_percentile" : 100.000000,
      "latency_window" : 0
    }
  ],
  "disk_util" : [
    {
      "name" : "nvme3n1",
      "read_ios" : 386763,
      "write_ios" : 0,
      "read_sectors" : 6188208,
      "write_sectors" : 0,
      "read_merges" : 0,
      "write_merges" : 0,
      "read_ticks" : 77452,
      "write_ticks" : 0,
      "in_queue" : 77452,
      "util" : 98.058835
    }
  ]
}
