{
  "fio version" : "fio-3.42-31-g6a66",
  "timestamp" : 1781281739,
  "timestamp_ms" : 1781281739742,
  "time" : "Fri Jun 12 16:28:59 2026",
  "jobs" : [
    {
      "jobname" : "randomread_8k_16",
      "groupid" : 0,
      "job_start" : 1781281734594,
      "error" : 0,
      "eta" : 0,
      "elapsed" : 6,
      "job options" : {
        "name" : "randomread_8k_16",
        "filename" : "/dev/nvme2n1",
        "ioengine" : "io_uring",
        "direct" : "1",
        "group_reporting" : "",
        "rw" : "randread",
        "bs" : "8k",
        "iodepth" : "16",
        "size" : "3G",
        "time_based" : "",
        "runtime" : "5"
      },
      "read" : {
        "io_bytes" : 3244679168,
        "io_kbytes" : 3168632,
        "bw_bytes" : 648806072,
        "bw" : 633599,
        "iops" : 79199.960008,
        "runtime" : 5001,
        "total_ios" : 396079,
        "short_ios" : 0,
        "drop_ios" : 0,
        "slat_ns" : {
          "min" : 657,
          "max" : 27013,
          "mean" : 886.045135,
          "stddev" : 471.078833,
          "N" : 396079
        },
        "clat_ns" : {
          "min" : 58454,
          "max" : 840696,
          "mean" : 200936.891986,
          "stddev" : 94769.803333,
          "N" : 396079,
          "percentile" : {
            "1.000000" : 61184,
            "5.000000" : 73216,
            "10.000000" : 83456,
            "20.000000" : 115200,
            "30.000000" : 140288,
            "40.000000" : 162816,
            "50.000000" : 187392,
            "60.000000" : 211968,
            "70.000000" : 242688,
            "80.000000" : 276480,
            "90.000000" : 333824,
            "95.000000" : 378880,
            "99.000000" : 468992,
            "99.500000" : 501760,
            "99.900000" : 577536,
            "99.950000" : 602112,
            "99.990000" : 675840
          }
        },
        "lat_ns" : {
          "min" : 60090,
          "max" : 841582,
          "mean" : 201822.937121,
          "stddev" : 94761.797470,
          "N" : 396079
        },
        "bw_min" : 613696,
        "bw_max" : 641728,
        "bw_agg" : 99.974482,
        "bw_mean" : 633438.222222,
        "bw_dev" : 8178.588414,
        "bw_samples" : 9,
        "iops_min" : 76712,
        "iops_max" : 80216,
        "iops_mean" : 79179.777778,
        "iops_stddev" : 1022.323552,
        "iops_samples" : 9
      },
      "write" : {
        "io_bytes" : 0,
        "io_kbytes" : 0,
        "bw_bytes" : 0,
        "bw" : 0,
        "iops" : 0.000000,
        "runtime" : 0,
        "total_ios" : 0,
        "short_ios" : 0,
        "drop_ios" : 0,
        "slat_ns" : {
          "min" : 0,
          "max" : 0,
          "mean" : 0.000000,
          "stddev" : 0.000000,
          "N" : 0
        },
        "clat_ns" : {
          "min" : 0,
          "max" : 0,
          "mean" : 0.000000,
          "stddev" : 0.000000,
          "N" : 0
        },
        "lat_ns" : {
          "min" : 0,
          "max" : 0,
          "mean" : 0.000000,
          "stddev" : 0.000000,
          "N" : 0
        },
        "bw_min" : 0,
        "bw_max" : 0,
        "bw_agg" : 0.000000,
        "bw_mean" : 0.000000,
        "bw_dev" : 0.000000,
        "bw_samples" : 0,
        "iops_min" : 0,
        "iops_max" : 0,
        "iops_mean" : 0.000000,
        "iops_stddev" : 0.000000,
        "iops_samples" : 0
      },
      "trim" : {
        "io_bytes" : 0,
        "io_kbytes" : 0,
        "bw_bytes" : 0,
        "bw" : 0,
        "iops" : 0.000000,
        "runtime" : 0,
        "total_ios" : 0,
        "short_ios" : 0,
        "drop_ios" : 0,
        "slat_ns" : {
          "min" : 0,
          "max" : 0,
          "mean" : 0.000000,
          "stddev" : 0.000000,
          "N" : 0
        },
        "clat_ns" : {
          "min" : 0,
          "max" : 0,
          "mean" : 0.000000,
          "stddev" : 0.000000,
          "N" : 0
        },
        "lat_ns" : {
          "min" : 0,
          "max" : 0,
          "mean" : 0.000000,
          "stddev" : 0.000000,
          "N" : 0
        },
        "bw_min" : 0,
        "bw_max" : 0,
        "bw_agg" : 0.000000,
        "bw_mean" : 0.000000,
        "bw_dev" : 0.000000,
        "bw_samples" : 0,
        "iops_min" : 0,
        "iops_max" : 0,
        "iops_mean" : 0.000000,
        "iops_stddev" : 0.000000,
        "iops_samples" : 0
      },
      "sync" : {
        "total_ios" : 0,
        "lat_ns" : {
          "min" : 0,
          "max" : 0,
          "mean" : 0.000000,
          "stddev" : 0.000000,
          "N" : 0
        }
      },
      "job_runtime" : 5000,
      "usr_cpu" : 3.520000,
      "sys_cpu" : 15.720000,
      "ctx" : 303963,
      "majf" : 0,
      "minf" : 42,
      "iodepth_level" : {
        "1" : 0.100000,
        "2" : 0.100000,
        "4" : 0.100000,
        "8" : 0.100000,
        "16" : 99.996213,
        "32" : 0.000000,
        ">=64" : 0.000000
      },
      "iodepth_submit" : {
        "0" : 0.000000,
        "4" : 100.000000,
        "8" : 0.000000,
        "16" : 0.000000,
        "32" : 0.000000,
        "64" : 0.000000,
        ">=64" : 0.000000
      },
      "iodepth_complete" : {
        "0" : 0.000000,
        "4" : 99.999748,
        "8" : 0.000000,
        "16" : 0.100000,
        "32" : 0.000000,
        "64" : 0.000000,
        ">=64" : 0.000000
      },
      "latency_ns" : {
        "2" : 0.000000,
        "4" : 0.000000,
        "10" : 0.000000,
        "20" : 0.000000,
        "50" : 0.000000,
        "100" : 0.000000,
        "250" : 0.000000,
        "500" : 0.000000,
        "750" : 0.000000,
        "1000" : 0.000000
      },
      "latency_us" : {
        "2" : 0.000000,
        "4" : 0.000000,
        "10" : 0.000000,
        "20" : 0.000000,
        "50" : 0.000000,
        "100" : 14.287301,
        "250" : 58.124768,
        "500" : 27.088535,
        "750" : 0.497376,
        "1000" : 0.010000
      },
      "latency_ms" : {
        "2" : 0.000000,
        "4" : 0.000000,
        "10" : 0.000000,
        "20" : 0.000000,
        "50" : 0.000000,
        "100" : 0.000000,
        "250" : 0.000000,
        "500" : 0.000000,
        "750" : 0.000000,
        "1000" : 0.000000,
        "2000" : 0.000000,
        ">=2000" : 0.000000
      },
      "latency_depth" : 16,
      "latency_target" : 0,
      "latency_target_ns" : 0,
      "latency_percentile" : 100.000000,
      "latency_window" : 0,
      "latency_window_us" : 0
    }
  ],
  "disk_util" : [
    {
      "name" : "nvme2n1",
      "read_ios" : 388292,
      "write_ios" : 0,
      "read_sectors" : 6212672,
      "write_sectors" : 0,
      "read_merges" : 0,
      "write_merges" : 0,
      "read_ticks" : 77490,
      "write_ticks" : 0,
      "in_queue" : 77491,
      "util" : 98.078463
    }
  ]
}
