{
  "fio version" : "fio-3.42-31-g6a66",
  "timestamp" : 1781281761,
  "timestamp_ms" : 1781281761288,
  "time" : "Fri Jun 12 16:29:21 2026",
  "jobs" : [
    {
      "jobname" : "randomread_8k_256",
      "groupid" : 0,
      "job_start" : 1781281756140,
      "error" : 0,
      "eta" : 0,
      "elapsed" : 6,
      "job options" : {
        "name" : "randomread_8k_256",
        "filename" : "/dev/nvme2n1",
        "ioengine" : "io_uring",
        "direct" : "1",
        "group_reporting" : "",
        "rw" : "randread",
        "bs" : "8k",
        "iodepth" : "256",
        "size" : "3G",
        "time_based" : "",
        "runtime" : "5"
      },
      "read" : {
        "io_bytes" : 3890233344,
        "io_kbytes" : 3799056,
        "bw_bytes" : 777114131,
        "bw" : 758900,
        "iops" : 94862.564922,
        "runtime" : 5006,
        "total_ios" : 474882,
        "short_ios" : 0,
        "drop_ios" : 0,
        "slat_ns" : {
          "min" : 662,
          "max" : 26481,
          "mean" : 881.774388,
          "stddev" : 423.850642,
          "N" : 474882
        },
        "clat_ns" : {
          "min" : 59152,
          "max" : 10717440,
          "mean" : 2696950.183810,
          "stddev" : 2240390.201110,
          "N" : 474882,
          "percentile" : {
            "1.000000" : 81408,
            "5.000000" : 148480,
            "10.000000" : 211968,
            "20.000000" : 337920,
            "30.000000" : 485376,
            "40.000000" : 716800,
            "50.000000" : 3031040,
            "60.000000" : 4554752,
            "70.000000" : 4816896,
            "80.000000" : 5013504,
            "90.000000" : 5275648,
            "95.000000" : 5472256,
            "99.000000" : 5799936,
            "99.500000" : 5931008,
            "99.900000" : 6258688,
            "99.950000" : 6389760,
            "99.990000" : 9895936
          }
        },
        "lat_ns" : {
          "min" : 59986,
          "max" : 10718335,
          "mean" : 2697831.958198,
          "stddev" : 2240390.115072,
          "N" : 474882
        },
        "bw_min" : 734992,
        "bw_max" : 786096,
        "bw_agg" : 100.000000,
        "bw_mean" : 759403.200000,
        "bw_dev" : 13388.328290,
        "bw_samples" : 10,
        "iops_min" : 91874,
        "iops_max" : 98262,
        "iops_mean" : 94925.400000,
        "iops_stddev" : 1673.541036,
        "iops_samples" : 10
      },
      "write" : {
        "io_bytes" : 0,
        "io_kbytes" : 0,
        "bw_bytes" : 0,
        "bw" : 0,
        "iops" : 0.000000,
        "runtime" : 0,
        "total_ios" : 0,
        "short_ios" : 0,
        "drop_ios" : 0,
        "slat_ns" : {
          "min" : 0,
          "max" : 0,
          "mean" : 0.000000,
          "stddev" : 0.000000,
          "N" : 0
        },
        "clat_ns" : {
          "min" : 0,
          "max" : 0,
          "mean" : 0.000000,
          "stddev" : 0.000000,
          "N" : 0
        },
        "lat_ns" : {
          "min" : 0,
          "max" : 0,
          "mean" : 0.000000,
          "stddev" : 0.000000,
          "N" : 0
        },
        "bw_min" : 0,
        "bw_max" : 0,
        "bw_agg" : 0.000000,
        "bw_mean" : 0.000000,
        "bw_dev" : 0.000000,
        "bw_samples" : 0,
        "iops_min" : 0,
        "iops_max" : 0,
        "iops_mean" : 0.000000,
        "iops_stddev" : 0.000000,
        "iops_samples" : 0
      },
      "trim" : {
        "io_bytes" : 0,
        "io_kbytes" : 0,
        "bw_bytes" : 0,
        "bw" : 0,
        "iops" : 0.000000,
        "runtime" : 0,
        "total_ios" : 0,
        "short_ios" : 0,
        "drop_ios" : 0,
        "slat_ns" : {
          "min" : 0,
          "max" : 0,
          "mean" : 0.000000,
          "stddev" : 0.000000,
          "N" : 0
        },
        "clat_ns" : {
          "min" : 0,
          "max" : 0,
          "mean" : 0.000000,
          "stddev" : 0.000000,
          "N" : 0
        },
        "lat_ns" : {
          "min" : 0,
          "max" : 0,
          "mean" : 0.000000,
          "stddev" : 0.000000,
          "N" : 0
        },
        "bw_min" : 0,
        "bw_max" : 0,
        "bw_agg" : 0.000000,
        "bw_mean" : 0.000000,
        "bw_dev" : 0.000000,
        "bw_samples" : 0,
        "iops_min" : 0,
        "iops_max" : 0,
        "iops_mean" : 0.000000,
        "iops_stddev" : 0.000000,
        "iops_samples" : 0
      },
      "sync" : {
        "total_ios" : 0,
        "lat_ns" : {
          "min" : 0,
          "max" : 0,
          "mean" : 0.000000,
          "stddev" : 0.000000,
          "N" : 0
        }
      },
      "job_runtime" : 5005,
      "usr_cpu" : 4.355644,
      "sys_cpu" : 15.284715,
      "ctx" : 274661,
      "majf" : 0,
      "minf" : 519,
      "iodepth_level" : {
        "1" : 0.100000,
        "2" : 0.100000,
        "4" : 0.100000,
        "8" : 0.100000,
        "16" : 0.100000,
        "32" : 0.100000,
        ">=64" : 99.986734
      },
      "iodepth_submit" : {
        "0" : 0.000000,
        "4" : 100.000000,
        "8" : 0.000000,
        "16" : 0.000000,
        "32" : 0.000000,
        "64" : 0.000000,
        ">=64" : 0.000000
      },
      "iodepth_complete" : {
        "0" : 0.000000,
        "4" : 99.999789,
        "8" : 0.000000,
        "16" : 0.000000,
        "32" : 0.000000,
        "64" : 0.000000,
        ">=64" : 0.100000
      },
      "latency_ns" : {
        "2" : 0.000000,
        "4" : 0.000000,
        "10" : 0.000000,
        "20" : 0.000000,
        "50" : 0.000000,
        "100" : 0.000000,
        "250" : 0.000000,
        "500" : 0.000000,
        "750" : 0.000000,
        "1000" : 0.000000
      },
      "latency_us" : {
        "2" : 0.000000,
        "4" : 0.000000,
        "10" : 0.000000,
        "20" : 0.000000,
        "50" : 0.000000,
        "100" : 1.888890,
        "250" : 11.205731,
        "500" : 17.698291,
        "750" : 10.240649,
        "1000" : 5.113270
      },
      "latency_ms" : {
        "2" : 3.212377,
        "4" : 2.637497,
        "10" : 47.994449,
        "20" : 0.010000,
        "50" : 0.000000,
        "100" : 0.000000,
        "250" : 0.000000,
        "500" : 0.000000,
        "750" : 0.000000,
        "1000" : 0.000000,
        "2000" : 0.000000,
        ">=2000" : 0.000000
      },
      "latency_depth" : 256,
      "latency_target" : 0,
      "latency_target_ns" : 0,
      "latency_percentile" : 100.000000,
      "latency_window" : 0,
      "latency_window_us" : 0
    }
  ],
  "disk_util" : [
    {
      "name" : "nvme2n1",
      "read_ios" : 464924,
      "write_ios" : 0,
      "read_sectors" : 7438784,
      "write_sectors" : 0,
      "read_merges" : 0,
      "write_merges" : 0,
      "read_ticks" : 1251811,
      "write_ticks" : 0,
      "in_queue" : 1251811,
      "util" : 98.158527
    }
  ]
}
