{
  "fio version" : "fio-3.36",
  "timestamp" : 1781331089,
  "timestamp_ms" : 1781331089371,
  "time" : "Sat Jun 13 06:11:29 2026",
  "jobs" : [
    {
      "jobname" : "randomread_8k_256",
      "groupid" : 0,
      "job_start" : 1781331084351,
      "error" : 0,
      "eta" : 0,
      "elapsed" : 6,
      "job options" : {
        "name" : "randomread_8k_256",
        "filename" : "/dev/nvme3n1",
        "ioengine" : "io_uring",
        "direct" : "1",
        "rw" : "randread",
        "bs" : "8k",
        "iodepth" : "256",
        "size" : "3G",
        "runtime" : "5"
      },
      "read" : {
        "io_bytes" : 3934650368,
        "io_kbytes" : 3842432,
        "bw_bytes" : 785986889,
        "bw" : 767565,
        "iops" : 95945.665202,
        "runtime" : 5006,
        "total_ios" : 480304,
        "short_ios" : 0,
        "drop_ios" : 0,
        "slat_ns" : {
          "min" : 784,
          "max" : 61164,
          "mean" : 1186.952303,
          "stddev" : 280.405582,
          "N" : 480304
        },
        "clat_ns" : {
          "min" : 61236,
          "max" : 10459172,
          "mean" : 2666192.197754,
          "stddev" : 2199162.165571,
          "N" : 480304,
          "percentile" : {
            "1.000000" : 76288,
            "5.000000" : 142336,
            "10.000000" : 205824,
            "20.000000" : 333824,
            "30.000000" : 489472,
            "40.000000" : 765952,
            "50.000000" : 3063808,
            "60.000000" : 4423680,
            "70.000000" : 4751360,
            "80.000000" : 4947968,
            "90.000000" : 5210112,
            "95.000000" : 5406720,
            "99.000000" : 5734400,
            "99.500000" : 5865472,
            "99.900000" : 6258688,
            "99.950000" : 6651904,
            "99.990000" : 9240576
          }
        },
        "lat_ns" : {
          "min" : 62396,
          "max" : 10460190,
          "mean" : 2667379.150057,
          "stddev" : 2199161.342798,
          "N" : 480304
        },
        "bw_min" : 746784,
        "bw_max" : 789136,
        "bw_agg" : 100.000000,
        "bw_mean" : 768078.400000,
        "bw_dev" : 12124.261986,
        "bw_samples" : 10,
        "iops_min" : 93348,
        "iops_max" : 98642,
        "iops_mean" : 96009.800000,
        "iops_stddev" : 1515.532748,
        "iops_samples" : 10
      },
      "write" : {
        "io_bytes" : 0,
        "io_kbytes" : 0,
        "bw_bytes" : 0,
        "bw" : 0,
        "iops" : 0.000000,
        "runtime" : 0,
        "total_ios" : 0,
        "short_ios" : 0,
        "drop_ios" : 0,
        "slat_ns" : {
          "min" : 0,
          "max" : 0,
          "mean" : 0.000000,
          "stddev" : 0.000000,
          "N" : 0
        },
        "clat_ns" : {
          "min" : 0,
          "max" : 0,
          "mean" : 0.000000,
          "stddev" : 0.000000,
          "N" : 0
        },
        "lat_ns" : {
          "min" : 0,
          "max" : 0,
          "mean" : 0.000000,
          "stddev" : 0.000000,
          "N" : 0
        },
        "bw_min" : 0,
        "bw_max" : 0,
        "bw_agg" : 0.000000,
        "bw_mean" : 0.000000,
        "bw_dev" : 0.000000,
        "bw_samples" : 0,
        "iops_min" : 0,
        "iops_max" : 0,
        "iops_mean" : 0.000000,
        "iops_stddev" : 0.000000,
        "iops_samples" : 0
      },
      "trim" : {
        "io_bytes" : 0,
        "io_kbytes" : 0,
        "bw_bytes" : 0,
        "bw" : 0,
        "iops" : 0.000000,
        "runtime" : 0,
        "total_ios" : 0,
        "short_ios" : 0,
        "drop_ios" : 0,
        "slat_ns" : {
          "min" : 0,
          "max" : 0,
          "mean" : 0.000000,
          "stddev" : 0.000000,
          "N" : 0
        },
        "clat_ns" : {
          "min" : 0,
          "max" : 0,
          "mean" : 0.000000,
          "stddev" : 0.000000,
          "N" : 0
        },
        "lat_ns" : {
          "min" : 0,
          "max" : 0,
          "mean" : 0.000000,
          "stddev" : 0.000000,
          "N" : 0
        },
        "bw_min" : 0,
        "bw_max" : 0,
        "bw_agg" : 0.000000,
        "bw_mean" : 0.000000,
        "bw_dev" : 0.000000,
        "bw_samples" : 0,
        "iops_min" : 0,
        "iops_max" : 0,
        "iops_mean" : 0.000000,
        "iops_stddev" : 0.000000,
        "iops_samples" : 0
      },
      "sync" : {
        "total_ios" : 0,
        "lat_ns" : {
          "min" : 0,
          "max" : 0,
          "mean" : 0.000000,
          "stddev" : 0.000000,
          "N" : 0
        }
      },
      "job_runtime" : 5005,
      "usr_cpu" : 3.616384,
      "sys_cpu" : 18.401598,
      "ctx" : 393520,
      "majf" : 0,
      "minf" : 523,
      "iodepth_level" : {
        "1" : 0.100000,
        "2" : 0.100000,
        "4" : 0.100000,
        "8" : 0.100000,
        "16" : 0.100000,
        "32" : 0.100000,
        ">=64" : 99.986883
      },
      "iodepth_submit" : {
        "0" : 0.000000,
        "4" : 100.000000,
        "8" : 0.000000,
        "16" : 0.000000,
        "32" : 0.000000,
        "64" : 0.000000,
        ">=64" : 0.000000
      },
      "iodepth_complete" : {
        "0" : 0.000000,
        "4" : 99.999792,
        "8" : 0.000000,
        "16" : 0.000000,
        "32" : 0.000000,
        "64" : 0.000000,
        ">=64" : 0.100000
      },
      "latency_ns" : {
        "2" : 0.000000,
        "4" : 0.000000,
        "10" : 0.000000,
        "20" : 0.000000,
        "50" : 0.000000,
        "100" : 0.000000,
        "250" : 0.000000,
        "500" : 0.000000,
        "750" : 0.000000,
        "1000" : 0.000000
      },
      "latency_us" : {
        "2" : 0.000000,
        "4" : 0.000000,
        "10" : 0.000000,
        "20" : 0.000000,
        "50" : 0.000000,
        "100" : 2.262734,
        "250" : 11.384040,
        "500" : 16.827676,
        "750" : 9.095490,
        "1000" : 4.891277
      },
      "latency_ms" : {
        "2" : 4.953321,
        "4" : 3.977481,
        "10" : 46.604442,
        "20" : 0.010000,
        "50" : 0.000000,
        "100" : 0.000000,
        "250" : 0.000000,
        "500" : 0.000000,
        "750" : 0.000000,
        "1000" : 0.000000,
        "2000" : 0.000000,
        ">=2000" : 0.000000
      },
      "latency_depth" : 256,
      "latency_target" : 0,
      "latency_percentile" : 100.000000,
      "latency_window" : 0
    }
  ],
  "disk_util" : [
    {
      "name" : "nvme3n1",
      "read_ios" : 470348,
      "write_ios" : 0,
      "read_sectors" : 7525568,
      "write_sectors" : 0,
      "read_merges" : 0,
      "write_merges" : 0,
      "read_ticks" : 1251949,
      "write_ticks" : 0,
      "in_queue" : 1251949,
      "util" : 98.058835
    }
  ]
}
