{
  "fio version" : "fio-3.42-31-g6a66",
  "timestamp" : 1781281745,
  "timestamp_ms" : 1781281745128,
  "time" : "Fri Jun 12 16:29:05 2026",
  "jobs" : [
    {
      "jobname" : "randomread_8k_32",
      "groupid" : 0,
      "job_start" : 1781281739980,
      "error" : 0,
      "eta" : 0,
      "elapsed" : 6,
      "job options" : {
        "name" : "randomread_8k_32",
        "filename" : "/dev/nvme2n1",
        "ioengine" : "io_uring",
        "direct" : "1",
        "group_reporting" : "",
        "rw" : "randread",
        "bs" : "8k",
        "iodepth" : "32",
        "size" : "3G",
        "time_based" : "",
        "runtime" : "5"
      },
      "read" : {
        "io_bytes" : 3700514816,
        "io_kbytes" : 3613784,
        "bw_bytes" : 739954972,
        "bw" : 722612,
        "iops" : 90326.534693,
        "runtime" : 5001,
        "total_ios" : 451723,
        "short_ios" : 0,
        "drop_ios" : 0,
        "slat_ns" : {
          "min" : 663,
          "max" : 84399,
          "mean" : 903.802904,
          "stddev" : 536.573629,
          "N" : 451723
        },
        "clat_ns" : {
          "min" : 57570,
          "max" : 1237563,
          "mean" : 353152.943636,
          "stddev" : 174119.557739,
          "N" : 451723,
          "percentile" : {
            "1.000000" : 73216,
            "5.000000" : 101888,
            "10.000000" : 136192,
            "20.000000" : 191488,
            "30.000000" : 240640,
            "40.000000" : 288768,
            "50.000000" : 337920,
            "60.000000" : 387072,
            "70.000000" : 440320,
            "80.000000" : 505856,
            "90.000000" : 593920,
            "95.000000" : 659456,
            "99.000000" : 798720,
            "99.500000" : 856064,
            "99.900000" : 962560,
            "99.950000" : 1003520,
            "99.990000" : 1089536
          }
        },
        "lat_ns" : {
          "min" : 60243,
          "max" : 1238428,
          "mean" : 354056.746539,
          "stddev" : 174113.850779,
          "N" : 451723
        },
        "bw_min" : 700176,
        "bw_max" : 733776,
        "bw_agg" : 100.000000,
        "bw_mean" : 722756.800000,
        "bw_dev" : 9277.256453,
        "bw_samples" : 10,
        "iops_min" : 87522,
        "iops_max" : 91722,
        "iops_mean" : 90344.600000,
        "iops_stddev" : 1159.657057,
        "iops_samples" : 10
      },
      "write" : {
        "io_bytes" : 0,
        "io_kbytes" : 0,
        "bw_bytes" : 0,
        "bw" : 0,
        "iops" : 0.000000,
        "runtime" : 0,
        "total_ios" : 0,
        "short_ios" : 0,
        "drop_ios" : 0,
        "slat_ns" : {
          "min" : 0,
          "max" : 0,
          "mean" : 0.000000,
          "stddev" : 0.000000,
          "N" : 0
        },
        "clat_ns" : {
          "min" : 0,
          "max" : 0,
          "mean" : 0.000000,
          "stddev" : 0.000000,
          "N" : 0
        },
        "lat_ns" : {
          "min" : 0,
          "max" : 0,
          "mean" : 0.000000,
          "stddev" : 0.000000,
          "N" : 0
        },
        "bw_min" : 0,
        "bw_max" : 0,
        "bw_agg" : 0.000000,
        "bw_mean" : 0.000000,
        "bw_dev" : 0.000000,
        "bw_samples" : 0,
        "iops_min" : 0,
        "iops_max" : 0,
        "iops_mean" : 0.000000,
        "iops_stddev" : 0.000000,
        "iops_samples" : 0
      },
      "trim" : {
        "io_bytes" : 0,
        "io_kbytes" : 0,
        "bw_bytes" : 0,
        "bw" : 0,
        "iops" : 0.000000,
        "runtime" : 0,
        "total_ios" : 0,
        "short_ios" : 0,
        "drop_ios" : 0,
        "slat_ns" : {
          "min" : 0,
          "max" : 0,
          "mean" : 0.000000,
          "stddev" : 0.000000,
          "N" : 0
        },
        "clat_ns" : {
          "min" : 0,
          "max" : 0,
          "mean" : 0.000000,
          "stddev" : 0.000000,
          "N" : 0
        },
        "lat_ns" : {
          "min" : 0,
          "max" : 0,
          "mean" : 0.000000,
          "stddev" : 0.000000,
          "N" : 0
        },
        "bw_min" : 0,
        "bw_max" : 0,
        "bw_agg" : 0.000000,
        "bw_mean" : 0.000000,
        "bw_dev" : 0.000000,
        "bw_samples" : 0,
        "iops_min" : 0,
        "iops_max" : 0,
        "iops_mean" : 0.000000,
        "iops_stddev" : 0.000000,
        "iops_samples" : 0
      },
      "sync" : {
        "total_ios" : 0,
        "lat_ns" : {
          "min" : 0,
          "max" : 0,
          "mean" : 0.000000,
          "stddev" : 0.000000,
          "N" : 0
        }
      },
      "job_runtime" : 5000,
      "usr_cpu" : 4.120000,
      "sys_cpu" : 17.880000,
      "ctx" : 324001,
      "majf" : 0,
      "minf" : 72,
      "iodepth_level" : {
        "1" : 0.100000,
        "2" : 0.100000,
        "4" : 0.100000,
        "8" : 0.100000,
        "16" : 0.100000,
        "32" : 99.993137,
        ">=64" : 0.000000
      },
      "iodepth_submit" : {
        "0" : 0.000000,
        "4" : 100.000000,
        "8" : 0.000000,
        "16" : 0.000000,
        "32" : 0.000000,
        "64" : 0.000000,
        ">=64" : 0.000000
      },
      "iodepth_complete" : {
        "0" : 0.000000,
        "4" : 99.999779,
        "8" : 0.000000,
        "16" : 0.000000,
        "32" : 0.100000,
        "64" : 0.000000,
        ">=64" : 0.000000
      },
      "latency_ns" : {
        "2" : 0.000000,
        "4" : 0.000000,
        "10" : 0.000000,
        "20" : 0.000000,
        "50" : 0.000000,
        "100" : 0.000000,
        "250" : 0.000000,
        "500" : 0.000000,
        "750" : 0.000000,
        "1000" : 0.000000
      },
      "latency_us" : {
        "2" : 0.000000,
        "4" : 0.000000,
        "10" : 0.000000,
        "20" : 0.000000,
        "50" : 0.000000,
        "100" : 4.851203,
        "250" : 27.061053,
        "500" : 47.507875,
        "750" : 18.669406,
        "1000" : 1.857112
      },
      "latency_ms" : {
        "2" : 0.053351,
        "4" : 0.000000,
        "10" : 0.000000,
        "20" : 0.000000,
        "50" : 0.000000,
        "100" : 0.000000,
        "250" : 0.000000,
        "500" : 0.000000,
        "750" : 0.000000,
        "1000" : 0.000000,
        "2000" : 0.000000,
        ">=2000" : 0.000000
      },
      "latency_depth" : 32,
      "latency_target" : 0,
      "latency_target_ns" : 0,
      "latency_percentile" : 100.000000,
      "latency_window" : 0,
      "latency_window_us" : 0
    }
  ],
  "disk_util" : [
    {
      "name" : "nvme2n1",
      "read_ios" : 442450,
      "write_ios" : 0,
      "read_sectors" : 7079200,
      "write_sectors" : 0,
      "read_merges" : 0,
      "write_merges" : 0,
      "read_ticks" : 155638,
      "write_ticks" : 0,
      "in_queue" : 155639,
      "util" : 98.158527
    }
  ]
}
