{
  "fio version" : "fio-3.36",
  "timestamp" : 1781331073,
  "timestamp_ms" : 1781331073577,
  "time" : "Sat Jun 13 06:11:13 2026",
  "jobs" : [
    {
      "jobname" : "randomread_8k_32",
      "groupid" : 0,
      "job_start" : 1781331068558,
      "error" : 0,
      "eta" : 0,
      "elapsed" : 6,
      "job options" : {
        "name" : "randomread_8k_32",
        "filename" : "/dev/nvme3n1",
        "ioengine" : "io_uring",
        "direct" : "1",
        "rw" : "randread",
        "bs" : "8k",
        "iodepth" : "32",
        "size" : "3G",
        "runtime" : "5"
      },
      "read" : {
        "io_bytes" : 3685498880,
        "io_kbytes" : 3599120,
        "bw_bytes" : 736952385,
        "bw" : 719680,
        "iops" : 89960.007998,
        "runtime" : 5001,
        "total_ios" : 449890,
        "short_ios" : 0,
        "drop_ios" : 0,
        "slat_ns" : {
          "min" : 770,
          "max" : 152361,
          "mean" : 1200.646056,
          "stddev" : 333.346965,
          "N" : 449890
        },
        "clat_ns" : {
          "min" : 58631,
          "max" : 1609515,
          "mean" : 354304.711545,
          "stddev" : 181836.446757,
          "N" : 449890,
          "percentile" : {
            "1.000000" : 71168,
            "5.000000" : 94720,
            "10.000000" : 129536,
            "20.000000" : 183296,
            "30.000000" : 234496,
            "40.000000" : 284672,
            "50.000000" : 333824,
            "60.000000" : 387072,
            "70.000000" : 444416,
            "80.000000" : 514048,
            "90.000000" : 602112,
            "95.000000" : 675840,
            "99.000000" : 815104,
            "99.500000" : 872448,
            "99.900000" : 995328,
            "99.950000" : 1056768,
            "99.990000" : 1220608
          }
        },
        "lat_ns" : {
          "min" : 59849,
          "max" : 1610727,
          "mean" : 355505.357601,
          "stddev" : 181833.958247,
          "N" : 449890
        },
        "bw_min" : 699248,
        "bw_max" : 732560,
        "bw_agg" : 100.000000,
        "bw_mean" : 719704.888889,
        "bw_dev" : 9477.323204,
        "bw_samples" : 9,
        "iops_min" : 87406,
        "iops_max" : 91570,
        "iops_mean" : 89963.111111,
        "iops_stddev" : 1184.665400,
        "iops_samples" : 9
      },
      "write" : {
        "io_bytes" : 0,
        "io_kbytes" : 0,
        "bw_bytes" : 0,
        "bw" : 0,
        "iops" : 0.000000,
        "runtime" : 0,
        "total_ios" : 0,
        "short_ios" : 0,
        "drop_ios" : 0,
        "slat_ns" : {
          "min" : 0,
          "max" : 0,
          "mean" : 0.000000,
          "stddev" : 0.000000,
          "N" : 0
        },
        "clat_ns" : {
          "min" : 0,
          "max" : 0,
          "mean" : 0.000000,
          "stddev" : 0.000000,
          "N" : 0
        },
        "lat_ns" : {
          "min" : 0,
          "max" : 0,
          "mean" : 0.000000,
          "stddev" : 0.000000,
          "N" : 0
        },
        "bw_min" : 0,
        "bw_max" : 0,
        "bw_agg" : 0.000000,
        "bw_mean" : 0.000000,
        "bw_dev" : 0.000000,
        "bw_samples" : 0,
        "iops_min" : 0,
        "iops_max" : 0,
        "iops_mean" : 0.000000,
        "iops_stddev" : 0.000000,
        "iops_samples" : 0
      },
      "trim" : {
        "io_bytes" : 0,
        "io_kbytes" : 0,
        "bw_bytes" : 0,
        "bw" : 0,
        "iops" : 0.000000,
        "runtime" : 0,
        "total_ios" : 0,
        "short_ios" : 0,
        "drop_ios" : 0,
        "slat_ns" : {
          "min" : 0,
          "max" : 0,
          "mean" : 0.000000,
          "stddev" : 0.000000,
          "N" : 0
        },
        "clat_ns" : {
          "min" : 0,
          "max" : 0,
          "mean" : 0.000000,
          "stddev" : 0.000000,
          "N" : 0
        },
        "lat_ns" : {
          "min" : 0,
          "max" : 0,
          "mean" : 0.000000,
          "stddev" : 0.000000,
          "N" : 0
        },
        "bw_min" : 0,
        "bw_max" : 0,
        "bw_agg" : 0.000000,
        "bw_mean" : 0.000000,
        "bw_dev" : 0.000000,
        "bw_samples" : 0,
        "iops_min" : 0,
        "iops_max" : 0,
        "iops_mean" : 0.000000,
        "iops_stddev" : 0.000000,
        "iops_samples" : 0
      },
      "sync" : {
        "total_ios" : 0,
        "lat_ns" : {
          "min" : 0,
          "max" : 0,
          "mean" : 0.000000,
          "stddev" : 0.000000,
          "N" : 0
        }
      },
      "job_runtime" : 5000,
      "usr_cpu" : 3.900000,
      "sys_cpu" : 16.420000,
      "ctx" : 345365,
      "majf" : 0,
      "minf" : 73,
      "iodepth_level" : {
        "1" : 0.100000,
        "2" : 0.100000,
        "4" : 0.100000,
        "8" : 0.100000,
        "16" : 0.100000,
        "32" : 99.993109,
        ">=64" : 0.000000
      },
      "iodepth_submit" : {
        "0" : 0.000000,
        "4" : 100.000000,
        "8" : 0.000000,
        "16" : 0.000000,
        "32" : 0.000000,
        "64" : 0.000000,
        ">=64" : 0.000000
      },
      "iodepth_complete" : {
        "0" : 0.000000,
        "4" : 99.999778,
        "8" : 0.000000,
        "16" : 0.000000,
        "32" : 0.100000,
        "64" : 0.000000,
        ">=64" : 0.000000
      },
      "latency_ns" : {
        "2" : 0.000000,
        "4" : 0.000000,
        "10" : 0.000000,
        "20" : 0.000000,
        "50" : 0.000000,
        "100" : 0.000000,
        "250" : 0.000000,
        "500" : 0.000000,
        "750" : 0.000000,
        "1000" : 0.000000
      },
      "latency_us" : {
        "2" : 0.000000,
        "4" : 0.000000,
        "10" : 0.000000,
        "20" : 0.000000,
        "50" : 0.000000,
        "100" : 5.664496,
        "250" : 27.474049,
        "500" : 45.093467,
        "750" : 19.506768,
        "1000" : 2.163418
      },
      "latency_ms" : {
        "2" : 0.097802,
        "4" : 0.000000,
        "10" : 0.000000,
        "20" : 0.000000,
        "50" : 0.000000,
        "100" : 0.000000,
        "250" : 0.000000,
        "500" : 0.000000,
        "750" : 0.000000,
        "1000" : 0.000000,
        "2000" : 0.000000,
        ">=2000" : 0.000000
      },
      "latency_depth" : 32,
      "latency_target" : 0,
      "latency_percentile" : 100.000000,
      "latency_window" : 0
    }
  ],
  "disk_util" : [
    {
      "name" : "nvme3n1",
      "read_ios" : 440545,
      "write_ios" : 0,
      "read_sectors" : 7048720,
      "write_sectors" : 0,
      "read_merges" : 0,
      "write_merges" : 0,
      "read_ticks" : 155620,
      "write_ticks" : 0,
      "in_queue" : 155620,
      "util" : 98.039216
    }
  ]
}
