{
  "fio version" : "fio-3.42-31-g6a66",
  "timestamp" : 1781281750,
  "timestamp_ms" : 1781281750514,
  "time" : "Fri Jun 12 16:29:10 2026",
  "jobs" : [
    {
      "jobname" : "randomread_8k_64",
      "groupid" : 0,
      "job_start" : 1781281745366,
      "error" : 0,
      "eta" : 0,
      "elapsed" : 6,
      "job options" : {
        "name" : "randomread_8k_64",
        "filename" : "/dev/nvme2n1",
        "ioengine" : "io_uring",
        "direct" : "1",
        "group_reporting" : "",
        "rw" : "randread",
        "bs" : "8k",
        "iodepth" : "64",
        "size" : "3G",
        "time_based" : "",
        "runtime" : "5"
      },
      "read" : {
        "io_bytes" : 3864559616,
        "io_kbytes" : 3773984,
        "bw_bytes" : 772602882,
        "bw" : 754495,
        "iops" : 94311.875250,
        "runtime" : 5002,
        "total_ios" : 471748,
        "short_ios" : 0,
        "drop_ios" : 0,
        "slat_ns" : {
          "min" : 661,
          "max" : 138804,
          "mean" : 922.447661,
          "stddev" : 530.212006,
          "N" : 471748
        },
        "clat_ns" : {
          "min" : 59360,
          "max" : 2041584,
          "mean" : 677361.592308,
          "stddev" : 371818.125314,
          "N" : 471748,
          "percentile" : {
            "1.000000" : 75264,
            "5.000000" : 138240,
            "10.000000" : 195584,
            "20.000000" : 301056,
            "30.000000" : 411648,
            "40.000000" : 528384,
            "50.000000" : 659456,
            "60.000000" : 782336,
            "70.000000" : 905216,
            "80.000000" : 1028096,
            "90.000000" : 1187840,
            "95.000000" : 1302528,
            "99.000000" : 1499136,
            "99.500000" : 1581056,
            "99.900000" : 1728512,
            "99.950000" : 1794048,
            "99.990000" : 1908736
          }
        },
        "lat_ns" : {
          "min" : 61173,
          "max" : 2042459,
          "mean" : 678284.039968,
          "stddev" : 371815.454556,
          "N" : 471748
        },
        "bw_min" : 728976,
        "bw_max" : 778288,
        "bw_agg" : 100.000000,
        "bw_mean" : 754796.800000,
        "bw_dev" : 12442.902812,
        "bw_samples" : 10,
        "iops_min" : 91122,
        "iops_max" : 97286,
        "iops_mean" : 94349.600000,
        "iops_stddev" : 1555.362852,
        "iops_samples" : 10
      },
      "write" : {
        "io_bytes" : 0,
        "io_kbytes" : 0,
        "bw_bytes" : 0,
        "bw" : 0,
        "iops" : 0.000000,
        "runtime" : 0,
        "total_ios" : 0,
        "short_ios" : 0,
        "drop_ios" : 0,
        "slat_ns" : {
          "min" : 0,
          "max" : 0,
          "mean" : 0.000000,
          "stddev" : 0.000000,
          "N" : 0
        },
        "clat_ns" : {
          "min" : 0,
          "max" : 0,
          "mean" : 0.000000,
          "stddev" : 0.000000,
          "N" : 0
        },
        "lat_ns" : {
          "min" : 0,
          "max" : 0,
          "mean" : 0.000000,
          "stddev" : 0.000000,
          "N" : 0
        },
        "bw_min" : 0,
        "bw_max" : 0,
        "bw_agg" : 0.000000,
        "bw_mean" : 0.000000,
        "bw_dev" : 0.000000,
        "bw_samples" : 0,
        "iops_min" : 0,
        "iops_max" : 0,
        "iops_mean" : 0.000000,
        "iops_stddev" : 0.000000,
        "iops_samples" : 0
      },
      "trim" : {
        "io_bytes" : 0,
        "io_kbytes" : 0,
        "bw_bytes" : 0,
        "bw" : 0,
        "iops" : 0.000000,
        "runtime" : 0,
        "total_ios" : 0,
        "short_ios" : 0,
        "drop_ios" : 0,
        "slat_ns" : {
          "min" : 0,
          "max" : 0,
          "mean" : 0.000000,
          "stddev" : 0.000000,
          "N" : 0
        },
        "clat_ns" : {
          "min" : 0,
          "max" : 0,
          "mean" : 0.000000,
          "stddev" : 0.000000,
          "N" : 0
        },
        "lat_ns" : {
          "min" : 0,
          "max" : 0,
          "mean" : 0.000000,
          "stddev" : 0.000000,
          "N" : 0
        },
        "bw_min" : 0,
        "bw_max" : 0,
        "bw_agg" : 0.000000,
        "bw_mean" : 0.000000,
        "bw_dev" : 0.000000,
        "bw_samples" : 0,
        "iops_min" : 0,
        "iops_max" : 0,
        "iops_mean" : 0.000000,
        "iops_stddev" : 0.000000,
        "iops_samples" : 0
      },
      "sync" : {
        "total_ios" : 0,
        "lat_ns" : {
          "min" : 0,
          "max" : 0,
          "mean" : 0.000000,
          "stddev" : 0.000000,
          "N" : 0
        }
      },
      "job_runtime" : 5001,
      "usr_cpu" : 5.478904,
      "sys_cpu" : 16.336733,
      "ctx" : 337157,
      "majf" : 0,
      "minf" : 135,
      "iodepth_level" : {
        "1" : 0.100000,
        "2" : 0.100000,
        "4" : 0.100000,
        "8" : 0.100000,
        "16" : 0.100000,
        "32" : 0.100000,
        ">=64" : 99.986645
      },
      "iodepth_submit" : {
        "0" : 0.000000,
        "4" : 100.000000,
        "8" : 0.000000,
        "16" : 0.000000,
        "32" : 0.000000,
        "64" : 0.000000,
        ">=64" : 0.000000
      },
      "iodepth_complete" : {
        "0" : 0.000000,
        "4" : 99.999788,
        "8" : 0.000000,
        "16" : 0.000000,
        "32" : 0.000000,
        "64" : 0.100000,
        ">=64" : 0.000000
      },
      "latency_ns" : {
        "2" : 0.000000,
        "4" : 0.000000,
        "10" : 0.000000,
        "20" : 0.000000,
        "50" : 0.000000,
        "100" : 0.000000,
        "250" : 0.000000,
        "500" : 0.000000,
        "750" : 0.000000,
        "1000" : 0.000000
      },
      "latency_us" : {
        "2" : 0.000000,
        "4" : 0.000000,
        "10" : 0.000000,
        "20" : 0.000000,
        "50" : 0.000000,
        "100" : 2.326666,
        "250" : 12.665660,
        "500" : 22.489761,
        "750" : 19.926741,
        "1000" : 20.239196
      },
      "latency_ms" : {
        "2" : 22.350280,
        "4" : 0.010000,
        "10" : 0.000000,
        "20" : 0.000000,
        "50" : 0.000000,
        "100" : 0.000000,
        "250" : 0.000000,
        "500" : 0.000000,
        "750" : 0.000000,
        "1000" : 0.000000,
        "2000" : 0.000000,
        ">=2000" : 0.000000
      },
      "latency_depth" : 64,
      "latency_target" : 0,
      "latency_target_ns" : 0,
      "latency_percentile" : 100.000000,
      "latency_window" : 0,
      "latency_window_us" : 0
    }
  ],
  "disk_util" : [
    {
      "name" : "nvme2n1",
      "read_ios" : 462080,
      "write_ios" : 0,
      "read_sectors" : 7393280,
      "write_sectors" : 0,
      "read_merges" : 0,
      "write_merges" : 0,
      "read_ticks" : 312319,
      "write_ticks" : 0,
      "in_queue" : 312319,
      "util" : 98.078463
    }
  ]
}
