{
  "fio version" : "fio-3.36",
  "timestamp" : 1781331063,
  "timestamp_ms" : 1781331063049,
  "time" : "Sat Jun 13 06:11:03 2026",
  "jobs" : [
    {
      "jobname" : "randomread_8k_8",
      "groupid" : 0,
      "job_start" : 1781331058030,
      "error" : 0,
      "eta" : 0,
      "elapsed" : 6,
      "job options" : {
        "name" : "randomread_8k_8",
        "filename" : "/dev/nvme3n1",
        "ioengine" : "io_uring",
        "direct" : "1",
        "rw" : "randread",
        "bs" : "8k",
        "iodepth" : "8",
        "size" : "3G",
        "runtime" : "5"
      },
      "read" : {
        "io_bytes" : 2394333184,
        "io_kbytes" : 2338216,
        "bw_bytes" : 478770882,
        "bw" : 467549,
        "iops" : 58443.711258,
        "runtime" : 5001,
        "total_ios" : 292277,
        "short_ios" : 0,
        "drop_ios" : 0,
        "slat_ns" : {
          "min" : 771,
          "max" : 32096,
          "mean" : 1140.589595,
          "stddev" : 224.887830,
          "N" : 292277
        },
        "clat_ns" : {
          "min" : 58342,
          "max" : 911626,
          "mean" : 135537.137948,
          "stddev" : 58454.486352,
          "N" : 292277,
          "percentile" : {
            "1.000000" : 59648,
            "5.000000" : 64768,
            "10.000000" : 71168,
            "20.000000" : 73216,
            "30.000000" : 94720,
            "40.000000" : 111104,
            "50.000000" : 128512,
            "60.000000" : 144384,
            "70.000000" : 160768,
            "80.000000" : 181248,
            "90.000000" : 214016,
            "95.000000" : 242688,
            "99.000000" : 301056,
            "99.500000" : 325632,
            "99.900000" : 382976,
            "99.950000" : 411648,
            "99.990000" : 692224
          }
        },
        "lat_ns" : {
          "min" : 59498,
          "max" : 912755,
          "mean" : 136677.727543,
          "stddev" : 58450.987227,
          "N" : 292277
        },
        "bw_min" : 449728,
        "bw_max" : 471952,
        "bw_agg" : 99.976112,
        "bw_mean" : 467438.222222,
        "bw_dev" : 6883.308249,
        "bw_samples" : 9,
        "iops_min" : 56216,
        "iops_max" : 58994,
        "iops_mean" : 58429.777778,
        "iops_stddev" : 860.413531,
        "iops_samples" : 9
      },
      "write" : {
        "io_bytes" : 0,
        "io_kbytes" : 0,
        "bw_bytes" : 0,
        "bw" : 0,
        "iops" : 0.000000,
        "runtime" : 0,
        "total_ios" : 0,
        "short_ios" : 0,
        "drop_ios" : 0,
        "slat_ns" : {
          "min" : 0,
          "max" : 0,
          "mean" : 0.000000,
          "stddev" : 0.000000,
          "N" : 0
        },
        "clat_ns" : {
          "min" : 0,
          "max" : 0,
          "mean" : 0.000000,
          "stddev" : 0.000000,
          "N" : 0
        },
        "lat_ns" : {
          "min" : 0,
          "max" : 0,
          "mean" : 0.000000,
          "stddev" : 0.000000,
          "N" : 0
        },
        "bw_min" : 0,
        "bw_max" : 0,
        "bw_agg" : 0.000000,
        "bw_mean" : 0.000000,
        "bw_dev" : 0.000000,
        "bw_samples" : 0,
        "iops_min" : 0,
        "iops_max" : 0,
        "iops_mean" : 0.000000,
        "iops_stddev" : 0.000000,
        "iops_samples" : 0
      },
      "trim" : {
        "io_bytes" : 0,
        "io_kbytes" : 0,
        "bw_bytes" : 0,
        "bw" : 0,
        "iops" : 0.000000,
        "runtime" : 0,
        "total_ios" : 0,
        "short_ios" : 0,
        "drop_ios" : 0,
        "slat_ns" : {
          "min" : 0,
          "max" : 0,
          "mean" : 0.000000,
          "stddev" : 0.000000,
          "N" : 0
        },
        "clat_ns" : {
          "min" : 0,
          "max" : 0,
          "mean" : 0.000000,
          "stddev" : 0.000000,
          "N" : 0
        },
        "lat_ns" : {
          "min" : 0,
          "max" : 0,
          "mean" : 0.000000,
          "stddev" : 0.000000,
          "N" : 0
        },
        "bw_min" : 0,
        "bw_max" : 0,
        "bw_agg" : 0.000000,
        "bw_mean" : 0.000000,
        "bw_dev" : 0.000000,
        "bw_samples" : 0,
        "iops_min" : 0,
        "iops_max" : 0,
        "iops_mean" : 0.000000,
        "iops_stddev" : 0.000000,
        "iops_samples" : 0
      },
      "sync" : {
        "total_ios" : 0,
        "lat_ns" : {
          "min" : 0,
          "max" : 0,
          "mean" : 0.000000,
          "stddev" : 0.000000,
          "N" : 0
        }
      },
      "job_runtime" : 5000,
      "usr_cpu" : 2.840000,
      "sys_cpu" : 10.640000,
      "ctx" : 249383,
      "majf" : 0,
      "minf" : 24,
      "iodepth_level" : {
        "1" : 0.100000,
        "2" : 0.100000,
        "4" : 0.100000,
        "8" : 99.997605,
        "16" : 0.000000,
        "32" : 0.000000,
        ">=64" : 0.000000
      },
      "iodepth_submit" : {
        "0" : 0.000000,
        "4" : 100.000000,
        "8" : 0.000000,
        "16" : 0.000000,
        "32" : 0.000000,
        "64" : 0.000000,
        ">=64" : 0.000000
      },
      "iodepth_complete" : {
        "0" : 0.000000,
        "4" : 99.999658,
        "8" : 0.100000,
        "16" : 0.000000,
        "32" : 0.000000,
        "64" : 0.000000,
        ">=64" : 0.000000
      },
      "latency_ns" : {
        "2" : 0.000000,
        "4" : 0.000000,
        "10" : 0.000000,
        "20" : 0.000000,
        "50" : 0.000000,
        "100" : 0.000000,
        "250" : 0.000000,
        "500" : 0.000000,
        "750" : 0.000000,
        "1000" : 0.000000
      },
      "latency_us" : {
        "2" : 0.000000,
        "4" : 0.000000,
        "10" : 0.000000,
        "20" : 0.000000,
        "50" : 0.000000,
        "100" : 32.571157,
        "250" : 63.103152,
        "500" : 4.307558,
        "750" : 0.014028,
        "1000" : 0.010000
      },
      "latency_ms" : {
        "2" : 0.000000,
        "4" : 0.000000,
        "10" : 0.000000,
        "20" : 0.000000,
        "50" : 0.000000,
        "100" : 0.000000,
        "250" : 0.000000,
        "500" : 0.000000,
        "750" : 0.000000,
        "1000" : 0.000000,
        "2000" : 0.000000,
        ">=2000" : 0.000000
      },
      "latency_depth" : 8,
      "latency_target" : 0,
      "latency_percentile" : 100.000000,
      "latency_window" : 0
    }
  ],
  "disk_util" : [
    {
      "name" : "nvme3n1",
      "read_ios" : 286325,
      "write_ios" : 0,
      "read_sectors" : 4581200,
      "write_sectors" : 0,
      "read_merges" : 0,
      "write_merges" : 0,
      "read_ticks" : 38553,
      "write_ticks" : 0,
      "in_queue" : 38554,
      "util" : 98.039216
    }
  ]
}
