{
  "fio version" : "fio-3.36",
  "timestamp" : 1781330614,
  "timestamp_ms" : 1781330614152,
  "time" : "Sat Jun 13 06:03:34 2026",
  "jobs" : [
    {
      "jobname" : "randomwrite_128k_256",
      "groupid" : 0,
      "job_start" : 1781330608777,
      "error" : 0,
      "eta" : 0,
      "elapsed" : 6,
      "job options" : {
        "name" : "randomwrite_128k_256",
        "filename" : "/dev/nvme3n1",
        "ioengine" : "io_uring",
        "direct" : "1",
        "rw" : "randwrite",
        "bs" : "128k",
        "iodepth" : "256",
        "size" : "3G",
        "runtime" : "5"
      },
      "read" : {
        "io_bytes" : 0,
        "io_kbytes" : 0,
        "bw_bytes" : 0,
        "bw" : 0,
        "iops" : 0.000000,
        "runtime" : 0,
        "total_ios" : 0,
        "short_ios" : 0,
        "drop_ios" : 0,
        "slat_ns" : {
          "min" : 0,
          "max" : 0,
          "mean" : 0.000000,
          "stddev" : 0.000000,
          "N" : 0
        },
        "clat_ns" : {
          "min" : 0,
          "max" : 0,
          "mean" : 0.000000,
          "stddev" : 0.000000,
          "N" : 0
        },
        "lat_ns" : {
          "min" : 0,
          "max" : 0,
          "mean" : 0.000000,
          "stddev" : 0.000000,
          "N" : 0
        },
        "bw_min" : 0,
        "bw_max" : 0,
        "bw_agg" : 0.000000,
        "bw_mean" : 0.000000,
        "bw_dev" : 0.000000,
        "bw_samples" : 0,
        "iops_min" : 0,
        "iops_max" : 0,
        "iops_mean" : 0.000000,
        "iops_stddev" : 0.000000,
        "iops_samples" : 0
      },
      "write" : {
        "io_bytes" : 513277952,
        "io_kbytes" : 501248,
        "bw_bytes" : 95850224,
        "bw" : 93603,
        "iops" : 731.279178,
        "runtime" : 5355,
        "total_ios" : 3916,
        "short_ios" : 0,
        "drop_ios" : 0,
        "slat_ns" : {
          "min" : 3193,
          "max" : 35501,
          "mean" : 10771.079673,
          "stddev" : 6091.007555,
          "N" : 3916
        },
        "clat_ns" : {
          "min" : 1976674,
          "max" : 705282120,
          "mean" : 349880617.966547,
          "stddev" : 74186159.516639,
          "N" : 3916,
          "percentile" : {
            "1.000000" : 53739520,
            "5.000000" : 261095424,
            "10.000000" : 337641472,
            "20.000000" : 341835776,
            "30.000000" : 346030080,
            "40.000000" : 346030080,
            "50.000000" : 350224384,
            "60.000000" : 354418688,
            "70.000000" : 354418688,
            "80.000000" : 358612992,
            "90.000000" : 362807296,
            "95.000000" : 429916160,
            "99.000000" : 650117120,
            "99.500000" : 675282944,
            "99.900000" : 700448768,
            "99.950000" : 700448768,
            "99.990000" : 708837376
          }
        },
        "lat_ns" : {
          "min" : 1995720,
          "max" : 705287549,
          "mean" : 349891389.046222,
          "stddev" : 74186909.255905,
          "N" : 3916
        },
        "bw_min" : 91648,
        "bw_max" : 96512,
        "bw_agg" : 100.000000,
        "bw_mean" : 93721.600000,
        "bw_dev" : 1855.681199,
        "bw_samples" : 10,
        "iops_min" : 716,
        "iops_max" : 754,
        "iops_mean" : 732.200000,
        "iops_stddev" : 14.497509,
        "iops_samples" : 10
      },
      "trim" : {
        "io_bytes" : 0,
        "io_kbytes" : 0,
        "bw_bytes" : 0,
        "bw" : 0,
        "iops" : 0.000000,
        "runtime" : 0,
        "total_ios" : 0,
        "short_ios" : 0,
        "drop_ios" : 0,
        "slat_ns" : {
          "min" : 0,
          "max" : 0,
          "mean" : 0.000000,
          "stddev" : 0.000000,
          "N" : 0
        },
        "clat_ns" : {
          "min" : 0,
          "max" : 0,
          "mean" : 0.000000,
          "stddev" : 0.000000,
          "N" : 0
        },
        "lat_ns" : {
          "min" : 0,
          "max" : 0,
          "mean" : 0.000000,
          "stddev" : 0.000000,
          "N" : 0
        },
        "bw_min" : 0,
        "bw_max" : 0,
        "bw_agg" : 0.000000,
        "bw_mean" : 0.000000,
        "bw_dev" : 0.000000,
        "bw_samples" : 0,
        "iops_min" : 0,
        "iops_max" : 0,
        "iops_mean" : 0.000000,
        "iops_stddev" : 0.000000,
        "iops_samples" : 0
      },
      "sync" : {
        "total_ios" : 0,
        "lat_ns" : {
          "min" : 0,
          "max" : 0,
          "mean" : 0.000000,
          "stddev" : 0.000000,
          "N" : 0
        }
      },
      "job_runtime" : 5354,
      "usr_cpu" : 0.560329,
      "sys_cpu" : 0.579006,
      "ctx" : 3918,
      "majf" : 0,
      "minf" : 8,
      "iodepth_level" : {
        "1" : 0.100000,
        "2" : 0.100000,
        "4" : 0.102145,
        "8" : 0.204290,
        "16" : 0.408580,
        "32" : 0.817160,
        ">=64" : 98.391216
      },
      "iodepth_submit" : {
        "0" : 0.000000,
        "4" : 100.000000,
        "8" : 0.000000,
        "16" : 0.000000,
        "32" : 0.000000,
        "64" : 0.000000,
        ">=64" : 0.000000
      },
      "iodepth_complete" : {
        "0" : 0.000000,
        "4" : 99.972693,
        "8" : 0.000000,
        "16" : 0.000000,
        "32" : 0.000000,
        "64" : 0.000000,
        ">=64" : 0.100000
      },
      "latency_ns" : {
        "2" : 0.000000,
        "4" : 0.000000,
        "10" : 0.000000,
        "20" : 0.000000,
        "50" : 0.000000,
        "100" : 0.000000,
        "250" : 0.000000,
        "500" : 0.000000,
        "750" : 0.000000,
        "1000" : 0.000000
      },
      "latency_us" : {
        "2" : 0.000000,
        "4" : 0.000000,
        "10" : 0.000000,
        "20" : 0.000000,
        "50" : 0.000000,
        "100" : 0.000000,
        "250" : 0.000000,
        "500" : 0.000000,
        "750" : 0.000000,
        "1000" : 0.000000
      },
      "latency_ms" : {
        "2" : 0.025536,
        "4" : 0.051073,
        "10" : 0.127681,
        "20" : 0.204290,
        "50" : 0.536261,
        "100" : 0.995914,
        "250" : 2.808989,
        "500" : 91.521961,
        "750" : 3.728294,
        "1000" : 0.000000,
        "2000" : 0.000000,
        ">=2000" : 0.000000
      },
      "latency_depth" : 256,
      "latency_target" : 0,
      "latency_percentile" : 100.000000,
      "latency_window" : 0
    }
  ],
  "disk_util" : [
    {
      "name" : "nvme3n1",
      "read_ios" : 48,
      "write_ios" : 3762,
      "read_sectors" : 2088,
      "write_sectors" : 963072,
      "read_merges" : 0,
      "write_merges" : 0,
      "read_ticks" : 2,
      "write_ticks" : 1270901,
      "in_queue" : 1270903,
      "util" : 98.036974
    }
  ]
}
