{
  "fio version" : "fio-3.36",
  "timestamp" : 1781330587,
  "timestamp_ms" : 1781330587174,
  "time" : "Sat Jun 13 06:03:07 2026",
  "jobs" : [
    {
      "jobname" : "randomwrite_128k_8",
      "groupid" : 0,
      "job_start" : 1781330582145,
      "error" : 0,
      "eta" : 0,
      "elapsed" : 6,
      "job options" : {
        "name" : "randomwrite_128k_8",
        "filename" : "/dev/nvme3n1",
        "ioengine" : "io_uring",
        "direct" : "1",
        "rw" : "randwrite",
        "bs" : "128k",
        "iodepth" : "8",
        "size" : "3G",
        "runtime" : "5"
      },
      "read" : {
        "io_bytes" : 0,
        "io_kbytes" : 0,
        "bw_bytes" : 0,
        "bw" : 0,
        "iops" : 0.000000,
        "runtime" : 0,
        "total_ios" : 0,
        "short_ios" : 0,
        "drop_ios" : 0,
        "slat_ns" : {
          "min" : 0,
          "max" : 0,
          "mean" : 0.000000,
          "stddev" : 0.000000,
          "N" : 0
        },
        "clat_ns" : {
          "min" : 0,
          "max" : 0,
          "mean" : 0.000000,
          "stddev" : 0.000000,
          "N" : 0
        },
        "lat_ns" : {
          "min" : 0,
          "max" : 0,
          "mean" : 0.000000,
          "stddev" : 0.000000,
          "N" : 0
        },
        "bw_min" : 0,
        "bw_max" : 0,
        "bw_agg" : 0.000000,
        "bw_mean" : 0.000000,
        "bw_dev" : 0.000000,
        "bw_samples" : 0,
        "iops_min" : 0,
        "iops_max" : 0,
        "iops_mean" : 0.000000,
        "iops_stddev" : 0.000000,
        "iops_samples" : 0
      },
      "write" : {
        "io_bytes" : 489422848,
        "io_kbytes" : 477952,
        "bw_bytes" : 97669696,
        "bw" : 95380,
        "iops" : 745.160647,
        "runtime" : 5011,
        "total_ios" : 3734,
        "short_ios" : 0,
        "drop_ios" : 0,
        "slat_ns" : {
          "min" : 2989,
          "max" : 66016,
          "mean" : 8795.614622,
          "stddev" : 6863.383681,
          "N" : 3734
        },
        "clat_ns" : {
          "min" : 1854663,
          "max" : 18611342,
          "mean" : 10722752.474290,
          "stddev" : 1121204.027622,
          "N" : 3734,
          "percentile" : {
            "1.000000" : 7438336,
            "5.000000" : 8716288,
            "10.000000" : 9240576,
            "20.000000" : 9895936,
            "30.000000" : 10289152,
            "40.000000" : 10551296,
            "50.000000" : 10813440,
            "60.000000" : 11075584,
            "70.000000" : 11337728,
            "80.000000" : 11599872,
            "90.000000" : 11993088,
            "95.000000" : 12255232,
            "99.000000" : 12648448,
            "99.500000" : 12779520,
            "99.900000" : 15663104,
            "99.950000" : 17170432,
            "99.990000" : 18481152
          }
        },
        "lat_ns" : {
          "min" : 1872627,
          "max" : 18619274,
          "mean" : 10731548.088913,
          "stddev" : 1121053.429864,
          "N" : 3734
        },
        "bw_min" : 92416,
        "bw_max" : 100352,
        "bw_agg" : 100.000000,
        "bw_mean" : 95411.200000,
        "bw_dev" : 2676.938085,
        "bw_samples" : 10,
        "iops_min" : 722,
        "iops_max" : 784,
        "iops_mean" : 745.400000,
        "iops_stddev" : 20.913579,
        "iops_samples" : 10
      },
      "trim" : {
        "io_bytes" : 0,
        "io_kbytes" : 0,
        "bw_bytes" : 0,
        "bw" : 0,
        "iops" : 0.000000,
        "runtime" : 0,
        "total_ios" : 0,
        "short_ios" : 0,
        "drop_ios" : 0,
        "slat_ns" : {
          "min" : 0,
          "max" : 0,
          "mean" : 0.000000,
          "stddev" : 0.000000,
          "N" : 0
        },
        "clat_ns" : {
          "min" : 0,
          "max" : 0,
          "mean" : 0.000000,
          "stddev" : 0.000000,
          "N" : 0
        },
        "lat_ns" : {
          "min" : 0,
          "max" : 0,
          "mean" : 0.000000,
          "stddev" : 0.000000,
          "N" : 0
        },
        "bw_min" : 0,
        "bw_max" : 0,
        "bw_agg" : 0.000000,
        "bw_mean" : 0.000000,
        "bw_dev" : 0.000000,
        "bw_samples" : 0,
        "iops_min" : 0,
        "iops_max" : 0,
        "iops_mean" : 0.000000,
        "iops_stddev" : 0.000000,
        "iops_samples" : 0
      },
      "sync" : {
        "total_ios" : 0,
        "lat_ns" : {
          "min" : 0,
          "max" : 0,
          "mean" : 0.000000,
          "stddev" : 0.000000,
          "N" : 0
        }
      },
      "job_runtime" : 5010,
      "usr_cpu" : 0.359281,
      "sys_cpu" : 0.658683,
      "ctx" : 3729,
      "majf" : 0,
      "minf" : 10,
      "iodepth_level" : {
        "1" : 0.100000,
        "2" : 0.100000,
        "4" : 0.107124,
        "8" : 99.812533,
        "16" : 0.000000,
        "32" : 0.000000,
        ">=64" : 0.000000
      },
      "iodepth_submit" : {
        "0" : 0.000000,
        "4" : 100.000000,
        "8" : 0.000000,
        "16" : 0.000000,
        "32" : 0.000000,
        "64" : 0.000000,
        ">=64" : 0.000000
      },
      "iodepth_complete" : {
        "0" : 0.000000,
        "4" : 99.973176,
        "8" : 0.100000,
        "16" : 0.000000,
        "32" : 0.000000,
        "64" : 0.000000,
        ">=64" : 0.000000
      },
      "latency_ns" : {
        "2" : 0.000000,
        "4" : 0.000000,
        "10" : 0.000000,
        "20" : 0.000000,
        "50" : 0.000000,
        "100" : 0.000000,
        "250" : 0.000000,
        "500" : 0.000000,
        "750" : 0.000000,
        "1000" : 0.000000
      },
      "latency_us" : {
        "2" : 0.000000,
        "4" : 0.000000,
        "10" : 0.000000,
        "20" : 0.000000,
        "50" : 0.000000,
        "100" : 0.000000,
        "250" : 0.000000,
        "500" : 0.000000,
        "750" : 0.000000,
        "1000" : 0.000000
      },
      "latency_ms" : {
        "2" : 0.026781,
        "4" : 0.026781,
        "10" : 23.058382,
        "20" : 76.888056,
        "50" : 0.000000,
        "100" : 0.000000,
        "250" : 0.000000,
        "500" : 0.000000,
        "750" : 0.000000,
        "1000" : 0.000000,
        "2000" : 0.000000,
        ">=2000" : 0.000000
      },
      "latency_depth" : 8,
      "latency_target" : 0,
      "latency_percentile" : 100.000000,
      "latency_window" : 0
    }
  ],
  "disk_util" : [
    {
      "name" : "nvme3n1",
      "read_ios" : 48,
      "write_ios" : 3645,
      "read_sectors" : 2088,
      "write_sectors" : 933120,
      "read_merges" : 0,
      "write_merges" : 0,
      "read_ticks" : 2,
      "write_ticks" : 39107,
      "in_queue" : 39110,
      "util" : 98.199280
    }
  ]
}
