{
  "fio version" : "fio-3.36",
  "timestamp" : 1781330576,
  "timestamp_ms" : 1781330576635,
  "time" : "Sat Jun 13 06:02:56 2026",
  "jobs" : [
    {
      "jobname" : "randomwrite_128k_2",
      "groupid" : 0,
      "job_start" : 1781330571616,
      "error" : 0,
      "eta" : 0,
      "elapsed" : 6,
      "job options" : {
        "name" : "randomwrite_128k_2",
        "filename" : "/dev/nvme3n1",
        "ioengine" : "io_uring",
        "direct" : "1",
        "rw" : "randwrite",
        "bs" : "128k",
        "iodepth" : "2",
        "size" : "3G",
        "runtime" : "5"
      },
      "read" : {
        "io_bytes" : 0,
        "io_kbytes" : 0,
        "bw_bytes" : 0,
        "bw" : 0,
        "iops" : 0.000000,
        "runtime" : 0,
        "total_ios" : 0,
        "short_ios" : 0,
        "drop_ios" : 0,
        "slat_ns" : {
          "min" : 0,
          "max" : 0,
          "mean" : 0.000000,
          "stddev" : 0.000000,
          "N" : 0
        },
        "clat_ns" : {
          "min" : 0,
          "max" : 0,
          "mean" : 0.000000,
          "stddev" : 0.000000,
          "N" : 0
        },
        "lat_ns" : {
          "min" : 0,
          "max" : 0,
          "mean" : 0.000000,
          "stddev" : 0.000000,
          "N" : 0
        },
        "bw_min" : 0,
        "bw_max" : 0,
        "bw_agg" : 0.000000,
        "bw_mean" : 0.000000,
        "bw_dev" : 0.000000,
        "bw_samples" : 0,
        "iops_min" : 0,
        "iops_max" : 0,
        "iops_mean" : 0.000000,
        "iops_stddev" : 0.000000,
        "iops_samples" : 0
      },
      "write" : {
        "io_bytes" : 487063552,
        "io_kbytes" : 475648,
        "bw_bytes" : 97373760,
        "bw" : 95091,
        "iops" : 742.902839,
        "runtime" : 5002,
        "total_ios" : 3716,
        "short_ios" : 0,
        "drop_ios" : 0,
        "slat_ns" : {
          "min" : 2906,
          "max" : 41327,
          "mean" : 8352.493811,
          "stddev" : 5313.963583,
          "N" : 3716
        },
        "clat_ns" : {
          "min" : 655334,
          "max" : 3676744,
          "mean" : 2682083.882400,
          "stddev" : 489361.982032,
          "N" : 3716,
          "percentile" : {
            "1.000000" : 1417216,
            "5.000000" : 1728512,
            "10.000000" : 1859584,
            "20.000000" : 2310144,
            "30.000000" : 2539520,
            "40.000000" : 2670592,
            "50.000000" : 2801664,
            "60.000000" : 2899968,
            "70.000000" : 2998272,
            "80.000000" : 3096576,
            "90.000000" : 3227648,
            "95.000000" : 3293184,
            "99.000000" : 3424256,
            "99.500000" : 3489792,
            "99.900000" : 3620864,
            "99.950000" : 3653632,
            "99.990000" : 3686400
          }
        },
        "lat_ns" : {
          "min" : 661064,
          "max" : 3680703,
          "mean" : 2690436.376211,
          "stddev" : 489306.763179,
          "N" : 3716
        },
        "bw_min" : 91904,
        "bw_max" : 98048,
        "bw_agg" : 100.000000,
        "bw_mean" : 95118.222222,
        "bw_dev" : 1846.535254,
        "bw_samples" : 9,
        "iops_min" : 718,
        "iops_max" : 766,
        "iops_mean" : 743.111111,
        "iops_stddev" : 14.426057,
        "iops_samples" : 9
      },
      "trim" : {
        "io_bytes" : 0,
        "io_kbytes" : 0,
        "bw_bytes" : 0,
        "bw" : 0,
        "iops" : 0.000000,
        "runtime" : 0,
        "total_ios" : 0,
        "short_ios" : 0,
        "drop_ios" : 0,
        "slat_ns" : {
          "min" : 0,
          "max" : 0,
          "mean" : 0.000000,
          "stddev" : 0.000000,
          "N" : 0
        },
        "clat_ns" : {
          "min" : 0,
          "max" : 0,
          "mean" : 0.000000,
          "stddev" : 0.000000,
          "N" : 0
        },
        "lat_ns" : {
          "min" : 0,
          "max" : 0,
          "mean" : 0.000000,
          "stddev" : 0.000000,
          "N" : 0
        },
        "bw_min" : 0,
        "bw_max" : 0,
        "bw_agg" : 0.000000,
        "bw_mean" : 0.000000,
        "bw_dev" : 0.000000,
        "bw_samples" : 0,
        "iops_min" : 0,
        "iops_max" : 0,
        "iops_mean" : 0.000000,
        "iops_stddev" : 0.000000,
        "iops_samples" : 0
      },
      "sync" : {
        "total_ios" : 0,
        "lat_ns" : {
          "min" : 0,
          "max" : 0,
          "mean" : 0.000000,
          "stddev" : 0.000000,
          "N" : 0
        }
      },
      "job_runtime" : 5001,
      "usr_cpu" : 0.419916,
      "sys_cpu" : 0.579884,
      "ctx" : 3718,
      "majf" : 0,
      "minf" : 8,
      "iodepth_level" : {
        "1" : 0.100000,
        "2" : 99.973089,
        "4" : 0.000000,
        "8" : 0.000000,
        "16" : 0.000000,
        "32" : 0.000000,
        ">=64" : 0.000000
      },
      "iodepth_submit" : {
        "0" : 0.000000,
        "4" : 100.000000,
        "8" : 0.000000,
        "16" : 0.000000,
        "32" : 0.000000,
        "64" : 0.000000,
        ">=64" : 0.000000
      },
      "iodepth_complete" : {
        "0" : 0.000000,
        "4" : 100.000000,
        "8" : 0.000000,
        "16" : 0.000000,
        "32" : 0.000000,
        "64" : 0.000000,
        ">=64" : 0.000000
      },
      "latency_ns" : {
        "2" : 0.000000,
        "4" : 0.000000,
        "10" : 0.000000,
        "20" : 0.000000,
        "50" : 0.000000,
        "100" : 0.000000,
        "250" : 0.000000,
        "500" : 0.000000,
        "750" : 0.000000,
        "1000" : 0.000000
      },
      "latency_us" : {
        "2" : 0.000000,
        "4" : 0.000000,
        "10" : 0.000000,
        "20" : 0.000000,
        "50" : 0.000000,
        "100" : 0.000000,
        "250" : 0.000000,
        "500" : 0.000000,
        "750" : 0.080732,
        "1000" : 0.080732
      },
      "latency_ms" : {
        "2" : 12.917115,
        "4" : 86.921421,
        "10" : 0.000000,
        "20" : 0.000000,
        "50" : 0.000000,
        "100" : 0.000000,
        "250" : 0.000000,
        "500" : 0.000000,
        "750" : 0.000000,
        "1000" : 0.000000,
        "2000" : 0.000000,
        ">=2000" : 0.000000
      },
      "latency_depth" : 2,
      "latency_target" : 0,
      "latency_percentile" : 100.000000,
      "latency_window" : 0
    }
  ],
  "disk_util" : [
    {
      "name" : "nvme3n1",
      "read_ios" : 48,
      "write_ios" : 3634,
      "read_sectors" : 2088,
      "write_sectors" : 930304,
      "read_merges" : 0,
      "write_merges" : 0,
      "read_ticks" : 1,
      "write_ticks" : 9753,
      "in_queue" : 9754,
      "util" : 98.218931
    }
  ]
}
