{
  "fio version" : "fio-3.42-31-g6a66",
  "timestamp" : 1781281258,
  "timestamp_ms" : 1781281258983,
  "time" : "Fri Jun 12 16:20:58 2026",
  "jobs" : [
    {
      "jobname" : "randomwrite_128k_32",
      "groupid" : 0,
      "job_start" : 1781281253836,
      "error" : 0,
      "eta" : 0,
      "elapsed" : 6,
      "job options" : {
        "name" : "randomwrite_128k_32",
        "filename" : "/dev/nvme2n1",
        "ioengine" : "io_uring",
        "direct" : "1",
        "group_reporting" : "",
        "rw" : "randwrite",
        "bs" : "128k",
        "iodepth" : "32",
        "size" : "3G",
        "time_based" : "",
        "runtime" : "5"
      },
      "read" : {
        "io_bytes" : 0,
        "io_kbytes" : 0,
        "bw_bytes" : 0,
        "bw" : 0,
        "iops" : 0.000000,
        "runtime" : 0,
        "total_ios" : 0,
        "short_ios" : 0,
        "drop_ios" : 0,
        "slat_ns" : {
          "min" : 0,
          "max" : 0,
          "mean" : 0.000000,
          "stddev" : 0.000000,
          "N" : 0
        },
        "clat_ns" : {
          "min" : 0,
          "max" : 0,
          "mean" : 0.000000,
          "stddev" : 0.000000,
          "N" : 0
        },
        "lat_ns" : {
          "min" : 0,
          "max" : 0,
          "mean" : 0.000000,
          "stddev" : 0.000000,
          "N" : 0
        },
        "bw_min" : 0,
        "bw_max" : 0,
        "bw_agg" : 0.000000,
        "bw_mean" : 0.000000,
        "bw_dev" : 0.000000,
        "bw_samples" : 0,
        "iops_min" : 0,
        "iops_max" : 0,
        "iops_mean" : 0.000000,
        "iops_stddev" : 0.000000,
        "iops_samples" : 0
      },
      "write" : {
        "io_bytes" : 515112960,
        "io_kbytes" : 503040,
        "bw_bytes" : 102164410,
        "bw" : 99769,
        "iops" : 779.452598,
        "runtime" : 5042,
        "total_ios" : 3930,
        "short_ios" : 0,
        "drop_ios" : 0,
        "slat_ns" : {
          "min" : 2263,
          "max" : 36482,
          "mean" : 10080.175064,
          "stddev" : 5824.125271,
          "N" : 3930
        },
        "clat_ns" : {
          "min" : 2012610,
          "max" : 76825287,
          "mean" : 41028611.401781,
          "stddev" : 3542603.695182,
          "N" : 3930,
          "percentile" : {
            "1.000000" : 35913728,
            "5.000000" : 37486592,
            "10.000000" : 38535168,
            "20.000000" : 39059456,
            "30.000000" : 40108032,
            "40.000000" : 40632320,
            "50.000000" : 41156608,
            "60.000000" : 41680896,
            "70.000000" : 42205184,
            "80.000000" : 42729472,
            "90.000000" : 43778048,
            "95.000000" : 44826624,
            "99.000000" : 45875200,
            "99.500000" : 52690944,
            "99.900000" : 72876032,
            "99.950000" : 76021760,
            "99.990000" : 77070336
          }
        },
        "lat_ns" : {
          "min" : 2023287,
          "max" : 76846139,
          "mean" : 41038691.576845,
          "stddev" : 3542734.387874,
          "N" : 3930
        },
        "bw_min" : 98048,
        "bw_max" : 101632,
        "bw_agg" : 100.000000,
        "bw_mean" : 99814.400000,
        "bw_dev" : 1313.412789,
        "bw_samples" : 10,
        "iops_min" : 766,
        "iops_max" : 794,
        "iops_mean" : 779.800000,
        "iops_stddev" : 10.261037,
        "iops_samples" : 10
      },
      "trim" : {
        "io_bytes" : 0,
        "io_kbytes" : 0,
        "bw_bytes" : 0,
        "bw" : 0,
        "iops" : 0.000000,
        "runtime" : 0,
        "total_ios" : 0,
        "short_ios" : 0,
        "drop_ios" : 0,
        "slat_ns" : {
          "min" : 0,
          "max" : 0,
          "mean" : 0.000000,
          "stddev" : 0.000000,
          "N" : 0
        },
        "clat_ns" : {
          "min" : 0,
          "max" : 0,
          "mean" : 0.000000,
          "stddev" : 0.000000,
          "N" : 0
        },
        "lat_ns" : {
          "min" : 0,
          "max" : 0,
          "mean" : 0.000000,
          "stddev" : 0.000000,
          "N" : 0
        },
        "bw_min" : 0,
        "bw_max" : 0,
        "bw_agg" : 0.000000,
        "bw_mean" : 0.000000,
        "bw_dev" : 0.000000,
        "bw_samples" : 0,
        "iops_min" : 0,
        "iops_max" : 0,
        "iops_mean" : 0.000000,
        "iops_stddev" : 0.000000,
        "iops_samples" : 0
      },
      "sync" : {
        "total_ios" : 0,
        "lat_ns" : {
          "min" : 0,
          "max" : 0,
          "mean" : 0.000000,
          "stddev" : 0.000000,
          "N" : 0
        }
      },
      "job_runtime" : 5041,
      "usr_cpu" : 0.813331,
      "sys_cpu" : 0.813331,
      "ctx" : 3905,
      "majf" : 0,
      "minf" : 8,
      "iodepth_level" : {
        "1" : 0.100000,
        "2" : 0.100000,
        "4" : 0.101781,
        "8" : 0.203562,
        "16" : 0.407125,
        "32" : 99.211196,
        ">=64" : 0.000000
      },
      "iodepth_submit" : {
        "0" : 0.000000,
        "4" : 100.000000,
        "8" : 0.000000,
        "16" : 0.000000,
        "32" : 0.000000,
        "64" : 0.000000,
        ">=64" : 0.000000
      },
      "iodepth_complete" : {
        "0" : 0.000000,
        "4" : 99.974359,
        "8" : 0.000000,
        "16" : 0.000000,
        "32" : 0.100000,
        "64" : 0.000000,
        ">=64" : 0.000000
      },
      "latency_ns" : {
        "2" : 0.000000,
        "4" : 0.000000,
        "10" : 0.000000,
        "20" : 0.000000,
        "50" : 0.000000,
        "100" : 0.000000,
        "250" : 0.000000,
        "500" : 0.000000,
        "750" : 0.000000,
        "1000" : 0.000000
      },
      "latency_us" : {
        "2" : 0.000000,
        "4" : 0.000000,
        "10" : 0.000000,
        "20" : 0.000000,
        "50" : 0.000000,
        "100" : 0.000000,
        "250" : 0.000000,
        "500" : 0.000000,
        "750" : 0.000000,
        "1000" : 0.000000
      },
      "latency_ms" : {
        "2" : 0.000000,
        "4" : 0.076336,
        "10" : 0.178117,
        "20" : 0.229008,
        "50" : 98.956743,
        "100" : 0.559796,
        "250" : 0.000000,
        "500" : 0.000000,
        "750" : 0.000000,
        "1000" : 0.000000,
        "2000" : 0.000000,
        ">=2000" : 0.000000
      },
      "latency_depth" : 32,
      "latency_target" : 0,
      "latency_target_ns" : 0,
      "latency_percentile" : 100.000000,
      "latency_window" : 0,
      "latency_window_us" : 0
    }
  ],
  "disk_util" : [
    {
      "name" : "nvme2n1",
      "read_ios" : 48,
      "write_ios" : 3813,
      "read_sectors" : 2088,
      "write_sectors" : 976128,
      "read_merges" : 0,
      "write_merges" : 0,
      "read_ticks" : 2,
      "write_ticks" : 156012,
      "in_queue" : 156014,
      "util" : 98.158527
    }
  ]
}
