{
  "fio version" : "fio-3.36",
  "timestamp" : 1781330608,
  "timestamp_ms" : 1781330608524,
  "time" : "Sat Jun 13 06:03:28 2026",
  "jobs" : [
    {
      "jobname" : "randomwrite_128k_128",
      "groupid" : 0,
      "job_start" : 1781330603337,
      "error" : 0,
      "eta" : 0,
      "elapsed" : 6,
      "job options" : {
        "name" : "randomwrite_128k_128",
        "filename" : "/dev/nvme3n1",
        "ioengine" : "io_uring",
        "direct" : "1",
        "rw" : "randwrite",
        "bs" : "128k",
        "iodepth" : "128",
        "size" : "3G",
        "runtime" : "5"
      },
      "read" : {
        "io_bytes" : 0,
        "io_kbytes" : 0,
        "bw_bytes" : 0,
        "bw" : 0,
        "iops" : 0.000000,
        "runtime" : 0,
        "total_ios" : 0,
        "short_ios" : 0,
        "drop_ios" : 0,
        "slat_ns" : {
          "min" : 0,
          "max" : 0,
          "mean" : 0.000000,
          "stddev" : 0.000000,
          "N" : 0
        },
        "clat_ns" : {
          "min" : 0,
          "max" : 0,
          "mean" : 0.000000,
          "stddev" : 0.000000,
          "N" : 0
        },
        "lat_ns" : {
          "min" : 0,
          "max" : 0,
          "mean" : 0.000000,
          "stddev" : 0.000000,
          "N" : 0
        },
        "bw_min" : 0,
        "bw_max" : 0,
        "bw_agg" : 0.000000,
        "bw_mean" : 0.000000,
        "bw_dev" : 0.000000,
        "bw_samples" : 0,
        "iops_min" : 0,
        "iops_max" : 0,
        "iops_mean" : 0.000000,
        "iops_stddev" : 0.000000,
        "iops_samples" : 0
      },
      "write" : {
        "io_bytes" : 523763712,
        "io_kbytes" : 511488,
        "bw_bytes" : 101269085,
        "bw" : 98895,
        "iops" : 772.621810,
        "runtime" : 5172,
        "total_ios" : 3996,
        "short_ios" : 0,
        "drop_ios" : 0,
        "slat_ns" : {
          "min" : 2815,
          "max" : 40471,
          "mean" : 9967.078078,
          "stddev" : 5972.123393,
          "N" : 3996
        },
        "clat_ns" : {
          "min" : 1409792,
          "max" : 343608049,
          "mean" : 165599904.614365,
          "stddev" : 26011141.343507,
          "N" : 3996,
          "percentile" : {
            "1.000000" : 48496640,
            "5.000000" : 154140672,
            "10.000000" : 160432128,
            "20.000000" : 162529280,
            "30.000000" : 162529280,
            "40.000000" : 164626432,
            "50.000000" : 164626432,
            "60.000000" : 166723584,
            "70.000000" : 168820736,
            "80.000000" : 168820736,
            "90.000000" : 170917888,
            "95.000000" : 173015040,
            "99.000000" : 291504128,
            "99.500000" : 316669952,
            "99.900000" : 337641472,
            "99.950000" : 341835776,
            "99.990000" : 341835776
          }
        },
        "lat_ns" : {
          "min" : 1428343,
          "max" : 343614303,
          "mean" : 165609871.692443,
          "stddev" : 26011667.012779,
          "N" : 3996
        },
        "bw_min" : 94976,
        "bw_max" : 101632,
        "bw_agg" : 100.000000,
        "bw_mean" : 99046.400000,
        "bw_dev" : 1824.018713,
        "bw_samples" : 10,
        "iops_min" : 742,
        "iops_max" : 794,
        "iops_mean" : 773.800000,
        "iops_stddev" : 14.250146,
        "iops_samples" : 10
      },
      "trim" : {
        "io_bytes" : 0,
        "io_kbytes" : 0,
        "bw_bytes" : 0,
        "bw" : 0,
        "iops" : 0.000000,
        "runtime" : 0,
        "total_ios" : 0,
        "short_ios" : 0,
        "drop_ios" : 0,
        "slat_ns" : {
          "min" : 0,
          "max" : 0,
          "mean" : 0.000000,
          "stddev" : 0.000000,
          "N" : 0
        },
        "clat_ns" : {
          "min" : 0,
          "max" : 0,
          "mean" : 0.000000,
          "stddev" : 0.000000,
          "N" : 0
        },
        "lat_ns" : {
          "min" : 0,
          "max" : 0,
          "mean" : 0.000000,
          "stddev" : 0.000000,
          "N" : 0
        },
        "bw_min" : 0,
        "bw_max" : 0,
        "bw_agg" : 0.000000,
        "bw_mean" : 0.000000,
        "bw_dev" : 0.000000,
        "bw_samples" : 0,
        "iops_min" : 0,
        "iops_max" : 0,
        "iops_mean" : 0.000000,
        "iops_stddev" : 0.000000,
        "iops_samples" : 0
      },
      "sync" : {
        "total_ios" : 0,
        "lat_ns" : {
          "min" : 0,
          "max" : 0,
          "mean" : 0.000000,
          "stddev" : 0.000000,
          "N" : 0
        }
      },
      "job_runtime" : 5171,
      "usr_cpu" : 0.560820,
      "sys_cpu" : 0.580159,
      "ctx" : 3988,
      "majf" : 0,
      "minf" : 8,
      "iodepth_level" : {
        "1" : 0.100000,
        "2" : 0.100000,
        "4" : 0.100100,
        "8" : 0.200200,
        "16" : 0.400400,
        "32" : 0.800801,
        ">=64" : 98.423423
      },
      "iodepth_submit" : {
        "0" : 0.000000,
        "4" : 100.000000,
        "8" : 0.000000,
        "16" : 0.000000,
        "32" : 0.000000,
        "64" : 0.000000,
        ">=64" : 0.000000
      },
      "iodepth_complete" : {
        "0" : 0.000000,
        "4" : 99.974160,
        "8" : 0.000000,
        "16" : 0.000000,
        "32" : 0.000000,
        "64" : 0.000000,
        ">=64" : 0.100000
      },
      "latency_ns" : {
        "2" : 0.000000,
        "4" : 0.000000,
        "10" : 0.000000,
        "20" : 0.000000,
        "50" : 0.000000,
        "100" : 0.000000,
        "250" : 0.000000,
        "500" : 0.000000,
        "750" : 0.000000,
        "1000" : 0.000000
      },
      "latency_us" : {
        "2" : 0.000000,
        "4" : 0.000000,
        "10" : 0.000000,
        "20" : 0.000000,
        "50" : 0.000000,
        "100" : 0.000000,
        "250" : 0.000000,
        "500" : 0.000000,
        "750" : 0.000000,
        "1000" : 0.000000
      },
      "latency_ms" : {
        "2" : 0.075075,
        "4" : 0.025025,
        "10" : 0.100100,
        "20" : 0.200200,
        "50" : 0.625626,
        "100" : 1.001001,
        "250" : 96.221221,
        "500" : 1.751752,
        "750" : 0.000000,
        "1000" : 0.000000,
        "2000" : 0.000000,
        ">=2000" : 0.000000
      },
      "latency_depth" : 128,
      "latency_target" : 0,
      "latency_percentile" : 100.000000,
      "latency_window" : 0
    }
  ],
  "disk_util" : [
    {
      "name" : "nvme3n1",
      "read_ios" : 48,
      "write_ios" : 3973,
      "read_sectors" : 2088,
      "write_sectors" : 1017088,
      "read_merges" : 0,
      "write_merges" : 0,
      "read_ticks" : 2,
      "write_ticks" : 647197,
      "in_queue" : 647198,
      "util" : 98.113208
    }
  ]
}
