{
  "fio version" : "fio-3.42-31-g6a66",
  "timestamp" : 1781281248,
  "timestamp_ms" : 1781281248211,
  "time" : "Fri Jun 12 16:20:48 2026",
  "jobs" : [
    {
      "jobname" : "randomwrite_128k_8",
      "groupid" : 0,
      "job_start" : 1781281243062,
      "error" : 0,
      "eta" : 0,
      "elapsed" : 6,
      "job options" : {
        "name" : "randomwrite_128k_8",
        "filename" : "/dev/nvme2n1",
        "ioengine" : "io_uring",
        "direct" : "1",
        "group_reporting" : "",
        "rw" : "randwrite",
        "bs" : "128k",
        "iodepth" : "8",
        "size" : "3G",
        "time_based" : "",
        "runtime" : "5"
      },
      "read" : {
        "io_bytes" : 0,
        "io_kbytes" : 0,
        "bw_bytes" : 0,
        "bw" : 0,
        "iops" : 0.000000,
        "runtime" : 0,
        "total_ios" : 0,
        "short_ios" : 0,
        "drop_ios" : 0,
        "slat_ns" : {
          "min" : 0,
          "max" : 0,
          "mean" : 0.000000,
          "stddev" : 0.000000,
          "N" : 0
        },
        "clat_ns" : {
          "min" : 0,
          "max" : 0,
          "mean" : 0.000000,
          "stddev" : 0.000000,
          "N" : 0
        },
        "lat_ns" : {
          "min" : 0,
          "max" : 0,
          "mean" : 0.000000,
          "stddev" : 0.000000,
          "N" : 0
        },
        "bw_min" : 0,
        "bw_max" : 0,
        "bw_agg" : 0.000000,
        "bw_mean" : 0.000000,
        "bw_dev" : 0.000000,
        "bw_samples" : 0,
        "iops_min" : 0,
        "iops_max" : 0,
        "iops_mean" : 0.000000,
        "iops_stddev" : 0.000000,
        "iops_samples" : 0
      },
      "write" : {
        "io_bytes" : 518389760,
        "io_kbytes" : 506240,
        "bw_bytes" : 103471009,
        "bw" : 101045,
        "iops" : 789.421158,
        "runtime" : 5010,
        "total_ios" : 3955,
        "short_ios" : 0,
        "drop_ios" : 0,
        "slat_ns" : {
          "min" : 2393,
          "max" : 33365,
          "mean" : 9818.145638,
          "stddev" : 6119.269829,
          "N" : 3955
        },
        "clat_ns" : {
          "min" : 1211615,
          "max" : 15669964,
          "mean" : 10120787.885461,
          "stddev" : 1179300.628963,
          "N" : 3955,
          "percentile" : {
            "1.000000" : 7110656,
            "5.000000" : 8093696,
            "10.000000" : 8585216,
            "20.000000" : 9109504,
            "30.000000" : 9633792,
            "40.000000" : 9895936,
            "50.000000" : 10289152,
            "60.000000" : 10551296,
            "70.000000" : 10813440,
            "80.000000" : 11075584,
            "90.000000" : 11599872,
            "95.000000" : 11862016,
            "99.000000" : 12255232,
            "99.500000" : 12517376,
            "99.900000" : 12648448,
            "99.950000" : 14090240,
            "99.990000" : 15663104
          }
        },
        "lat_ns" : {
          "min" : 1222788,
          "max" : 15685303,
          "mean" : 10130606.031100,
          "stddev" : 1179246.915610,
          "N" : 3955
        },
        "bw_min" : 97792,
        "bw_max" : 103680,
        "bw_agg" : 100.000000,
        "bw_mean" : 101068.800000,
        "bw_dev" : 1793.218633,
        "bw_samples" : 10,
        "iops_min" : 764,
        "iops_max" : 810,
        "iops_mean" : 789.600000,
        "iops_stddev" : 14.009521,
        "iops_samples" : 10
      },
      "trim" : {
        "io_bytes" : 0,
        "io_kbytes" : 0,
        "bw_bytes" : 0,
        "bw" : 0,
        "iops" : 0.000000,
        "runtime" : 0,
        "total_ios" : 0,
        "short_ios" : 0,
        "drop_ios" : 0,
        "slat_ns" : {
          "min" : 0,
          "max" : 0,
          "mean" : 0.000000,
          "stddev" : 0.000000,
          "N" : 0
        },
        "clat_ns" : {
          "min" : 0,
          "max" : 0,
          "mean" : 0.000000,
          "stddev" : 0.000000,
          "N" : 0
        },
        "lat_ns" : {
          "min" : 0,
          "max" : 0,
          "mean" : 0.000000,
          "stddev" : 0.000000,
          "N" : 0
        },
        "bw_min" : 0,
        "bw_max" : 0,
        "bw_agg" : 0.000000,
        "bw_mean" : 0.000000,
        "bw_dev" : 0.000000,
        "bw_samples" : 0,
        "iops_min" : 0,
        "iops_max" : 0,
        "iops_mean" : 0.000000,
        "iops_stddev" : 0.000000,
        "iops_samples" : 0
      },
      "sync" : {
        "total_ios" : 0,
        "lat_ns" : {
          "min" : 0,
          "max" : 0,
          "mean" : 0.000000,
          "stddev" : 0.000000,
          "N" : 0
        }
      },
      "job_runtime" : 5009,
      "usr_cpu" : 0.419245,
      "sys_cpu" : 0.958275,
      "ctx" : 3939,
      "majf" : 0,
      "minf" : 7,
      "iodepth_level" : {
        "1" : 0.100000,
        "2" : 0.100000,
        "4" : 0.101138,
        "8" : 99.823009,
        "16" : 0.000000,
        "32" : 0.000000,
        ">=64" : 0.000000
      },
      "iodepth_submit" : {
        "0" : 0.000000,
        "4" : 100.000000,
        "8" : 0.000000,
        "16" : 0.000000,
        "32" : 0.000000,
        "64" : 0.000000,
        ">=64" : 0.000000
      },
      "iodepth_complete" : {
        "0" : 0.000000,
        "4" : 99.974677,
        "8" : 0.100000,
        "16" : 0.000000,
        "32" : 0.000000,
        "64" : 0.000000,
        ">=64" : 0.000000
      },
      "latency_ns" : {
        "2" : 0.000000,
        "4" : 0.000000,
        "10" : 0.000000,
        "20" : 0.000000,
        "50" : 0.000000,
        "100" : 0.000000,
        "250" : 0.000000,
        "500" : 0.000000,
        "750" : 0.000000,
        "1000" : 0.000000
      },
      "latency_us" : {
        "2" : 0.000000,
        "4" : 0.000000,
        "10" : 0.000000,
        "20" : 0.000000,
        "50" : 0.000000,
        "100" : 0.000000,
        "250" : 0.000000,
        "500" : 0.000000,
        "750" : 0.000000,
        "1000" : 0.000000
      },
      "latency_ms" : {
        "2" : 0.025284,
        "4" : 0.025284,
        "10" : 42.983565,
        "20" : 56.965866,
        "50" : 0.000000,
        "100" : 0.000000,
        "250" : 0.000000,
        "500" : 0.000000,
        "750" : 0.000000,
        "1000" : 0.000000,
        "2000" : 0.000000,
        ">=2000" : 0.000000
      },
      "latency_depth" : 8,
      "latency_target" : 0,
      "latency_target_ns" : 0,
      "latency_percentile" : 100.000000,
      "latency_window" : 0,
      "latency_window_us" : 0
    }
  ],
  "disk_util" : [
    {
      "name" : "nvme2n1",
      "read_ios" : 48,
      "write_ios" : 3857,
      "read_sectors" : 2088,
      "write_sectors" : 987392,
      "read_merges" : 0,
      "write_merges" : 0,
      "read_ticks" : 2,
      "write_ticks" : 39077,
      "in_queue" : 39080,
      "util" : 98.218931
    }
  ]
}
