{
  "fio version" : "fio-3.36",
  "timestamp" : 1781330571,
  "timestamp_ms" : 1781330571371,
  "time" : "Sat Jun 13 06:02:51 2026",
  "jobs" : [
    {
      "jobname" : "randomwrite_128k_1",
      "groupid" : 0,
      "job_start" : 1781330566351,
      "error" : 0,
      "eta" : 0,
      "elapsed" : 6,
      "job options" : {
        "name" : "randomwrite_128k_1",
        "filename" : "/dev/nvme3n1",
        "ioengine" : "io_uring",
        "direct" : "1",
        "rw" : "randwrite",
        "bs" : "128k",
        "iodepth" : "1",
        "size" : "3G",
        "runtime" : "5"
      },
      "read" : {
        "io_bytes" : 0,
        "io_kbytes" : 0,
        "bw_bytes" : 0,
        "bw" : 0,
        "iops" : 0.000000,
        "runtime" : 0,
        "total_ios" : 0,
        "short_ios" : 0,
        "drop_ios" : 0,
        "slat_ns" : {
          "min" : 0,
          "max" : 0,
          "mean" : 0.000000,
          "stddev" : 0.000000,
          "N" : 0
        },
        "clat_ns" : {
          "min" : 0,
          "max" : 0,
          "mean" : 0.000000,
          "stddev" : 0.000000,
          "N" : 0
        },
        "lat_ns" : {
          "min" : 0,
          "max" : 0,
          "mean" : 0.000000,
          "stddev" : 0.000000,
          "N" : 0
        },
        "bw_min" : 0,
        "bw_max" : 0,
        "bw_agg" : 0.000000,
        "bw_mean" : 0.000000,
        "bw_dev" : 0.000000,
        "bw_samples" : 0,
        "iops_min" : 0,
        "iops_max" : 0,
        "iops_mean" : 0.000000,
        "iops_stddev" : 0.000000,
        "iops_samples" : 0
      },
      "write" : {
        "io_bytes" : 505937920,
        "io_kbytes" : 494080,
        "bw_bytes" : 101167350,
        "bw" : 98796,
        "iops" : 771.845631,
        "runtime" : 5001,
        "total_ios" : 3860,
        "short_ios" : 0,
        "drop_ios" : 0,
        "slat_ns" : {
          "min" : 3114,
          "max" : 42089,
          "mean" : 9067.175648,
          "stddev" : 5472.376916,
          "N" : 3860
        },
        "clat_ns" : {
          "min" : 281013,
          "max" : 2250059,
          "mean" : 1285173.843782,
          "stddev" : 308785.497588,
          "N" : 3860,
          "percentile" : {
            "1.000000" : 452608,
            "5.000000" : 782336,
            "10.000000" : 946176,
            "20.000000" : 1056768,
            "30.000000" : 1105920,
            "40.000000" : 1187840,
            "50.000000" : 1253376,
            "60.000000" : 1335296,
            "70.000000" : 1417216,
            "80.000000" : 1548288,
            "90.000000" : 1728512,
            "95.000000" : 1826816,
            "99.000000" : 1941504,
            "99.500000" : 2023424,
            "99.900000" : 2211840,
            "99.950000" : 2244608,
            "99.990000" : 2244608
          }
        },
        "lat_ns" : {
          "min" : 303640,
          "max" : 2267847,
          "mean" : 1294241.019430,
          "stddev" : 308886.872311,
          "N" : 3860
        },
        "bw_min" : 98048,
        "bw_max" : 99840,
        "bw_agg" : 100.000000,
        "bw_mean" : 98844.444444,
        "bw_dev" : 606.407271,
        "bw_samples" : 9,
        "iops_min" : 766,
        "iops_max" : 780,
        "iops_mean" : 772.222222,
        "iops_stddev" : 4.737557,
        "iops_samples" : 9
      },
      "trim" : {
        "io_bytes" : 0,
        "io_kbytes" : 0,
        "bw_bytes" : 0,
        "bw" : 0,
        "iops" : 0.000000,
        "runtime" : 0,
        "total_ios" : 0,
        "short_ios" : 0,
        "drop_ios" : 0,
        "slat_ns" : {
          "min" : 0,
          "max" : 0,
          "mean" : 0.000000,
          "stddev" : 0.000000,
          "N" : 0
        },
        "clat_ns" : {
          "min" : 0,
          "max" : 0,
          "mean" : 0.000000,
          "stddev" : 0.000000,
          "N" : 0
        },
        "lat_ns" : {
          "min" : 0,
          "max" : 0,
          "mean" : 0.000000,
          "stddev" : 0.000000,
          "N" : 0
        },
        "bw_min" : 0,
        "bw_max" : 0,
        "bw_agg" : 0.000000,
        "bw_mean" : 0.000000,
        "bw_dev" : 0.000000,
        "bw_samples" : 0,
        "iops_min" : 0,
        "iops_max" : 0,
        "iops_mean" : 0.000000,
        "iops_stddev" : 0.000000,
        "iops_samples" : 0
      },
      "sync" : {
        "total_ios" : 0,
        "lat_ns" : {
          "min" : 0,
          "max" : 0,
          "mean" : 0.000000,
          "stddev" : 0.000000,
          "N" : 0
        }
      },
      "job_runtime" : 5000,
      "usr_cpu" : 0.360000,
      "sys_cpu" : 0.740000,
      "ctx" : 3866,
      "majf" : 0,
      "minf" : 7,
      "iodepth_level" : {
        "1" : 100.000000,
        "2" : 0.000000,
        "4" : 0.000000,
        "8" : 0.000000,
        "16" : 0.000000,
        "32" : 0.000000,
        ">=64" : 0.000000
      },
      "iodepth_submit" : {
        "0" : 0.000000,
        "4" : 100.000000,
        "8" : 0.000000,
        "16" : 0.000000,
        "32" : 0.000000,
        "64" : 0.000000,
        ">=64" : 0.000000
      },
      "iodepth_complete" : {
        "0" : 0.000000,
        "4" : 100.000000,
        "8" : 0.000000,
        "16" : 0.000000,
        "32" : 0.000000,
        "64" : 0.000000,
        ">=64" : 0.000000
      },
      "latency_ns" : {
        "2" : 0.000000,
        "4" : 0.000000,
        "10" : 0.000000,
        "20" : 0.000000,
        "50" : 0.000000,
        "100" : 0.000000,
        "250" : 0.000000,
        "500" : 0.000000,
        "750" : 0.000000,
        "1000" : 0.000000
      },
      "latency_us" : {
        "2" : 0.000000,
        "4" : 0.000000,
        "10" : 0.000000,
        "20" : 0.000000,
        "50" : 0.000000,
        "100" : 0.000000,
        "250" : 0.000000,
        "500" : 1.528497,
        "750" : 2.901554,
        "1000" : 9.093264
      },
      "latency_ms" : {
        "2" : 85.777202,
        "4" : 0.699482,
        "10" : 0.000000,
        "20" : 0.000000,
        "50" : 0.000000,
        "100" : 0.000000,
        "250" : 0.000000,
        "500" : 0.000000,
        "750" : 0.000000,
        "1000" : 0.000000,
        "2000" : 0.000000,
        ">=2000" : 0.000000
      },
      "latency_depth" : 1,
      "latency_target" : 0,
      "latency_percentile" : 100.000000,
      "latency_window" : 0
    }
  ],
  "disk_util" : [
    {
      "name" : "nvme3n1",
      "read_ios" : 48,
      "write_ios" : 3782,
      "read_sectors" : 2088,
      "write_sectors" : 968192,
      "read_merges" : 0,
      "write_merges" : 0,
      "read_ticks" : 2,
      "write_ticks" : 4853,
      "in_queue" : 4854,
      "util" : 98.218931
    }
  ]
}
