{
  "fio version" : "fio-3.36",
  "timestamp" : 1781330592,
  "timestamp_ms" : 1781330592448,
  "time" : "Sat Jun 13 06:03:12 2026",
  "jobs" : [
    {
      "jobname" : "randomwrite_128k_16",
      "groupid" : 0,
      "job_start" : 1781330587419,
      "error" : 0,
      "eta" : 0,
      "elapsed" : 6,
      "job options" : {
        "name" : "randomwrite_128k_16",
        "filename" : "/dev/nvme3n1",
        "ioengine" : "io_uring",
        "direct" : "1",
        "rw" : "randwrite",
        "bs" : "128k",
        "iodepth" : "16",
        "size" : "3G",
        "runtime" : "5"
      },
      "read" : {
        "io_bytes" : 0,
        "io_kbytes" : 0,
        "bw_bytes" : 0,
        "bw" : 0,
        "iops" : 0.000000,
        "runtime" : 0,
        "total_ios" : 0,
        "short_ios" : 0,
        "drop_ios" : 0,
        "slat_ns" : {
          "min" : 0,
          "max" : 0,
          "mean" : 0.000000,
          "stddev" : 0.000000,
          "N" : 0
        },
        "clat_ns" : {
          "min" : 0,
          "max" : 0,
          "mean" : 0.000000,
          "stddev" : 0.000000,
          "N" : 0
        },
        "lat_ns" : {
          "min" : 0,
          "max" : 0,
          "mean" : 0.000000,
          "stddev" : 0.000000,
          "N" : 0
        },
        "bw_min" : 0,
        "bw_max" : 0,
        "bw_agg" : 0.000000,
        "bw_mean" : 0.000000,
        "bw_dev" : 0.000000,
        "bw_samples" : 0,
        "iops_min" : 0,
        "iops_max" : 0,
        "iops_mean" : 0.000000,
        "iops_stddev" : 0.000000,
        "iops_samples" : 0
      },
      "write" : {
        "io_bytes" : 585236480,
        "io_kbytes" : 571520,
        "bw_bytes" : 116813668,
        "bw" : 114075,
        "iops" : 891.217565,
        "runtime" : 5010,
        "total_ios" : 4465,
        "short_ios" : 0,
        "drop_ios" : 0,
        "slat_ns" : {
          "min" : 2697,
          "max" : 40816,
          "mean" : 8505.469205,
          "stddev" : 6538.540978,
          "N" : 4465
        },
        "clat_ns" : {
          "min" : 834032,
          "max" : 24002445,
          "mean" : 17937952.211198,
          "stddev" : 3028855.465444,
          "N" : 4465,
          "percentile" : {
            "1.000000" : 9371648,
            "5.000000" : 11599872,
            "10.000000" : 13565952,
            "20.000000" : 15925248,
            "30.000000" : 17170432,
            "40.000000" : 17956864,
            "50.000000" : 18481152,
            "60.000000" : 19005440,
            "70.000000" : 19529728,
            "80.000000" : 20316160,
            "90.000000" : 21364736,
            "95.000000" : 21889024,
            "99.000000" : 22937600,
            "99.500000" : 23199744,
            "99.900000" : 23724032,
            "99.950000" : 23724032,
            "99.990000" : 23986176
          }
        },
        "lat_ns" : {
          "min" : 852808,
          "max" : 24021074,
          "mean" : 17946457.680403,
          "stddev" : 3029593.698442,
          "N" : 4465
        },
        "bw_min" : 103424,
        "bw_max" : 163072,
        "bw_agg" : 99.863382,
        "bw_mean" : 113920.000000,
        "bw_dev" : 17918.780911,
        "bw_samples" : 10,
        "iops_min" : 808,
        "iops_max" : 1274,
        "iops_mean" : 890.000000,
        "iops_stddev" : 139.990476,
        "iops_samples" : 10
      },
      "trim" : {
        "io_bytes" : 0,
        "io_kbytes" : 0,
        "bw_bytes" : 0,
        "bw" : 0,
        "iops" : 0.000000,
        "runtime" : 0,
        "total_ios" : 0,
        "short_ios" : 0,
        "drop_ios" : 0,
        "slat_ns" : {
          "min" : 0,
          "max" : 0,
          "mean" : 0.000000,
          "stddev" : 0.000000,
          "N" : 0
        },
        "clat_ns" : {
          "min" : 0,
          "max" : 0,
          "mean" : 0.000000,
          "stddev" : 0.000000,
          "N" : 0
        },
        "lat_ns" : {
          "min" : 0,
          "max" : 0,
          "mean" : 0.000000,
          "stddev" : 0.000000,
          "N" : 0
        },
        "bw_min" : 0,
        "bw_max" : 0,
        "bw_agg" : 0.000000,
        "bw_mean" : 0.000000,
        "bw_dev" : 0.000000,
        "bw_samples" : 0,
        "iops_min" : 0,
        "iops_max" : 0,
        "iops_mean" : 0.000000,
        "iops_stddev" : 0.000000,
        "iops_samples" : 0
      },
      "sync" : {
        "total_ios" : 0,
        "lat_ns" : {
          "min" : 0,
          "max" : 0,
          "mean" : 0.000000,
          "stddev" : 0.000000,
          "N" : 0
        }
      },
      "job_runtime" : 5009,
      "usr_cpu" : 0.299461,
      "sys_cpu" : 0.898383,
      "ctx" : 4453,
      "majf" : 0,
      "minf" : 10,
      "iodepth_level" : {
        "1" : 0.100000,
        "2" : 0.100000,
        "4" : 0.100000,
        "8" : 0.179171,
        "16" : 99.664054,
        "32" : 0.000000,
        ">=64" : 0.000000
      },
      "iodepth_submit" : {
        "0" : 0.000000,
        "4" : 100.000000,
        "8" : 0.000000,
        "16" : 0.000000,
        "32" : 0.000000,
        "64" : 0.000000,
        ">=64" : 0.000000
      },
      "iodepth_complete" : {
        "0" : 0.000000,
        "4" : 99.977533,
        "8" : 0.000000,
        "16" : 0.100000,
        "32" : 0.000000,
        "64" : 0.000000,
        ">=64" : 0.000000
      },
      "latency_ns" : {
        "2" : 0.000000,
        "4" : 0.000000,
        "10" : 0.000000,
        "20" : 0.000000,
        "50" : 0.000000,
        "100" : 0.000000,
        "250" : 0.000000,
        "500" : 0.000000,
        "750" : 0.000000,
        "1000" : 0.000000
      },
      "latency_us" : {
        "2" : 0.000000,
        "4" : 0.000000,
        "10" : 0.000000,
        "20" : 0.000000,
        "50" : 0.000000,
        "100" : 0.000000,
        "250" : 0.000000,
        "500" : 0.000000,
        "750" : 0.000000,
        "1000" : 0.022396
      },
      "latency_ms" : {
        "2" : 0.000000,
        "4" : 0.044793,
        "10" : 1.769317,
        "20" : 73.863382,
        "50" : 24.300112,
        "100" : 0.000000,
        "250" : 0.000000,
        "500" : 0.000000,
        "750" : 0.000000,
        "1000" : 0.000000,
        "2000" : 0.000000,
        ">=2000" : 0.000000
      },
      "latency_depth" : 16,
      "latency_target" : 0,
      "latency_percentile" : 100.000000,
      "latency_window" : 0
    }
  ],
  "disk_util" : [
    {
      "name" : "nvme3n1",
      "read_ios" : 48,
      "write_ios" : 4316,
      "read_sectors" : 2088,
      "write_sectors" : 1104896,
      "read_merges" : 0,
      "write_merges" : 0,
      "read_ticks" : 2,
      "write_ticks" : 78182,
      "in_queue" : 78183,
      "util" : 98.138883
    }
  ]
}
