{
  "fio version" : "fio-3.42-31-g6a66",
  "timestamp" : 1781281129,
  "timestamp_ms" : 1781281129466,
  "time" : "Fri Jun 12 16:18:49 2026",
  "jobs" : [
    {
      "jobname" : "randomwrite_16k_256",
      "groupid" : 0,
      "job_start" : 1781281124318,
      "error" : 0,
      "eta" : 0,
      "elapsed" : 6,
      "job options" : {
        "name" : "randomwrite_16k_256",
        "filename" : "/dev/nvme2n1",
        "ioengine" : "io_uring",
        "direct" : "1",
        "group_reporting" : "",
        "rw" : "randwrite",
        "bs" : "16k",
        "iodepth" : "256",
        "size" : "3G",
        "time_based" : "",
        "runtime" : "5"
      },
      "read" : {
        "io_bytes" : 0,
        "io_kbytes" : 0,
        "bw_bytes" : 0,
        "bw" : 0,
        "iops" : 0.000000,
        "runtime" : 0,
        "total_ios" : 0,
        "short_ios" : 0,
        "drop_ios" : 0,
        "slat_ns" : {
          "min" : 0,
          "max" : 0,
          "mean" : 0.000000,
          "stddev" : 0.000000,
          "N" : 0
        },
        "clat_ns" : {
          "min" : 0,
          "max" : 0,
          "mean" : 0.000000,
          "stddev" : 0.000000,
          "N" : 0
        },
        "lat_ns" : {
          "min" : 0,
          "max" : 0,
          "mean" : 0.000000,
          "stddev" : 0.000000,
          "N" : 0
        },
        "bw_min" : 0,
        "bw_max" : 0,
        "bw_agg" : 0.000000,
        "bw_mean" : 0.000000,
        "bw_dev" : 0.000000,
        "bw_samples" : 0,
        "iops_min" : 0,
        "iops_max" : 0,
        "iops_mean" : 0.000000,
        "iops_stddev" : 0.000000,
        "iops_samples" : 0
      },
      "write" : {
        "io_bytes" : 1929281536,
        "io_kbytes" : 1884064,
        "bw_bytes" : 383707544,
        "bw" : 374714,
        "iops" : 23419.649960,
        "runtime" : 5028,
        "total_ios" : 117754,
        "short_ios" : 0,
        "drop_ios" : 0,
        "slat_ns" : {
          "min" : 774,
          "max" : 25033,
          "mean" : 1128.843114,
          "stddev" : 499.278332,
          "N" : 117754
        },
        "clat_ns" : {
          "min" : 15438,
          "max" : 58790729,
          "mean" : 10927897.199891,
          "stddev" : 13430577.396946,
          "N" : 117754,
          "percentile" : {
            "1.000000" : 24448,
            "5.000000" : 26752,
            "10.000000" : 32640,
            "20.000000" : 34048,
            "30.000000" : 34560,
            "40.000000" : 35072,
            "50.000000" : 36608,
            "60.000000" : 17170432,
            "70.000000" : 25034752,
            "80.000000" : 27394048,
            "90.000000" : 29229056,
            "95.000000" : 30277632,
            "99.000000" : 33816576,
            "99.500000" : 35389440,
            "99.900000" : 42205184,
            "99.950000" : 50069504,
            "99.990000" : 55836672
          }
        },
        "lat_ns" : {
          "min" : 17599,
          "max" : 58791687,
          "mean" : 10929026.043005,
          "stddev" : 13430576.382032,
          "N" : 117754
        },
        "bw_min" : 370240,
        "bw_max" : 385024,
        "bw_agg" : 100.000000,
        "bw_mean" : 375996.800000,
        "bw_dev" : 5201.713495,
        "bw_samples" : 10,
        "iops_min" : 23140,
        "iops_max" : 24064,
        "iops_mean" : 23499.800000,
        "iops_stddev" : 325.107093,
        "iops_samples" : 10
      },
      "trim" : {
        "io_bytes" : 0,
        "io_kbytes" : 0,
        "bw_bytes" : 0,
        "bw" : 0,
        "iops" : 0.000000,
        "runtime" : 0,
        "total_ios" : 0,
        "short_ios" : 0,
        "drop_ios" : 0,
        "slat_ns" : {
          "min" : 0,
          "max" : 0,
          "mean" : 0.000000,
          "stddev" : 0.000000,
          "N" : 0
        },
        "clat_ns" : {
          "min" : 0,
          "max" : 0,
          "mean" : 0.000000,
          "stddev" : 0.000000,
          "N" : 0
        },
        "lat_ns" : {
          "min" : 0,
          "max" : 0,
          "mean" : 0.000000,
          "stddev" : 0.000000,
          "N" : 0
        },
        "bw_min" : 0,
        "bw_max" : 0,
        "bw_agg" : 0.000000,
        "bw_mean" : 0.000000,
        "bw_dev" : 0.000000,
        "bw_samples" : 0,
        "iops_min" : 0,
        "iops_max" : 0,
        "iops_mean" : 0.000000,
        "iops_stddev" : 0.000000,
        "iops_samples" : 0
      },
      "sync" : {
        "total_ios" : 0,
        "lat_ns" : {
          "min" : 0,
          "max" : 0,
          "mean" : 0.000000,
          "stddev" : 0.000000,
          "N" : 0
        }
      },
      "job_runtime" : 5027,
      "usr_cpu" : 1.670977,
      "sys_cpu" : 4.535508,
      "ctx" : 86419,
      "majf" : 0,
      "minf" : 8,
      "iodepth_level" : {
        "1" : 0.100000,
        "2" : 0.100000,
        "4" : 0.100000,
        "8" : 0.100000,
        "16" : 0.100000,
        "32" : 0.100000,
        ">=64" : 99.946499
      },
      "iodepth_submit" : {
        "0" : 0.000000,
        "4" : 100.000000,
        "8" : 0.000000,
        "16" : 0.000000,
        "32" : 0.000000,
        "64" : 0.000000,
        ">=64" : 0.000000
      },
      "iodepth_complete" : {
        "0" : 0.000000,
        "4" : 99.999149,
        "8" : 0.000000,
        "16" : 0.000000,
        "32" : 0.000000,
        "64" : 0.000000,
        ">=64" : 0.100000
      },
      "latency_ns" : {
        "2" : 0.000000,
        "4" : 0.000000,
        "10" : 0.000000,
        "20" : 0.000000,
        "50" : 0.000000,
        "100" : 0.000000,
        "250" : 0.000000,
        "500" : 0.000000,
        "750" : 0.000000,
        "1000" : 0.000000
      },
      "latency_us" : {
        "2" : 0.000000,
        "4" : 0.000000,
        "10" : 0.000000,
        "20" : 0.016135,
        "50" : 58.707984,
        "100" : 0.157956,
        "250" : 0.135027,
        "500" : 0.230990,
        "750" : 0.178338,
        "1000" : 0.136726
      },
      "latency_ms" : {
        "2" : 0.061144,
        "4" : 0.013588,
        "10" : 0.048406,
        "20" : 1.210999,
        "50" : 39.053450,
        "100" : 0.049255,
        "250" : 0.000000,
        "500" : 0.000000,
        "750" : 0.000000,
        "1000" : 0.000000,
        "2000" : 0.000000,
        ">=2000" : 0.000000
      },
      "latency_depth" : 256,
      "latency_target" : 0,
      "latency_target_ns" : 0,
      "latency_percentile" : 100.000000,
      "latency_window" : 0,
      "latency_window_us" : 0
    }
  ],
  "disk_util" : [
    {
      "name" : "nvme2n1",
      "read_ios" : 48,
      "write_ios" : 115083,
      "read_sectors" : 2088,
      "write_sectors" : 3682656,
      "read_merges" : 0,
      "write_merges" : 0,
      "read_ticks" : 1,
      "write_ticks" : 1249733,
      "in_queue" : 1249735,
      "util" : 98.158527
    }
  ]
}
