{
  "fio version" : "fio-3.42-31-g6a66",
  "timestamp" : 1781281086,
  "timestamp_ms" : 1781281086376,
  "time" : "Fri Jun 12 16:18:06 2026",
  "jobs" : [
    {
      "jobname" : "randomwrite_16k_1",
      "groupid" : 0,
      "job_start" : 1781281081227,
      "error" : 0,
      "eta" : 0,
      "elapsed" : 6,
      "job options" : {
        "name" : "randomwrite_16k_1",
        "filename" : "/dev/nvme2n1",
        "ioengine" : "io_uring",
        "direct" : "1",
        "group_reporting" : "",
        "rw" : "randwrite",
        "bs" : "16k",
        "iodepth" : "1",
        "size" : "3G",
        "time_based" : "",
        "runtime" : "5"
      },
      "read" : {
        "io_bytes" : 0,
        "io_kbytes" : 0,
        "bw_bytes" : 0,
        "bw" : 0,
        "iops" : 0.000000,
        "runtime" : 0,
        "total_ios" : 0,
        "short_ios" : 0,
        "drop_ios" : 0,
        "slat_ns" : {
          "min" : 0,
          "max" : 0,
          "mean" : 0.000000,
          "stddev" : 0.000000,
          "N" : 0
        },
        "clat_ns" : {
          "min" : 0,
          "max" : 0,
          "mean" : 0.000000,
          "stddev" : 0.000000,
          "N" : 0
        },
        "lat_ns" : {
          "min" : 0,
          "max" : 0,
          "mean" : 0.000000,
          "stddev" : 0.000000,
          "N" : 0
        },
        "bw_min" : 0,
        "bw_max" : 0,
        "bw_agg" : 0.000000,
        "bw_mean" : 0.000000,
        "bw_dev" : 0.000000,
        "bw_samples" : 0,
        "iops_min" : 0,
        "iops_max" : 0,
        "iops_mean" : 0.000000,
        "iops_stddev" : 0.000000,
        "iops_samples" : 0
      },
      "write" : {
        "io_bytes" : 406765568,
        "io_kbytes" : 397232,
        "bw_bytes" : 81336846,
        "bw" : 79430,
        "iops" : 4964.407119,
        "runtime" : 5001,
        "total_ios" : 24827,
        "short_ios" : 0,
        "drop_ios" : 0,
        "slat_ns" : {
          "min" : 888,
          "max" : 24574,
          "mean" : 1137.497442,
          "stddev" : 533.044276,
          "N" : 24827
        },
        "clat_ns" : {
          "min" : 9628,
          "max" : 1025493,
          "mean" : 200049.962098,
          "stddev" : 231621.537755,
          "N" : 24827,
          "percentile" : {
            "1.000000" : 13248,
            "5.000000" : 13376,
            "10.000000" : 13760,
            "20.000000" : 14016,
            "30.000000" : 14400,
            "40.000000" : 15040,
            "50.000000" : 15424,
            "60.000000" : 284672,
            "70.000000" : 378880,
            "80.000000" : 464896,
            "90.000000" : 552960,
            "95.000000" : 593920,
            "99.000000" : 700416,
            "99.500000" : 741376,
            "99.900000" : 831488,
            "99.950000" : 888832,
            "99.990000" : 970752
          }
        },
        "lat_ns" : {
          "min" : 13912,
          "max" : 1026462,
          "mean" : 201187.459540,
          "stddev" : 231623.667538,
          "N" : 24827
        },
        "bw_min" : 77984,
        "bw_max" : 80640,
        "bw_agg" : 99.999353,
        "bw_mean" : 79430.400000,
        "bw_dev" : 821.928788,
        "bw_samples" : 10,
        "iops_min" : 4874,
        "iops_max" : 5040,
        "iops_mean" : 4964.400000,
        "iops_stddev" : 51.370549,
        "iops_samples" : 10
      },
      "trim" : {
        "io_bytes" : 0,
        "io_kbytes" : 0,
        "bw_bytes" : 0,
        "bw" : 0,
        "iops" : 0.000000,
        "runtime" : 0,
        "total_ios" : 0,
        "short_ios" : 0,
        "drop_ios" : 0,
        "slat_ns" : {
          "min" : 0,
          "max" : 0,
          "mean" : 0.000000,
          "stddev" : 0.000000,
          "N" : 0
        },
        "clat_ns" : {
          "min" : 0,
          "max" : 0,
          "mean" : 0.000000,
          "stddev" : 0.000000,
          "N" : 0
        },
        "lat_ns" : {
          "min" : 0,
          "max" : 0,
          "mean" : 0.000000,
          "stddev" : 0.000000,
          "N" : 0
        },
        "bw_min" : 0,
        "bw_max" : 0,
        "bw_agg" : 0.000000,
        "bw_mean" : 0.000000,
        "bw_dev" : 0.000000,
        "bw_samples" : 0,
        "iops_min" : 0,
        "iops_max" : 0,
        "iops_mean" : 0.000000,
        "iops_stddev" : 0.000000,
        "iops_samples" : 0
      },
      "sync" : {
        "total_ios" : 0,
        "lat_ns" : {
          "min" : 0,
          "max" : 0,
          "mean" : 0.000000,
          "stddev" : 0.000000,
          "N" : 0
        }
      },
      "job_runtime" : 5000,
      "usr_cpu" : 0.220000,
      "sys_cpu" : 1.400000,
      "ctx" : 24827,
      "majf" : 0,
      "minf" : 7,
      "iodepth_level" : {
        "1" : 100.000000,
        "2" : 0.000000,
        "4" : 0.000000,
        "8" : 0.000000,
        "16" : 0.000000,
        "32" : 0.000000,
        ">=64" : 0.000000
      },
      "iodepth_submit" : {
        "0" : 0.000000,
        "4" : 100.000000,
        "8" : 0.000000,
        "16" : 0.000000,
        "32" : 0.000000,
        "64" : 0.000000,
        ">=64" : 0.000000
      },
      "iodepth_complete" : {
        "0" : 0.000000,
        "4" : 100.000000,
        "8" : 0.000000,
        "16" : 0.000000,
        "32" : 0.000000,
        "64" : 0.000000,
        ">=64" : 0.000000
      },
      "latency_ns" : {
        "2" : 0.000000,
        "4" : 0.000000,
        "10" : 0.000000,
        "20" : 0.000000,
        "50" : 0.000000,
        "100" : 0.000000,
        "250" : 0.000000,
        "500" : 0.000000,
        "750" : 0.000000,
        "1000" : 0.000000
      },
      "latency_us" : {
        "2" : 0.000000,
        "4" : 0.000000,
        "10" : 0.010000,
        "20" : 57.816087,
        "50" : 0.435010,
        "100" : 0.040279,
        "250" : 0.358481,
        "500" : 26.233536,
        "750" : 14.729931,
        "1000" : 0.378620
      },
      "latency_ms" : {
        "2" : 0.010000,
        "4" : 0.000000,
        "10" : 0.000000,
        "20" : 0.000000,
        "50" : 0.000000,
        "100" : 0.000000,
        "250" : 0.000000,
        "500" : 0.000000,
        "750" : 0.000000,
        "1000" : 0.000000,
        "2000" : 0.000000,
        ">=2000" : 0.000000
      },
      "latency_depth" : 1,
      "latency_target" : 0,
      "latency_target_ns" : 0,
      "latency_percentile" : 100.000000,
      "latency_window" : 0,
      "latency_window_us" : 0
    }
  ],
  "disk_util" : [
    {
      "name" : "nvme2n1",
      "read_ios" : 48,
      "write_ios" : 24321,
      "read_sectors" : 2088,
      "write_sectors" : 778272,
      "read_merges" : 0,
      "write_merges" : 0,
      "read_ticks" : 2,
      "write_ticks" : 4840,
      "in_queue" : 4841,
      "util" : 98.158527
    }
  ]
}
