{
  "fio version" : "fio-3.36",
  "timestamp" : 1781330455,
  "timestamp_ms" : 1781330455039,
  "time" : "Sat Jun 13 06:00:55 2026",
  "jobs" : [
    {
      "jobname" : "randomwrite_16k_32",
      "groupid" : 0,
      "job_start" : 1781330450020,
      "error" : 0,
      "eta" : 0,
      "elapsed" : 6,
      "job options" : {
        "name" : "randomwrite_16k_32",
        "filename" : "/dev/nvme3n1",
        "ioengine" : "io_uring",
        "direct" : "1",
        "rw" : "randwrite",
        "bs" : "16k",
        "iodepth" : "32",
        "size" : "3G",
        "runtime" : "5"
      },
      "read" : {
        "io_bytes" : 0,
        "io_kbytes" : 0,
        "bw_bytes" : 0,
        "bw" : 0,
        "iops" : 0.000000,
        "runtime" : 0,
        "total_ios" : 0,
        "short_ios" : 0,
        "drop_ios" : 0,
        "slat_ns" : {
          "min" : 0,
          "max" : 0,
          "mean" : 0.000000,
          "stddev" : 0.000000,
          "N" : 0
        },
        "clat_ns" : {
          "min" : 0,
          "max" : 0,
          "mean" : 0.000000,
          "stddev" : 0.000000,
          "N" : 0
        },
        "lat_ns" : {
          "min" : 0,
          "max" : 0,
          "mean" : 0.000000,
          "stddev" : 0.000000,
          "N" : 0
        },
        "bw_min" : 0,
        "bw_max" : 0,
        "bw_agg" : 0.000000,
        "bw_mean" : 0.000000,
        "bw_dev" : 0.000000,
        "bw_samples" : 0,
        "iops_min" : 0,
        "iops_max" : 0,
        "iops_mean" : 0.000000,
        "iops_stddev" : 0.000000,
        "iops_samples" : 0
      },
      "write" : {
        "io_bytes" : 1962688512,
        "io_kbytes" : 1916688,
        "bw_bytes" : 392145556,
        "bw" : 382954,
        "iops" : 23934.665335,
        "runtime" : 5005,
        "total_ios" : 119793,
        "short_ios" : 0,
        "drop_ios" : 0,
        "slat_ns" : {
          "min" : 993,
          "max" : 30298,
          "mean" : 1538.243954,
          "stddev" : 363.014831,
          "N" : 119793
        },
        "clat_ns" : {
          "min" : 3983,
          "max" : 8530270,
          "mean" : 1334955.812351,
          "stddev" : 1836850.745180,
          "N" : 119793,
          "percentile" : {
            "1.000000" : 13248,
            "5.000000" : 13376,
            "10.000000" : 13504,
            "20.000000" : 13632,
            "30.000000" : 13888,
            "40.000000" : 14016,
            "50.000000" : 14400,
            "60.000000" : 724992,
            "70.000000" : 2039808,
            "80.000000" : 3325952,
            "90.000000" : 4423680,
            "95.000000" : 5013504,
            "99.000000" : 5931008,
            "99.500000" : 6258688,
            "99.900000" : 6848512,
            "99.950000" : 7045120,
            "99.990000" : 7438336
          }
        },
        "lat_ns" : {
          "min" : 13833,
          "max" : 8531625,
          "mean" : 1336494.056305,
          "stddev" : 1836849.394987,
          "N" : 119793
        },
        "bw_min" : 376352,
        "bw_max" : 413504,
        "bw_agg" : 100.000000,
        "bw_mean" : 383238.400000,
        "bw_dev" : 10840.018565,
        "bw_samples" : 10,
        "iops_min" : 23522,
        "iops_max" : 25844,
        "iops_mean" : 23952.400000,
        "iops_stddev" : 677.501160,
        "iops_samples" : 10
      },
      "trim" : {
        "io_bytes" : 0,
        "io_kbytes" : 0,
        "bw_bytes" : 0,
        "bw" : 0,
        "iops" : 0.000000,
        "runtime" : 0,
        "total_ios" : 0,
        "short_ios" : 0,
        "drop_ios" : 0,
        "slat_ns" : {
          "min" : 0,
          "max" : 0,
          "mean" : 0.000000,
          "stddev" : 0.000000,
          "N" : 0
        },
        "clat_ns" : {
          "min" : 0,
          "max" : 0,
          "mean" : 0.000000,
          "stddev" : 0.000000,
          "N" : 0
        },
        "lat_ns" : {
          "min" : 0,
          "max" : 0,
          "mean" : 0.000000,
          "stddev" : 0.000000,
          "N" : 0
        },
        "bw_min" : 0,
        "bw_max" : 0,
        "bw_agg" : 0.000000,
        "bw_mean" : 0.000000,
        "bw_dev" : 0.000000,
        "bw_samples" : 0,
        "iops_min" : 0,
        "iops_max" : 0,
        "iops_mean" : 0.000000,
        "iops_stddev" : 0.000000,
        "iops_samples" : 0
      },
      "sync" : {
        "total_ios" : 0,
        "lat_ns" : {
          "min" : 0,
          "max" : 0,
          "mean" : 0.000000,
          "stddev" : 0.000000,
          "N" : 0
        }
      },
      "job_runtime" : 5004,
      "usr_cpu" : 1.239009,
      "sys_cpu" : 5.795364,
      "ctx" : 112402,
      "majf" : 0,
      "minf" : 8,
      "iodepth_level" : {
        "1" : 0.100000,
        "2" : 0.100000,
        "4" : 0.100000,
        "8" : 0.100000,
        "16" : 0.100000,
        "32" : 99.974122,
        ">=64" : 0.000000
      },
      "iodepth_submit" : {
        "0" : 0.000000,
        "4" : 100.000000,
        "8" : 0.000000,
        "16" : 0.000000,
        "32" : 0.000000,
        "64" : 0.000000,
        ">=64" : 0.000000
      },
      "iodepth_complete" : {
        "0" : 0.000000,
        "4" : 99.999165,
        "8" : 0.000000,
        "16" : 0.000000,
        "32" : 0.100000,
        "64" : 0.000000,
        ">=64" : 0.000000
      },
      "latency_ns" : {
        "2" : 0.000000,
        "4" : 0.000000,
        "10" : 0.000000,
        "20" : 0.000000,
        "50" : 0.000000,
        "100" : 0.000000,
        "250" : 0.000000,
        "500" : 0.000000,
        "750" : 0.000000,
        "1000" : 0.000000
      },
      "latency_us" : {
        "2" : 0.000000,
        "4" : 0.010000,
        "10" : 0.010000,
        "20" : 56.725351,
        "50" : 0.552620,
        "100" : 0.123546,
        "250" : 0.121877,
        "500" : 1.212926,
        "750" : 1.423289,
        "1000" : 1.638660
      },
      "latency_ms" : {
        "2" : 7.831843,
        "4" : 16.318984,
        "10" : 14.046731,
        "20" : 0.000000,
        "50" : 0.000000,
        "100" : 0.000000,
        "250" : 0.000000,
        "500" : 0.000000,
        "750" : 0.000000,
        "1000" : 0.000000,
        "2000" : 0.000000,
        ">=2000" : 0.000000
      },
      "latency_depth" : 32,
      "latency_target" : 0,
      "latency_percentile" : 100.000000,
      "latency_window" : 0
    }
  ],
  "disk_util" : [
    {
      "name" : "nvme3n1",
      "read_ios" : 48,
      "write_ios" : 117095,
      "read_sectors" : 2088,
      "write_sectors" : 3747040,
      "read_merges" : 0,
      "write_merges" : 0,
      "read_ticks" : 2,
      "write_ticks" : 156426,
      "in_queue" : 156428,
      "util" : 98.199280
    }
  ]
}
