{
  "fio version" : "fio-3.36",
  "timestamp" : 1781330449,
  "timestamp_ms" : 1781330449775,
  "time" : "Sat Jun 13 06:00:49 2026",
  "jobs" : [
    {
      "jobname" : "randomwrite_16k_16",
      "groupid" : 0,
      "job_start" : 1781330444756,
      "error" : 0,
      "eta" : 0,
      "elapsed" : 6,
      "job options" : {
        "name" : "randomwrite_16k_16",
        "filename" : "/dev/nvme3n1",
        "ioengine" : "io_uring",
        "direct" : "1",
        "rw" : "randwrite",
        "bs" : "16k",
        "iodepth" : "16",
        "size" : "3G",
        "runtime" : "5"
      },
      "read" : {
        "io_bytes" : 0,
        "io_kbytes" : 0,
        "bw_bytes" : 0,
        "bw" : 0,
        "iops" : 0.000000,
        "runtime" : 0,
        "total_ios" : 0,
        "short_ios" : 0,
        "drop_ios" : 0,
        "slat_ns" : {
          "min" : 0,
          "max" : 0,
          "mean" : 0.000000,
          "stddev" : 0.000000,
          "N" : 0
        },
        "clat_ns" : {
          "min" : 0,
          "max" : 0,
          "mean" : 0.000000,
          "stddev" : 0.000000,
          "N" : 0
        },
        "lat_ns" : {
          "min" : 0,
          "max" : 0,
          "mean" : 0.000000,
          "stddev" : 0.000000,
          "N" : 0
        },
        "bw_min" : 0,
        "bw_max" : 0,
        "bw_agg" : 0.000000,
        "bw_mean" : 0.000000,
        "bw_dev" : 0.000000,
        "bw_samples" : 0,
        "iops_min" : 0,
        "iops_max" : 0,
        "iops_mean" : 0.000000,
        "iops_stddev" : 0.000000,
        "iops_samples" : 0
      },
      "write" : {
        "io_bytes" : 1764737024,
        "io_kbytes" : 1723376,
        "bw_bytes" : 352806282,
        "bw" : 344537,
        "iops" : 21533.586565,
        "runtime" : 5002,
        "total_ios" : 107711,
        "short_ios" : 0,
        "drop_ios" : 0,
        "slat_ns" : {
          "min" : 974,
          "max" : 29046,
          "mean" : 1455.701692,
          "stddev" : 319.913241,
          "N" : 107711
        },
        "clat_ns" : {
          "min" : 6919,
          "max" : 4695054,
          "mean" : 741308.830426,
          "stddev" : 1026675.151561,
          "N" : 107711,
          "percentile" : {
            "1.000000" : 12864,
            "5.000000" : 13120,
            "10.000000" : 13120,
            "20.000000" : 13248,
            "30.000000" : 13376,
            "40.000000" : 13504,
            "50.000000" : 13760,
            "60.000000" : 313344,
            "70.000000" : 1171456,
            "80.000000" : 1843200,
            "90.000000" : 2441216,
            "95.000000" : 2801664,
            "99.000000" : 3325952,
            "99.500000" : 3522560,
            "99.900000" : 3883008,
            "99.950000" : 4014080,
            "99.990000" : 4292608
          }
        },
        "lat_ns" : {
          "min" : 13353,
          "max" : 4696464,
          "mean" : 742764.532118,
          "stddev" : 1026675.437782,
          "N" : 107711
        },
        "bw_min" : 334944,
        "bw_max" : 384448,
        "bw_agg" : 100.000000,
        "bw_mean" : 344627.200000,
        "bw_dev" : 15547.033135,
        "bw_samples" : 10,
        "iops_min" : 20934,
        "iops_max" : 24028,
        "iops_mean" : 21539.200000,
        "iops_stddev" : 971.689571,
        "iops_samples" : 10
      },
      "trim" : {
        "io_bytes" : 0,
        "io_kbytes" : 0,
        "bw_bytes" : 0,
        "bw" : 0,
        "iops" : 0.000000,
        "runtime" : 0,
        "total_ios" : 0,
        "short_ios" : 0,
        "drop_ios" : 0,
        "slat_ns" : {
          "min" : 0,
          "max" : 0,
          "mean" : 0.000000,
          "stddev" : 0.000000,
          "N" : 0
        },
        "clat_ns" : {
          "min" : 0,
          "max" : 0,
          "mean" : 0.000000,
          "stddev" : 0.000000,
          "N" : 0
        },
        "lat_ns" : {
          "min" : 0,
          "max" : 0,
          "mean" : 0.000000,
          "stddev" : 0.000000,
          "N" : 0
        },
        "bw_min" : 0,
        "bw_max" : 0,
        "bw_agg" : 0.000000,
        "bw_mean" : 0.000000,
        "bw_dev" : 0.000000,
        "bw_samples" : 0,
        "iops_min" : 0,
        "iops_max" : 0,
        "iops_mean" : 0.000000,
        "iops_stddev" : 0.000000,
        "iops_samples" : 0
      },
      "sync" : {
        "total_ios" : 0,
        "lat_ns" : {
          "min" : 0,
          "max" : 0,
          "mean" : 0.000000,
          "stddev" : 0.000000,
          "N" : 0
        }
      },
      "job_runtime" : 5001,
      "usr_cpu" : 0.999800,
      "sys_cpu" : 5.198960,
      "ctx" : 101682,
      "majf" : 0,
      "minf" : 12,
      "iodepth_level" : {
        "1" : 0.100000,
        "2" : 0.100000,
        "4" : 0.100000,
        "8" : 0.100000,
        "16" : 99.986074,
        "32" : 0.000000,
        ">=64" : 0.000000
      },
      "iodepth_submit" : {
        "0" : 0.000000,
        "4" : 100.000000,
        "8" : 0.000000,
        "16" : 0.000000,
        "32" : 0.000000,
        "64" : 0.000000,
        ">=64" : 0.000000
      },
      "iodepth_complete" : {
        "0" : 0.000000,
        "4" : 99.999071,
        "8" : 0.000000,
        "16" : 0.100000,
        "32" : 0.000000,
        "64" : 0.000000,
        ">=64" : 0.000000
      },
      "latency_ns" : {
        "2" : 0.000000,
        "4" : 0.000000,
        "10" : 0.000000,
        "20" : 0.000000,
        "50" : 0.000000,
        "100" : 0.000000,
        "250" : 0.000000,
        "500" : 0.000000,
        "750" : 0.000000,
        "1000" : 0.000000
      },
      "latency_us" : {
        "2" : 0.000000,
        "4" : 0.000000,
        "10" : 0.010000,
        "20" : 58.887207,
        "50" : 0.380648,
        "100" : 0.095626,
        "250" : 0.117908,
        "500" : 2.432435,
        "750" : 2.713743,
        "1000" : 3.079537
      },
      "latency_ms" : {
        "2" : 14.876846,
        "4" : 17.364058,
        "10" : 0.050134,
        "20" : 0.000000,
        "50" : 0.000000,
        "100" : 0.000000,
        "250" : 0.000000,
        "500" : 0.000000,
        "750" : 0.000000,
        "1000" : 0.000000,
        "2000" : 0.000000,
        ">=2000" : 0.000000
      },
      "latency_depth" : 16,
      "latency_target" : 0,
      "latency_percentile" : 100.000000,
      "latency_window" : 0
    }
  ],
  "disk_util" : [
    {
      "name" : "nvme3n1",
      "read_ios" : 48,
      "write_ios" : 105250,
      "read_sectors" : 2088,
      "write_sectors" : 3368000,
      "read_merges" : 0,
      "write_merges" : 0,
      "read_ticks" : 2,
      "write_ticks" : 78125,
      "in_queue" : 78127,
      "util" : 98.199280
    }
  ]
}
