{
  "fio version" : "fio-3.36",
  "timestamp" : 1781330433,
  "timestamp_ms" : 1781330433986,
  "time" : "Sat Jun 13 06:00:33 2026",
  "jobs" : [
    {
      "jobname" : "randomwrite_16k_2",
      "groupid" : 0,
      "job_start" : 1781330428967,
      "error" : 0,
      "eta" : 0,
      "elapsed" : 6,
      "job options" : {
        "name" : "randomwrite_16k_2",
        "filename" : "/dev/nvme3n1",
        "ioengine" : "io_uring",
        "direct" : "1",
        "rw" : "randwrite",
        "bs" : "16k",
        "iodepth" : "2",
        "size" : "3G",
        "runtime" : "5"
      },
      "read" : {
        "io_bytes" : 0,
        "io_kbytes" : 0,
        "bw_bytes" : 0,
        "bw" : 0,
        "iops" : 0.000000,
        "runtime" : 0,
        "total_ios" : 0,
        "short_ios" : 0,
        "drop_ios" : 0,
        "slat_ns" : {
          "min" : 0,
          "max" : 0,
          "mean" : 0.000000,
          "stddev" : 0.000000,
          "N" : 0
        },
        "clat_ns" : {
          "min" : 0,
          "max" : 0,
          "mean" : 0.000000,
          "stddev" : 0.000000,
          "N" : 0
        },
        "lat_ns" : {
          "min" : 0,
          "max" : 0,
          "mean" : 0.000000,
          "stddev" : 0.000000,
          "N" : 0
        },
        "bw_min" : 0,
        "bw_max" : 0,
        "bw_agg" : 0.000000,
        "bw_mean" : 0.000000,
        "bw_dev" : 0.000000,
        "bw_samples" : 0,
        "iops_min" : 0,
        "iops_max" : 0,
        "iops_mean" : 0.000000,
        "iops_stddev" : 0.000000,
        "iops_samples" : 0
      },
      "write" : {
        "io_bytes" : 724189184,
        "io_kbytes" : 707216,
        "bw_bytes" : 144808875,
        "bw" : 141414,
        "iops" : 8838.432314,
        "runtime" : 5001,
        "total_ios" : 44201,
        "short_ios" : 0,
        "drop_ios" : 0,
        "slat_ns" : {
          "min" : 1028,
          "max" : 50850,
          "mean" : 1597.822990,
          "stddev" : 649.627448,
          "N" : 44201
        },
        "clat_ns" : {
          "min" : 6153,
          "max" : 1390069,
          "mean" : 224411.172575,
          "stddev" : 273794.836599,
          "N" : 44201,
          "percentile" : {
            "1.000000" : 12608,
            "5.000000" : 12736,
            "10.000000" : 12736,
            "20.000000" : 12864,
            "30.000000" : 12864,
            "40.000000" : 12992,
            "50.000000" : 13248,
            "60.000000" : 288768,
            "70.000000" : 399360,
            "80.000000" : 505856,
            "90.000000" : 634880,
            "95.000000" : 733184,
            "99.000000" : 905216,
            "99.500000" : 962560,
            "99.900000" : 1089536,
            "99.950000" : 1155072,
            "99.990000" : 1286144
          }
        },
        "lat_ns" : {
          "min" : 13190,
          "max" : 1391387,
          "mean" : 226008.995566,
          "stddev" : 273779.854485,
          "N" : 44201
        },
        "bw_min" : 135904,
        "bw_max" : 149536,
        "bw_agg" : 99.602647,
        "bw_mean" : 140853.333333,
        "bw_dev" : 5527.577408,
        "bw_samples" : 9,
        "iops_min" : 8494,
        "iops_max" : 9346,
        "iops_mean" : 8803.333333,
        "iops_stddev" : 345.473588,
        "iops_samples" : 9
      },
      "trim" : {
        "io_bytes" : 0,
        "io_kbytes" : 0,
        "bw_bytes" : 0,
        "bw" : 0,
        "iops" : 0.000000,
        "runtime" : 0,
        "total_ios" : 0,
        "short_ios" : 0,
        "drop_ios" : 0,
        "slat_ns" : {
          "min" : 0,
          "max" : 0,
          "mean" : 0.000000,
          "stddev" : 0.000000,
          "N" : 0
        },
        "clat_ns" : {
          "min" : 0,
          "max" : 0,
          "mean" : 0.000000,
          "stddev" : 0.000000,
          "N" : 0
        },
        "lat_ns" : {
          "min" : 0,
          "max" : 0,
          "mean" : 0.000000,
          "stddev" : 0.000000,
          "N" : 0
        },
        "bw_min" : 0,
        "bw_max" : 0,
        "bw_agg" : 0.000000,
        "bw_mean" : 0.000000,
        "bw_dev" : 0.000000,
        "bw_samples" : 0,
        "iops_min" : 0,
        "iops_max" : 0,
        "iops_mean" : 0.000000,
        "iops_stddev" : 0.000000,
        "iops_samples" : 0
      },
      "sync" : {
        "total_ios" : 0,
        "lat_ns" : {
          "min" : 0,
          "max" : 0,
          "mean" : 0.000000,
          "stddev" : 0.000000,
          "N" : 0
        }
      },
      "job_runtime" : 5000,
      "usr_cpu" : 0.800000,
      "sys_cpu" : 2.080000,
      "ctx" : 43490,
      "majf" : 0,
      "minf" : 10,
      "iodepth_level" : {
        "1" : 0.100000,
        "2" : 99.997738,
        "4" : 0.000000,
        "8" : 0.000000,
        "16" : 0.000000,
        "32" : 0.000000,
        ">=64" : 0.000000
      },
      "iodepth_submit" : {
        "0" : 0.000000,
        "4" : 100.000000,
        "8" : 0.000000,
        "16" : 0.000000,
        "32" : 0.000000,
        "64" : 0.000000,
        ">=64" : 0.000000
      },
      "iodepth_complete" : {
        "0" : 0.000000,
        "4" : 100.000000,
        "8" : 0.000000,
        "16" : 0.000000,
        "32" : 0.000000,
        "64" : 0.000000,
        ">=64" : 0.000000
      },
      "latency_ns" : {
        "2" : 0.000000,
        "4" : 0.000000,
        "10" : 0.000000,
        "20" : 0.000000,
        "50" : 0.000000,
        "100" : 0.000000,
        "250" : 0.000000,
        "500" : 0.000000,
        "750" : 0.000000,
        "1000" : 0.000000
      },
      "latency_us" : {
        "2" : 0.000000,
        "4" : 0.000000,
        "10" : 0.010000,
        "20" : 58.457953,
        "50" : 0.036198,
        "100" : 0.067872,
        "250" : 0.237551,
        "500" : 20.558358,
        "750" : 16.083347,
        "1000" : 4.205787
      },
      "latency_ms" : {
        "2" : 0.348408,
        "4" : 0.000000,
        "10" : 0.000000,
        "20" : 0.000000,
        "50" : 0.000000,
        "100" : 0.000000,
        "250" : 0.000000,
        "500" : 0.000000,
        "750" : 0.000000,
        "1000" : 0.000000,
        "2000" : 0.000000,
        ">=2000" : 0.000000
      },
      "latency_depth" : 2,
      "latency_target" : 0,
      "latency_percentile" : 100.000000,
      "latency_window" : 0
    }
  ],
  "disk_util" : [
    {
      "name" : "nvme3n1",
      "read_ios" : 48,
      "write_ios" : 43281,
      "read_sectors" : 2088,
      "write_sectors" : 1384992,
      "read_merges" : 0,
      "write_merges" : 0,
      "read_ticks" : 2,
      "write_ticks" : 9684,
      "in_queue" : 9686,
      "util" : 98.199280
    }
  ]
}
