{
  "fio version" : "fio-3.36",
  "timestamp" : 1781330439,
  "timestamp_ms" : 1781330439249,
  "time" : "Sat Jun 13 06:00:39 2026",
  "jobs" : [
    {
      "jobname" : "randomwrite_16k_4",
      "groupid" : 0,
      "job_start" : 1781330434231,
      "error" : 0,
      "eta" : 0,
      "elapsed" : 6,
      "job options" : {
        "name" : "randomwrite_16k_4",
        "filename" : "/dev/nvme3n1",
        "ioengine" : "io_uring",
        "direct" : "1",
        "rw" : "randwrite",
        "bs" : "16k",
        "iodepth" : "4",
        "size" : "3G",
        "runtime" : "5"
      },
      "read" : {
        "io_bytes" : 0,
        "io_kbytes" : 0,
        "bw_bytes" : 0,
        "bw" : 0,
        "iops" : 0.000000,
        "runtime" : 0,
        "total_ios" : 0,
        "short_ios" : 0,
        "drop_ios" : 0,
        "slat_ns" : {
          "min" : 0,
          "max" : 0,
          "mean" : 0.000000,
          "stddev" : 0.000000,
          "N" : 0
        },
        "clat_ns" : {
          "min" : 0,
          "max" : 0,
          "mean" : 0.000000,
          "stddev" : 0.000000,
          "N" : 0
        },
        "lat_ns" : {
          "min" : 0,
          "max" : 0,
          "mean" : 0.000000,
          "stddev" : 0.000000,
          "N" : 0
        },
        "bw_min" : 0,
        "bw_max" : 0,
        "bw_agg" : 0.000000,
        "bw_mean" : 0.000000,
        "bw_dev" : 0.000000,
        "bw_samples" : 0,
        "iops_min" : 0,
        "iops_max" : 0,
        "iops_mean" : 0.000000,
        "iops_stddev" : 0.000000,
        "iops_samples" : 0
      },
      "write" : {
        "io_bytes" : 1120632832,
        "io_kbytes" : 1094368,
        "bw_bytes" : 224081750,
        "bw" : 218829,
        "iops" : 13676.864627,
        "runtime" : 5001,
        "total_ios" : 68398,
        "short_ios" : 0,
        "drop_ios" : 0,
        "slat_ns" : {
          "min" : 984,
          "max" : 27114,
          "mean" : 1548.537808,
          "stddev" : 521.269183,
          "N" : 68398
        },
        "clat_ns" : {
          "min" : 5791,
          "max" : 1980995,
          "mean" : 290655.648001,
          "stddev" : 366406.060389,
          "N" : 68398,
          "percentile" : {
            "1.000000" : 12608,
            "5.000000" : 12736,
            "10.000000" : 12864,
            "20.000000" : 12864,
            "30.000000" : 12992,
            "40.000000" : 13120,
            "50.000000" : 13376,
            "60.000000" : 317440,
            "70.000000" : 477184,
            "80.000000" : 659456,
            "90.000000" : 864256,
            "95.000000" : 1003520,
            "99.000000" : 1253376,
            "99.500000" : 1351680,
            "99.900000" : 1515520,
            "99.950000" : 1613824,
            "99.990000" : 1810432
          }
        },
        "lat_ns" : {
          "min" : 13148,
          "max" : 1982238,
          "mean" : 292204.185810,
          "stddev" : 366401.317274,
          "N" : 68398
        },
        "bw_min" : 205120,
        "bw_max" : 244576,
        "bw_agg" : 98.761671,
        "bw_mean" : 216120.888889,
        "bw_dev" : 15839.182022,
        "bw_samples" : 9,
        "iops_min" : 12820,
        "iops_max" : 15286,
        "iops_mean" : 13507.777778,
        "iops_stddev" : 990.361270,
        "iops_samples" : 9
      },
      "trim" : {
        "io_bytes" : 0,
        "io_kbytes" : 0,
        "bw_bytes" : 0,
        "bw" : 0,
        "iops" : 0.000000,
        "runtime" : 0,
        "total_ios" : 0,
        "short_ios" : 0,
        "drop_ios" : 0,
        "slat_ns" : {
          "min" : 0,
          "max" : 0,
          "mean" : 0.000000,
          "stddev" : 0.000000,
          "N" : 0
        },
        "clat_ns" : {
          "min" : 0,
          "max" : 0,
          "mean" : 0.000000,
          "stddev" : 0.000000,
          "N" : 0
        },
        "lat_ns" : {
          "min" : 0,
          "max" : 0,
          "mean" : 0.000000,
          "stddev" : 0.000000,
          "N" : 0
        },
        "bw_min" : 0,
        "bw_max" : 0,
        "bw_agg" : 0.000000,
        "bw_mean" : 0.000000,
        "bw_dev" : 0.000000,
        "bw_samples" : 0,
        "iops_min" : 0,
        "iops_max" : 0,
        "iops_mean" : 0.000000,
        "iops_stddev" : 0.000000,
        "iops_samples" : 0
      },
      "sync" : {
        "total_ios" : 0,
        "lat_ns" : {
          "min" : 0,
          "max" : 0,
          "mean" : 0.000000,
          "stddev" : 0.000000,
          "N" : 0
        }
      },
      "job_runtime" : 5000,
      "usr_cpu" : 1.780000,
      "sys_cpu" : 2.360000,
      "ctx" : 66085,
      "majf" : 0,
      "minf" : 10,
      "iodepth_level" : {
        "1" : 0.100000,
        "2" : 0.100000,
        "4" : 99.995614,
        "8" : 0.000000,
        "16" : 0.000000,
        "32" : 0.000000,
        ">=64" : 0.000000
      },
      "iodepth_submit" : {
        "0" : 0.000000,
        "4" : 100.000000,
        "8" : 0.000000,
        "16" : 0.000000,
        "32" : 0.000000,
        "64" : 0.000000,
        ">=64" : 0.000000
      },
      "iodepth_complete" : {
        "0" : 0.000000,
        "4" : 100.000000,
        "8" : 0.000000,
        "16" : 0.000000,
        "32" : 0.000000,
        "64" : 0.000000,
        ">=64" : 0.000000
      },
      "latency_ns" : {
        "2" : 0.000000,
        "4" : 0.000000,
        "10" : 0.000000,
        "20" : 0.000000,
        "50" : 0.000000,
        "100" : 0.000000,
        "250" : 0.000000,
        "500" : 0.000000,
        "750" : 0.000000,
        "1000" : 0.000000
      },
      "latency_us" : {
        "2" : 0.000000,
        "4" : 0.000000,
        "10" : 0.010000,
        "20" : 57.349630,
        "50" : 0.045323,
        "100" : 0.030703,
        "250" : 0.245621,
        "500" : 13.738706,
        "750" : 13.323489,
        "1000" : 10.175736
      },
      "latency_ms" : {
        "2" : 5.086406,
        "4" : 0.000000,
        "10" : 0.000000,
        "20" : 0.000000,
        "50" : 0.000000,
        "100" : 0.000000,
        "250" : 0.000000,
        "500" : 0.000000,
        "750" : 0.000000,
        "1000" : 0.000000,
        "2000" : 0.000000,
        ">=2000" : 0.000000
      },
      "latency_depth" : 4,
      "latency_target" : 0,
      "latency_percentile" : 100.000000,
      "latency_window" : 0
    }
  ],
  "disk_util" : [
    {
      "name" : "nvme3n1",
      "read_ios" : 48,
      "write_ios" : 66864,
      "read_sectors" : 2088,
      "write_sectors" : 2139648,
      "read_merges" : 0,
      "write_merges" : 0,
      "read_ticks" : 2,
      "write_ticks" : 19434,
      "in_queue" : 19436,
      "util" : 98.199280
    }
  ]
}
