{
  "fio version" : "fio-3.42-31-g6a66",
  "timestamp" : 1781281118,
  "timestamp_ms" : 1781281118693,
  "time" : "Fri Jun 12 16:18:38 2026",
  "jobs" : [
    {
      "jobname" : "randomwrite_16k_64",
      "groupid" : 0,
      "job_start" : 1781281113546,
      "error" : 0,
      "eta" : 0,
      "elapsed" : 6,
      "job options" : {
        "name" : "randomwrite_16k_64",
        "filename" : "/dev/nvme2n1",
        "ioengine" : "io_uring",
        "direct" : "1",
        "group_reporting" : "",
        "rw" : "randwrite",
        "bs" : "16k",
        "iodepth" : "64",
        "size" : "3G",
        "time_based" : "",
        "runtime" : "5"
      },
      "read" : {
        "io_bytes" : 0,
        "io_kbytes" : 0,
        "bw_bytes" : 0,
        "bw" : 0,
        "iops" : 0.000000,
        "runtime" : 0,
        "total_ios" : 0,
        "short_ios" : 0,
        "drop_ios" : 0,
        "slat_ns" : {
          "min" : 0,
          "max" : 0,
          "mean" : 0.000000,
          "stddev" : 0.000000,
          "N" : 0
        },
        "clat_ns" : {
          "min" : 0,
          "max" : 0,
          "mean" : 0.000000,
          "stddev" : 0.000000,
          "N" : 0
        },
        "lat_ns" : {
          "min" : 0,
          "max" : 0,
          "mean" : 0.000000,
          "stddev" : 0.000000,
          "N" : 0
        },
        "bw_min" : 0,
        "bw_max" : 0,
        "bw_agg" : 0.000000,
        "bw_mean" : 0.000000,
        "bw_dev" : 0.000000,
        "bw_samples" : 0,
        "iops_min" : 0,
        "iops_max" : 0,
        "iops_mean" : 0.000000,
        "iops_stddev" : 0.000000,
        "iops_samples" : 0
      },
      "write" : {
        "io_bytes" : 1951301632,
        "io_kbytes" : 1905568,
        "bw_bytes" : 389559119,
        "bw" : 380428,
        "iops" : 23776.801757,
        "runtime" : 5009,
        "total_ios" : 119098,
        "short_ios" : 0,
        "drop_ios" : 0,
        "slat_ns" : {
          "min" : 765,
          "max" : 26789,
          "mean" : 1129.918487,
          "stddev" : 571.898442,
          "N" : 119098
        },
        "clat_ns" : {
          "min" : 11267,
          "max" : 16816221,
          "mean" : 2690034.953282,
          "stddev" : 4091891.073970,
          "N" : 119098,
          "percentile" : {
            "1.000000" : 15296,
            "5.000000" : 16192,
            "10.000000" : 16768,
            "20.000000" : 17024,
            "30.000000" : 17536,
            "40.000000" : 18048,
            "50.000000" : 19072,
            "60.000000" : 22912,
            "70.000000" : 3194880,
            "80.000000" : 7503872,
            "90.000000" : 10027008,
            "95.000000" : 11075584,
            "99.000000" : 12779520,
            "99.500000" : 13434880,
            "99.900000" : 14352384,
            "99.950000" : 14614528,
            "99.990000" : 15400960
          }
        },
        "lat_ns" : {
          "min" : 12774,
          "max" : 16817228,
          "mean" : 2691164.871769,
          "stddev" : 4091891.105098,
          "N" : 119098
        },
        "bw_min" : 370976,
        "bw_max" : 395136,
        "bw_agg" : 100.000000,
        "bw_mean" : 380912.000000,
        "bw_dev" : 6919.802181,
        "bw_samples" : 10,
        "iops_min" : 23186,
        "iops_max" : 24696,
        "iops_mean" : 23807.000000,
        "iops_stddev" : 432.487636,
        "iops_samples" : 10
      },
      "trim" : {
        "io_bytes" : 0,
        "io_kbytes" : 0,
        "bw_bytes" : 0,
        "bw" : 0,
        "iops" : 0.000000,
        "runtime" : 0,
        "total_ios" : 0,
        "short_ios" : 0,
        "drop_ios" : 0,
        "slat_ns" : {
          "min" : 0,
          "max" : 0,
          "mean" : 0.000000,
          "stddev" : 0.000000,
          "N" : 0
        },
        "clat_ns" : {
          "min" : 0,
          "max" : 0,
          "mean" : 0.000000,
          "stddev" : 0.000000,
          "N" : 0
        },
        "lat_ns" : {
          "min" : 0,
          "max" : 0,
          "mean" : 0.000000,
          "stddev" : 0.000000,
          "N" : 0
        },
        "bw_min" : 0,
        "bw_max" : 0,
        "bw_agg" : 0.000000,
        "bw_mean" : 0.000000,
        "bw_dev" : 0.000000,
        "bw_samples" : 0,
        "iops_min" : 0,
        "iops_max" : 0,
        "iops_mean" : 0.000000,
        "iops_stddev" : 0.000000,
        "iops_samples" : 0
      },
      "sync" : {
        "total_ios" : 0,
        "lat_ns" : {
          "min" : 0,
          "max" : 0,
          "mean" : 0.000000,
          "stddev" : 0.000000,
          "N" : 0
        }
      },
      "job_runtime" : 5008,
      "usr_cpu" : 1.158147,
      "sys_cpu" : 5.730831,
      "ctx" : 106456,
      "majf" : 0,
      "minf" : 8,
      "iodepth_level" : {
        "1" : 0.100000,
        "2" : 0.100000,
        "4" : 0.100000,
        "8" : 0.100000,
        "16" : 0.100000,
        "32" : 0.100000,
        ">=64" : 99.947102
      },
      "iodepth_submit" : {
        "0" : 0.000000,
        "4" : 100.000000,
        "8" : 0.000000,
        "16" : 0.000000,
        "32" : 0.000000,
        "64" : 0.000000,
        ">=64" : 0.000000
      },
      "iodepth_complete" : {
        "0" : 0.000000,
        "4" : 99.999160,
        "8" : 0.000000,
        "16" : 0.000000,
        "32" : 0.000000,
        "64" : 0.100000,
        ">=64" : 0.000000
      },
      "latency_ns" : {
        "2" : 0.000000,
        "4" : 0.000000,
        "10" : 0.000000,
        "20" : 0.000000,
        "50" : 0.000000,
        "100" : 0.000000,
        "250" : 0.000000,
        "500" : 0.000000,
        "750" : 0.000000,
        "1000" : 0.000000
      },
      "latency_us" : {
        "2" : 0.000000,
        "4" : 0.000000,
        "10" : 0.000000,
        "20" : 55.906900,
        "50" : 6.199097,
        "100" : 0.110833,
        "250" : 0.113352,
        "500" : 0.504626,
        "750" : 0.578515,
        "1000" : 0.620497
      },
      "latency_ms" : {
        "2" : 2.699458,
        "4" : 5.322508,
        "10" : 17.996104,
        "20" : 9.948110,
        "50" : 0.000000,
        "100" : 0.000000,
        "250" : 0.000000,
        "500" : 0.000000,
        "750" : 0.000000,
        "1000" : 0.000000,
        "2000" : 0.000000,
        ">=2000" : 0.000000
      },
      "latency_depth" : 64,
      "latency_target" : 0,
      "latency_target_ns" : 0,
      "latency_percentile" : 100.000000,
      "latency_window" : 0,
      "latency_window_us" : 0
    }
  ],
  "disk_util" : [
    {
      "name" : "nvme2n1",
      "read_ios" : 48,
      "write_ios" : 116559,
      "read_sectors" : 2088,
      "write_sectors" : 3729888,
      "read_merges" : 0,
      "write_merges" : 0,
      "read_ticks" : 2,
      "write_ticks" : 312965,
      "in_queue" : 312968,
      "util" : 98.238591
    }
  ]
}
