{
  "fio version" : "fio-3.42-31-g6a66",
  "timestamp" : 1781281091,
  "timestamp_ms" : 1781281091762,
  "time" : "Fri Jun 12 16:18:11 2026",
  "jobs" : [
    {
      "jobname" : "randomwrite_16k_2",
      "groupid" : 0,
      "job_start" : 1781281086614,
      "error" : 0,
      "eta" : 0,
      "elapsed" : 6,
      "job options" : {
        "name" : "randomwrite_16k_2",
        "filename" : "/dev/nvme2n1",
        "ioengine" : "io_uring",
        "direct" : "1",
        "group_reporting" : "",
        "rw" : "randwrite",
        "bs" : "16k",
        "iodepth" : "2",
        "size" : "3G",
        "time_based" : "",
        "runtime" : "5"
      },
      "read" : {
        "io_bytes" : 0,
        "io_kbytes" : 0,
        "bw_bytes" : 0,
        "bw" : 0,
        "iops" : 0.000000,
        "runtime" : 0,
        "total_ios" : 0,
        "short_ios" : 0,
        "drop_ios" : 0,
        "slat_ns" : {
          "min" : 0,
          "max" : 0,
          "mean" : 0.000000,
          "stddev" : 0.000000,
          "N" : 0
        },
        "clat_ns" : {
          "min" : 0,
          "max" : 0,
          "mean" : 0.000000,
          "stddev" : 0.000000,
          "N" : 0
        },
        "lat_ns" : {
          "min" : 0,
          "max" : 0,
          "mean" : 0.000000,
          "stddev" : 0.000000,
          "N" : 0
        },
        "bw_min" : 0,
        "bw_max" : 0,
        "bw_agg" : 0.000000,
        "bw_mean" : 0.000000,
        "bw_dev" : 0.000000,
        "bw_samples" : 0,
        "iops_min" : 0,
        "iops_max" : 0,
        "iops_mean" : 0.000000,
        "iops_stddev" : 0.000000,
        "iops_samples" : 0
      },
      "write" : {
        "io_bytes" : 710787072,
        "io_kbytes" : 694128,
        "bw_bytes" : 142128988,
        "bw" : 138797,
        "iops" : 8674.865027,
        "runtime" : 5001,
        "total_ios" : 43383,
        "short_ios" : 0,
        "drop_ios" : 0,
        "slat_ns" : {
          "min" : 800,
          "max" : 24693,
          "mean" : 1084.487564,
          "stddev" : 554.567767,
          "N" : 43383
        },
        "clat_ns" : {
          "min" : 9455,
          "max" : 1451225,
          "mean" : 229220.980638,
          "stddev" : 276893.312604,
          "N" : 43383,
          "percentile" : {
            "1.000000" : 13120,
            "5.000000" : 13248,
            "10.000000" : 13376,
            "20.000000" : 13504,
            "30.000000" : 14016,
            "40.000000" : 14784,
            "50.000000" : 15040,
            "60.000000" : 309248,
            "70.000000" : 407552,
            "80.000000" : 522240,
            "90.000000" : 634880,
            "95.000000" : 741376,
            "99.000000" : 921600,
            "99.500000" : 978944,
            "99.900000" : 1105920,
            "99.950000" : 1138688,
            "99.990000" : 1335296
          }
        },
        "lat_ns" : {
          "min" : 13205,
          "max" : 1452615,
          "mean" : 230305.468202,
          "stddev" : 276888.579654,
          "N" : 43383
        },
        "bw_min" : 131424,
        "bw_max" : 148864,
        "bw_agg" : 99.280364,
        "bw_mean" : 137799.111111,
        "bw_dev" : 7647.477434,
        "bw_samples" : 9,
        "iops_min" : 8214,
        "iops_max" : 9304,
        "iops_mean" : 8612.444444,
        "iops_stddev" : 477.967340,
        "iops_samples" : 9
      },
      "trim" : {
        "io_bytes" : 0,
        "io_kbytes" : 0,
        "bw_bytes" : 0,
        "bw" : 0,
        "iops" : 0.000000,
        "runtime" : 0,
        "total_ios" : 0,
        "short_ios" : 0,
        "drop_ios" : 0,
        "slat_ns" : {
          "min" : 0,
          "max" : 0,
          "mean" : 0.000000,
          "stddev" : 0.000000,
          "N" : 0
        },
        "clat_ns" : {
          "min" : 0,
          "max" : 0,
          "mean" : 0.000000,
          "stddev" : 0.000000,
          "N" : 0
        },
        "lat_ns" : {
          "min" : 0,
          "max" : 0,
          "mean" : 0.000000,
          "stddev" : 0.000000,
          "N" : 0
        },
        "bw_min" : 0,
        "bw_max" : 0,
        "bw_agg" : 0.000000,
        "bw_mean" : 0.000000,
        "bw_dev" : 0.000000,
        "bw_samples" : 0,
        "iops_min" : 0,
        "iops_max" : 0,
        "iops_mean" : 0.000000,
        "iops_stddev" : 0.000000,
        "iops_samples" : 0
      },
      "sync" : {
        "total_ios" : 0,
        "lat_ns" : {
          "min" : 0,
          "max" : 0,
          "mean" : 0.000000,
          "stddev" : 0.000000,
          "N" : 0
        }
      },
      "job_runtime" : 5000,
      "usr_cpu" : 0.280000,
      "sys_cpu" : 2.140000,
      "ctx" : 42650,
      "majf" : 0,
      "minf" : 8,
      "iodepth_level" : {
        "1" : 0.100000,
        "2" : 99.997695,
        "4" : 0.000000,
        "8" : 0.000000,
        "16" : 0.000000,
        "32" : 0.000000,
        ">=64" : 0.000000
      },
      "iodepth_submit" : {
        "0" : 0.000000,
        "4" : 100.000000,
        "8" : 0.000000,
        "16" : 0.000000,
        "32" : 0.000000,
        "64" : 0.000000,
        ">=64" : 0.000000
      },
      "iodepth_complete" : {
        "0" : 0.000000,
        "4" : 100.000000,
        "8" : 0.000000,
        "16" : 0.000000,
        "32" : 0.000000,
        "64" : 0.000000,
        ">=64" : 0.000000
      },
      "latency_ns" : {
        "2" : 0.000000,
        "4" : 0.000000,
        "10" : 0.000000,
        "20" : 0.000000,
        "50" : 0.000000,
        "100" : 0.000000,
        "250" : 0.000000,
        "500" : 0.000000,
        "750" : 0.000000,
        "1000" : 0.000000
      },
      "latency_us" : {
        "2" : 0.000000,
        "4" : 0.000000,
        "10" : 0.010000,
        "20" : 57.960491,
        "50" : 0.380333,
        "100" : 0.039186,
        "250" : 0.207455,
        "500" : 19.597538,
        "750" : 17.142660,
        "1000" : 4.289699
      },
      "latency_ms" : {
        "2" : 0.380333,
        "4" : 0.000000,
        "10" : 0.000000,
        "20" : 0.000000,
        "50" : 0.000000,
        "100" : 0.000000,
        "250" : 0.000000,
        "500" : 0.000000,
        "750" : 0.000000,
        "1000" : 0.000000,
        "2000" : 0.000000,
        ">=2000" : 0.000000
      },
      "latency_depth" : 2,
      "latency_target" : 0,
      "latency_target_ns" : 0,
      "latency_percentile" : 100.000000,
      "latency_window" : 0,
      "latency_window_us" : 0
    }
  ],
  "disk_util" : [
    {
      "name" : "nvme2n1",
      "read_ios" : 48,
      "write_ios" : 42452,
      "read_sectors" : 2088,
      "write_sectors" : 1358464,
      "read_merges" : 0,
      "write_merges" : 0,
      "read_ticks" : 3,
      "write_ticks" : 9711,
      "in_queue" : 9713,
      "util" : 98.218931
    }
  ]
}
