{
  "fio version" : "fio-3.42-31-g6a66",
  "timestamp" : 1781281097,
  "timestamp_ms" : 1781281097148,
  "time" : "Fri Jun 12 16:18:17 2026",
  "jobs" : [
    {
      "jobname" : "randomwrite_16k_4",
      "groupid" : 0,
      "job_start" : 1781281092000,
      "error" : 0,
      "eta" : 0,
      "elapsed" : 6,
      "job options" : {
        "name" : "randomwrite_16k_4",
        "filename" : "/dev/nvme2n1",
        "ioengine" : "io_uring",
        "direct" : "1",
        "group_reporting" : "",
        "rw" : "randwrite",
        "bs" : "16k",
        "iodepth" : "4",
        "size" : "3G",
        "time_based" : "",
        "runtime" : "5"
      },
      "read" : {
        "io_bytes" : 0,
        "io_kbytes" : 0,
        "bw_bytes" : 0,
        "bw" : 0,
        "iops" : 0.000000,
        "runtime" : 0,
        "total_ios" : 0,
        "short_ios" : 0,
        "drop_ios" : 0,
        "slat_ns" : {
          "min" : 0,
          "max" : 0,
          "mean" : 0.000000,
          "stddev" : 0.000000,
          "N" : 0
        },
        "clat_ns" : {
          "min" : 0,
          "max" : 0,
          "mean" : 0.000000,
          "stddev" : 0.000000,
          "N" : 0
        },
        "lat_ns" : {
          "min" : 0,
          "max" : 0,
          "mean" : 0.000000,
          "stddev" : 0.000000,
          "N" : 0
        },
        "bw_min" : 0,
        "bw_max" : 0,
        "bw_agg" : 0.000000,
        "bw_mean" : 0.000000,
        "bw_dev" : 0.000000,
        "bw_samples" : 0,
        "iops_min" : 0,
        "iops_max" : 0,
        "iops_mean" : 0.000000,
        "iops_stddev" : 0.000000,
        "iops_samples" : 0
      },
      "write" : {
        "io_bytes" : 1129086976,
        "io_kbytes" : 1102624,
        "bw_bytes" : 225772240,
        "bw" : 220480,
        "iops" : 13780.043991,
        "runtime" : 5001,
        "total_ios" : 68914,
        "short_ios" : 0,
        "drop_ios" : 0,
        "slat_ns" : {
          "min" : 793,
          "max" : 25590,
          "mean" : 1087.196317,
          "stddev" : 591.571821,
          "N" : 68914
        },
        "clat_ns" : {
          "min" : 12139,
          "max" : 2527217,
          "mean" : 288967.481078,
          "stddev" : 382840.181322,
          "N" : 68914,
          "percentile" : {
            "1.000000" : 13248,
            "5.000000" : 13504,
            "10.000000" : 13632,
            "20.000000" : 14016,
            "30.000000" : 14400,
            "40.000000" : 14656,
            "50.000000" : 15168,
            "60.000000" : 21120,
            "70.000000" : 473088,
            "80.000000" : 675840,
            "90.000000" : 897024,
            "95.000000" : 1056768,
            "99.000000" : 1318912,
            "99.500000" : 1400832,
            "99.900000" : 1581056,
            "99.950000" : 1662976,
            "99.990000" : 1843200
          }
        },
        "lat_ns" : {
          "min" : 13053,
          "max" : 2528346,
          "mean" : 290054.677395,
          "stddev" : 382838.743340,
          "N" : 68914
        },
        "bw_min" : 205376,
        "bw_max" : 246464,
        "bw_agg" : 100.000000,
        "bw_mean" : 220524.800000,
        "bw_dev" : 18275.385248,
        "bw_samples" : 10,
        "iops_min" : 12836,
        "iops_max" : 15404,
        "iops_mean" : 13782.800000,
        "iops_stddev" : 1142.211578,
        "iops_samples" : 10
      },
      "trim" : {
        "io_bytes" : 0,
        "io_kbytes" : 0,
        "bw_bytes" : 0,
        "bw" : 0,
        "iops" : 0.000000,
        "runtime" : 0,
        "total_ios" : 0,
        "short_ios" : 0,
        "drop_ios" : 0,
        "slat_ns" : {
          "min" : 0,
          "max" : 0,
          "mean" : 0.000000,
          "stddev" : 0.000000,
          "N" : 0
        },
        "clat_ns" : {
          "min" : 0,
          "max" : 0,
          "mean" : 0.000000,
          "stddev" : 0.000000,
          "N" : 0
        },
        "lat_ns" : {
          "min" : 0,
          "max" : 0,
          "mean" : 0.000000,
          "stddev" : 0.000000,
          "N" : 0
        },
        "bw_min" : 0,
        "bw_max" : 0,
        "bw_agg" : 0.000000,
        "bw_mean" : 0.000000,
        "bw_dev" : 0.000000,
        "bw_samples" : 0,
        "iops_min" : 0,
        "iops_max" : 0,
        "iops_mean" : 0.000000,
        "iops_stddev" : 0.000000,
        "iops_samples" : 0
      },
      "sync" : {
        "total_ios" : 0,
        "lat_ns" : {
          "min" : 0,
          "max" : 0,
          "mean" : 0.000000,
          "stddev" : 0.000000,
          "N" : 0
        }
      },
      "job_runtime" : 5000,
      "usr_cpu" : 1.160000,
      "sys_cpu" : 3.220000,
      "ctx" : 65927,
      "majf" : 0,
      "minf" : 8,
      "iodepth_level" : {
        "1" : 0.100000,
        "2" : 0.100000,
        "4" : 99.995647,
        "8" : 0.000000,
        "16" : 0.000000,
        "32" : 0.000000,
        ">=64" : 0.000000
      },
      "iodepth_submit" : {
        "0" : 0.000000,
        "4" : 100.000000,
        "8" : 0.000000,
        "16" : 0.000000,
        "32" : 0.000000,
        "64" : 0.000000,
        ">=64" : 0.000000
      },
      "iodepth_complete" : {
        "0" : 0.000000,
        "4" : 100.000000,
        "8" : 0.000000,
        "16" : 0.000000,
        "32" : 0.000000,
        "64" : 0.000000,
        ">=64" : 0.000000
      },
      "latency_ns" : {
        "2" : 0.000000,
        "4" : 0.000000,
        "10" : 0.000000,
        "20" : 0.000000,
        "50" : 0.000000,
        "100" : 0.000000,
        "250" : 0.000000,
        "500" : 0.000000,
        "750" : 0.000000,
        "1000" : 0.000000
      },
      "latency_us" : {
        "2" : 0.000000,
        "4" : 0.000000,
        "10" : 0.000000,
        "20" : 59.704850,
        "50" : 0.763270,
        "100" : 0.034826,
        "250" : 0.208956,
        "500" : 10.695940,
        "750" : 12.036741,
        "1000" : 10.188060
      },
      "latency_ms" : {
        "2" : 6.364454,
        "4" : 0.010000,
        "10" : 0.000000,
        "20" : 0.000000,
        "50" : 0.000000,
        "100" : 0.000000,
        "250" : 0.000000,
        "500" : 0.000000,
        "750" : 0.000000,
        "1000" : 0.000000,
        "2000" : 0.000000,
        ">=2000" : 0.000000
      },
      "latency_depth" : 4,
      "latency_target" : 0,
      "latency_target_ns" : 0,
      "latency_percentile" : 100.000000,
      "latency_window" : 0,
      "latency_window_us" : 0
    }
  ],
  "disk_util" : [
    {
      "name" : "nvme2n1",
      "read_ios" : 48,
      "write_ios" : 67276,
      "read_sectors" : 2088,
      "write_sectors" : 2152832,
      "read_merges" : 0,
      "write_merges" : 0,
      "read_ticks" : 2,
      "write_ticks" : 19424,
      "in_queue" : 19426,
      "util" : 98.238591
    }
  ]
}
