{
  "fio version" : "fio-3.42-31-g6a66",
  "timestamp" : 1781281107,
  "timestamp_ms" : 1781281107921,
  "time" : "Fri Jun 12 16:18:27 2026",
  "jobs" : [
    {
      "jobname" : "randomwrite_16k_16",
      "groupid" : 0,
      "job_start" : 1781281102773,
      "error" : 0,
      "eta" : 0,
      "elapsed" : 6,
      "job options" : {
        "name" : "randomwrite_16k_16",
        "filename" : "/dev/nvme2n1",
        "ioengine" : "io_uring",
        "direct" : "1",
        "group_reporting" : "",
        "rw" : "randwrite",
        "bs" : "16k",
        "iodepth" : "16",
        "size" : "3G",
        "time_based" : "",
        "runtime" : "5"
      },
      "read" : {
        "io_bytes" : 0,
        "io_kbytes" : 0,
        "bw_bytes" : 0,
        "bw" : 0,
        "iops" : 0.000000,
        "runtime" : 0,
        "total_ios" : 0,
        "short_ios" : 0,
        "drop_ios" : 0,
        "slat_ns" : {
          "min" : 0,
          "max" : 0,
          "mean" : 0.000000,
          "stddev" : 0.000000,
          "N" : 0
        },
        "clat_ns" : {
          "min" : 0,
          "max" : 0,
          "mean" : 0.000000,
          "stddev" : 0.000000,
          "N" : 0
        },
        "lat_ns" : {
          "min" : 0,
          "max" : 0,
          "mean" : 0.000000,
          "stddev" : 0.000000,
          "N" : 0
        },
        "bw_min" : 0,
        "bw_max" : 0,
        "bw_agg" : 0.000000,
        "bw_mean" : 0.000000,
        "bw_dev" : 0.000000,
        "bw_samples" : 0,
        "iops_min" : 0,
        "iops_max" : 0,
        "iops_mean" : 0.000000,
        "iops_stddev" : 0.000000,
        "iops_samples" : 0
      },
      "write" : {
        "io_bytes" : 1735655424,
        "io_kbytes" : 1694976,
        "bw_bytes" : 346922931,
        "bw" : 338791,
        "iops" : 21174.495303,
        "runtime" : 5003,
        "total_ios" : 105936,
        "short_ios" : 0,
        "drop_ios" : 0,
        "slat_ns" : {
          "min" : 810,
          "max" : 108596,
          "mean" : 1109.419782,
          "stddev" : 719.675797,
          "N" : 105936
        },
        "clat_ns" : {
          "min" : 10680,
          "max" : 4329655,
          "mean" : 754173.805505,
          "stddev" : 1017532.656924,
          "N" : 105936,
          "percentile" : {
            "1.000000" : 13760,
            "5.000000" : 14016,
            "10.000000" : 14144,
            "20.000000" : 14528,
            "30.000000" : 14784,
            "40.000000" : 15168,
            "50.000000" : 16064,
            "60.000000" : 423936,
            "70.000000" : 1220608,
            "80.000000" : 1843200,
            "90.000000" : 2441216,
            "95.000000" : 2768896,
            "99.000000" : 3293184,
            "99.500000" : 3457024,
            "99.900000" : 3784704,
            "99.950000" : 3883008,
            "99.990000" : 4112384
          }
        },
        "lat_ns" : {
          "min" : 13663,
          "max" : 4330619,
          "mean" : 755283.225287,
          "stddev" : 1017528.935716,
          "N" : 105936
        },
        "bw_min" : 322880,
        "bw_max" : 384896,
        "bw_agg" : 100.000000,
        "bw_mean" : 338947.200000,
        "bw_dev" : 18581.844310,
        "bw_samples" : 10,
        "iops_min" : 20180,
        "iops_max" : 24056,
        "iops_mean" : 21184.200000,
        "iops_stddev" : 1161.365269,
        "iops_samples" : 10
      },
      "trim" : {
        "io_bytes" : 0,
        "io_kbytes" : 0,
        "bw_bytes" : 0,
        "bw" : 0,
        "iops" : 0.000000,
        "runtime" : 0,
        "total_ios" : 0,
        "short_ios" : 0,
        "drop_ios" : 0,
        "slat_ns" : {
          "min" : 0,
          "max" : 0,
          "mean" : 0.000000,
          "stddev" : 0.000000,
          "N" : 0
        },
        "clat_ns" : {
          "min" : 0,
          "max" : 0,
          "mean" : 0.000000,
          "stddev" : 0.000000,
          "N" : 0
        },
        "lat_ns" : {
          "min" : 0,
          "max" : 0,
          "mean" : 0.000000,
          "stddev" : 0.000000,
          "N" : 0
        },
        "bw_min" : 0,
        "bw_max" : 0,
        "bw_agg" : 0.000000,
        "bw_mean" : 0.000000,
        "bw_dev" : 0.000000,
        "bw_samples" : 0,
        "iops_min" : 0,
        "iops_max" : 0,
        "iops_mean" : 0.000000,
        "iops_stddev" : 0.000000,
        "iops_samples" : 0
      },
      "sync" : {
        "total_ios" : 0,
        "lat_ns" : {
          "min" : 0,
          "max" : 0,
          "mean" : 0.000000,
          "stddev" : 0.000000,
          "N" : 0
        }
      },
      "job_runtime" : 5002,
      "usr_cpu" : 1.819272,
      "sys_cpu" : 4.418233,
      "ctx" : 98626,
      "majf" : 0,
      "minf" : 8,
      "iodepth_level" : {
        "1" : 0.100000,
        "2" : 0.100000,
        "4" : 0.100000,
        "8" : 0.100000,
        "16" : 99.985841,
        "32" : 0.000000,
        ">=64" : 0.000000
      },
      "iodepth_submit" : {
        "0" : 0.000000,
        "4" : 100.000000,
        "8" : 0.000000,
        "16" : 0.000000,
        "32" : 0.000000,
        "64" : 0.000000,
        ">=64" : 0.000000
      },
      "iodepth_complete" : {
        "0" : 0.000000,
        "4" : 99.999056,
        "8" : 0.000000,
        "16" : 0.100000,
        "32" : 0.000000,
        "64" : 0.000000,
        ">=64" : 0.000000
      },
      "latency_ns" : {
        "2" : 0.000000,
        "4" : 0.000000,
        "10" : 0.000000,
        "20" : 0.000000,
        "50" : 0.000000,
        "100" : 0.000000,
        "250" : 0.000000,
        "500" : 0.000000,
        "750" : 0.000000,
        "1000" : 0.000000
      },
      "latency_us" : {
        "2" : 0.000000,
        "4" : 0.000000,
        "10" : 0.000000,
        "20" : 56.712543,
        "50" : 1.479195,
        "100" : 0.059470,
        "250" : 0.117052,
        "500" : 2.276846,
        "750" : 2.759213,
        "1000" : 3.285002
      },
      "latency_ms" : {
        "2" : 15.775563,
        "4" : 17.505853,
        "10" : 0.029263,
        "20" : 0.000000,
        "50" : 0.000000,
        "100" : 0.000000,
        "250" : 0.000000,
        "500" : 0.000000,
        "750" : 0.000000,
        "1000" : 0.000000,
        "2000" : 0.000000,
        ">=2000" : 0.000000
      },
      "latency_depth" : 16,
      "latency_target" : 0,
      "latency_target_ns" : 0,
      "latency_percentile" : 100.000000,
      "latency_window" : 0,
      "latency_window_us" : 0
    }
  ],
  "disk_util" : [
    {
      "name" : "nvme2n1",
      "read_ios" : 48,
      "write_ios" : 103394,
      "read_sectors" : 2088,
      "write_sectors" : 3308608,
      "read_merges" : 0,
      "write_merges" : 0,
      "read_ticks" : 2,
      "write_ticks" : 78113,
      "in_queue" : 78115,
      "util" : 98.238591
    }
  ]
}
