{
  "fio version" : "fio-3.36",
  "timestamp" : 1781330460,
  "timestamp_ms" : 1781330460304,
  "time" : "Sat Jun 13 06:01:00 2026",
  "jobs" : [
    {
      "jobname" : "randomwrite_16k_64",
      "groupid" : 0,
      "job_start" : 1781330455285,
      "error" : 0,
      "eta" : 0,
      "elapsed" : 6,
      "job options" : {
        "name" : "randomwrite_16k_64",
        "filename" : "/dev/nvme3n1",
        "ioengine" : "io_uring",
        "direct" : "1",
        "rw" : "randwrite",
        "bs" : "16k",
        "iodepth" : "64",
        "size" : "3G",
        "runtime" : "5"
      },
      "read" : {
        "io_bytes" : 0,
        "io_kbytes" : 0,
        "bw_bytes" : 0,
        "bw" : 0,
        "iops" : 0.000000,
        "runtime" : 0,
        "total_ios" : 0,
        "short_ios" : 0,
        "drop_ios" : 0,
        "slat_ns" : {
          "min" : 0,
          "max" : 0,
          "mean" : 0.000000,
          "stddev" : 0.000000,
          "N" : 0
        },
        "clat_ns" : {
          "min" : 0,
          "max" : 0,
          "mean" : 0.000000,
          "stddev" : 0.000000,
          "N" : 0
        },
        "lat_ns" : {
          "min" : 0,
          "max" : 0,
          "mean" : 0.000000,
          "stddev" : 0.000000,
          "N" : 0
        },
        "bw_min" : 0,
        "bw_max" : 0,
        "bw_agg" : 0.000000,
        "bw_mean" : 0.000000,
        "bw_dev" : 0.000000,
        "bw_samples" : 0,
        "iops_min" : 0,
        "iops_max" : 0,
        "iops_mean" : 0.000000,
        "iops_stddev" : 0.000000,
        "iops_samples" : 0
      },
      "write" : {
        "io_bytes" : 1912127488,
        "io_kbytes" : 1867312,
        "bw_bytes" : 381738368,
        "bw" : 372791,
        "iops" : 23299.460970,
        "runtime" : 5009,
        "total_ios" : 116707,
        "short_ios" : 0,
        "drop_ios" : 0,
        "slat_ns" : {
          "min" : 904,
          "max" : 39651,
          "mean" : 1585.099154,
          "stddev" : 400.600686,
          "N" : 116707
        },
        "clat_ns" : {
          "min" : 480,
          "max" : 18160185,
          "mean" : 2744918.043031,
          "stddev" : 3986253.263908,
          "N" : 116707,
          "percentile" : {
            "1.000000" : 14016,
            "5.000000" : 14144,
            "10.000000" : 14272,
            "20.000000" : 14528,
            "30.000000" : 14784,
            "40.000000" : 15168,
            "50.000000" : 15680,
            "60.000000" : 724992,
            "70.000000" : 3620864,
            "80.000000" : 7438336,
            "90.000000" : 9502720,
            "95.000000" : 10944512,
            "99.000000" : 12517376,
            "99.500000" : 12910592,
            "99.900000" : 13959168,
            "99.950000" : 14352384,
            "99.990000" : 15663104
          }
        },
        "lat_ns" : {
          "min" : 14536,
          "max" : 18161573,
          "mean" : 2746503.142185,
          "stddev" : 3986252.544971,
          "N" : 116707
        },
        "bw_min" : 365344,
        "bw_max" : 399520,
        "bw_agg" : 100.000000,
        "bw_mean" : 373260.800000,
        "bw_dev" : 9990.347840,
        "bw_samples" : 10,
        "iops_min" : 22834,
        "iops_max" : 24970,
        "iops_mean" : 23328.800000,
        "iops_stddev" : 624.396740,
        "iops_samples" : 10
      },
      "trim" : {
        "io_bytes" : 0,
        "io_kbytes" : 0,
        "bw_bytes" : 0,
        "bw" : 0,
        "iops" : 0.000000,
        "runtime" : 0,
        "total_ios" : 0,
        "short_ios" : 0,
        "drop_ios" : 0,
        "slat_ns" : {
          "min" : 0,
          "max" : 0,
          "mean" : 0.000000,
          "stddev" : 0.000000,
          "N" : 0
        },
        "clat_ns" : {
          "min" : 0,
          "max" : 0,
          "mean" : 0.000000,
          "stddev" : 0.000000,
          "N" : 0
        },
        "lat_ns" : {
          "min" : 0,
          "max" : 0,
          "mean" : 0.000000,
          "stddev" : 0.000000,
          "N" : 0
        },
        "bw_min" : 0,
        "bw_max" : 0,
        "bw_agg" : 0.000000,
        "bw_mean" : 0.000000,
        "bw_dev" : 0.000000,
        "bw_samples" : 0,
        "iops_min" : 0,
        "iops_max" : 0,
        "iops_mean" : 0.000000,
        "iops_stddev" : 0.000000,
        "iops_samples" : 0
      },
      "sync" : {
        "total_ios" : 0,
        "lat_ns" : {
          "min" : 0,
          "max" : 0,
          "mean" : 0.000000,
          "stddev" : 0.000000,
          "N" : 0
        }
      },
      "job_runtime" : 5008,
      "usr_cpu" : 1.557508,
      "sys_cpu" : 5.591054,
      "ctx" : 109287,
      "majf" : 0,
      "minf" : 10,
      "iodepth_level" : {
        "1" : 0.100000,
        "2" : 0.100000,
        "4" : 0.100000,
        "8" : 0.100000,
        "16" : 0.100000,
        "32" : 0.100000,
        ">=64" : 99.946019
      },
      "iodepth_submit" : {
        "0" : 0.000000,
        "4" : 100.000000,
        "8" : 0.000000,
        "16" : 0.000000,
        "32" : 0.000000,
        "64" : 0.000000,
        ">=64" : 0.000000
      },
      "iodepth_complete" : {
        "0" : 0.000000,
        "4" : 99.999143,
        "8" : 0.000000,
        "16" : 0.000000,
        "32" : 0.000000,
        "64" : 0.100000,
        ">=64" : 0.000000
      },
      "latency_ns" : {
        "2" : 0.000000,
        "4" : 0.000000,
        "10" : 0.000000,
        "20" : 0.000000,
        "50" : 0.000000,
        "100" : 0.000000,
        "250" : 0.000000,
        "500" : 0.010000,
        "750" : 0.000000,
        "1000" : 0.000000
      },
      "latency_us" : {
        "2" : 0.000000,
        "4" : 0.000000,
        "10" : 0.010000,
        "20" : 57.266488,
        "50" : 0.885123,
        "100" : 0.143093,
        "250" : 0.131954,
        "500" : 0.748884,
        "750" : 0.912542,
        "1000" : 0.921967
      },
      "latency_ms" : {
        "2" : 3.882372,
        "4" : 5.991072,
        "10" : 20.886494,
        "20" : 8.224871,
        "50" : 0.000000,
        "100" : 0.000000,
        "250" : 0.000000,
        "500" : 0.000000,
        "750" : 0.000000,
        "1000" : 0.000000,
        "2000" : 0.000000,
        ">=2000" : 0.000000
      },
      "latency_depth" : 64,
      "latency_target" : 0,
      "latency_percentile" : 100.000000,
      "latency_window" : 0
    }
  ],
  "disk_util" : [
    {
      "name" : "nvme3n1",
      "read_ios" : 48,
      "write_ios" : 114326,
      "read_sectors" : 2088,
      "write_sectors" : 3658432,
      "read_merges" : 0,
      "write_merges" : 0,
      "read_ticks" : 1,
      "write_ticks" : 312904,
      "in_queue" : 312906,
      "util" : 98.218931
    }
  ]
}
