{
  "fio version" : "fio-3.36",
  "timestamp" : 1781330465,
  "timestamp_ms" : 1781330465581,
  "time" : "Sat Jun 13 06:01:05 2026",
  "jobs" : [
    {
      "jobname" : "randomwrite_16k_128",
      "groupid" : 0,
      "job_start" : 1781330460550,
      "error" : 0,
      "eta" : 0,
      "elapsed" : 6,
      "job options" : {
        "name" : "randomwrite_16k_128",
        "filename" : "/dev/nvme3n1",
        "ioengine" : "io_uring",
        "direct" : "1",
        "rw" : "randwrite",
        "bs" : "16k",
        "iodepth" : "128",
        "size" : "3G",
        "runtime" : "5"
      },
      "read" : {
        "io_bytes" : 0,
        "io_kbytes" : 0,
        "bw_bytes" : 0,
        "bw" : 0,
        "iops" : 0.000000,
        "runtime" : 0,
        "total_ios" : 0,
        "short_ios" : 0,
        "drop_ios" : 0,
        "slat_ns" : {
          "min" : 0,
          "max" : 0,
          "mean" : 0.000000,
          "stddev" : 0.000000,
          "N" : 0
        },
        "clat_ns" : {
          "min" : 0,
          "max" : 0,
          "mean" : 0.000000,
          "stddev" : 0.000000,
          "N" : 0
        },
        "lat_ns" : {
          "min" : 0,
          "max" : 0,
          "mean" : 0.000000,
          "stddev" : 0.000000,
          "N" : 0
        },
        "bw_min" : 0,
        "bw_max" : 0,
        "bw_agg" : 0.000000,
        "bw_mean" : 0.000000,
        "bw_dev" : 0.000000,
        "bw_samples" : 0,
        "iops_min" : 0,
        "iops_max" : 0,
        "iops_mean" : 0.000000,
        "iops_stddev" : 0.000000,
        "iops_samples" : 0
      },
      "write" : {
        "io_bytes" : 1857175552,
        "io_kbytes" : 1813648,
        "bw_bytes" : 370102740,
        "bw" : 361428,
        "iops" : 22589.278597,
        "runtime" : 5018,
        "total_ios" : 113353,
        "short_ios" : 0,
        "drop_ios" : 0,
        "slat_ns" : {
          "min" : 945,
          "max" : 140439,
          "mean" : 1605.572212,
          "stddev" : 608.980653,
          "N" : 113353
        },
        "clat_ns" : {
          "min" : 7733,
          "max" : 35281328,
          "mean" : 5663856.266063,
          "stddev" : 7929664.181319,
          "N" : 113353,
          "percentile" : {
            "1.000000" : 15552,
            "5.000000" : 16192,
            "10.000000" : 16512,
            "20.000000" : 16768,
            "30.000000" : 17024,
            "40.000000" : 17280,
            "50.000000" : 18048,
            "60.000000" : 201728,
            "70.000000" : 13565952,
            "80.000000" : 16449536,
            "90.000000" : 17694720,
            "95.000000" : 18743296,
            "99.000000" : 21102592,
            "99.500000" : 22151168,
            "99.900000" : 23986176,
            "99.950000" : 26607616,
            "99.990000" : 32636928
          }
        },
        "lat_ns" : {
          "min" : 16157,
          "max" : 35282676,
          "mean" : 5665461.838275,
          "stddev" : 7929663.205558,
          "N" : 113353
        },
        "bw_min" : 352864,
        "bw_max" : 371744,
        "bw_agg" : 100.000000,
        "bw_mean" : 362323.200000,
        "bw_dev" : 6376.993315,
        "bw_samples" : 10,
        "iops_min" : 22054,
        "iops_max" : 23234,
        "iops_mean" : 22645.200000,
        "iops_stddev" : 398.562082,
        "iops_samples" : 10
      },
      "trim" : {
        "io_bytes" : 0,
        "io_kbytes" : 0,
        "bw_bytes" : 0,
        "bw" : 0,
        "iops" : 0.000000,
        "runtime" : 0,
        "total_ios" : 0,
        "short_ios" : 0,
        "drop_ios" : 0,
        "slat_ns" : {
          "min" : 0,
          "max" : 0,
          "mean" : 0.000000,
          "stddev" : 0.000000,
          "N" : 0
        },
        "clat_ns" : {
          "min" : 0,
          "max" : 0,
          "mean" : 0.000000,
          "stddev" : 0.000000,
          "N" : 0
        },
        "lat_ns" : {
          "min" : 0,
          "max" : 0,
          "mean" : 0.000000,
          "stddev" : 0.000000,
          "N" : 0
        },
        "bw_min" : 0,
        "bw_max" : 0,
        "bw_agg" : 0.000000,
        "bw_mean" : 0.000000,
        "bw_dev" : 0.000000,
        "bw_samples" : 0,
        "iops_min" : 0,
        "iops_max" : 0,
        "iops_mean" : 0.000000,
        "iops_stddev" : 0.000000,
        "iops_samples" : 0
      },
      "sync" : {
        "total_ios" : 0,
        "lat_ns" : {
          "min" : 0,
          "max" : 0,
          "mean" : 0.000000,
          "stddev" : 0.000000,
          "N" : 0
        }
      },
      "job_runtime" : 5017,
      "usr_cpu" : 1.096273,
      "sys_cpu" : 5.800279,
      "ctx" : 109018,
      "majf" : 0,
      "minf" : 11,
      "iodepth_level" : {
        "1" : 0.100000,
        "2" : 0.100000,
        "4" : 0.100000,
        "8" : 0.100000,
        "16" : 0.100000,
        "32" : 0.100000,
        ">=64" : 99.944421
      },
      "iodepth_submit" : {
        "0" : 0.000000,
        "4" : 100.000000,
        "8" : 0.000000,
        "16" : 0.000000,
        "32" : 0.000000,
        "64" : 0.000000,
        ">=64" : 0.000000
      },
      "iodepth_complete" : {
        "0" : 0.000000,
        "4" : 99.999117,
        "8" : 0.000000,
        "16" : 0.000000,
        "32" : 0.000000,
        "64" : 0.000000,
        ">=64" : 0.100000
      },
      "latency_ns" : {
        "2" : 0.000000,
        "4" : 0.000000,
        "10" : 0.000000,
        "20" : 0.000000,
        "50" : 0.000000,
        "100" : 0.000000,
        "250" : 0.000000,
        "500" : 0.000000,
        "750" : 0.000000,
        "1000" : 0.000000
      },
      "latency_us" : {
        "2" : 0.000000,
        "4" : 0.000000,
        "10" : 0.010000,
        "20" : 57.816732,
        "50" : 1.987596,
        "100" : 0.112039,
        "250" : 0.164089,
        "500" : 1.096574,
        "750" : 0.963362,
        "1000" : 0.885729
      },
      "latency_ms" : {
        "2" : 2.521327,
        "4" : 0.953658,
        "10" : 0.356409,
        "20" : 31.268692,
        "50" : 1.869381,
        "100" : 0.000000,
        "250" : 0.000000,
        "500" : 0.000000,
        "750" : 0.000000,
        "1000" : 0.000000,
        "2000" : 0.000000,
        ">=2000" : 0.000000
      },
      "latency_depth" : 128,
      "latency_target" : 0,
      "latency_percentile" : 100.000000,
      "latency_window" : 0
    }
  ],
  "disk_util" : [
    {
      "name" : "nvme3n1",
      "read_ios" : 48,
      "write_ios" : 110834,
      "read_sectors" : 2088,
      "write_sectors" : 3546688,
      "read_merges" : 0,
      "write_merges" : 0,
      "read_ticks" : 2,
      "write_ticks" : 625618,
      "in_queue" : 625620,
      "util" : 98.199280
    }
  ]
}
