{
  "fio version" : "fio-3.42-31-g6a66",
  "timestamp" : 1781281124,
  "timestamp_ms" : 1781281124080,
  "time" : "Fri Jun 12 16:18:44 2026",
  "jobs" : [
    {
      "jobname" : "randomwrite_16k_128",
      "groupid" : 0,
      "job_start" : 1781281118932,
      "error" : 0,
      "eta" : 0,
      "elapsed" : 6,
      "job options" : {
        "name" : "randomwrite_16k_128",
        "filename" : "/dev/nvme2n1",
        "ioengine" : "io_uring",
        "direct" : "1",
        "group_reporting" : "",
        "rw" : "randwrite",
        "bs" : "16k",
        "iodepth" : "128",
        "size" : "3G",
        "time_based" : "",
        "runtime" : "5"
      },
      "read" : {
        "io_bytes" : 0,
        "io_kbytes" : 0,
        "bw_bytes" : 0,
        "bw" : 0,
        "iops" : 0.000000,
        "runtime" : 0,
        "total_ios" : 0,
        "short_ios" : 0,
        "drop_ios" : 0,
        "slat_ns" : {
          "min" : 0,
          "max" : 0,
          "mean" : 0.000000,
          "stddev" : 0.000000,
          "N" : 0
        },
        "clat_ns" : {
          "min" : 0,
          "max" : 0,
          "mean" : 0.000000,
          "stddev" : 0.000000,
          "N" : 0
        },
        "lat_ns" : {
          "min" : 0,
          "max" : 0,
          "mean" : 0.000000,
          "stddev" : 0.000000,
          "N" : 0
        },
        "bw_min" : 0,
        "bw_max" : 0,
        "bw_agg" : 0.000000,
        "bw_mean" : 0.000000,
        "bw_dev" : 0.000000,
        "bw_samples" : 0,
        "iops_min" : 0,
        "iops_max" : 0,
        "iops_mean" : 0.000000,
        "iops_stddev" : 0.000000,
        "iops_samples" : 0
      },
      "write" : {
        "io_bytes" : 1920024576,
        "io_kbytes" : 1875024,
        "bw_bytes" : 382627456,
        "bw" : 373659,
        "iops" : 23353.726584,
        "runtime" : 5018,
        "total_ios" : 117189,
        "short_ios" : 0,
        "drop_ios" : 0,
        "slat_ns" : {
          "min" : 796,
          "max" : 30725,
          "mean" : 1089.625502,
          "stddev" : 548.063739,
          "N" : 117189
        },
        "clat_ns" : {
          "min" : 12786,
          "max" : 33425838,
          "mean" : 5478405.879886,
          "stddev" : 7214381.213639,
          "N" : 117189,
          "percentile" : {
            "1.000000" : 14784,
            "5.000000" : 19584,
            "10.000000" : 20864,
            "20.000000" : 22656,
            "30.000000" : 23424,
            "40.000000" : 23936,
            "50.000000" : 24960,
            "60.000000" : 28544,
            "70.000000" : 12124160,
            "80.000000" : 14745600,
            "90.000000" : 16449536,
            "95.000000" : 17432576,
            "99.000000" : 19005440,
            "99.500000" : 19529728,
            "99.900000" : 20578304,
            "99.950000" : 23724032,
            "99.990000" : 31850496
          }
        },
        "lat_ns" : {
          "min" : 13875,
          "max" : 33427076,
          "mean" : 5479495.505389,
          "stddev" : 7214378.997714,
          "N" : 117189
        },
        "bw_min" : 362048,
        "bw_max" : 388448,
        "bw_agg" : 100.000000,
        "bw_mean" : 374598.400000,
        "bw_dev" : 6972.015988,
        "bw_samples" : 10,
        "iops_min" : 22628,
        "iops_max" : 24278,
        "iops_mean" : 23412.400000,
        "iops_stddev" : 435.750999,
        "iops_samples" : 10
      },
      "trim" : {
        "io_bytes" : 0,
        "io_kbytes" : 0,
        "bw_bytes" : 0,
        "bw" : 0,
        "iops" : 0.000000,
        "runtime" : 0,
        "total_ios" : 0,
        "short_ios" : 0,
        "drop_ios" : 0,
        "slat_ns" : {
          "min" : 0,
          "max" : 0,
          "mean" : 0.000000,
          "stddev" : 0.000000,
          "N" : 0
        },
        "clat_ns" : {
          "min" : 0,
          "max" : 0,
          "mean" : 0.000000,
          "stddev" : 0.000000,
          "N" : 0
        },
        "lat_ns" : {
          "min" : 0,
          "max" : 0,
          "mean" : 0.000000,
          "stddev" : 0.000000,
          "N" : 0
        },
        "bw_min" : 0,
        "bw_max" : 0,
        "bw_agg" : 0.000000,
        "bw_mean" : 0.000000,
        "bw_dev" : 0.000000,
        "bw_samples" : 0,
        "iops_min" : 0,
        "iops_max" : 0,
        "iops_mean" : 0.000000,
        "iops_stddev" : 0.000000,
        "iops_samples" : 0
      },
      "sync" : {
        "total_ios" : 0,
        "lat_ns" : {
          "min" : 0,
          "max" : 0,
          "mean" : 0.000000,
          "stddev" : 0.000000,
          "N" : 0
        }
      },
      "job_runtime" : 5017,
      "usr_cpu" : 1.674307,
      "sys_cpu" : 4.345226,
      "ctx" : 95355,
      "majf" : 0,
      "minf" : 7,
      "iodepth_level" : {
        "1" : 0.100000,
        "2" : 0.100000,
        "4" : 0.100000,
        "8" : 0.100000,
        "16" : 0.100000,
        "32" : 0.100000,
        ">=64" : 99.946241
      },
      "iodepth_submit" : {
        "0" : 0.000000,
        "4" : 100.000000,
        "8" : 0.000000,
        "16" : 0.000000,
        "32" : 0.000000,
        "64" : 0.000000,
        ">=64" : 0.000000
      },
      "iodepth_complete" : {
        "0" : 0.000000,
        "4" : 99.999146,
        "8" : 0.000000,
        "16" : 0.000000,
        "32" : 0.000000,
        "64" : 0.000000,
        ">=64" : 0.100000
      },
      "latency_ns" : {
        "2" : 0.000000,
        "4" : 0.000000,
        "10" : 0.000000,
        "20" : 0.000000,
        "50" : 0.000000,
        "100" : 0.000000,
        "250" : 0.000000,
        "500" : 0.000000,
        "750" : 0.000000,
        "1000" : 0.000000
      },
      "latency_us" : {
        "2" : 0.000000,
        "4" : 0.000000,
        "10" : 0.000000,
        "20" : 6.475864,
        "50" : 55.027349,
        "100" : 0.112639,
        "250" : 0.162131,
        "500" : 0.210771,
        "750" : 0.133972,
        "1000" : 0.036693
      },
      "latency_ms" : {
        "2" : 0.034986,
        "4" : 0.013653,
        "10" : 3.310038,
        "20" : 34.222495,
        "50" : 0.259410,
        "100" : 0.000000,
        "250" : 0.000000,
        "500" : 0.000000,
        "750" : 0.000000,
        "1000" : 0.000000,
        "2000" : 0.000000,
        ">=2000" : 0.000000
      },
      "latency_depth" : 128,
      "latency_target" : 0,
      "latency_target_ns" : 0,
      "latency_percentile" : 100.000000,
      "latency_window" : 0,
      "latency_window_us" : 0
    }
  ],
  "disk_util" : [
    {
      "name" : "nvme2n1",
      "read_ios" : 48,
      "write_ios" : 114599,
      "read_sectors" : 2088,
      "write_sectors" : 3667168,
      "read_merges" : 0,
      "write_merges" : 0,
      "read_ticks" : 2,
      "write_ticks" : 625763,
      "in_queue" : 625765,
      "util" : 98.158527
    }
  ]
}
