{
  "fio version" : "fio-3.42-31-g6a66",
  "timestamp" : 1781281297,
  "timestamp_ms" : 1781281297187,
  "time" : "Fri Jun 12 16:21:37 2026",
  "jobs" : [
    {
      "jobname" : "randomwrite_256k_8",
      "groupid" : 0,
      "job_start" : 1781281292039,
      "error" : 0,
      "eta" : 0,
      "elapsed" : 6,
      "job options" : {
        "name" : "randomwrite_256k_8",
        "filename" : "/dev/nvme2n1",
        "ioengine" : "io_uring",
        "direct" : "1",
        "group_reporting" : "",
        "rw" : "randwrite",
        "bs" : "256k",
        "iodepth" : "8",
        "size" : "3G",
        "time_based" : "",
        "runtime" : "5"
      },
      "read" : {
        "io_bytes" : 0,
        "io_kbytes" : 0,
        "bw_bytes" : 0,
        "bw" : 0,
        "iops" : 0.000000,
        "runtime" : 0,
        "total_ios" : 0,
        "short_ios" : 0,
        "drop_ios" : 0,
        "slat_ns" : {
          "min" : 0,
          "max" : 0,
          "mean" : 0.000000,
          "stddev" : 0.000000,
          "N" : 0
        },
        "clat_ns" : {
          "min" : 0,
          "max" : 0,
          "mean" : 0.000000,
          "stddev" : 0.000000,
          "N" : 0
        },
        "lat_ns" : {
          "min" : 0,
          "max" : 0,
          "mean" : 0.000000,
          "stddev" : 0.000000,
          "N" : 0
        },
        "bw_min" : 0,
        "bw_max" : 0,
        "bw_agg" : 0.000000,
        "bw_mean" : 0.000000,
        "bw_dev" : 0.000000,
        "bw_samples" : 0,
        "iops_min" : 0,
        "iops_max" : 0,
        "iops_mean" : 0.000000,
        "iops_stddev" : 0.000000,
        "iops_samples" : 0
      },
      "write" : {
        "io_bytes" : 511967232,
        "io_kbytes" : 499968,
        "bw_bytes" : 102005824,
        "bw" : 99615,
        "iops" : 389.121339,
        "runtime" : 5019,
        "total_ios" : 1953,
        "short_ios" : 0,
        "drop_ios" : 0,
        "slat_ns" : {
          "min" : 4251,
          "max" : 34195,
          "mean" : 11709.907834,
          "stddev" : 5227.693840,
          "N" : 1953
        },
        "clat_ns" : {
          "min" : 3266491,
          "max" : 37723453,
          "mean" : 20533879.432668,
          "stddev" : 1977157.404723,
          "N" : 1953,
          "percentile" : {
            "1.000000" : 15138816,
            "5.000000" : 17432576,
            "10.000000" : 18219008,
            "20.000000" : 19005440,
            "30.000000" : 19791872,
            "40.000000" : 20316160,
            "50.000000" : 20840448,
            "60.000000" : 21102592,
            "70.000000" : 21626880,
            "80.000000" : 22151168,
            "90.000000" : 22675456,
            "95.000000" : 22937600,
            "99.000000" : 23724032,
            "99.500000" : 23986176,
            "99.900000" : 34865152,
            "99.950000" : 37486592,
            "99.990000" : 37486592
          }
        },
        "lat_ns" : {
          "min" : 3279178,
          "max" : 37733260,
          "mean" : 20545589.340502,
          "stddev" : 1976937.824170,
          "N" : 1953
        },
        "bw_min" : 96256,
        "bw_max" : 106496,
        "bw_agg" : 100.000000,
        "bw_mean" : 99635.200000,
        "bw_dev" : 2938.243648,
        "bw_samples" : 10,
        "iops_min" : 376,
        "iops_max" : 416,
        "iops_mean" : 389.200000,
        "iops_stddev" : 11.477514,
        "iops_samples" : 10
      },
      "trim" : {
        "io_bytes" : 0,
        "io_kbytes" : 0,
        "bw_bytes" : 0,
        "bw" : 0,
        "iops" : 0.000000,
        "runtime" : 0,
        "total_ios" : 0,
        "short_ios" : 0,
        "drop_ios" : 0,
        "slat_ns" : {
          "min" : 0,
          "max" : 0,
          "mean" : 0.000000,
          "stddev" : 0.000000,
          "N" : 0
        },
        "clat_ns" : {
          "min" : 0,
          "max" : 0,
          "mean" : 0.000000,
          "stddev" : 0.000000,
          "N" : 0
        },
        "lat_ns" : {
          "min" : 0,
          "max" : 0,
          "mean" : 0.000000,
          "stddev" : 0.000000,
          "N" : 0
        },
        "bw_min" : 0,
        "bw_max" : 0,
        "bw_agg" : 0.000000,
        "bw_mean" : 0.000000,
        "bw_dev" : 0.000000,
        "bw_samples" : 0,
        "iops_min" : 0,
        "iops_max" : 0,
        "iops_mean" : 0.000000,
        "iops_stddev" : 0.000000,
        "iops_samples" : 0
      },
      "sync" : {
        "total_ios" : 0,
        "lat_ns" : {
          "min" : 0,
          "max" : 0,
          "mean" : 0.000000,
          "stddev" : 0.000000,
          "N" : 0
        }
      },
      "job_runtime" : 5018,
      "usr_cpu" : 0.757274,
      "sys_cpu" : 0.079713,
      "ctx" : 1951,
      "majf" : 0,
      "minf" : 6,
      "iodepth_level" : {
        "1" : 0.100000,
        "2" : 0.102407,
        "4" : 0.204813,
        "8" : 99.641577,
        "16" : 0.000000,
        "32" : 0.000000,
        ">=64" : 0.000000
      },
      "iodepth_submit" : {
        "0" : 0.000000,
        "4" : 100.000000,
        "8" : 0.000000,
        "16" : 0.000000,
        "32" : 0.000000,
        "64" : 0.000000,
        ">=64" : 0.000000
      },
      "iodepth_complete" : {
        "0" : 0.000000,
        "4" : 99.948639,
        "8" : 0.100000,
        "16" : 0.000000,
        "32" : 0.000000,
        "64" : 0.000000,
        ">=64" : 0.000000
      },
      "latency_ns" : {
        "2" : 0.000000,
        "4" : 0.000000,
        "10" : 0.000000,
        "20" : 0.000000,
        "50" : 0.000000,
        "100" : 0.000000,
        "250" : 0.000000,
        "500" : 0.000000,
        "750" : 0.000000,
        "1000" : 0.000000
      },
      "latency_us" : {
        "2" : 0.000000,
        "4" : 0.000000,
        "10" : 0.000000,
        "20" : 0.000000,
        "50" : 0.000000,
        "100" : 0.000000,
        "250" : 0.000000,
        "500" : 0.000000,
        "750" : 0.000000,
        "1000" : 0.000000
      },
      "latency_ms" : {
        "2" : 0.000000,
        "4" : 0.051203,
        "10" : 0.153610,
        "20" : 33.589350,
        "50" : 66.205837,
        "100" : 0.000000,
        "250" : 0.000000,
        "500" : 0.000000,
        "750" : 0.000000,
        "1000" : 0.000000,
        "2000" : 0.000000,
        ">=2000" : 0.000000
      },
      "latency_depth" : 8,
      "latency_target" : 0,
      "latency_target_ns" : 0,
      "latency_percentile" : 100.000000,
      "latency_window" : 0,
      "latency_window_us" : 0
    }
  ],
  "disk_util" : [
    {
      "name" : "nvme2n1",
      "read_ios" : 48,
      "write_ios" : 1908,
      "read_sectors" : 2088,
      "write_sectors" : 976896,
      "read_merges" : 0,
      "write_merges" : 0,
      "read_ticks" : 1,
      "write_ticks" : 39056,
      "in_queue" : 39058,
      "util" : 98.238591
    }
  ]
}
