{
  "fio version" : "fio-3.36",
  "timestamp" : 1781330656,
  "timestamp_ms" : 1781330656846,
  "time" : "Sat Jun 13 06:04:16 2026",
  "jobs" : [
    {
      "jobname" : "randomwrite_256k_128",
      "groupid" : 0,
      "job_start" : 1781330651542,
      "error" : 0,
      "eta" : 0,
      "elapsed" : 6,
      "job options" : {
        "name" : "randomwrite_256k_128",
        "filename" : "/dev/nvme3n1",
        "ioengine" : "io_uring",
        "direct" : "1",
        "rw" : "randwrite",
        "bs" : "256k",
        "iodepth" : "128",
        "size" : "3G",
        "runtime" : "5"
      },
      "read" : {
        "io_bytes" : 0,
        "io_kbytes" : 0,
        "bw_bytes" : 0,
        "bw" : 0,
        "iops" : 0.000000,
        "runtime" : 0,
        "total_ios" : 0,
        "short_ios" : 0,
        "drop_ios" : 0,
        "slat_ns" : {
          "min" : 0,
          "max" : 0,
          "mean" : 0.000000,
          "stddev" : 0.000000,
          "N" : 0
        },
        "clat_ns" : {
          "min" : 0,
          "max" : 0,
          "mean" : 0.000000,
          "stddev" : 0.000000,
          "N" : 0
        },
        "lat_ns" : {
          "min" : 0,
          "max" : 0,
          "mean" : 0.000000,
          "stddev" : 0.000000,
          "N" : 0
        },
        "bw_min" : 0,
        "bw_max" : 0,
        "bw_agg" : 0.000000,
        "bw_mean" : 0.000000,
        "bw_dev" : 0.000000,
        "bw_samples" : 0,
        "iops_min" : 0,
        "iops_max" : 0,
        "iops_mean" : 0.000000,
        "iops_stddev" : 0.000000,
        "iops_samples" : 0
      },
      "write" : {
        "io_bytes" : 539492352,
        "io_kbytes" : 526848,
        "bw_bytes" : 101925628,
        "bw" : 99536,
        "iops" : 388.815417,
        "runtime" : 5293,
        "total_ios" : 2058,
        "short_ios" : 0,
        "drop_ios" : 0,
        "slat_ns" : {
          "min" : 5129,
          "max" : 49691,
          "mean" : 16280.364917,
          "stddev" : 8484.307928,
          "N" : 2058
        },
        "clat_ns" : {
          "min" : 3118268,
          "max" : 618843841,
          "mean" : 328951360.430515,
          "stddev" : 61200404.489663,
          "N" : 2058,
          "percentile" : {
            "1.000000" : 57409536,
            "5.000000" : 278921216,
            "10.000000" : 316669952,
            "20.000000" : 320864256,
            "30.000000" : 325058560,
            "40.000000" : 329252864,
            "50.000000" : 329252864,
            "60.000000" : 333447168,
            "70.000000" : 337641472,
            "80.000000" : 341835776,
            "90.000000" : 346030080,
            "95.000000" : 354418688,
            "99.000000" : 566231040,
            "99.500000" : 591396864,
            "99.900000" : 616562688,
            "99.950000" : 616562688,
            "99.990000" : 616562688
          }
        },
        "lat_ns" : {
          "min" : 3138665,
          "max" : 618856983,
          "mean" : 328967640.795432,
          "stddev" : 61201145.156704,
          "N" : 2058
        },
        "bw_min" : 95232,
        "bw_max" : 103424,
        "bw_agg" : 99.275899,
        "bw_mean" : 98816.000000,
        "bw_dev" : 2719.979085,
        "bw_samples" : 10,
        "iops_min" : 372,
        "iops_max" : 404,
        "iops_mean" : 386.000000,
        "iops_stddev" : 10.624918,
        "iops_samples" : 10
      },
      "trim" : {
        "io_bytes" : 0,
        "io_kbytes" : 0,
        "bw_bytes" : 0,
        "bw" : 0,
        "iops" : 0.000000,
        "runtime" : 0,
        "total_ios" : 0,
        "short_ios" : 0,
        "drop_ios" : 0,
        "slat_ns" : {
          "min" : 0,
          "max" : 0,
          "mean" : 0.000000,
          "stddev" : 0.000000,
          "N" : 0
        },
        "clat_ns" : {
          "min" : 0,
          "max" : 0,
          "mean" : 0.000000,
          "stddev" : 0.000000,
          "N" : 0
        },
        "lat_ns" : {
          "min" : 0,
          "max" : 0,
          "mean" : 0.000000,
          "stddev" : 0.000000,
          "N" : 0
        },
        "bw_min" : 0,
        "bw_max" : 0,
        "bw_agg" : 0.000000,
        "bw_mean" : 0.000000,
        "bw_dev" : 0.000000,
        "bw_samples" : 0,
        "iops_min" : 0,
        "iops_max" : 0,
        "iops_mean" : 0.000000,
        "iops_stddev" : 0.000000,
        "iops_samples" : 0
      },
      "sync" : {
        "total_ios" : 0,
        "lat_ns" : {
          "min" : 0,
          "max" : 0,
          "mean" : 0.000000,
          "stddev" : 0.000000,
          "N" : 0
        }
      },
      "job_runtime" : 5292,
      "usr_cpu" : 0.718065,
      "sys_cpu" : 0.151172,
      "ctx" : 2061,
      "majf" : 0,
      "minf" : 10,
      "iodepth_level" : {
        "1" : 0.100000,
        "2" : 0.100000,
        "4" : 0.194363,
        "8" : 0.388727,
        "16" : 0.777454,
        "32" : 1.554908,
        ">=64" : 96.938776
      },
      "iodepth_submit" : {
        "0" : 0.000000,
        "4" : 100.000000,
        "8" : 0.000000,
        "16" : 0.000000,
        "32" : 0.000000,
        "64" : 0.000000,
        ">=64" : 0.000000
      },
      "iodepth_complete" : {
        "0" : 0.000000,
        "4" : 99.948240,
        "8" : 0.000000,
        "16" : 0.000000,
        "32" : 0.000000,
        "64" : 0.000000,
        ">=64" : 0.100000
      },
      "latency_ns" : {
        "2" : 0.000000,
        "4" : 0.000000,
        "10" : 0.000000,
        "20" : 0.000000,
        "50" : 0.000000,
        "100" : 0.000000,
        "250" : 0.000000,
        "500" : 0.000000,
        "750" : 0.000000,
        "1000" : 0.000000
      },
      "latency_us" : {
        "2" : 0.000000,
        "4" : 0.000000,
        "10" : 0.000000,
        "20" : 0.000000,
        "50" : 0.000000,
        "100" : 0.000000,
        "250" : 0.000000,
        "500" : 0.000000,
        "750" : 0.000000,
        "1000" : 0.000000
      },
      "latency_ms" : {
        "2" : 0.000000,
        "4" : 0.048591,
        "10" : 0.145773,
        "20" : 0.145773,
        "50" : 0.534500,
        "100" : 0.923226,
        "250" : 2.623907,
        "500" : 93.245870,
        "750" : 2.332362,
        "1000" : 0.000000,
        "2000" : 0.000000,
        ">=2000" : 0.000000
      },
      "latency_depth" : 128,
      "latency_target" : 0,
      "latency_percentile" : 100.000000,
      "latency_window" : 0
    }
  ],
  "disk_util" : [
    {
      "name" : "nvme3n1",
      "read_ios" : 48,
      "write_ios" : 1986,
      "read_sectors" : 2088,
      "write_sectors" : 1016832,
      "read_merges" : 0,
      "write_merges" : 0,
      "read_ticks" : 2,
      "write_ticks" : 636963,
      "in_queue" : 636964,
      "util" : 98.113208
    }
  ]
}
