{
  "fio version" : "fio-3.42-31-g6a66",
  "timestamp" : 1781281302,
  "timestamp_ms" : 1781281302572,
  "time" : "Fri Jun 12 16:21:42 2026",
  "jobs" : [
    {
      "jobname" : "randomwrite_256k_16",
      "groupid" : 0,
      "job_start" : 1781281297425,
      "error" : 0,
      "eta" : 0,
      "elapsed" : 6,
      "job options" : {
        "name" : "randomwrite_256k_16",
        "filename" : "/dev/nvme2n1",
        "ioengine" : "io_uring",
        "direct" : "1",
        "group_reporting" : "",
        "rw" : "randwrite",
        "bs" : "256k",
        "iodepth" : "16",
        "size" : "3G",
        "time_based" : "",
        "runtime" : "5"
      },
      "read" : {
        "io_bytes" : 0,
        "io_kbytes" : 0,
        "bw_bytes" : 0,
        "bw" : 0,
        "iops" : 0.000000,
        "runtime" : 0,
        "total_ios" : 0,
        "short_ios" : 0,
        "drop_ios" : 0,
        "slat_ns" : {
          "min" : 0,
          "max" : 0,
          "mean" : 0.000000,
          "stddev" : 0.000000,
          "N" : 0
        },
        "clat_ns" : {
          "min" : 0,
          "max" : 0,
          "mean" : 0.000000,
          "stddev" : 0.000000,
          "N" : 0
        },
        "lat_ns" : {
          "min" : 0,
          "max" : 0,
          "mean" : 0.000000,
          "stddev" : 0.000000,
          "N" : 0
        },
        "bw_min" : 0,
        "bw_max" : 0,
        "bw_agg" : 0.000000,
        "bw_mean" : 0.000000,
        "bw_dev" : 0.000000,
        "bw_samples" : 0,
        "iops_min" : 0,
        "iops_max" : 0,
        "iops_mean" : 0.000000,
        "iops_stddev" : 0.000000,
        "iops_samples" : 0
      },
      "write" : {
        "io_bytes" : 493617152,
        "io_kbytes" : 482048,
        "bw_bytes" : 97920482,
        "bw" : 95625,
        "iops" : 373.536997,
        "runtime" : 5041,
        "total_ios" : 1883,
        "short_ios" : 0,
        "drop_ios" : 0,
        "slat_ns" : {
          "min" : 4145,
          "max" : 31361,
          "mean" : 11173.343070,
          "stddev" : 4475.339265,
          "N" : 1883
        },
        "clat_ns" : {
          "min" : 3242355,
          "max" : 81675485,
          "mean" : 42793379.806161,
          "stddev" : 3587767.044560,
          "N" : 1883,
          "percentile" : {
            "1.000000" : 37486592,
            "5.000000" : 39059456,
            "10.000000" : 39583744,
            "20.000000" : 40632320,
            "30.000000" : 41680896,
            "40.000000" : 42205184,
            "50.000000" : 42729472,
            "60.000000" : 43253760,
            "70.000000" : 44302336,
            "80.000000" : 44826624,
            "90.000000" : 45350912,
            "95.000000" : 45875200,
            "99.000000" : 46923776,
            "99.500000" : 57409536,
            "99.900000" : 79167488,
            "99.950000" : 81264640,
            "99.990000" : 81264640
          }
        },
        "lat_ns" : {
          "min" : 3255321,
          "max" : 81691235,
          "mean" : 42804553.149230,
          "stddev" : 3587738.176046,
          "N" : 1883
        },
        "bw_min" : 93184,
        "bw_max" : 98816,
        "bw_agg" : 100.000000,
        "bw_mean" : 95641.600000,
        "bw_dev" : 1927.853568,
        "bw_samples" : 10,
        "iops_min" : 364,
        "iops_max" : 386,
        "iops_mean" : 373.600000,
        "iops_stddev" : 7.530678,
        "iops_samples" : 10
      },
      "trim" : {
        "io_bytes" : 0,
        "io_kbytes" : 0,
        "bw_bytes" : 0,
        "bw" : 0,
        "iops" : 0.000000,
        "runtime" : 0,
        "total_ios" : 0,
        "short_ios" : 0,
        "drop_ios" : 0,
        "slat_ns" : {
          "min" : 0,
          "max" : 0,
          "mean" : 0.000000,
          "stddev" : 0.000000,
          "N" : 0
        },
        "clat_ns" : {
          "min" : 0,
          "max" : 0,
          "mean" : 0.000000,
          "stddev" : 0.000000,
          "N" : 0
        },
        "lat_ns" : {
          "min" : 0,
          "max" : 0,
          "mean" : 0.000000,
          "stddev" : 0.000000,
          "N" : 0
        },
        "bw_min" : 0,
        "bw_max" : 0,
        "bw_agg" : 0.000000,
        "bw_mean" : 0.000000,
        "bw_dev" : 0.000000,
        "bw_samples" : 0,
        "iops_min" : 0,
        "iops_max" : 0,
        "iops_mean" : 0.000000,
        "iops_stddev" : 0.000000,
        "iops_samples" : 0
      },
      "sync" : {
        "total_ios" : 0,
        "lat_ns" : {
          "min" : 0,
          "max" : 0,
          "mean" : 0.000000,
          "stddev" : 0.000000,
          "N" : 0
        }
      },
      "job_runtime" : 5040,
      "usr_cpu" : 0.476190,
      "sys_cpu" : 0.337302,
      "ctx" : 1884,
      "majf" : 0,
      "minf" : 6,
      "iodepth_level" : {
        "1" : 0.100000,
        "2" : 0.106213,
        "4" : 0.212427,
        "8" : 0.424854,
        "16" : 99.203399,
        "32" : 0.000000,
        ">=64" : 0.000000
      },
      "iodepth_submit" : {
        "0" : 0.000000,
        "4" : 100.000000,
        "8" : 0.000000,
        "16" : 0.000000,
        "32" : 0.000000,
        "64" : 0.000000,
        ">=64" : 0.000000
      },
      "iodepth_complete" : {
        "0" : 0.000000,
        "4" : 99.946495,
        "8" : 0.000000,
        "16" : 0.100000,
        "32" : 0.000000,
        "64" : 0.000000,
        ">=64" : 0.000000
      },
      "latency_ns" : {
        "2" : 0.000000,
        "4" : 0.000000,
        "10" : 0.000000,
        "20" : 0.000000,
        "50" : 0.000000,
        "100" : 0.000000,
        "250" : 0.000000,
        "500" : 0.000000,
        "750" : 0.000000,
        "1000" : 0.000000
      },
      "latency_us" : {
        "2" : 0.000000,
        "4" : 0.000000,
        "10" : 0.000000,
        "20" : 0.000000,
        "50" : 0.000000,
        "100" : 0.000000,
        "250" : 0.000000,
        "500" : 0.000000,
        "750" : 0.000000,
        "1000" : 0.000000
      },
      "latency_ms" : {
        "2" : 0.000000,
        "4" : 0.053107,
        "10" : 0.106213,
        "20" : 0.212427,
        "50" : 98.990972,
        "100" : 0.637281,
        "250" : 0.000000,
        "500" : 0.000000,
        "750" : 0.000000,
        "1000" : 0.000000,
        "2000" : 0.000000,
        ">=2000" : 0.000000
      },
      "latency_depth" : 16,
      "latency_target" : 0,
      "latency_target_ns" : 0,
      "latency_percentile" : 100.000000,
      "latency_window" : 0,
      "latency_window_us" : 0
    }
  ],
  "disk_util" : [
    {
      "name" : "nvme2n1",
      "read_ios" : 48,
      "write_ios" : 1828,
      "read_sectors" : 2088,
      "write_sectors" : 935936,
      "read_merges" : 0,
      "write_merges" : 0,
      "read_ticks" : 2,
      "write_ticks" : 77943,
      "in_queue" : 77945,
      "util" : 98.158527
    }
  ]
}
