{
  "fio version" : "fio-3.36",
  "timestamp" : 1781330645,
  "timestamp_ms" : 1781330645853,
  "time" : "Sat Jun 13 06:04:05 2026",
  "jobs" : [
    {
      "jobname" : "randomwrite_256k_32",
      "groupid" : 0,
      "job_start" : 1781330640755,
      "error" : 0,
      "eta" : 0,
      "elapsed" : 6,
      "job options" : {
        "name" : "randomwrite_256k_32",
        "filename" : "/dev/nvme3n1",
        "ioengine" : "io_uring",
        "direct" : "1",
        "rw" : "randwrite",
        "bs" : "256k",
        "iodepth" : "32",
        "size" : "3G",
        "runtime" : "5"
      },
      "read" : {
        "io_bytes" : 0,
        "io_kbytes" : 0,
        "bw_bytes" : 0,
        "bw" : 0,
        "iops" : 0.000000,
        "runtime" : 0,
        "total_ios" : 0,
        "short_ios" : 0,
        "drop_ios" : 0,
        "slat_ns" : {
          "min" : 0,
          "max" : 0,
          "mean" : 0.000000,
          "stddev" : 0.000000,
          "N" : 0
        },
        "clat_ns" : {
          "min" : 0,
          "max" : 0,
          "mean" : 0.000000,
          "stddev" : 0.000000,
          "N" : 0
        },
        "lat_ns" : {
          "min" : 0,
          "max" : 0,
          "mean" : 0.000000,
          "stddev" : 0.000000,
          "N" : 0
        },
        "bw_min" : 0,
        "bw_max" : 0,
        "bw_agg" : 0.000000,
        "bw_mean" : 0.000000,
        "bw_dev" : 0.000000,
        "bw_samples" : 0,
        "iops_min" : 0,
        "iops_max" : 0,
        "iops_mean" : 0.000000,
        "iops_stddev" : 0.000000,
        "iops_samples" : 0
      },
      "write" : {
        "io_bytes" : 522190848,
        "io_kbytes" : 509952,
        "bw_bytes" : 102692398,
        "bw" : 100285,
        "iops" : 391.740413,
        "runtime" : 5085,
        "total_ios" : 1992,
        "short_ios" : 0,
        "drop_ios" : 0,
        "slat_ns" : {
          "min" : 5146,
          "max" : 47190,
          "mean" : 16252.695783,
          "stddev" : 8893.381439,
          "N" : 1992
        },
        "clat_ns" : {
          "min" : 2466571,
          "max" : 163971830,
          "mean" : 81624142.419177,
          "stddev" : 9254842.916823,
          "N" : 1992,
          "percentile" : {
            "1.000000" : 51642368,
            "5.000000" : 74973184,
            "10.000000" : 77070336,
            "20.000000" : 78118912,
            "30.000000" : 80216064,
            "40.000000" : 81264640,
            "50.000000" : 82313216,
            "60.000000" : 82313216,
            "70.000000" : 83361792,
            "80.000000" : 84410368,
            "90.000000" : 85458944,
            "95.000000" : 86507520,
            "99.000000" : 115867648,
            "99.500000" : 143654912,
            "99.900000" : 162529280,
            "99.950000" : 164626432,
            "99.990000" : 164626432
          }
        },
        "lat_ns" : {
          "min" : 2486609,
          "max" : 163982407,
          "mean" : 81640395.114960,
          "stddev" : 9255181.837734,
          "N" : 1992
        },
        "bw_min" : 97280,
        "bw_max" : 103424,
        "bw_agg" : 100.000000,
        "bw_mean" : 100403.200000,
        "bw_dev" : 2191.588607,
        "bw_samples" : 10,
        "iops_min" : 380,
        "iops_max" : 404,
        "iops_mean" : 392.200000,
        "iops_stddev" : 8.560893,
        "iops_samples" : 10
      },
      "trim" : {
        "io_bytes" : 0,
        "io_kbytes" : 0,
        "bw_bytes" : 0,
        "bw" : 0,
        "iops" : 0.000000,
        "runtime" : 0,
        "total_ios" : 0,
        "short_ios" : 0,
        "drop_ios" : 0,
        "slat_ns" : {
          "min" : 0,
          "max" : 0,
          "mean" : 0.000000,
          "stddev" : 0.000000,
          "N" : 0
        },
        "clat_ns" : {
          "min" : 0,
          "max" : 0,
          "mean" : 0.000000,
          "stddev" : 0.000000,
          "N" : 0
        },
        "lat_ns" : {
          "min" : 0,
          "max" : 0,
          "mean" : 0.000000,
          "stddev" : 0.000000,
          "N" : 0
        },
        "bw_min" : 0,
        "bw_max" : 0,
        "bw_agg" : 0.000000,
        "bw_mean" : 0.000000,
        "bw_dev" : 0.000000,
        "bw_samples" : 0,
        "iops_min" : 0,
        "iops_max" : 0,
        "iops_mean" : 0.000000,
        "iops_stddev" : 0.000000,
        "iops_samples" : 0
      },
      "sync" : {
        "total_ios" : 0,
        "lat_ns" : {
          "min" : 0,
          "max" : 0,
          "mean" : 0.000000,
          "stddev" : 0.000000,
          "N" : 0
        }
      },
      "job_runtime" : 5084,
      "usr_cpu" : 0.432730,
      "sys_cpu" : 0.491739,
      "ctx" : 1994,
      "majf" : 0,
      "minf" : 10,
      "iodepth_level" : {
        "1" : 0.100000,
        "2" : 0.100402,
        "4" : 0.200803,
        "8" : 0.401606,
        "16" : 0.803213,
        "32" : 98.443775,
        ">=64" : 0.000000
      },
      "iodepth_submit" : {
        "0" : 0.000000,
        "4" : 100.000000,
        "8" : 0.000000,
        "16" : 0.000000,
        "32" : 0.000000,
        "64" : 0.000000,
        ">=64" : 0.000000
      },
      "iodepth_complete" : {
        "0" : 0.000000,
        "4" : 99.949032,
        "8" : 0.000000,
        "16" : 0.000000,
        "32" : 0.100000,
        "64" : 0.000000,
        ">=64" : 0.000000
      },
      "latency_ns" : {
        "2" : 0.000000,
        "4" : 0.000000,
        "10" : 0.000000,
        "20" : 0.000000,
        "50" : 0.000000,
        "100" : 0.000000,
        "250" : 0.000000,
        "500" : 0.000000,
        "750" : 0.000000,
        "1000" : 0.000000
      },
      "latency_us" : {
        "2" : 0.000000,
        "4" : 0.000000,
        "10" : 0.000000,
        "20" : 0.000000,
        "50" : 0.000000,
        "100" : 0.000000,
        "250" : 0.000000,
        "500" : 0.000000,
        "750" : 0.000000,
        "1000" : 0.000000
      },
      "latency_ms" : {
        "2" : 0.000000,
        "4" : 0.050201,
        "10" : 0.150602,
        "20" : 0.150602,
        "50" : 0.602410,
        "100" : 97.740964,
        "250" : 1.305221,
        "500" : 0.000000,
        "750" : 0.000000,
        "1000" : 0.000000,
        "2000" : 0.000000,
        ">=2000" : 0.000000
      },
      "latency_depth" : 32,
      "latency_target" : 0,
      "latency_percentile" : 100.000000,
      "latency_window" : 0
    }
  ],
  "disk_util" : [
    {
      "name" : "nvme3n1",
      "read_ios" : 48,
      "write_ios" : 1920,
      "read_sectors" : 2088,
      "write_sectors" : 983040,
      "read_merges" : 0,
      "write_merges" : 0,
      "read_ticks" : 3,
      "write_ticks" : 155279,
      "in_queue" : 155282,
      "util" : 98.119248
    }
  ]
}
