{
  "fio version" : "fio-3.36",
  "timestamp" : 1781330635,
  "timestamp_ms" : 1781330635222,
  "time" : "Sat Jun 13 06:03:55 2026",
  "jobs" : [
    {
      "jobname" : "randomwrite_256k_8",
      "groupid" : 0,
      "job_start" : 1781330630192,
      "error" : 0,
      "eta" : 0,
      "elapsed" : 6,
      "job options" : {
        "name" : "randomwrite_256k_8",
        "filename" : "/dev/nvme3n1",
        "ioengine" : "io_uring",
        "direct" : "1",
        "rw" : "randwrite",
        "bs" : "256k",
        "iodepth" : "8",
        "size" : "3G",
        "runtime" : "5"
      },
      "read" : {
        "io_bytes" : 0,
        "io_kbytes" : 0,
        "bw_bytes" : 0,
        "bw" : 0,
        "iops" : 0.000000,
        "runtime" : 0,
        "total_ios" : 0,
        "short_ios" : 0,
        "drop_ios" : 0,
        "slat_ns" : {
          "min" : 0,
          "max" : 0,
          "mean" : 0.000000,
          "stddev" : 0.000000,
          "N" : 0
        },
        "clat_ns" : {
          "min" : 0,
          "max" : 0,
          "mean" : 0.000000,
          "stddev" : 0.000000,
          "N" : 0
        },
        "lat_ns" : {
          "min" : 0,
          "max" : 0,
          "mean" : 0.000000,
          "stddev" : 0.000000,
          "N" : 0
        },
        "bw_min" : 0,
        "bw_max" : 0,
        "bw_agg" : 0.000000,
        "bw_mean" : 0.000000,
        "bw_dev" : 0.000000,
        "bw_samples" : 0,
        "iops_min" : 0,
        "iops_max" : 0,
        "iops_mean" : 0.000000,
        "iops_stddev" : 0.000000,
        "iops_samples" : 0
      },
      "write" : {
        "io_bytes" : 499122176,
        "io_kbytes" : 487424,
        "bw_bytes" : 99486182,
        "bw" : 97154,
        "iops" : 379.509667,
        "runtime" : 5017,
        "total_ios" : 1904,
        "short_ios" : 0,
        "drop_ios" : 0,
        "slat_ns" : {
          "min" : 4598,
          "max" : 43582,
          "mean" : 13156.814601,
          "stddev" : 8108.164388,
          "N" : 1904
        },
        "clat_ns" : {
          "min" : 3106946,
          "max" : 32571376,
          "mean" : 21054570.809874,
          "stddev" : 1663946.173576,
          "N" : 1904,
          "percentile" : {
            "1.000000" : 16580608,
            "5.000000" : 18219008,
            "10.000000" : 19267584,
            "20.000000" : 20054016,
            "30.000000" : 20316160,
            "40.000000" : 20840448,
            "50.000000" : 21102592,
            "60.000000" : 21626880,
            "70.000000" : 21889024,
            "80.000000" : 22413312,
            "90.000000" : 22937600,
            "95.000000" : 23199744,
            "99.000000" : 23724032,
            "99.500000" : 24248320,
            "99.900000" : 30277632,
            "99.950000" : 32636928,
            "99.990000" : 32636928
          }
        },
        "lat_ns" : {
          "min" : 3126827,
          "max" : 32582242,
          "mean" : 21067727.624475,
          "stddev" : 1663718.917603,
          "N" : 1904
        },
        "bw_min" : 93696,
        "bw_max" : 99840,
        "bw_agg" : 99.970691,
        "bw_mean" : 97126.400000,
        "bw_dev" : 2048.710988,
        "bw_samples" : 10,
        "iops_min" : 366,
        "iops_max" : 390,
        "iops_mean" : 379.400000,
        "iops_stddev" : 8.002777,
        "iops_samples" : 10
      },
      "trim" : {
        "io_bytes" : 0,
        "io_kbytes" : 0,
        "bw_bytes" : 0,
        "bw" : 0,
        "iops" : 0.000000,
        "runtime" : 0,
        "total_ios" : 0,
        "short_ios" : 0,
        "drop_ios" : 0,
        "slat_ns" : {
          "min" : 0,
          "max" : 0,
          "mean" : 0.000000,
          "stddev" : 0.000000,
          "N" : 0
        },
        "clat_ns" : {
          "min" : 0,
          "max" : 0,
          "mean" : 0.000000,
          "stddev" : 0.000000,
          "N" : 0
        },
        "lat_ns" : {
          "min" : 0,
          "max" : 0,
          "mean" : 0.000000,
          "stddev" : 0.000000,
          "N" : 0
        },
        "bw_min" : 0,
        "bw_max" : 0,
        "bw_agg" : 0.000000,
        "bw_mean" : 0.000000,
        "bw_dev" : 0.000000,
        "bw_samples" : 0,
        "iops_min" : 0,
        "iops_max" : 0,
        "iops_mean" : 0.000000,
        "iops_stddev" : 0.000000,
        "iops_samples" : 0
      },
      "sync" : {
        "total_ios" : 0,
        "lat_ns" : {
          "min" : 0,
          "max" : 0,
          "mean" : 0.000000,
          "stddev" : 0.000000,
          "N" : 0
        }
      },
      "job_runtime" : 5016,
      "usr_cpu" : 0.199362,
      "sys_cpu" : 0.538278,
      "ctx" : 1907,
      "majf" : 0,
      "minf" : 10,
      "iodepth_level" : {
        "1" : 0.100000,
        "2" : 0.105042,
        "4" : 0.210084,
        "8" : 99.632353,
        "16" : 0.000000,
        "32" : 0.000000,
        ">=64" : 0.000000
      },
      "iodepth_submit" : {
        "0" : 0.000000,
        "4" : 100.000000,
        "8" : 0.000000,
        "16" : 0.000000,
        "32" : 0.000000,
        "64" : 0.000000,
        ">=64" : 0.000000
      },
      "iodepth_complete" : {
        "0" : 0.000000,
        "4" : 99.947313,
        "8" : 0.100000,
        "16" : 0.000000,
        "32" : 0.000000,
        "64" : 0.000000,
        ">=64" : 0.000000
      },
      "latency_ns" : {
        "2" : 0.000000,
        "4" : 0.000000,
        "10" : 0.000000,
        "20" : 0.000000,
        "50" : 0.000000,
        "100" : 0.000000,
        "250" : 0.000000,
        "500" : 0.000000,
        "750" : 0.000000,
        "1000" : 0.000000
      },
      "latency_us" : {
        "2" : 0.000000,
        "4" : 0.000000,
        "10" : 0.000000,
        "20" : 0.000000,
        "50" : 0.000000,
        "100" : 0.000000,
        "250" : 0.000000,
        "500" : 0.000000,
        "750" : 0.000000,
        "1000" : 0.000000
      },
      "latency_ms" : {
        "2" : 0.000000,
        "4" : 0.052521,
        "10" : 0.105042,
        "20" : 20.483193,
        "50" : 79.359244,
        "100" : 0.000000,
        "250" : 0.000000,
        "500" : 0.000000,
        "750" : 0.000000,
        "1000" : 0.000000,
        "2000" : 0.000000,
        ">=2000" : 0.000000
      },
      "latency_depth" : 8,
      "latency_target" : 0,
      "latency_percentile" : 100.000000,
      "latency_window" : 0
    }
  ],
  "disk_util" : [
    {
      "name" : "nvme3n1",
      "read_ios" : 48,
      "write_ios" : 1856,
      "read_sectors" : 2088,
      "write_sectors" : 950272,
      "read_merges" : 0,
      "write_merges" : 0,
      "read_ticks" : 2,
      "write_ticks" : 39066,
      "in_queue" : 39068,
      "util" : 98.199280
    }
  ]
}
