{
  "fio version" : "fio-3.42-31-g6a66",
  "timestamp" : 1781281307,
  "timestamp_ms" : 1781281307958,
  "time" : "Fri Jun 12 16:21:47 2026",
  "jobs" : [
    {
      "jobname" : "randomwrite_256k_32",
      "groupid" : 0,
      "job_start" : 1781281302812,
      "error" : 0,
      "eta" : 0,
      "elapsed" : 6,
      "job options" : {
        "name" : "randomwrite_256k_32",
        "filename" : "/dev/nvme2n1",
        "ioengine" : "io_uring",
        "direct" : "1",
        "group_reporting" : "",
        "rw" : "randwrite",
        "bs" : "256k",
        "iodepth" : "32",
        "size" : "3G",
        "time_based" : "",
        "runtime" : "5"
      },
      "read" : {
        "io_bytes" : 0,
        "io_kbytes" : 0,
        "bw_bytes" : 0,
        "bw" : 0,
        "iops" : 0.000000,
        "runtime" : 0,
        "total_ios" : 0,
        "short_ios" : 0,
        "drop_ios" : 0,
        "slat_ns" : {
          "min" : 0,
          "max" : 0,
          "mean" : 0.000000,
          "stddev" : 0.000000,
          "N" : 0
        },
        "clat_ns" : {
          "min" : 0,
          "max" : 0,
          "mean" : 0.000000,
          "stddev" : 0.000000,
          "N" : 0
        },
        "lat_ns" : {
          "min" : 0,
          "max" : 0,
          "mean" : 0.000000,
          "stddev" : 0.000000,
          "N" : 0
        },
        "bw_min" : 0,
        "bw_max" : 0,
        "bw_agg" : 0.000000,
        "bw_mean" : 0.000000,
        "bw_dev" : 0.000000,
        "bw_samples" : 0,
        "iops_min" : 0,
        "iops_max" : 0,
        "iops_mean" : 0.000000,
        "iops_stddev" : 0.000000,
        "iops_samples" : 0
      },
      "write" : {
        "io_bytes" : 535035904,
        "io_kbytes" : 522496,
        "bw_bytes" : 106115808,
        "bw" : 103628,
        "iops" : 404.799683,
        "runtime" : 5042,
        "total_ios" : 2041,
        "short_ios" : 0,
        "drop_ios" : 0,
        "slat_ns" : {
          "min" : 4354,
          "max" : 50799,
          "mean" : 11899.113180,
          "stddev" : 5526.962131,
          "N" : 2041
        },
        "clat_ns" : {
          "min" : 2719516,
          "max" : 89333432,
          "mean" : 79002562.768741,
          "stddev" : 8195807.091255,
          "N" : 2041,
          "percentile" : {
            "1.000000" : 45350912,
            "5.000000" : 66846720,
            "10.000000" : 71827456,
            "20.000000" : 76021760,
            "30.000000" : 77070336,
            "40.000000" : 79167488,
            "50.000000" : 80216064,
            "60.000000" : 81264640,
            "70.000000" : 83361792,
            "80.000000" : 84410368,
            "90.000000" : 86507520,
            "95.000000" : 87556096,
            "99.000000" : 88604672,
            "99.500000" : 88604672,
            "99.900000" : 88604672,
            "99.950000" : 89653248,
            "99.990000" : 89653248
          }
        },
        "lat_ns" : {
          "min" : 2733357,
          "max" : 89338862,
          "mean" : 79014461.881921,
          "stddev" : 8196439.889455,
          "N" : 2041
        },
        "bw_min" : 94720,
        "bw_max" : 115712,
        "bw_agg" : 99.308378,
        "bw_mean" : 102912.000000,
        "bw_dev" : 6224.070837,
        "bw_samples" : 10,
        "iops_min" : 370,
        "iops_max" : 452,
        "iops_mean" : 402.000000,
        "iops_stddev" : 24.312777,
        "iops_samples" : 10
      },
      "trim" : {
        "io_bytes" : 0,
        "io_kbytes" : 0,
        "bw_bytes" : 0,
        "bw" : 0,
        "iops" : 0.000000,
        "runtime" : 0,
        "total_ios" : 0,
        "short_ios" : 0,
        "drop_ios" : 0,
        "slat_ns" : {
          "min" : 0,
          "max" : 0,
          "mean" : 0.000000,
          "stddev" : 0.000000,
          "N" : 0
        },
        "clat_ns" : {
          "min" : 0,
          "max" : 0,
          "mean" : 0.000000,
          "stddev" : 0.000000,
          "N" : 0
        },
        "lat_ns" : {
          "min" : 0,
          "max" : 0,
          "mean" : 0.000000,
          "stddev" : 0.000000,
          "N" : 0
        },
        "bw_min" : 0,
        "bw_max" : 0,
        "bw_agg" : 0.000000,
        "bw_mean" : 0.000000,
        "bw_dev" : 0.000000,
        "bw_samples" : 0,
        "iops_min" : 0,
        "iops_max" : 0,
        "iops_mean" : 0.000000,
        "iops_stddev" : 0.000000,
        "iops_samples" : 0
      },
      "sync" : {
        "total_ios" : 0,
        "lat_ns" : {
          "min" : 0,
          "max" : 0,
          "mean" : 0.000000,
          "stddev" : 0.000000,
          "N" : 0
        }
      },
      "job_runtime" : 5041,
      "usr_cpu" : 0.733981,
      "sys_cpu" : 0.178536,
      "ctx" : 2040,
      "majf" : 0,
      "minf" : 9,
      "iodepth_level" : {
        "1" : 0.100000,
        "2" : 0.100000,
        "4" : 0.195982,
        "8" : 0.391965,
        "16" : 0.783929,
        "32" : 98.481137,
        ">=64" : 0.000000
      },
      "iodepth_submit" : {
        "0" : 0.000000,
        "4" : 100.000000,
        "8" : 0.000000,
        "16" : 0.000000,
        "32" : 0.000000,
        "64" : 0.000000,
        ">=64" : 0.000000
      },
      "iodepth_complete" : {
        "0" : 0.000000,
        "4" : 99.950273,
        "8" : 0.000000,
        "16" : 0.000000,
        "32" : 0.100000,
        "64" : 0.000000,
        ">=64" : 0.000000
      },
      "latency_ns" : {
        "2" : 0.000000,
        "4" : 0.000000,
        "10" : 0.000000,
        "20" : 0.000000,
        "50" : 0.000000,
        "100" : 0.000000,
        "250" : 0.000000,
        "500" : 0.000000,
        "750" : 0.000000,
        "1000" : 0.000000
      },
      "latency_us" : {
        "2" : 0.000000,
        "4" : 0.000000,
        "10" : 0.000000,
        "20" : 0.000000,
        "50" : 0.000000,
        "100" : 0.000000,
        "250" : 0.000000,
        "500" : 0.000000,
        "750" : 0.000000,
        "1000" : 0.000000
      },
      "latency_ms" : {
        "2" : 0.000000,
        "4" : 0.048996,
        "10" : 0.097991,
        "20" : 0.195982,
        "50" : 0.832925,
        "100" : 98.824106,
        "250" : 0.000000,
        "500" : 0.000000,
        "750" : 0.000000,
        "1000" : 0.000000,
        "2000" : 0.000000,
        ">=2000" : 0.000000
      },
      "latency_depth" : 32,
      "latency_target" : 0,
      "latency_target_ns" : 0,
      "latency_percentile" : 100.000000,
      "latency_window" : 0,
      "latency_window_us" : 0
    }
  ],
  "disk_util" : [
    {
      "name" : "nvme2n1",
      "read_ios" : 48,
      "write_ios" : 1949,
      "read_sectors" : 2088,
      "write_sectors" : 997888,
      "read_merges" : 0,
      "write_merges" : 0,
      "read_ticks" : 2,
      "write_ticks" : 155549,
      "in_queue" : 155551,
      "util" : 98.238591
    }
  ]
}
