{
  "fio version" : "fio-3.36",
  "timestamp" : 1781330640,
  "timestamp_ms" : 1781330640508,
  "time" : "Sat Jun 13 06:04:00 2026",
  "jobs" : [
    {
      "jobname" : "randomwrite_256k_16",
      "groupid" : 0,
      "job_start" : 1781330635468,
      "error" : 0,
      "eta" : 0,
      "elapsed" : 6,
      "job options" : {
        "name" : "randomwrite_256k_16",
        "filename" : "/dev/nvme3n1",
        "ioengine" : "io_uring",
        "direct" : "1",
        "rw" : "randwrite",
        "bs" : "256k",
        "iodepth" : "16",
        "size" : "3G",
        "runtime" : "5"
      },
      "read" : {
        "io_bytes" : 0,
        "io_kbytes" : 0,
        "bw_bytes" : 0,
        "bw" : 0,
        "iops" : 0.000000,
        "runtime" : 0,
        "total_ios" : 0,
        "short_ios" : 0,
        "drop_ios" : 0,
        "slat_ns" : {
          "min" : 0,
          "max" : 0,
          "mean" : 0.000000,
          "stddev" : 0.000000,
          "N" : 0
        },
        "clat_ns" : {
          "min" : 0,
          "max" : 0,
          "mean" : 0.000000,
          "stddev" : 0.000000,
          "N" : 0
        },
        "lat_ns" : {
          "min" : 0,
          "max" : 0,
          "mean" : 0.000000,
          "stddev" : 0.000000,
          "N" : 0
        },
        "bw_min" : 0,
        "bw_max" : 0,
        "bw_agg" : 0.000000,
        "bw_mean" : 0.000000,
        "bw_dev" : 0.000000,
        "bw_samples" : 0,
        "iops_min" : 0,
        "iops_max" : 0,
        "iops_mean" : 0.000000,
        "iops_stddev" : 0.000000,
        "iops_samples" : 0
      },
      "write" : {
        "io_bytes" : 564658176,
        "io_kbytes" : 551424,
        "bw_bytes" : 112459306,
        "bw" : 109823,
        "iops" : 428.998208,
        "runtime" : 5021,
        "total_ios" : 2154,
        "short_ios" : 0,
        "drop_ios" : 0,
        "slat_ns" : {
          "min" : 4947,
          "max" : 40263,
          "mean" : 13620.162953,
          "stddev" : 8237.891252,
          "N" : 2154
        },
        "clat_ns" : {
          "min" : 3122427,
          "max" : 45316875,
          "mean" : 37265382.990251,
          "stddev" : 4685381.074174,
          "N" : 2154,
          "percentile" : {
            "1.000000" : 19005440,
            "5.000000" : 26869760,
            "10.000000" : 31326208,
            "20.000000" : 35389440,
            "30.000000" : 36962304,
            "40.000000" : 37486592,
            "50.000000" : 38535168,
            "60.000000" : 39059456,
            "70.000000" : 39583744,
            "80.000000" : 40632320,
            "90.000000" : 41680896,
            "95.000000" : 42205184,
            "99.000000" : 43778048,
            "99.500000" : 44302336,
            "99.900000" : 44826624,
            "99.950000" : 45350912,
            "99.990000" : 45350912
          }
        },
        "lat_ns" : {
          "min" : 3145518,
          "max" : 45331271,
          "mean" : 37279003.153203,
          "stddev" : 4685919.773214,
          "N" : 2154
        },
        "bw_min" : 101888,
        "bw_max" : 141824,
        "bw_agg" : 99.719968,
        "bw_mean" : 109516.800000,
        "bw_dev" : 11576.308803,
        "bw_samples" : 10,
        "iops_min" : 398,
        "iops_max" : 554,
        "iops_mean" : 427.800000,
        "iops_stddev" : 45.219956,
        "iops_samples" : 10
      },
      "trim" : {
        "io_bytes" : 0,
        "io_kbytes" : 0,
        "bw_bytes" : 0,
        "bw" : 0,
        "iops" : 0.000000,
        "runtime" : 0,
        "total_ios" : 0,
        "short_ios" : 0,
        "drop_ios" : 0,
        "slat_ns" : {
          "min" : 0,
          "max" : 0,
          "mean" : 0.000000,
          "stddev" : 0.000000,
          "N" : 0
        },
        "clat_ns" : {
          "min" : 0,
          "max" : 0,
          "mean" : 0.000000,
          "stddev" : 0.000000,
          "N" : 0
        },
        "lat_ns" : {
          "min" : 0,
          "max" : 0,
          "mean" : 0.000000,
          "stddev" : 0.000000,
          "N" : 0
        },
        "bw_min" : 0,
        "bw_max" : 0,
        "bw_agg" : 0.000000,
        "bw_mean" : 0.000000,
        "bw_dev" : 0.000000,
        "bw_samples" : 0,
        "iops_min" : 0,
        "iops_max" : 0,
        "iops_mean" : 0.000000,
        "iops_stddev" : 0.000000,
        "iops_samples" : 0
      },
      "sync" : {
        "total_ios" : 0,
        "lat_ns" : {
          "min" : 0,
          "max" : 0,
          "mean" : 0.000000,
          "stddev" : 0.000000,
          "N" : 0
        }
      },
      "job_runtime" : 5020,
      "usr_cpu" : 0.557769,
      "sys_cpu" : 0.278884,
      "ctx" : 2160,
      "majf" : 0,
      "minf" : 8,
      "iodepth_level" : {
        "1" : 0.100000,
        "2" : 0.100000,
        "4" : 0.185701,
        "8" : 0.371402,
        "16" : 99.303621,
        "32" : 0.000000,
        ">=64" : 0.000000
      },
      "iodepth_submit" : {
        "0" : 0.000000,
        "4" : 100.000000,
        "8" : 0.000000,
        "16" : 0.000000,
        "32" : 0.000000,
        "64" : 0.000000,
        ">=64" : 0.000000
      },
      "iodepth_complete" : {
        "0" : 0.000000,
        "4" : 99.953271,
        "8" : 0.000000,
        "16" : 0.100000,
        "32" : 0.000000,
        "64" : 0.000000,
        ">=64" : 0.000000
      },
      "latency_ns" : {
        "2" : 0.000000,
        "4" : 0.000000,
        "10" : 0.000000,
        "20" : 0.000000,
        "50" : 0.000000,
        "100" : 0.000000,
        "250" : 0.000000,
        "500" : 0.000000,
        "750" : 0.000000,
        "1000" : 0.000000
      },
      "latency_us" : {
        "2" : 0.000000,
        "4" : 0.000000,
        "10" : 0.000000,
        "20" : 0.000000,
        "50" : 0.000000,
        "100" : 0.000000,
        "250" : 0.000000,
        "500" : 0.000000,
        "750" : 0.000000,
        "1000" : 0.000000
      },
      "latency_ms" : {
        "2" : 0.000000,
        "4" : 0.046425,
        "10" : 0.092851,
        "20" : 0.974930,
        "50" : 98.885794,
        "100" : 0.000000,
        "250" : 0.000000,
        "500" : 0.000000,
        "750" : 0.000000,
        "1000" : 0.000000,
        "2000" : 0.000000,
        ">=2000" : 0.000000
      },
      "latency_depth" : 16,
      "latency_target" : 0,
      "latency_percentile" : 100.000000,
      "latency_window" : 0
    }
  ],
  "disk_util" : [
    {
      "name" : "nvme3n1",
      "read_ios" : 48,
      "write_ios" : 2068,
      "read_sectors" : 2088,
      "write_sectors" : 1058816,
      "read_merges" : 0,
      "write_merges" : 0,
      "read_ticks" : 2,
      "write_ticks" : 78109,
      "in_queue" : 78111,
      "util" : 98.199280
    }
  ]
}
