{
  "fio version" : "fio-3.36",
  "timestamp" : 1781330624,
  "timestamp_ms" : 1781330624682,
  "time" : "Sat Jun 13 06:03:44 2026",
  "jobs" : [
    {
      "jobname" : "randomwrite_256k_2",
      "groupid" : 0,
      "job_start" : 1781330619663,
      "error" : 0,
      "eta" : 0,
      "elapsed" : 6,
      "job options" : {
        "name" : "randomwrite_256k_2",
        "filename" : "/dev/nvme3n1",
        "ioengine" : "io_uring",
        "direct" : "1",
        "rw" : "randwrite",
        "bs" : "256k",
        "iodepth" : "2",
        "size" : "3G",
        "runtime" : "5"
      },
      "read" : {
        "io_bytes" : 0,
        "io_kbytes" : 0,
        "bw_bytes" : 0,
        "bw" : 0,
        "iops" : 0.000000,
        "runtime" : 0,
        "total_ios" : 0,
        "short_ios" : 0,
        "drop_ios" : 0,
        "slat_ns" : {
          "min" : 0,
          "max" : 0,
          "mean" : 0.000000,
          "stddev" : 0.000000,
          "N" : 0
        },
        "clat_ns" : {
          "min" : 0,
          "max" : 0,
          "mean" : 0.000000,
          "stddev" : 0.000000,
          "N" : 0
        },
        "lat_ns" : {
          "min" : 0,
          "max" : 0,
          "mean" : 0.000000,
          "stddev" : 0.000000,
          "N" : 0
        },
        "bw_min" : 0,
        "bw_max" : 0,
        "bw_agg" : 0.000000,
        "bw_mean" : 0.000000,
        "bw_dev" : 0.000000,
        "bw_samples" : 0,
        "iops_min" : 0,
        "iops_max" : 0,
        "iops_mean" : 0.000000,
        "iops_stddev" : 0.000000,
        "iops_samples" : 0
      },
      "write" : {
        "io_bytes" : 517472256,
        "io_kbytes" : 505344,
        "bw_bytes" : 103411721,
        "bw" : 100988,
        "iops" : 394.484412,
        "runtime" : 5004,
        "total_ios" : 1974,
        "short_ios" : 0,
        "drop_ios" : 0,
        "slat_ns" : {
          "min" : 5024,
          "max" : 184999,
          "mean" : 12774.104357,
          "stddev" : 9435.210531,
          "N" : 1974
        },
        "clat_ns" : {
          "min" : 512721,
          "max" : 6643018,
          "mean" : 5053760.136778,
          "stddev" : 920963.172382,
          "N" : 1974,
          "percentile" : {
            "1.000000" : 2310144,
            "5.000000" : 3260416,
            "10.000000" : 3653632,
            "20.000000" : 4292608,
            "30.000000" : 4685824,
            "40.000000" : 5079040,
            "50.000000" : 5341184,
            "60.000000" : 5537792,
            "70.000000" : 5668864,
            "80.000000" : 5799936,
            "90.000000" : 5996544,
            "95.000000" : 6127616,
            "99.000000" : 6389760,
            "99.500000" : 6455296,
            "99.900000" : 6651904,
            "99.950000" : 6651904,
            "99.990000" : 6651904
          }
        },
        "lat_ns" : {
          "min" : 537195,
          "max" : 6669154,
          "mean" : 5066534.241135,
          "stddev" : 920928.042566,
          "N" : 1974
        },
        "bw_min" : 95232,
        "bw_max" : 107008,
        "bw_agg" : 100.000000,
        "bw_mean" : 101017.600000,
        "bw_dev" : 3755.054525,
        "bw_samples" : 10,
        "iops_min" : 372,
        "iops_max" : 418,
        "iops_mean" : 394.600000,
        "iops_stddev" : 14.668182,
        "iops_samples" : 10
      },
      "trim" : {
        "io_bytes" : 0,
        "io_kbytes" : 0,
        "bw_bytes" : 0,
        "bw" : 0,
        "iops" : 0.000000,
        "runtime" : 0,
        "total_ios" : 0,
        "short_ios" : 0,
        "drop_ios" : 0,
        "slat_ns" : {
          "min" : 0,
          "max" : 0,
          "mean" : 0.000000,
          "stddev" : 0.000000,
          "N" : 0
        },
        "clat_ns" : {
          "min" : 0,
          "max" : 0,
          "mean" : 0.000000,
          "stddev" : 0.000000,
          "N" : 0
        },
        "lat_ns" : {
          "min" : 0,
          "max" : 0,
          "mean" : 0.000000,
          "stddev" : 0.000000,
          "N" : 0
        },
        "bw_min" : 0,
        "bw_max" : 0,
        "bw_agg" : 0.000000,
        "bw_mean" : 0.000000,
        "bw_dev" : 0.000000,
        "bw_samples" : 0,
        "iops_min" : 0,
        "iops_max" : 0,
        "iops_mean" : 0.000000,
        "iops_stddev" : 0.000000,
        "iops_samples" : 0
      },
      "sync" : {
        "total_ios" : 0,
        "lat_ns" : {
          "min" : 0,
          "max" : 0,
          "mean" : 0.000000,
          "stddev" : 0.000000,
          "N" : 0
        }
      },
      "job_runtime" : 5003,
      "usr_cpu" : 0.439736,
      "sys_cpu" : 0.319808,
      "ctx" : 1978,
      "majf" : 0,
      "minf" : 8,
      "iodepth_level" : {
        "1" : 0.100000,
        "2" : 99.949341,
        "4" : 0.000000,
        "8" : 0.000000,
        "16" : 0.000000,
        "32" : 0.000000,
        ">=64" : 0.000000
      },
      "iodepth_submit" : {
        "0" : 0.000000,
        "4" : 100.000000,
        "8" : 0.000000,
        "16" : 0.000000,
        "32" : 0.000000,
        "64" : 0.000000,
        ">=64" : 0.000000
      },
      "iodepth_complete" : {
        "0" : 0.000000,
        "4" : 100.000000,
        "8" : 0.000000,
        "16" : 0.000000,
        "32" : 0.000000,
        "64" : 0.000000,
        ">=64" : 0.000000
      },
      "latency_ns" : {
        "2" : 0.000000,
        "4" : 0.000000,
        "10" : 0.000000,
        "20" : 0.000000,
        "50" : 0.000000,
        "100" : 0.000000,
        "250" : 0.000000,
        "500" : 0.000000,
        "750" : 0.000000,
        "1000" : 0.000000
      },
      "latency_us" : {
        "2" : 0.000000,
        "4" : 0.000000,
        "10" : 0.000000,
        "20" : 0.000000,
        "50" : 0.000000,
        "100" : 0.000000,
        "250" : 0.000000,
        "500" : 0.000000,
        "750" : 0.050659,
        "1000" : 0.000000
      },
      "latency_ms" : {
        "2" : 0.405268,
        "4" : 14.994934,
        "10" : 84.549139,
        "20" : 0.000000,
        "50" : 0.000000,
        "100" : 0.000000,
        "250" : 0.000000,
        "500" : 0.000000,
        "750" : 0.000000,
        "1000" : 0.000000,
        "2000" : 0.000000,
        ">=2000" : 0.000000
      },
      "latency_depth" : 2,
      "latency_target" : 0,
      "latency_percentile" : 100.000000,
      "latency_window" : 0
    }
  ],
  "disk_util" : [
    {
      "name" : "nvme3n1",
      "read_ios" : 48,
      "write_ios" : 1931,
      "read_sectors" : 2088,
      "write_sectors" : 988672,
      "read_merges" : 0,
      "write_merges" : 0,
      "read_ticks" : 2,
      "write_ticks" : 9754,
      "in_queue" : 9756,
      "util" : 98.138883
    }
  ]
}
