{
  "fio version" : "fio-3.42-31-g6a66",
  "timestamp" : 1781281172,
  "timestamp_ms" : 1781281172554,
  "time" : "Fri Jun 12 16:19:32 2026",
  "jobs" : [
    {
      "jobname" : "randomwrite_32k_128",
      "groupid" : 0,
      "job_start" : 1781281167408,
      "error" : 0,
      "eta" : 0,
      "elapsed" : 6,
      "job options" : {
        "name" : "randomwrite_32k_128",
        "filename" : "/dev/nvme2n1",
        "ioengine" : "io_uring",
        "direct" : "1",
        "group_reporting" : "",
        "rw" : "randwrite",
        "bs" : "32k",
        "iodepth" : "128",
        "size" : "3G",
        "time_based" : "",
        "runtime" : "5"
      },
      "read" : {
        "io_bytes" : 0,
        "io_kbytes" : 0,
        "bw_bytes" : 0,
        "bw" : 0,
        "iops" : 0.000000,
        "runtime" : 0,
        "total_ios" : 0,
        "short_ios" : 0,
        "drop_ios" : 0,
        "slat_ns" : {
          "min" : 0,
          "max" : 0,
          "mean" : 0.000000,
          "stddev" : 0.000000,
          "N" : 0
        },
        "clat_ns" : {
          "min" : 0,
          "max" : 0,
          "mean" : 0.000000,
          "stddev" : 0.000000,
          "N" : 0
        },
        "lat_ns" : {
          "min" : 0,
          "max" : 0,
          "mean" : 0.000000,
          "stddev" : 0.000000,
          "N" : 0
        },
        "bw_min" : 0,
        "bw_max" : 0,
        "bw_agg" : 0.000000,
        "bw_mean" : 0.000000,
        "bw_dev" : 0.000000,
        "bw_samples" : 0,
        "iops_min" : 0,
        "iops_max" : 0,
        "iops_mean" : 0.000000,
        "iops_stddev" : 0.000000,
        "iops_samples" : 0
      },
      "write" : {
        "io_bytes" : 570818560,
        "io_kbytes" : 557440,
        "bw_bytes" : 113212725,
        "bw" : 110559,
        "iops" : 3454.978183,
        "runtime" : 5042,
        "total_ios" : 17420,
        "short_ios" : 0,
        "drop_ios" : 0,
        "slat_ns" : {
          "min" : 1105,
          "max" : 31429,
          "mean" : 1914.283869,
          "stddev" : 1671.689790,
          "N" : 17420
        },
        "clat_ns" : {
          "min" : 22093,
          "max" : 83288354,
          "mean" : 37036394.018140,
          "stddev" : 25353648.473441,
          "N" : 17420,
          "percentile" : {
            "1.000000" : 27264,
            "5.000000" : 30080,
            "10.000000" : 31616,
            "20.000000" : 32384,
            "30.000000" : 36096,
            "40.000000" : 51642368,
            "50.000000" : 53215232,
            "60.000000" : 53739520,
            "70.000000" : 54788096,
            "80.000000" : 55836672,
            "90.000000" : 56885248,
            "95.000000" : 57409536,
            "99.000000" : 58982400,
            "99.500000" : 59506688,
            "99.900000" : 76021760,
            "99.950000" : 80216064,
            "99.990000" : 82313216
          }
        },
        "lat_ns" : {
          "min" : 23407,
          "max" : 83289824,
          "mean" : 37038308.302009,
          "stddev" : 25353646.124569,
          "N" : 17420
        },
        "bw_min" : 108160,
        "bw_max" : 113152,
        "bw_agg" : 100.000000,
        "bw_mean" : 110675.200000,
        "bw_dev" : 1891.353707,
        "bw_samples" : 10,
        "iops_min" : 3380,
        "iops_max" : 3536,
        "iops_mean" : 3458.600000,
        "iops_stddev" : 59.104803,
        "iops_samples" : 10
      },
      "trim" : {
        "io_bytes" : 0,
        "io_kbytes" : 0,
        "bw_bytes" : 0,
        "bw" : 0,
        "iops" : 0.000000,
        "runtime" : 0,
        "total_ios" : 0,
        "short_ios" : 0,
        "drop_ios" : 0,
        "slat_ns" : {
          "min" : 0,
          "max" : 0,
          "mean" : 0.000000,
          "stddev" : 0.000000,
          "N" : 0
        },
        "clat_ns" : {
          "min" : 0,
          "max" : 0,
          "mean" : 0.000000,
          "stddev" : 0.000000,
          "N" : 0
        },
        "lat_ns" : {
          "min" : 0,
          "max" : 0,
          "mean" : 0.000000,
          "stddev" : 0.000000,
          "N" : 0
        },
        "bw_min" : 0,
        "bw_max" : 0,
        "bw_agg" : 0.000000,
        "bw_mean" : 0.000000,
        "bw_dev" : 0.000000,
        "bw_samples" : 0,
        "iops_min" : 0,
        "iops_max" : 0,
        "iops_mean" : 0.000000,
        "iops_stddev" : 0.000000,
        "iops_samples" : 0
      },
      "sync" : {
        "total_ios" : 0,
        "lat_ns" : {
          "min" : 0,
          "max" : 0,
          "mean" : 0.000000,
          "stddev" : 0.000000,
          "N" : 0
        }
      },
      "job_runtime" : 5041,
      "usr_cpu" : 0.317397,
      "sys_cpu" : 1.170403,
      "ctx" : 16957,
      "majf" : 0,
      "minf" : 7,
      "iodepth_level" : {
        "1" : 0.100000,
        "2" : 0.100000,
        "4" : 0.100000,
        "8" : 0.100000,
        "16" : 0.100000,
        "32" : 0.183697,
        ">=64" : 99.638347
      },
      "iodepth_submit" : {
        "0" : 0.000000,
        "4" : 100.000000,
        "8" : 0.000000,
        "16" : 0.000000,
        "32" : 0.000000,
        "64" : 0.000000,
        ">=64" : 0.000000
      },
      "iodepth_complete" : {
        "0" : 0.000000,
        "4" : 99.994218,
        "8" : 0.000000,
        "16" : 0.000000,
        "32" : 0.000000,
        "64" : 0.000000,
        ">=64" : 0.100000
      },
      "latency_ns" : {
        "2" : 0.000000,
        "4" : 0.000000,
        "10" : 0.000000,
        "20" : 0.000000,
        "50" : 0.000000,
        "100" : 0.000000,
        "250" : 0.000000,
        "500" : 0.000000,
        "750" : 0.000000,
        "1000" : 0.000000
      },
      "latency_us" : {
        "2" : 0.000000,
        "4" : 0.000000,
        "10" : 0.000000,
        "20" : 0.000000,
        "50" : 30.958668,
        "100" : 0.172216,
        "250" : 0.097589,
        "500" : 0.120551,
        "750" : 0.080367,
        "1000" : 0.097589
      },
      "latency_ms" : {
        "2" : 0.011481,
        "4" : 0.040184,
        "10" : 0.120551,
        "20" : 0.132032,
        "50" : 2.898967,
        "100" : 65.269805,
        "250" : 0.000000,
        "500" : 0.000000,
        "750" : 0.000000,
        "1000" : 0.000000,
        "2000" : 0.000000,
        ">=2000" : 0.000000
      },
      "latency_depth" : 128,
      "latency_target" : 0,
      "latency_target_ns" : 0,
      "latency_percentile" : 100.000000,
      "latency_window" : 0,
      "latency_window_us" : 0
    }
  ],
  "disk_util" : [
    {
      "name" : "nvme2n1",
      "read_ios" : 48,
      "write_ios" : 16906,
      "read_sectors" : 2088,
      "write_sectors" : 1081984,
      "read_merges" : 0,
      "write_merges" : 0,
      "read_ticks" : 2,
      "write_ticks" : 623270,
      "in_queue" : 623271,
      "util" : 98.158527
    }
  ]
}
