{
  "fio version" : "fio-3.36",
  "timestamp" : 1781330502,
  "timestamp_ms" : 1781330502468,
  "time" : "Sat Jun 13 06:01:42 2026",
  "jobs" : [
    {
      "jobname" : "randomwrite_32k_32",
      "groupid" : 0,
      "job_start" : 1781330497441,
      "error" : 0,
      "eta" : 0,
      "elapsed" : 6,
      "job options" : {
        "name" : "randomwrite_32k_32",
        "filename" : "/dev/nvme3n1",
        "ioengine" : "io_uring",
        "direct" : "1",
        "rw" : "randwrite",
        "bs" : "32k",
        "iodepth" : "32",
        "size" : "3G",
        "runtime" : "5"
      },
      "read" : {
        "io_bytes" : 0,
        "io_kbytes" : 0,
        "bw_bytes" : 0,
        "bw" : 0,
        "iops" : 0.000000,
        "runtime" : 0,
        "total_ios" : 0,
        "short_ios" : 0,
        "drop_ios" : 0,
        "slat_ns" : {
          "min" : 0,
          "max" : 0,
          "mean" : 0.000000,
          "stddev" : 0.000000,
          "N" : 0
        },
        "clat_ns" : {
          "min" : 0,
          "max" : 0,
          "mean" : 0.000000,
          "stddev" : 0.000000,
          "N" : 0
        },
        "lat_ns" : {
          "min" : 0,
          "max" : 0,
          "mean" : 0.000000,
          "stddev" : 0.000000,
          "N" : 0
        },
        "bw_min" : 0,
        "bw_max" : 0,
        "bw_agg" : 0.000000,
        "bw_mean" : 0.000000,
        "bw_dev" : 0.000000,
        "bw_samples" : 0,
        "iops_min" : 0,
        "iops_max" : 0,
        "iops_mean" : 0.000000,
        "iops_stddev" : 0.000000,
        "iops_samples" : 0
      },
      "write" : {
        "io_bytes" : 541982720,
        "io_kbytes" : 529280,
        "bw_bytes" : 108158595,
        "bw" : 105623,
        "iops" : 3300.738376,
        "runtime" : 5011,
        "total_ios" : 16540,
        "short_ios" : 0,
        "drop_ios" : 0,
        "slat_ns" : {
          "min" : 1309,
          "max" : 28492,
          "mean" : 2378.128114,
          "stddev" : 1657.801480,
          "N" : 16540
        },
        "clat_ns" : {
          "min" : 15958,
          "max" : 21933474,
          "mean" : 9690538.224365,
          "stddev" : 7184713.403810,
          "N" : 16540,
          "percentile" : {
            "1.000000" : 20096,
            "5.000000" : 20096,
            "10.000000" : 20352,
            "20.000000" : 20608,
            "30.000000" : 21120,
            "40.000000" : 12910592,
            "50.000000" : 13959168,
            "60.000000" : 14614528,
            "70.000000" : 15007744,
            "80.000000" : 15532032,
            "90.000000" : 16318464,
            "95.000000" : 16908288,
            "99.000000" : 17694720,
            "99.500000" : 18219008,
            "99.900000" : 19005440,
            "99.950000" : 19529728,
            "99.990000" : 21364736
          }
        },
        "lat_ns" : {
          "min" : 21278,
          "max" : 21935196,
          "mean" : 9692916.352479,
          "stddev" : 7184695.445097,
          "N" : 16540
        },
        "bw_min" : 102848,
        "bw_max" : 111936,
        "bw_agg" : 100.000000,
        "bw_mean" : 105657.600000,
        "bw_dev" : 2835.560348,
        "bw_samples" : 10,
        "iops_min" : 3214,
        "iops_max" : 3498,
        "iops_mean" : 3301.800000,
        "iops_stddev" : 88.611261,
        "iops_samples" : 10
      },
      "trim" : {
        "io_bytes" : 0,
        "io_kbytes" : 0,
        "bw_bytes" : 0,
        "bw" : 0,
        "iops" : 0.000000,
        "runtime" : 0,
        "total_ios" : 0,
        "short_ios" : 0,
        "drop_ios" : 0,
        "slat_ns" : {
          "min" : 0,
          "max" : 0,
          "mean" : 0.000000,
          "stddev" : 0.000000,
          "N" : 0
        },
        "clat_ns" : {
          "min" : 0,
          "max" : 0,
          "mean" : 0.000000,
          "stddev" : 0.000000,
          "N" : 0
        },
        "lat_ns" : {
          "min" : 0,
          "max" : 0,
          "mean" : 0.000000,
          "stddev" : 0.000000,
          "N" : 0
        },
        "bw_min" : 0,
        "bw_max" : 0,
        "bw_agg" : 0.000000,
        "bw_mean" : 0.000000,
        "bw_dev" : 0.000000,
        "bw_samples" : 0,
        "iops_min" : 0,
        "iops_max" : 0,
        "iops_mean" : 0.000000,
        "iops_stddev" : 0.000000,
        "iops_samples" : 0
      },
      "sync" : {
        "total_ios" : 0,
        "lat_ns" : {
          "min" : 0,
          "max" : 0,
          "mean" : 0.000000,
          "stddev" : 0.000000,
          "N" : 0
        }
      },
      "job_runtime" : 5010,
      "usr_cpu" : 0.738523,
      "sys_cpu" : 0.738523,
      "ctx" : 16411,
      "majf" : 0,
      "minf" : 10,
      "iodepth_level" : {
        "1" : 0.100000,
        "2" : 0.100000,
        "4" : 0.100000,
        "8" : 0.100000,
        "16" : 0.100000,
        "32" : 99.812576,
        ">=64" : 0.000000
      },
      "iodepth_submit" : {
        "0" : 0.000000,
        "4" : 100.000000,
        "8" : 0.000000,
        "16" : 0.000000,
        "32" : 0.000000,
        "64" : 0.000000,
        ">=64" : 0.000000
      },
      "iodepth_complete" : {
        "0" : 0.000000,
        "4" : 99.993943,
        "8" : 0.000000,
        "16" : 0.000000,
        "32" : 0.100000,
        "64" : 0.000000,
        ">=64" : 0.000000
      },
      "latency_ns" : {
        "2" : 0.000000,
        "4" : 0.000000,
        "10" : 0.000000,
        "20" : 0.000000,
        "50" : 0.000000,
        "100" : 0.000000,
        "250" : 0.000000,
        "500" : 0.000000,
        "750" : 0.000000,
        "1000" : 0.000000
      },
      "latency_us" : {
        "2" : 0.000000,
        "4" : 0.000000,
        "10" : 0.000000,
        "20" : 0.828295,
        "50" : 33.954051,
        "100" : 0.096735,
        "250" : 0.060459,
        "500" : 0.030230,
        "750" : 0.018138,
        "1000" : 0.000000
      },
      "latency_ms" : {
        "2" : 0.012092,
        "4" : 0.030230,
        "10" : 0.108827,
        "20" : 64.818622,
        "50" : 0.042322,
        "100" : 0.000000,
        "250" : 0.000000,
        "500" : 0.000000,
        "750" : 0.000000,
        "1000" : 0.000000,
        "2000" : 0.000000,
        ">=2000" : 0.000000
      },
      "latency_depth" : 32,
      "latency_target" : 0,
      "latency_percentile" : 100.000000,
      "latency_window" : 0
    }
  ],
  "disk_util" : [
    {
      "name" : "nvme3n1",
      "read_ios" : 48,
      "write_ios" : 16101,
      "read_sectors" : 2088,
      "write_sectors" : 1030464,
      "read_merges" : 0,
      "write_merges" : 0,
      "read_ticks" : 2,
      "write_ticks" : 156427,
      "in_queue" : 156430,
      "util" : 98.218931
    }
  ]
}
