{
  "fio version" : "fio-3.42-31-g6a66",
  "timestamp" : 1781281151,
  "timestamp_ms" : 1781281151011,
  "time" : "Fri Jun 12 16:19:11 2026",
  "jobs" : [
    {
      "jobname" : "randomwrite_32k_8",
      "groupid" : 0,
      "job_start" : 1781281145862,
      "error" : 0,
      "eta" : 0,
      "elapsed" : 6,
      "job options" : {
        "name" : "randomwrite_32k_8",
        "filename" : "/dev/nvme2n1",
        "ioengine" : "io_uring",
        "direct" : "1",
        "group_reporting" : "",
        "rw" : "randwrite",
        "bs" : "32k",
        "iodepth" : "8",
        "size" : "3G",
        "time_based" : "",
        "runtime" : "5"
      },
      "read" : {
        "io_bytes" : 0,
        "io_kbytes" : 0,
        "bw_bytes" : 0,
        "bw" : 0,
        "iops" : 0.000000,
        "runtime" : 0,
        "total_ios" : 0,
        "short_ios" : 0,
        "drop_ios" : 0,
        "slat_ns" : {
          "min" : 0,
          "max" : 0,
          "mean" : 0.000000,
          "stddev" : 0.000000,
          "N" : 0
        },
        "clat_ns" : {
          "min" : 0,
          "max" : 0,
          "mean" : 0.000000,
          "stddev" : 0.000000,
          "N" : 0
        },
        "lat_ns" : {
          "min" : 0,
          "max" : 0,
          "mean" : 0.000000,
          "stddev" : 0.000000,
          "N" : 0
        },
        "bw_min" : 0,
        "bw_max" : 0,
        "bw_agg" : 0.000000,
        "bw_mean" : 0.000000,
        "bw_dev" : 0.000000,
        "bw_samples" : 0,
        "iops_min" : 0,
        "iops_max" : 0,
        "iops_mean" : 0.000000,
        "iops_stddev" : 0.000000,
        "iops_samples" : 0
      },
      "write" : {
        "io_bytes" : 542638080,
        "io_kbytes" : 529920,
        "bw_bytes" : 108440863,
        "bw" : 105899,
        "iops" : 3309.352518,
        "runtime" : 5004,
        "total_ios" : 16560,
        "short_ios" : 0,
        "drop_ios" : 0,
        "slat_ns" : {
          "min" : 1156,
          "max" : 19940,
          "mean" : 1855.112440,
          "stddev" : 1508.528335,
          "N" : 16560
        },
        "clat_ns" : {
          "min" : 17077,
          "max" : 8815471,
          "mean" : 2414836.993599,
          "stddev" : 1748902.713549,
          "N" : 16560,
          "percentile" : {
            "1.000000" : 20096,
            "5.000000" : 20864,
            "10.000000" : 21632,
            "20.000000" : 21888,
            "30.000000" : 23168,
            "40.000000" : 2736128,
            "50.000000" : 3096576,
            "60.000000" : 3358720,
            "70.000000" : 3620864,
            "80.000000" : 3883008,
            "90.000000" : 4292608,
            "95.000000" : 4554752,
            "99.000000" : 5144576,
            "99.500000" : 5406720,
            "99.900000" : 5865472,
            "99.950000" : 6127616,
            "99.990000" : 7634944
          }
        },
        "lat_ns" : {
          "min" : 20779,
          "max" : 8816868,
          "mean" : 2416692.106039,
          "stddev" : 1748883.703084,
          "N" : 16560
        },
        "bw_min" : 103360,
        "bw_max" : 107520,
        "bw_agg" : 100.000000,
        "bw_mean" : 105939.200000,
        "bw_dev" : 1264.276763,
        "bw_samples" : 10,
        "iops_min" : 3230,
        "iops_max" : 3360,
        "iops_mean" : 3310.600000,
        "iops_stddev" : 39.508649,
        "iops_samples" : 10
      },
      "trim" : {
        "io_bytes" : 0,
        "io_kbytes" : 0,
        "bw_bytes" : 0,
        "bw" : 0,
        "iops" : 0.000000,
        "runtime" : 0,
        "total_ios" : 0,
        "short_ios" : 0,
        "drop_ios" : 0,
        "slat_ns" : {
          "min" : 0,
          "max" : 0,
          "mean" : 0.000000,
          "stddev" : 0.000000,
          "N" : 0
        },
        "clat_ns" : {
          "min" : 0,
          "max" : 0,
          "mean" : 0.000000,
          "stddev" : 0.000000,
          "N" : 0
        },
        "lat_ns" : {
          "min" : 0,
          "max" : 0,
          "mean" : 0.000000,
          "stddev" : 0.000000,
          "N" : 0
        },
        "bw_min" : 0,
        "bw_max" : 0,
        "bw_agg" : 0.000000,
        "bw_mean" : 0.000000,
        "bw_dev" : 0.000000,
        "bw_samples" : 0,
        "iops_min" : 0,
        "iops_max" : 0,
        "iops_mean" : 0.000000,
        "iops_stddev" : 0.000000,
        "iops_samples" : 0
      },
      "sync" : {
        "total_ios" : 0,
        "lat_ns" : {
          "min" : 0,
          "max" : 0,
          "mean" : 0.000000,
          "stddev" : 0.000000,
          "N" : 0
        }
      },
      "job_runtime" : 5003,
      "usr_cpu" : 0.819508,
      "sys_cpu" : 0.619628,
      "ctx" : 16311,
      "majf" : 0,
      "minf" : 8,
      "iodepth_level" : {
        "1" : 0.100000,
        "2" : 0.100000,
        "4" : 0.100000,
        "8" : 99.957729,
        "16" : 0.000000,
        "32" : 0.000000,
        ">=64" : 0.000000
      },
      "iodepth_submit" : {
        "0" : 0.000000,
        "4" : 100.000000,
        "8" : 0.000000,
        "16" : 0.000000,
        "32" : 0.000000,
        "64" : 0.000000,
        ">=64" : 0.000000
      },
      "iodepth_complete" : {
        "0" : 0.000000,
        "4" : 99.993959,
        "8" : 0.100000,
        "16" : 0.000000,
        "32" : 0.000000,
        "64" : 0.000000,
        ">=64" : 0.000000
      },
      "latency_ns" : {
        "2" : 0.000000,
        "4" : 0.000000,
        "10" : 0.000000,
        "20" : 0.000000,
        "50" : 0.000000,
        "100" : 0.000000,
        "250" : 0.000000,
        "500" : 0.000000,
        "750" : 0.000000,
        "1000" : 0.000000
      },
      "latency_us" : {
        "2" : 0.000000,
        "4" : 0.000000,
        "10" : 0.000000,
        "20" : 0.259662,
        "50" : 31.884058,
        "100" : 0.060386,
        "250" : 0.048309,
        "500" : 0.042271,
        "750" : 0.030193,
        "1000" : 0.018116
      },
      "latency_ms" : {
        "2" : 0.477053,
        "4" : 50.380435,
        "10" : 16.799517,
        "20" : 0.000000,
        "50" : 0.000000,
        "100" : 0.000000,
        "250" : 0.000000,
        "500" : 0.000000,
        "750" : 0.000000,
        "1000" : 0.000000,
        "2000" : 0.000000,
        ">=2000" : 0.000000
      },
      "latency_depth" : 8,
      "latency_target" : 0,
      "latency_target_ns" : 0,
      "latency_percentile" : 100.000000,
      "latency_window" : 0,
      "latency_window_us" : 0
    }
  ],
  "disk_util" : [
    {
      "name" : "nvme2n1",
      "read_ios" : 48,
      "write_ios" : 16229,
      "read_sectors" : 2088,
      "write_sectors" : 1038656,
      "read_merges" : 0,
      "write_merges" : 0,
      "read_ticks" : 2,
      "write_ticks" : 39117,
      "in_queue" : 39120,
      "util" : 98.218931
    }
  ]
}
