{
  "fio version" : "fio-3.42-31-g6a66",
  "timestamp" : 1781281177,
  "timestamp_ms" : 1781281177941,
  "time" : "Fri Jun 12 16:19:37 2026",
  "jobs" : [
    {
      "jobname" : "randomwrite_32k_256",
      "groupid" : 0,
      "job_start" : 1781281172794,
      "error" : 0,
      "eta" : 0,
      "elapsed" : 6,
      "job options" : {
        "name" : "randomwrite_32k_256",
        "filename" : "/dev/nvme2n1",
        "ioengine" : "io_uring",
        "direct" : "1",
        "group_reporting" : "",
        "rw" : "randwrite",
        "bs" : "32k",
        "iodepth" : "256",
        "size" : "3G",
        "time_based" : "",
        "runtime" : "5"
      },
      "read" : {
        "io_bytes" : 0,
        "io_kbytes" : 0,
        "bw_bytes" : 0,
        "bw" : 0,
        "iops" : 0.000000,
        "runtime" : 0,
        "total_ios" : 0,
        "short_ios" : 0,
        "drop_ios" : 0,
        "slat_ns" : {
          "min" : 0,
          "max" : 0,
          "mean" : 0.000000,
          "stddev" : 0.000000,
          "N" : 0
        },
        "clat_ns" : {
          "min" : 0,
          "max" : 0,
          "mean" : 0.000000,
          "stddev" : 0.000000,
          "N" : 0
        },
        "lat_ns" : {
          "min" : 0,
          "max" : 0,
          "mean" : 0.000000,
          "stddev" : 0.000000,
          "N" : 0
        },
        "bw_min" : 0,
        "bw_max" : 0,
        "bw_agg" : 0.000000,
        "bw_mean" : 0.000000,
        "bw_dev" : 0.000000,
        "bw_samples" : 0,
        "iops_min" : 0,
        "iops_max" : 0,
        "iops_mean" : 0.000000,
        "iops_stddev" : 0.000000,
        "iops_samples" : 0
      },
      "write" : {
        "io_bytes" : 562495488,
        "io_kbytes" : 549312,
        "bw_bytes" : 110055857,
        "bw" : 107476,
        "iops" : 3358.638231,
        "runtime" : 5111,
        "total_ios" : 17166,
        "short_ios" : 0,
        "drop_ios" : 0,
        "slat_ns" : {
          "min" : 1156,
          "max" : 25402,
          "mean" : 1983.902307,
          "stddev" : 1615.323364,
          "N" : 17166
        },
        "clat_ns" : {
          "min" : 25817,
          "max" : 223514167,
          "mean" : 76199000.619888,
          "stddev" : 53674640.750640,
          "N" : 17166,
          "percentile" : {
            "1.000000" : 36096,
            "5.000000" : 37632,
            "10.000000" : 38144,
            "20.000000" : 38656,
            "30.000000" : 47872,
            "40.000000" : 109576192,
            "50.000000" : 110624768,
            "60.000000" : 111673344,
            "70.000000" : 112721920,
            "80.000000" : 113770496,
            "90.000000" : 114819072,
            "95.000000" : 116916224,
            "99.000000" : 149946368,
            "99.500000" : 187695104,
            "99.900000" : 217055232,
            "99.950000" : 221249536,
            "99.990000" : 223346688
          }
        },
        "lat_ns" : {
          "min" : 27921,
          "max" : 223522920,
          "mean" : 76200984.522195,
          "stddev" : 53674643.717094,
          "N" : 17166
        },
        "bw_min" : 106944,
        "bw_max" : 113152,
        "bw_agg" : 100.000000,
        "bw_mean" : 108230.400000,
        "bw_dev" : 1925.786835,
        "bw_samples" : 10,
        "iops_min" : 3342,
        "iops_max" : 3536,
        "iops_mean" : 3382.200000,
        "iops_stddev" : 60.180839,
        "iops_samples" : 10
      },
      "trim" : {
        "io_bytes" : 0,
        "io_kbytes" : 0,
        "bw_bytes" : 0,
        "bw" : 0,
        "iops" : 0.000000,
        "runtime" : 0,
        "total_ios" : 0,
        "short_ios" : 0,
        "drop_ios" : 0,
        "slat_ns" : {
          "min" : 0,
          "max" : 0,
          "mean" : 0.000000,
          "stddev" : 0.000000,
          "N" : 0
        },
        "clat_ns" : {
          "min" : 0,
          "max" : 0,
          "mean" : 0.000000,
          "stddev" : 0.000000,
          "N" : 0
        },
        "lat_ns" : {
          "min" : 0,
          "max" : 0,
          "mean" : 0.000000,
          "stddev" : 0.000000,
          "N" : 0
        },
        "bw_min" : 0,
        "bw_max" : 0,
        "bw_agg" : 0.000000,
        "bw_mean" : 0.000000,
        "bw_dev" : 0.000000,
        "bw_samples" : 0,
        "iops_min" : 0,
        "iops_max" : 0,
        "iops_mean" : 0.000000,
        "iops_stddev" : 0.000000,
        "iops_samples" : 0
      },
      "sync" : {
        "total_ios" : 0,
        "lat_ns" : {
          "min" : 0,
          "max" : 0,
          "mean" : 0.000000,
          "stddev" : 0.000000,
          "N" : 0
        }
      },
      "job_runtime" : 5110,
      "usr_cpu" : 0.645793,
      "sys_cpu" : 0.900196,
      "ctx" : 16539,
      "majf" : 0,
      "minf" : 7,
      "iodepth_level" : {
        "1" : 0.100000,
        "2" : 0.100000,
        "4" : 0.100000,
        "8" : 0.100000,
        "16" : 0.100000,
        "32" : 0.186415,
        ">=64" : 99.632995
      },
      "iodepth_submit" : {
        "0" : 0.000000,
        "4" : 100.000000,
        "8" : 0.000000,
        "16" : 0.000000,
        "32" : 0.000000,
        "64" : 0.000000,
        ">=64" : 0.000000
      },
      "iodepth_complete" : {
        "0" : 0.000000,
        "4" : 99.994087,
        "8" : 0.000000,
        "16" : 0.000000,
        "32" : 0.000000,
        "64" : 0.000000,
        ">=64" : 0.100000
      },
      "latency_ns" : {
        "2" : 0.000000,
        "4" : 0.000000,
        "10" : 0.000000,
        "20" : 0.000000,
        "50" : 0.000000,
        "100" : 0.000000,
        "250" : 0.000000,
        "500" : 0.000000,
        "750" : 0.000000,
        "1000" : 0.000000
      },
      "latency_us" : {
        "2" : 0.000000,
        "4" : 0.000000,
        "10" : 0.000000,
        "20" : 0.000000,
        "50" : 30.799254,
        "100" : 0.600023,
        "250" : 0.069906,
        "500" : 0.029127,
        "750" : 0.215542,
        "1000" : 0.110684
      },
      "latency_ms" : {
        "2" : 0.355354,
        "4" : 0.034953,
        "10" : 0.116509,
        "20" : 0.128160,
        "50" : 0.401957,
        "100" : 0.658278,
        "250" : 66.480252,
        "500" : 0.000000,
        "750" : 0.000000,
        "1000" : 0.000000,
        "2000" : 0.000000,
        ">=2000" : 0.000000
      },
      "latency_depth" : 256,
      "latency_target" : 0,
      "latency_target_ns" : 0,
      "latency_percentile" : 100.000000,
      "latency_window" : 0,
      "latency_window_us" : 0
    }
  ],
  "disk_util" : [
    {
      "name" : "nvme2n1",
      "read_ios" : 48,
      "write_ios" : 16560,
      "read_sectors" : 2088,
      "write_sectors" : 1059904,
      "read_merges" : 0,
      "write_merges" : 0,
      "read_ticks" : 1,
      "write_ticks" : 1238667,
      "in_queue" : 1238669,
      "util" : 98.158527
    }
  ]
}
