{
  "fio version" : "fio-3.42-31-g6a66",
  "timestamp" : 1781281167,
  "timestamp_ms" : 1781281167169,
  "time" : "Fri Jun 12 16:19:27 2026",
  "jobs" : [
    {
      "jobname" : "randomwrite_32k_64",
      "groupid" : 0,
      "job_start" : 1781281162021,
      "error" : 0,
      "eta" : 0,
      "elapsed" : 6,
      "job options" : {
        "name" : "randomwrite_32k_64",
        "filename" : "/dev/nvme2n1",
        "ioengine" : "io_uring",
        "direct" : "1",
        "group_reporting" : "",
        "rw" : "randwrite",
        "bs" : "32k",
        "iodepth" : "64",
        "size" : "3G",
        "time_based" : "",
        "runtime" : "5"
      },
      "read" : {
        "io_bytes" : 0,
        "io_kbytes" : 0,
        "bw_bytes" : 0,
        "bw" : 0,
        "iops" : 0.000000,
        "runtime" : 0,
        "total_ios" : 0,
        "short_ios" : 0,
        "drop_ios" : 0,
        "slat_ns" : {
          "min" : 0,
          "max" : 0,
          "mean" : 0.000000,
          "stddev" : 0.000000,
          "N" : 0
        },
        "clat_ns" : {
          "min" : 0,
          "max" : 0,
          "mean" : 0.000000,
          "stddev" : 0.000000,
          "N" : 0
        },
        "lat_ns" : {
          "min" : 0,
          "max" : 0,
          "mean" : 0.000000,
          "stddev" : 0.000000,
          "N" : 0
        },
        "bw_min" : 0,
        "bw_max" : 0,
        "bw_agg" : 0.000000,
        "bw_mean" : 0.000000,
        "bw_dev" : 0.000000,
        "bw_samples" : 0,
        "iops_min" : 0,
        "iops_max" : 0,
        "iops_mean" : 0.000000,
        "iops_stddev" : 0.000000,
        "iops_samples" : 0
      },
      "write" : {
        "io_bytes" : 560496640,
        "io_kbytes" : 547360,
        "bw_bytes" : 111630479,
        "bw" : 109014,
        "iops" : 3406.691894,
        "runtime" : 5021,
        "total_ios" : 17105,
        "short_ios" : 0,
        "drop_ios" : 0,
        "slat_ns" : {
          "min" : 1089,
          "max" : 25293,
          "mean" : 1755.189243,
          "stddev" : 1538.866471,
          "N" : 17105
        },
        "clat_ns" : {
          "min" : 18494,
          "max" : 38694720,
          "mean" : 18782842.706226,
          "stddev" : 12975621.791821,
          "N" : 17105,
          "percentile" : {
            "1.000000" : 23936,
            "5.000000" : 24960,
            "10.000000" : 25472,
            "20.000000" : 26240,
            "30.000000" : 28032,
            "40.000000" : 25559040,
            "50.000000" : 26607616,
            "60.000000" : 27131904,
            "70.000000" : 27918336,
            "80.000000" : 28442624,
            "90.000000" : 29491200,
            "95.000000" : 30539776,
            "99.000000" : 31850496,
            "99.500000" : 32374784,
            "99.900000" : 34865152,
            "99.950000" : 37486592,
            "99.990000" : 38535168
          }
        },
        "lat_ns" : {
          "min" : 23706,
          "max" : 38696012,
          "mean" : 18784597.895469,
          "stddev" : 12975621.017181,
          "N" : 17105
        },
        "bw_min" : 107136,
        "bw_max" : 112896,
        "bw_agg" : 100.000000,
        "bw_mean" : 109068.800000,
        "bw_dev" : 1676.479698,
        "bw_samples" : 10,
        "iops_min" : 3348,
        "iops_max" : 3528,
        "iops_mean" : 3408.400000,
        "iops_stddev" : 52.389991,
        "iops_samples" : 10
      },
      "trim" : {
        "io_bytes" : 0,
        "io_kbytes" : 0,
        "bw_bytes" : 0,
        "bw" : 0,
        "iops" : 0.000000,
        "runtime" : 0,
        "total_ios" : 0,
        "short_ios" : 0,
        "drop_ios" : 0,
        "slat_ns" : {
          "min" : 0,
          "max" : 0,
          "mean" : 0.000000,
          "stddev" : 0.000000,
          "N" : 0
        },
        "clat_ns" : {
          "min" : 0,
          "max" : 0,
          "mean" : 0.000000,
          "stddev" : 0.000000,
          "N" : 0
        },
        "lat_ns" : {
          "min" : 0,
          "max" : 0,
          "mean" : 0.000000,
          "stddev" : 0.000000,
          "N" : 0
        },
        "bw_min" : 0,
        "bw_max" : 0,
        "bw_agg" : 0.000000,
        "bw_mean" : 0.000000,
        "bw_dev" : 0.000000,
        "bw_samples" : 0,
        "iops_min" : 0,
        "iops_max" : 0,
        "iops_mean" : 0.000000,
        "iops_stddev" : 0.000000,
        "iops_samples" : 0
      },
      "sync" : {
        "total_ios" : 0,
        "lat_ns" : {
          "min" : 0,
          "max" : 0,
          "mean" : 0.000000,
          "stddev" : 0.000000,
          "N" : 0
        }
      },
      "job_runtime" : 5020,
      "usr_cpu" : 0.318725,
      "sys_cpu" : 1.294821,
      "ctx" : 16842,
      "majf" : 0,
      "minf" : 8,
      "iodepth_level" : {
        "1" : 0.100000,
        "2" : 0.100000,
        "4" : 0.100000,
        "8" : 0.100000,
        "16" : 0.100000,
        "32" : 0.187080,
        ">=64" : 99.631687
      },
      "iodepth_submit" : {
        "0" : 0.000000,
        "4" : 100.000000,
        "8" : 0.000000,
        "16" : 0.000000,
        "32" : 0.000000,
        "64" : 0.000000,
        ">=64" : 0.000000
      },
      "iodepth_complete" : {
        "0" : 0.000000,
        "4" : 99.994132,
        "8" : 0.000000,
        "16" : 0.000000,
        "32" : 0.000000,
        "64" : 0.100000,
        ">=64" : 0.000000
      },
      "latency_ns" : {
        "2" : 0.000000,
        "4" : 0.000000,
        "10" : 0.000000,
        "20" : 0.000000,
        "50" : 0.000000,
        "100" : 0.000000,
        "250" : 0.000000,
        "500" : 0.000000,
        "750" : 0.000000,
        "1000" : 0.000000
      },
      "latency_us" : {
        "2" : 0.000000,
        "4" : 0.000000,
        "10" : 0.000000,
        "20" : 0.010000,
        "50" : 31.569716,
        "100" : 0.035077,
        "250" : 0.093540,
        "500" : 0.163695,
        "750" : 0.035077,
        "1000" : 0.010000
      },
      "latency_ms" : {
        "2" : 0.029231,
        "4" : 0.023385,
        "10" : 0.105232,
        "20" : 0.403391,
        "50" : 67.529962,
        "100" : 0.000000,
        "250" : 0.000000,
        "500" : 0.000000,
        "750" : 0.000000,
        "1000" : 0.000000,
        "2000" : 0.000000,
        ">=2000" : 0.000000
      },
      "latency_depth" : 64,
      "latency_target" : 0,
      "latency_target_ns" : 0,
      "latency_percentile" : 100.000000,
      "latency_window" : 0,
      "latency_window_us" : 0
    }
  ],
  "disk_util" : [
    {
      "name" : "nvme2n1",
      "read_ios" : 48,
      "write_ios" : 16636,
      "read_sectors" : 2088,
      "write_sectors" : 1064704,
      "read_merges" : 0,
      "write_merges" : 0,
      "read_ticks" : 2,
      "write_ticks" : 312491,
      "in_queue" : 312493,
      "util" : 98.238591
    }
  ]
}
