{
  "fio version" : "fio-3.36",
  "timestamp" : 1781330486,
  "timestamp_ms" : 1781330486667,
  "time" : "Sat Jun 13 06:01:26 2026",
  "jobs" : [
    {
      "jobname" : "randomwrite_32k_4",
      "groupid" : 0,
      "job_start" : 1781330481646,
      "error" : 0,
      "eta" : 0,
      "elapsed" : 6,
      "job options" : {
        "name" : "randomwrite_32k_4",
        "filename" : "/dev/nvme3n1",
        "ioengine" : "io_uring",
        "direct" : "1",
        "rw" : "randwrite",
        "bs" : "32k",
        "iodepth" : "4",
        "size" : "3G",
        "runtime" : "5"
      },
      "read" : {
        "io_bytes" : 0,
        "io_kbytes" : 0,
        "bw_bytes" : 0,
        "bw" : 0,
        "iops" : 0.000000,
        "runtime" : 0,
        "total_ios" : 0,
        "short_ios" : 0,
        "drop_ios" : 0,
        "slat_ns" : {
          "min" : 0,
          "max" : 0,
          "mean" : 0.000000,
          "stddev" : 0.000000,
          "N" : 0
        },
        "clat_ns" : {
          "min" : 0,
          "max" : 0,
          "mean" : 0.000000,
          "stddev" : 0.000000,
          "N" : 0
        },
        "lat_ns" : {
          "min" : 0,
          "max" : 0,
          "mean" : 0.000000,
          "stddev" : 0.000000,
          "N" : 0
        },
        "bw_min" : 0,
        "bw_max" : 0,
        "bw_agg" : 0.000000,
        "bw_mean" : 0.000000,
        "bw_dev" : 0.000000,
        "bw_samples" : 0,
        "iops_min" : 0,
        "iops_max" : 0,
        "iops_mean" : 0.000000,
        "iops_stddev" : 0.000000,
        "iops_samples" : 0
      },
      "write" : {
        "io_bytes" : 529891328,
        "io_kbytes" : 517472,
        "bw_bytes" : 105914716,
        "bw" : 103432,
        "iops" : 3232.260644,
        "runtime" : 5003,
        "total_ios" : 16171,
        "short_ios" : 0,
        "drop_ios" : 0,
        "slat_ns" : {
          "min" : 1299,
          "max" : 24268,
          "mean" : 2413.604972,
          "stddev" : 1488.932989,
          "N" : 16171
        },
        "clat_ns" : {
          "min" : 18205,
          "max" : 4317040,
          "mean" : 1234462.167337,
          "stddev" : 891405.764624,
          "N" : 16171,
          "percentile" : {
            "1.000000" : 19328,
            "5.000000" : 19328,
            "10.000000" : 19328,
            "20.000000" : 19584,
            "30.000000" : 561152,
            "40.000000" : 1236992,
            "50.000000" : 1466368,
            "60.000000" : 1630208,
            "70.000000" : 1794048,
            "80.000000" : 1990656,
            "90.000000" : 2277376,
            "95.000000" : 2506752,
            "99.000000" : 2965504,
            "99.500000" : 3194880,
            "99.900000" : 3620864,
            "99.950000" : 3784704,
            "99.990000" : 4014080
          }
        },
        "lat_ns" : {
          "min" : 20724,
          "max" : 4319095,
          "mean" : 1236875.772308,
          "stddev" : 891337.943954,
          "N" : 16171
        },
        "bw_min" : 102336,
        "bw_max" : 105408,
        "bw_agg" : 100.000000,
        "bw_mean" : 103475.200000,
        "bw_dev" : 1041.538691,
        "bw_samples" : 10,
        "iops_min" : 3198,
        "iops_max" : 3294,
        "iops_mean" : 3233.600000,
        "iops_stddev" : 32.548084,
        "iops_samples" : 10
      },
      "trim" : {
        "io_bytes" : 0,
        "io_kbytes" : 0,
        "bw_bytes" : 0,
        "bw" : 0,
        "iops" : 0.000000,
        "runtime" : 0,
        "total_ios" : 0,
        "short_ios" : 0,
        "drop_ios" : 0,
        "slat_ns" : {
          "min" : 0,
          "max" : 0,
          "mean" : 0.000000,
          "stddev" : 0.000000,
          "N" : 0
        },
        "clat_ns" : {
          "min" : 0,
          "max" : 0,
          "mean" : 0.000000,
          "stddev" : 0.000000,
          "N" : 0
        },
        "lat_ns" : {
          "min" : 0,
          "max" : 0,
          "mean" : 0.000000,
          "stddev" : 0.000000,
          "N" : 0
        },
        "bw_min" : 0,
        "bw_max" : 0,
        "bw_agg" : 0.000000,
        "bw_mean" : 0.000000,
        "bw_dev" : 0.000000,
        "bw_samples" : 0,
        "iops_min" : 0,
        "iops_max" : 0,
        "iops_mean" : 0.000000,
        "iops_stddev" : 0.000000,
        "iops_samples" : 0
      },
      "sync" : {
        "total_ios" : 0,
        "lat_ns" : {
          "min" : 0,
          "max" : 0,
          "mean" : 0.000000,
          "stddev" : 0.000000,
          "N" : 0
        }
      },
      "job_runtime" : 5002,
      "usr_cpu" : 0.439824,
      "sys_cpu" : 1.039584,
      "ctx" : 16053,
      "majf" : 0,
      "minf" : 9,
      "iodepth_level" : {
        "1" : 0.100000,
        "2" : 0.100000,
        "4" : 99.981448,
        "8" : 0.000000,
        "16" : 0.000000,
        "32" : 0.000000,
        ">=64" : 0.000000
      },
      "iodepth_submit" : {
        "0" : 0.000000,
        "4" : 100.000000,
        "8" : 0.000000,
        "16" : 0.000000,
        "32" : 0.000000,
        "64" : 0.000000,
        ">=64" : 0.000000
      },
      "iodepth_complete" : {
        "0" : 0.000000,
        "4" : 100.000000,
        "8" : 0.000000,
        "16" : 0.000000,
        "32" : 0.000000,
        "64" : 0.000000,
        ">=64" : 0.000000
      },
      "latency_ns" : {
        "2" : 0.000000,
        "4" : 0.000000,
        "10" : 0.000000,
        "20" : 0.000000,
        "50" : 0.000000,
        "100" : 0.000000,
        "250" : 0.000000,
        "500" : 0.000000,
        "750" : 0.000000,
        "1000" : 0.000000
      },
      "latency_us" : {
        "2" : 0.000000,
        "4" : 0.000000,
        "10" : 0.000000,
        "20" : 25.892029,
        "50" : 3.531012,
        "100" : 0.043287,
        "250" : 0.010000,
        "500" : 0.401954,
        "750" : 0.939954,
        "1000" : 2.659081
      },
      "latency_ms" : {
        "2" : 46.707068,
        "4" : 19.807062,
        "10" : 0.012368,
        "20" : 0.000000,
        "50" : 0.000000,
        "100" : 0.000000,
        "250" : 0.000000,
        "500" : 0.000000,
        "750" : 0.000000,
        "1000" : 0.000000,
        "2000" : 0.000000,
        ">=2000" : 0.000000
      },
      "latency_depth" : 4,
      "latency_target" : 0,
      "latency_percentile" : 100.000000,
      "latency_window" : 0
    }
  ],
  "disk_util" : [
    {
      "name" : "nvme3n1",
      "read_ios" : 48,
      "write_ios" : 15835,
      "read_sectors" : 2088,
      "write_sectors" : 1013440,
      "read_merges" : 0,
      "write_merges" : 0,
      "read_ticks" : 2,
      "write_ticks" : 19532,
      "in_queue" : 19534,
      "util" : 98.119248
    }
  ]
}
