{
  "fio version" : "fio-3.42-31-g6a66",
  "timestamp" : 1781281134,
  "timestamp_ms" : 1781281134852,
  "time" : "Fri Jun 12 16:18:54 2026",
  "jobs" : [
    {
      "jobname" : "randomwrite_32k_1",
      "groupid" : 0,
      "job_start" : 1781281129703,
      "error" : 0,
      "eta" : 0,
      "elapsed" : 6,
      "job options" : {
        "name" : "randomwrite_32k_1",
        "filename" : "/dev/nvme2n1",
        "ioengine" : "io_uring",
        "direct" : "1",
        "group_reporting" : "",
        "rw" : "randwrite",
        "bs" : "32k",
        "iodepth" : "1",
        "size" : "3G",
        "time_based" : "",
        "runtime" : "5"
      },
      "read" : {
        "io_bytes" : 0,
        "io_kbytes" : 0,
        "bw_bytes" : 0,
        "bw" : 0,
        "iops" : 0.000000,
        "runtime" : 0,
        "total_ios" : 0,
        "short_ios" : 0,
        "drop_ios" : 0,
        "slat_ns" : {
          "min" : 0,
          "max" : 0,
          "mean" : 0.000000,
          "stddev" : 0.000000,
          "N" : 0
        },
        "clat_ns" : {
          "min" : 0,
          "max" : 0,
          "mean" : 0.000000,
          "stddev" : 0.000000,
          "N" : 0
        },
        "lat_ns" : {
          "min" : 0,
          "max" : 0,
          "mean" : 0.000000,
          "stddev" : 0.000000,
          "N" : 0
        },
        "bw_min" : 0,
        "bw_max" : 0,
        "bw_agg" : 0.000000,
        "bw_mean" : 0.000000,
        "bw_dev" : 0.000000,
        "bw_samples" : 0,
        "iops_min" : 0,
        "iops_max" : 0,
        "iops_mean" : 0.000000,
        "iops_stddev" : 0.000000,
        "iops_samples" : 0
      },
      "write" : {
        "io_bytes" : 423886848,
        "io_kbytes" : 413952,
        "bw_bytes" : 84760417,
        "bw" : 82773,
        "iops" : 2586.682663,
        "runtime" : 5001,
        "total_ios" : 12936,
        "short_ios" : 0,
        "drop_ios" : 0,
        "slat_ns" : {
          "min" : 1302,
          "max" : 24256,
          "mean" : 1935.390229,
          "stddev" : 1455.882849,
          "N" : 12936
        },
        "clat_ns" : {
          "min" : 19585,
          "max" : 1951473,
          "mean" : 384306.462740,
          "stddev" : 305541.578719,
          "N" : 12936,
          "percentile" : {
            "1.000000" : 19840,
            "5.000000" : 21120,
            "10.000000" : 21120,
            "20.000000" : 21888,
            "30.000000" : 22400,
            "40.000000" : 337920,
            "50.000000" : 419840,
            "60.000000" : 493568,
            "70.000000" : 569344,
            "80.000000" : 643072,
            "90.000000" : 733184,
            "95.000000" : 880640,
            "99.000000" : 1138688,
            "99.500000" : 1269760,
            "99.900000" : 1449984,
            "99.950000" : 1564672,
            "99.990000" : 1875968
          }
        },
        "lat_ns" : {
          "min" : 21051,
          "max" : 1952948,
          "mean" : 386241.852968,
          "stddev" : 305493.549199,
          "N" : 12936
        },
        "bw_min" : 81536,
        "bw_max" : 85440,
        "bw_agg" : 100.000000,
        "bw_mean" : 82790.400000,
        "bw_dev" : 1212.138899,
        "bw_samples" : 10,
        "iops_min" : 2548,
        "iops_max" : 2670,
        "iops_mean" : 2587.200000,
        "iops_stddev" : 37.879341,
        "iops_samples" : 10
      },
      "trim" : {
        "io_bytes" : 0,
        "io_kbytes" : 0,
        "bw_bytes" : 0,
        "bw" : 0,
        "iops" : 0.000000,
        "runtime" : 0,
        "total_ios" : 0,
        "short_ios" : 0,
        "drop_ios" : 0,
        "slat_ns" : {
          "min" : 0,
          "max" : 0,
          "mean" : 0.000000,
          "stddev" : 0.000000,
          "N" : 0
        },
        "clat_ns" : {
          "min" : 0,
          "max" : 0,
          "mean" : 0.000000,
          "stddev" : 0.000000,
          "N" : 0
        },
        "lat_ns" : {
          "min" : 0,
          "max" : 0,
          "mean" : 0.000000,
          "stddev" : 0.000000,
          "N" : 0
        },
        "bw_min" : 0,
        "bw_max" : 0,
        "bw_agg" : 0.000000,
        "bw_mean" : 0.000000,
        "bw_dev" : 0.000000,
        "bw_samples" : 0,
        "iops_min" : 0,
        "iops_max" : 0,
        "iops_mean" : 0.000000,
        "iops_stddev" : 0.000000,
        "iops_samples" : 0
      },
      "sync" : {
        "total_ios" : 0,
        "lat_ns" : {
          "min" : 0,
          "max" : 0,
          "mean" : 0.000000,
          "stddev" : 0.000000,
          "N" : 0
        }
      },
      "job_runtime" : 5000,
      "usr_cpu" : 0.480000,
      "sys_cpu" : 0.720000,
      "ctx" : 12936,
      "majf" : 0,
      "minf" : 6,
      "iodepth_level" : {
        "1" : 100.000000,
        "2" : 0.000000,
        "4" : 0.000000,
        "8" : 0.000000,
        "16" : 0.000000,
        "32" : 0.000000,
        ">=64" : 0.000000
      },
      "iodepth_submit" : {
        "0" : 0.000000,
        "4" : 100.000000,
        "8" : 0.000000,
        "16" : 0.000000,
        "32" : 0.000000,
        "64" : 0.000000,
        ">=64" : 0.000000
      },
      "iodepth_complete" : {
        "0" : 0.000000,
        "4" : 100.000000,
        "8" : 0.000000,
        "16" : 0.000000,
        "32" : 0.000000,
        "64" : 0.000000,
        ">=64" : 0.000000
      },
      "latency_ns" : {
        "2" : 0.000000,
        "4" : 0.000000,
        "10" : 0.000000,
        "20" : 0.000000,
        "50" : 0.000000,
        "100" : 0.000000,
        "250" : 0.000000,
        "500" : 0.000000,
        "750" : 0.000000,
        "1000" : 0.000000
      },
      "latency_us" : {
        "2" : 0.000000,
        "4" : 0.000000,
        "10" : 0.000000,
        "20" : 1.144094,
        "50" : 32.691713,
        "100" : 0.092764,
        "250" : 0.510204,
        "500" : 25.881262,
        "750" : 30.751391,
        "1000" : 6.547619
      },
      "latency_ms" : {
        "2" : 2.380952,
        "4" : 0.000000,
        "10" : 0.000000,
        "20" : 0.000000,
        "50" : 0.000000,
        "100" : 0.000000,
        "250" : 0.000000,
        "500" : 0.000000,
        "750" : 0.000000,
        "1000" : 0.000000,
        "2000" : 0.000000,
        ">=2000" : 0.000000
      },
      "latency_depth" : 1,
      "latency_target" : 0,
      "latency_target_ns" : 0,
      "latency_percentile" : 100.000000,
      "latency_window" : 0,
      "latency_window_us" : 0
    }
  ],
  "disk_util" : [
    {
      "name" : "nvme2n1",
      "read_ios" : 48,
      "write_ios" : 12678,
      "read_sectors" : 2088,
      "write_sectors" : 811392,
      "read_merges" : 0,
      "write_merges" : 0,
      "read_ticks" : 2,
      "write_ticks" : 4853,
      "in_queue" : 4854,
      "util" : 98.158527
    }
  ]
}
