{
  "fio version" : "fio-3.36",
  "timestamp" : 1781330507,
  "timestamp_ms" : 1781330507753,
  "time" : "Sat Jun 13 06:01:47 2026",
  "jobs" : [
    {
      "jobname" : "randomwrite_32k_64",
      "groupid" : 0,
      "job_start" : 1781330502714,
      "error" : 0,
      "eta" : 0,
      "elapsed" : 6,
      "job options" : {
        "name" : "randomwrite_32k_64",
        "filename" : "/dev/nvme3n1",
        "ioengine" : "io_uring",
        "direct" : "1",
        "rw" : "randwrite",
        "bs" : "32k",
        "iodepth" : "64",
        "size" : "3G",
        "runtime" : "5"
      },
      "read" : {
        "io_bytes" : 0,
        "io_kbytes" : 0,
        "bw_bytes" : 0,
        "bw" : 0,
        "iops" : 0.000000,
        "runtime" : 0,
        "total_ios" : 0,
        "short_ios" : 0,
        "drop_ios" : 0,
        "slat_ns" : {
          "min" : 0,
          "max" : 0,
          "mean" : 0.000000,
          "stddev" : 0.000000,
          "N" : 0
        },
        "clat_ns" : {
          "min" : 0,
          "max" : 0,
          "mean" : 0.000000,
          "stddev" : 0.000000,
          "N" : 0
        },
        "lat_ns" : {
          "min" : 0,
          "max" : 0,
          "mean" : 0.000000,
          "stddev" : 0.000000,
          "N" : 0
        },
        "bw_min" : 0,
        "bw_max" : 0,
        "bw_agg" : 0.000000,
        "bw_mean" : 0.000000,
        "bw_dev" : 0.000000,
        "bw_samples" : 0,
        "iops_min" : 0,
        "iops_max" : 0,
        "iops_mean" : 0.000000,
        "iops_stddev" : 0.000000,
        "iops_samples" : 0
      },
      "write" : {
        "io_bytes" : 557809664,
        "io_kbytes" : 544736,
        "bw_bytes" : 111117462,
        "bw" : 108513,
        "iops" : 3391.035857,
        "runtime" : 5020,
        "total_ios" : 17023,
        "short_ios" : 0,
        "drop_ios" : 0,
        "slat_ns" : {
          "min" : 1300,
          "max" : 25296,
          "mean" : 2435.961523,
          "stddev" : 1623.552594,
          "N" : 17023
        },
        "clat_ns" : {
          "min" : 13200,
          "max" : 40837557,
          "mean" : 18867126.421782,
          "stddev" : 14528003.693899,
          "N" : 17023,
          "percentile" : {
            "1.000000" : 20864,
            "5.000000" : 21120,
            "10.000000" : 21376,
            "20.000000" : 21888,
            "30.000000" : 22400,
            "40.000000" : 26869760,
            "50.000000" : 28704768,
            "60.000000" : 29491200,
            "70.000000" : 30277632,
            "80.000000" : 30801920,
            "90.000000" : 31850496,
            "95.000000" : 32374784,
            "99.000000" : 33816576,
            "99.500000" : 34340864,
            "99.900000" : 34865152,
            "99.950000" : 38010880,
            "99.990000" : 40632320
          }
        },
        "lat_ns" : {
          "min" : 22400,
          "max" : 40839383,
          "mean" : 18869562.383305,
          "stddev" : 14527987.624531,
          "N" : 17023
        },
        "bw_min" : 105792,
        "bw_max" : 111808,
        "bw_agg" : 100.000000,
        "bw_mean" : 108544.000000,
        "bw_dev" : 2092.842405,
        "bw_samples" : 10,
        "iops_min" : 3306,
        "iops_max" : 3494,
        "iops_mean" : 3392.000000,
        "iops_stddev" : 65.401325,
        "iops_samples" : 10
      },
      "trim" : {
        "io_bytes" : 0,
        "io_kbytes" : 0,
        "bw_bytes" : 0,
        "bw" : 0,
        "iops" : 0.000000,
        "runtime" : 0,
        "total_ios" : 0,
        "short_ios" : 0,
        "drop_ios" : 0,
        "slat_ns" : {
          "min" : 0,
          "max" : 0,
          "mean" : 0.000000,
          "stddev" : 0.000000,
          "N" : 0
        },
        "clat_ns" : {
          "min" : 0,
          "max" : 0,
          "mean" : 0.000000,
          "stddev" : 0.000000,
          "N" : 0
        },
        "lat_ns" : {
          "min" : 0,
          "max" : 0,
          "mean" : 0.000000,
          "stddev" : 0.000000,
          "N" : 0
        },
        "bw_min" : 0,
        "bw_max" : 0,
        "bw_agg" : 0.000000,
        "bw_mean" : 0.000000,
        "bw_dev" : 0.000000,
        "bw_samples" : 0,
        "iops_min" : 0,
        "iops_max" : 0,
        "iops_mean" : 0.000000,
        "iops_stddev" : 0.000000,
        "iops_samples" : 0
      },
      "sync" : {
        "total_ios" : 0,
        "lat_ns" : {
          "min" : 0,
          "max" : 0,
          "mean" : 0.000000,
          "stddev" : 0.000000,
          "N" : 0
        }
      },
      "job_runtime" : 5019,
      "usr_cpu" : 0.418410,
      "sys_cpu" : 1.135684,
      "ctx" : 16887,
      "majf" : 0,
      "minf" : 9,
      "iodepth_level" : {
        "1" : 0.100000,
        "2" : 0.100000,
        "4" : 0.100000,
        "8" : 0.100000,
        "16" : 0.100000,
        "32" : 0.187981,
        ">=64" : 99.629912
      },
      "iodepth_submit" : {
        "0" : 0.000000,
        "4" : 100.000000,
        "8" : 0.000000,
        "16" : 0.000000,
        "32" : 0.000000,
        "64" : 0.000000,
        ">=64" : 0.000000
      },
      "iodepth_complete" : {
        "0" : 0.000000,
        "4" : 99.994104,
        "8" : 0.000000,
        "16" : 0.000000,
        "32" : 0.000000,
        "64" : 0.100000,
        ">=64" : 0.000000
      },
      "latency_ns" : {
        "2" : 0.000000,
        "4" : 0.000000,
        "10" : 0.000000,
        "20" : 0.000000,
        "50" : 0.000000,
        "100" : 0.000000,
        "250" : 0.000000,
        "500" : 0.000000,
        "750" : 0.000000,
        "1000" : 0.000000
      },
      "latency_us" : {
        "2" : 0.000000,
        "4" : 0.000000,
        "10" : 0.000000,
        "20" : 0.017623,
        "50" : 36.444810,
        "100" : 0.105739,
        "250" : 0.111614,
        "500" : 0.111614,
        "750" : 0.023498,
        "1000" : 0.010000
      },
      "latency_ms" : {
        "2" : 0.010000,
        "4" : 0.035246,
        "10" : 0.111614,
        "20" : 0.481701,
        "50" : 62.544792,
        "100" : 0.000000,
        "250" : 0.000000,
        "500" : 0.000000,
        "750" : 0.000000,
        "1000" : 0.000000,
        "2000" : 0.000000,
        ">=2000" : 0.000000
      },
      "latency_depth" : 64,
      "latency_target" : 0,
      "latency_percentile" : 100.000000,
      "latency_window" : 0
    }
  ],
  "disk_util" : [
    {
      "name" : "nvme3n1",
      "read_ios" : 48,
      "write_ios" : 16514,
      "read_sectors" : 2088,
      "write_sectors" : 1056896,
      "read_merges" : 0,
      "write_merges" : 0,
      "read_ticks" : 2,
      "write_ticks" : 312364,
      "in_queue" : 312365,
      "util" : 98.138883
    }
  ]
}
