{
  "fio version" : "fio-3.36",
  "timestamp" : 1781330354,
  "timestamp_ms" : 1781330354899,
  "time" : "Sat Jun 13 05:59:14 2026",
  "jobs" : [
    {
      "jobname" : "randomwrite_4k_16",
      "groupid" : 0,
      "job_start" : 1781330349879,
      "error" : 0,
      "eta" : 0,
      "elapsed" : 6,
      "job options" : {
        "name" : "randomwrite_4k_16",
        "filename" : "/dev/nvme3n1",
        "ioengine" : "io_uring",
        "direct" : "1",
        "rw" : "randwrite",
        "bs" : "4k",
        "iodepth" : "16",
        "size" : "3G",
        "runtime" : "5"
      },
      "read" : {
        "io_bytes" : 0,
        "io_kbytes" : 0,
        "bw_bytes" : 0,
        "bw" : 0,
        "iops" : 0.000000,
        "runtime" : 0,
        "total_ios" : 0,
        "short_ios" : 0,
        "drop_ios" : 0,
        "slat_ns" : {
          "min" : 0,
          "max" : 0,
          "mean" : 0.000000,
          "stddev" : 0.000000,
          "N" : 0
        },
        "clat_ns" : {
          "min" : 0,
          "max" : 0,
          "mean" : 0.000000,
          "stddev" : 0.000000,
          "N" : 0
        },
        "lat_ns" : {
          "min" : 0,
          "max" : 0,
          "mean" : 0.000000,
          "stddev" : 0.000000,
          "N" : 0
        },
        "bw_min" : 0,
        "bw_max" : 0,
        "bw_agg" : 0.000000,
        "bw_mean" : 0.000000,
        "bw_dev" : 0.000000,
        "bw_samples" : 0,
        "iops_min" : 0,
        "iops_max" : 0,
        "iops_mean" : 0.000000,
        "iops_stddev" : 0.000000,
        "iops_samples" : 0
      },
      "write" : {
        "io_bytes" : 1498529792,
        "io_kbytes" : 1463408,
        "bw_bytes" : 299586123,
        "bw" : 292564,
        "iops" : 73141.143543,
        "runtime" : 5002,
        "total_ios" : 365852,
        "short_ios" : 0,
        "drop_ios" : 0,
        "slat_ns" : {
          "min" : 666,
          "max" : 82159,
          "mean" : 1008.671534,
          "stddev" : 311.398083,
          "N" : 365852
        },
        "clat_ns" : {
          "min" : 385,
          "max" : 6596395,
          "mean" : 217558.278020,
          "stddev" : 662406.870543,
          "N" : 365852,
          "percentile" : {
            "1.000000" : 7712,
            "5.000000" : 7904,
            "10.000000" : 7968,
            "20.000000" : 8032,
            "30.000000" : 8096,
            "40.000000" : 8160,
            "50.000000" : 8256,
            "60.000000" : 8384,
            "70.000000" : 8512,
            "80.000000" : 8768,
            "90.000000" : 749568,
            "95.000000" : 1761280,
            "99.000000" : 3391488,
            "99.500000" : 3817472,
            "99.900000" : 4620288,
            "99.950000" : 4947968,
            "99.990000" : 5472256
          }
        },
        "lat_ns" : {
          "min" : 7758,
          "max" : 6597288,
          "mean" : 218566.949553,
          "stddev" : 662406.512679,
          "N" : 365852
        },
        "bw_min" : 287544,
        "bw_max" : 311272,
        "bw_agg" : 100.000000,
        "bw_mean" : 292669.600000,
        "bw_dev" : 7232.436614,
        "bw_samples" : 10,
        "iops_min" : 71886,
        "iops_max" : 77818,
        "iops_mean" : 73167.400000,
        "iops_stddev" : 1808.109154,
        "iops_samples" : 10
      },
      "trim" : {
        "io_bytes" : 0,
        "io_kbytes" : 0,
        "bw_bytes" : 0,
        "bw" : 0,
        "iops" : 0.000000,
        "runtime" : 0,
        "total_ios" : 0,
        "short_ios" : 0,
        "drop_ios" : 0,
        "slat_ns" : {
          "min" : 0,
          "max" : 0,
          "mean" : 0.000000,
          "stddev" : 0.000000,
          "N" : 0
        },
        "clat_ns" : {
          "min" : 0,
          "max" : 0,
          "mean" : 0.000000,
          "stddev" : 0.000000,
          "N" : 0
        },
        "lat_ns" : {
          "min" : 0,
          "max" : 0,
          "mean" : 0.000000,
          "stddev" : 0.000000,
          "N" : 0
        },
        "bw_min" : 0,
        "bw_max" : 0,
        "bw_agg" : 0.000000,
        "bw_mean" : 0.000000,
        "bw_dev" : 0.000000,
        "bw_samples" : 0,
        "iops_min" : 0,
        "iops_max" : 0,
        "iops_mean" : 0.000000,
        "iops_stddev" : 0.000000,
        "iops_samples" : 0
      },
      "sync" : {
        "total_ios" : 0,
        "lat_ns" : {
          "min" : 0,
          "max" : 0,
          "mean" : 0.000000,
          "stddev" : 0.000000,
          "N" : 0
        }
      },
      "job_runtime" : 5001,
      "usr_cpu" : 3.559288,
      "sys_cpu" : 12.337532,
      "ctx" : 301987,
      "majf" : 0,
      "minf" : 9,
      "iodepth_level" : {
        "1" : 0.100000,
        "2" : 0.100000,
        "4" : 0.100000,
        "8" : 0.100000,
        "16" : 99.995900,
        "32" : 0.000000,
        ">=64" : 0.000000
      },
      "iodepth_submit" : {
        "0" : 0.000000,
        "4" : 100.000000,
        "8" : 0.000000,
        "16" : 0.000000,
        "32" : 0.000000,
        "64" : 0.000000,
        ">=64" : 0.000000
      },
      "iodepth_complete" : {
        "0" : 0.000000,
        "4" : 99.999727,
        "8" : 0.000000,
        "16" : 0.100000,
        "32" : 0.000000,
        "64" : 0.000000,
        ">=64" : 0.000000
      },
      "latency_ns" : {
        "2" : 0.000000,
        "4" : 0.000000,
        "10" : 0.000000,
        "20" : 0.000000,
        "50" : 0.000000,
        "100" : 0.000000,
        "250" : 0.000000,
        "500" : 0.010000,
        "750" : 0.000000,
        "1000" : 0.000000
      },
      "latency_us" : {
        "2" : 0.010000,
        "4" : 0.010000,
        "10" : 86.724960,
        "20" : 0.695090,
        "50" : 0.023507,
        "100" : 0.036627,
        "250" : 0.013940,
        "500" : 1.256519,
        "750" : 1.244219,
        "1000" : 1.312826
      },
      "latency_ms" : {
        "2" : 4.604048,
        "4" : 3.729924,
        "10" : 0.356155,
        "20" : 0.000000,
        "50" : 0.000000,
        "100" : 0.000000,
        "250" : 0.000000,
        "500" : 0.000000,
        "750" : 0.000000,
        "1000" : 0.000000,
        "2000" : 0.000000,
        ">=2000" : 0.000000
      },
      "latency_depth" : 16,
      "latency_target" : 0,
      "latency_percentile" : 100.000000,
      "latency_window" : 0
    }
  ],
  "disk_util" : [
    {
      "name" : "nvme3n1",
      "read_ios" : 48,
      "write_ios" : 355990,
      "read_sectors" : 2088,
      "write_sectors" : 2847920,
      "read_merges" : 0,
      "write_merges" : 0,
      "read_ticks" : 2,
      "write_ticks" : 77636,
      "in_queue" : 77638,
      "util" : 98.199280
    }
  ]
}
