{
  "fio version" : "fio-3.42-31-g6a66",
  "timestamp" : 1781281010,
  "timestamp_ms" : 1781281010970,
  "time" : "Fri Jun 12 16:16:50 2026",
  "jobs" : [
    {
      "jobname" : "randomwrite_4k_16",
      "groupid" : 0,
      "job_start" : 1781281005822,
      "error" : 0,
      "eta" : 0,
      "elapsed" : 6,
      "job options" : {
        "name" : "randomwrite_4k_16",
        "filename" : "/dev/nvme2n1",
        "ioengine" : "io_uring",
        "direct" : "1",
        "group_reporting" : "",
        "rw" : "randwrite",
        "bs" : "4k",
        "iodepth" : "16",
        "size" : "3G",
        "time_based" : "",
        "runtime" : "5"
      },
      "read" : {
        "io_bytes" : 0,
        "io_kbytes" : 0,
        "bw_bytes" : 0,
        "bw" : 0,
        "iops" : 0.000000,
        "runtime" : 0,
        "total_ios" : 0,
        "short_ios" : 0,
        "drop_ios" : 0,
        "slat_ns" : {
          "min" : 0,
          "max" : 0,
          "mean" : 0.000000,
          "stddev" : 0.000000,
          "N" : 0
        },
        "clat_ns" : {
          "min" : 0,
          "max" : 0,
          "mean" : 0.000000,
          "stddev" : 0.000000,
          "N" : 0
        },
        "lat_ns" : {
          "min" : 0,
          "max" : 0,
          "mean" : 0.000000,
          "stddev" : 0.000000,
          "N" : 0
        },
        "bw_min" : 0,
        "bw_max" : 0,
        "bw_agg" : 0.000000,
        "bw_mean" : 0.000000,
        "bw_dev" : 0.000000,
        "bw_samples" : 0,
        "iops_min" : 0,
        "iops_max" : 0,
        "iops_mean" : 0.000000,
        "iops_stddev" : 0.000000,
        "iops_samples" : 0
      },
      "write" : {
        "io_bytes" : 1498198016,
        "io_kbytes" : 1463084,
        "bw_bytes" : 299459927,
        "bw" : 292441,
        "iops" : 73110.333800,
        "runtime" : 5003,
        "total_ios" : 365771,
        "short_ios" : 0,
        "drop_ios" : 0,
        "slat_ns" : {
          "min" : 528,
          "max" : 25388,
          "mean" : 756.269743,
          "stddev" : 497.899968,
          "N" : 365771
        },
        "clat_ns" : {
          "min" : 3978,
          "max" : 6360453,
          "mean" : 217877.843552,
          "stddev" : 659346.929178,
          "N" : 365771,
          "percentile" : {
            "1.000000" : 8512,
            "5.000000" : 8768,
            "10.000000" : 8896,
            "20.000000" : 9280,
            "30.000000" : 9408,
            "40.000000" : 9536,
            "50.000000" : 9792,
            "60.000000" : 10048,
            "70.000000" : 10304,
            "80.000000" : 10816,
            "90.000000" : 741376,
            "95.000000" : 1744896,
            "99.000000" : 3325952,
            "99.500000" : 3817472,
            "99.900000" : 4620288,
            "99.950000" : 4882432,
            "99.990000" : 5472256
          }
        },
        "lat_ns" : {
          "min" : 7713,
          "max" : 6361286,
          "mean" : 218634.113295,
          "stddev" : 659346.492544,
          "N" : 365771
        },
        "bw_min" : 288160,
        "bw_max" : 298312,
        "bw_agg" : 100.000000,
        "bw_mean" : 292604.800000,
        "bw_dev" : 3546.502653,
        "bw_samples" : 10,
        "iops_min" : 72040,
        "iops_max" : 74578,
        "iops_mean" : 73151.200000,
        "iops_stddev" : 886.625663,
        "iops_samples" : 10
      },
      "trim" : {
        "io_bytes" : 0,
        "io_kbytes" : 0,
        "bw_bytes" : 0,
        "bw" : 0,
        "iops" : 0.000000,
        "runtime" : 0,
        "total_ios" : 0,
        "short_ios" : 0,
        "drop_ios" : 0,
        "slat_ns" : {
          "min" : 0,
          "max" : 0,
          "mean" : 0.000000,
          "stddev" : 0.000000,
          "N" : 0
        },
        "clat_ns" : {
          "min" : 0,
          "max" : 0,
          "mean" : 0.000000,
          "stddev" : 0.000000,
          "N" : 0
        },
        "lat_ns" : {
          "min" : 0,
          "max" : 0,
          "mean" : 0.000000,
          "stddev" : 0.000000,
          "N" : 0
        },
        "bw_min" : 0,
        "bw_max" : 0,
        "bw_agg" : 0.000000,
        "bw_mean" : 0.000000,
        "bw_dev" : 0.000000,
        "bw_samples" : 0,
        "iops_min" : 0,
        "iops_max" : 0,
        "iops_mean" : 0.000000,
        "iops_stddev" : 0.000000,
        "iops_samples" : 0
      },
      "sync" : {
        "total_ios" : 0,
        "lat_ns" : {
          "min" : 0,
          "max" : 0,
          "mean" : 0.000000,
          "stddev" : 0.000000,
          "N" : 0
        }
      },
      "job_runtime" : 5002,
      "usr_cpu" : 3.538585,
      "sys_cpu" : 12.594962,
      "ctx" : 284371,
      "majf" : 0,
      "minf" : 11,
      "iodepth_level" : {
        "1" : 0.100000,
        "2" : 0.100000,
        "4" : 0.100000,
        "8" : 0.100000,
        "16" : 99.995899,
        "32" : 0.000000,
        ">=64" : 0.000000
      },
      "iodepth_submit" : {
        "0" : 0.000000,
        "4" : 100.000000,
        "8" : 0.000000,
        "16" : 0.000000,
        "32" : 0.000000,
        "64" : 0.000000,
        ">=64" : 0.000000
      },
      "iodepth_complete" : {
        "0" : 0.000000,
        "4" : 99.999727,
        "8" : 0.000000,
        "16" : 0.100000,
        "32" : 0.000000,
        "64" : 0.000000,
        ">=64" : 0.000000
      },
      "latency_ns" : {
        "2" : 0.000000,
        "4" : 0.000000,
        "10" : 0.000000,
        "20" : 0.000000,
        "50" : 0.000000,
        "100" : 0.000000,
        "250" : 0.000000,
        "500" : 0.000000,
        "750" : 0.000000,
        "1000" : 0.000000
      },
      "latency_us" : {
        "2" : 0.000000,
        "4" : 0.010000,
        "10" : 59.388798,
        "20" : 27.845565,
        "50" : 0.240041,
        "100" : 0.010000,
        "250" : 0.010000,
        "500" : 1.276482,
        "750" : 1.285504,
        "1000" : 1.307375
      },
      "latency_ms" : {
        "2" : 4.588117,
        "4" : 3.681538,
        "10" : 0.369904,
        "20" : 0.000000,
        "50" : 0.000000,
        "100" : 0.000000,
        "250" : 0.000000,
        "500" : 0.000000,
        "750" : 0.000000,
        "1000" : 0.000000,
        "2000" : 0.000000,
        ">=2000" : 0.000000
      },
      "latency_depth" : 16,
      "latency_target" : 0,
      "latency_target_ns" : 0,
      "latency_percentile" : 100.000000,
      "latency_window" : 0,
      "latency_window_us" : 0
    }
  ],
  "disk_util" : [
    {
      "name" : "nvme2n1",
      "read_ios" : 48,
      "write_ios" : 358396,
      "read_sectors" : 2088,
      "write_sectors" : 2867168,
      "read_merges" : 0,
      "write_merges" : 0,
      "read_ticks" : 2,
      "write_ticks" : 77571,
      "in_queue" : 77573,
      "util" : 98.238591
    }
  ]
}
