{
  "fio version" : "fio-3.42-31-g6a66",
  "timestamp" : 1781280989,
  "timestamp_ms" : 1781280989425,
  "time" : "Fri Jun 12 16:16:29 2026",
  "jobs" : [
    {
      "jobname" : "randomwrite_4k_1",
      "groupid" : 0,
      "job_start" : 1781280984277,
      "error" : 0,
      "eta" : 0,
      "elapsed" : 6,
      "job options" : {
        "name" : "randomwrite_4k_1",
        "filename" : "/dev/nvme2n1",
        "ioengine" : "io_uring",
        "direct" : "1",
        "group_reporting" : "",
        "rw" : "randwrite",
        "bs" : "4k",
        "iodepth" : "1",
        "size" : "3G",
        "time_based" : "",
        "runtime" : "5"
      },
      "read" : {
        "io_bytes" : 0,
        "io_kbytes" : 0,
        "bw_bytes" : 0,
        "bw" : 0,
        "iops" : 0.000000,
        "runtime" : 0,
        "total_ios" : 0,
        "short_ios" : 0,
        "drop_ios" : 0,
        "slat_ns" : {
          "min" : 0,
          "max" : 0,
          "mean" : 0.000000,
          "stddev" : 0.000000,
          "N" : 0
        },
        "clat_ns" : {
          "min" : 0,
          "max" : 0,
          "mean" : 0.000000,
          "stddev" : 0.000000,
          "N" : 0
        },
        "lat_ns" : {
          "min" : 0,
          "max" : 0,
          "mean" : 0.000000,
          "stddev" : 0.000000,
          "N" : 0
        },
        "bw_min" : 0,
        "bw_max" : 0,
        "bw_agg" : 0.000000,
        "bw_mean" : 0.000000,
        "bw_dev" : 0.000000,
        "bw_samples" : 0,
        "iops_min" : 0,
        "iops_max" : 0,
        "iops_mean" : 0.000000,
        "iops_stddev" : 0.000000,
        "iops_samples" : 0
      },
      "write" : {
        "io_bytes" : 466595840,
        "io_kbytes" : 455660,
        "bw_bytes" : 93300507,
        "bw" : 91113,
        "iops" : 22778.444311,
        "runtime" : 5001,
        "total_ios" : 113915,
        "short_ios" : 0,
        "drop_ios" : 0,
        "slat_ns" : {
          "min" : 669,
          "max" : 25076,
          "mean" : 766.324268,
          "stddev" : 442.453900,
          "N" : 113915
        },
        "clat_ns" : {
          "min" : 100,
          "max" : 754282,
          "mean" : 42946.164851,
          "stddev" : 90810.874705,
          "N" : 113915,
          "percentile" : {
            "1.000000" : 8096,
            "5.000000" : 8160,
            "10.000000" : 8256,
            "20.000000" : 8256,
            "30.000000" : 8384,
            "40.000000" : 8512,
            "50.000000" : 8896,
            "60.000000" : 8896,
            "70.000000" : 9280,
            "80.000000" : 9792,
            "90.000000" : 268288,
            "95.000000" : 280576,
            "99.000000" : 321536,
            "99.500000" : 329728,
            "99.900000" : 366592,
            "99.950000" : 382976,
            "99.990000" : 432128
          }
        },
        "lat_ns" : {
          "min" : 8688,
          "max" : 754997,
          "mean" : 43712.489119,
          "stddev" : 90813.621916,
          "N" : 113915
        },
        "bw_min" : 90456,
        "bw_max" : 93416,
        "bw_agg" : 100.000000,
        "bw_mean" : 91214.222222,
        "bw_dev" : 884.540810,
        "bw_samples" : 9,
        "iops_min" : 22614,
        "iops_max" : 23354,
        "iops_mean" : 22803.555556,
        "iops_stddev" : 221.135202,
        "iops_samples" : 9
      },
      "trim" : {
        "io_bytes" : 0,
        "io_kbytes" : 0,
        "bw_bytes" : 0,
        "bw" : 0,
        "iops" : 0.000000,
        "runtime" : 0,
        "total_ios" : 0,
        "short_ios" : 0,
        "drop_ios" : 0,
        "slat_ns" : {
          "min" : 0,
          "max" : 0,
          "mean" : 0.000000,
          "stddev" : 0.000000,
          "N" : 0
        },
        "clat_ns" : {
          "min" : 0,
          "max" : 0,
          "mean" : 0.000000,
          "stddev" : 0.000000,
          "N" : 0
        },
        "lat_ns" : {
          "min" : 0,
          "max" : 0,
          "mean" : 0.000000,
          "stddev" : 0.000000,
          "N" : 0
        },
        "bw_min" : 0,
        "bw_max" : 0,
        "bw_agg" : 0.000000,
        "bw_mean" : 0.000000,
        "bw_dev" : 0.000000,
        "bw_samples" : 0,
        "iops_min" : 0,
        "iops_max" : 0,
        "iops_mean" : 0.000000,
        "iops_stddev" : 0.000000,
        "iops_samples" : 0
      },
      "sync" : {
        "total_ios" : 0,
        "lat_ns" : {
          "min" : 0,
          "max" : 0,
          "mean" : 0.000000,
          "stddev" : 0.000000,
          "N" : 0
        }
      },
      "job_runtime" : 5000,
      "usr_cpu" : 1.500000,
      "sys_cpu" : 4.180000,
      "ctx" : 113917,
      "majf" : 0,
      "minf" : 7,
      "iodepth_level" : {
        "1" : 100.000000,
        "2" : 0.000000,
        "4" : 0.000000,
        "8" : 0.000000,
        "16" : 0.000000,
        "32" : 0.000000,
        ">=64" : 0.000000
      },
      "iodepth_submit" : {
        "0" : 0.000000,
        "4" : 100.000000,
        "8" : 0.000000,
        "16" : 0.000000,
        "32" : 0.000000,
        "64" : 0.000000,
        ">=64" : 0.000000
      },
      "iodepth_complete" : {
        "0" : 0.000000,
        "4" : 100.000000,
        "8" : 0.000000,
        "16" : 0.000000,
        "32" : 0.000000,
        "64" : 0.000000,
        ">=64" : 0.000000
      },
      "latency_ns" : {
        "2" : 0.000000,
        "4" : 0.000000,
        "10" : 0.000000,
        "20" : 0.000000,
        "50" : 0.000000,
        "100" : 0.000000,
        "250" : 0.010000,
        "500" : 0.000000,
        "750" : 0.000000,
        "1000" : 0.000000
      },
      "latency_us" : {
        "2" : 0.000000,
        "4" : 0.000000,
        "10" : 82.075232,
        "20" : 5.290787,
        "50" : 0.146601,
        "100" : 0.012290,
        "250" : 1.287802,
        "500" : 11.181144,
        "750" : 0.010000,
        "1000" : 0.010000
      },
      "latency_ms" : {
        "2" : 0.000000,
        "4" : 0.000000,
        "10" : 0.000000,
        "20" : 0.000000,
        "50" : 0.000000,
        "100" : 0.000000,
        "250" : 0.000000,
        "500" : 0.000000,
        "750" : 0.000000,
        "1000" : 0.000000,
        "2000" : 0.000000,
        ">=2000" : 0.000000
      },
      "latency_depth" : 1,
      "latency_target" : 0,
      "latency_target_ns" : 0,
      "latency_percentile" : 100.000000,
      "latency_window" : 0,
      "latency_window_us" : 0
    }
  ],
  "disk_util" : [
    {
      "name" : "nvme2n1",
      "read_ios" : 48,
      "write_ios" : 111553,
      "read_sectors" : 2088,
      "write_sectors" : 892424,
      "read_merges" : 0,
      "write_merges" : 0,
      "read_ticks" : 2,
      "write_ticks" : 4695,
      "in_queue" : 4697,
      "util" : 98.238591
    }
  ]
}
