{
  "fio version" : "fio-3.36",
  "timestamp" : 1781330376,
  "timestamp_ms" : 1781330376017,
  "time" : "Sat Jun 13 05:59:36 2026",
  "jobs" : [
    {
      "jobname" : "randomwrite_4k_256",
      "groupid" : 0,
      "job_start" : 1781330370967,
      "error" : 0,
      "eta" : 0,
      "elapsed" : 6,
      "job options" : {
        "name" : "randomwrite_4k_256",
        "filename" : "/dev/nvme3n1",
        "ioengine" : "io_uring",
        "direct" : "1",
        "rw" : "randwrite",
        "bs" : "4k",
        "iodepth" : "256",
        "size" : "3G",
        "runtime" : "5"
      },
      "read" : {
        "io_bytes" : 0,
        "io_kbytes" : 0,
        "bw_bytes" : 0,
        "bw" : 0,
        "iops" : 0.000000,
        "runtime" : 0,
        "total_ios" : 0,
        "short_ios" : 0,
        "drop_ios" : 0,
        "slat_ns" : {
          "min" : 0,
          "max" : 0,
          "mean" : 0.000000,
          "stddev" : 0.000000,
          "N" : 0
        },
        "clat_ns" : {
          "min" : 0,
          "max" : 0,
          "mean" : 0.000000,
          "stddev" : 0.000000,
          "N" : 0
        },
        "lat_ns" : {
          "min" : 0,
          "max" : 0,
          "mean" : 0.000000,
          "stddev" : 0.000000,
          "N" : 0
        },
        "bw_min" : 0,
        "bw_max" : 0,
        "bw_agg" : 0.000000,
        "bw_mean" : 0.000000,
        "bw_dev" : 0.000000,
        "bw_samples" : 0,
        "iops_min" : 0,
        "iops_max" : 0,
        "iops_mean" : 0.000000,
        "iops_stddev" : 0.000000,
        "iops_samples" : 0
      },
      "write" : {
        "io_bytes" : 1565990912,
        "io_kbytes" : 1529288,
        "bw_bytes" : 311144627,
        "bw" : 303852,
        "iops" : 75963.043910,
        "runtime" : 5033,
        "total_ios" : 382322,
        "short_ios" : 0,
        "drop_ios" : 0,
        "slat_ns" : {
          "min" : 641,
          "max" : 94158,
          "mean" : 976.223286,
          "stddev" : 261.812303,
          "N" : 382322
        },
        "clat_ns" : {
          "min" : 1441,
          "max" : 63768887,
          "mean" : 3368349.523582,
          "stddev" : 9170596.793018,
          "N" : 382322,
          "percentile" : {
            "1.000000" : 14784,
            "5.000000" : 15168,
            "10.000000" : 15296,
            "20.000000" : 15680,
            "30.000000" : 16512,
            "40.000000" : 17024,
            "50.000000" : 17280,
            "60.000000" : 18048,
            "70.000000" : 18560,
            "80.000000" : 19584,
            "90.000000" : 20840448,
            "95.000000" : 28704768,
            "99.000000" : 36438016,
            "99.500000" : 38010880,
            "99.900000" : 42205184,
            "99.950000" : 43253760,
            "99.990000" : 54788096
          }
        },
        "lat_ns" : {
          "min" : 13502,
          "max" : 63770432,
          "mean" : 3369325.746868,
          "stddev" : 9170596.967882,
          "N" : 382322
        },
        "bw_min" : 300536,
        "bw_max" : 317024,
        "bw_agg" : 100.000000,
        "bw_mean" : 305653.600000,
        "bw_dev" : 5846.923202,
        "bw_samples" : 10,
        "iops_min" : 75134,
        "iops_max" : 79256,
        "iops_mean" : 76413.400000,
        "iops_stddev" : 1461.730801,
        "iops_samples" : 10
      },
      "trim" : {
        "io_bytes" : 0,
        "io_kbytes" : 0,
        "bw_bytes" : 0,
        "bw" : 0,
        "iops" : 0.000000,
        "runtime" : 0,
        "total_ios" : 0,
        "short_ios" : 0,
        "drop_ios" : 0,
        "slat_ns" : {
          "min" : 0,
          "max" : 0,
          "mean" : 0.000000,
          "stddev" : 0.000000,
          "N" : 0
        },
        "clat_ns" : {
          "min" : 0,
          "max" : 0,
          "mean" : 0.000000,
          "stddev" : 0.000000,
          "N" : 0
        },
        "lat_ns" : {
          "min" : 0,
          "max" : 0,
          "mean" : 0.000000,
          "stddev" : 0.000000,
          "N" : 0
        },
        "bw_min" : 0,
        "bw_max" : 0,
        "bw_agg" : 0.000000,
        "bw_mean" : 0.000000,
        "bw_dev" : 0.000000,
        "bw_samples" : 0,
        "iops_min" : 0,
        "iops_max" : 0,
        "iops_mean" : 0.000000,
        "iops_stddev" : 0.000000,
        "iops_samples" : 0
      },
      "sync" : {
        "total_ios" : 0,
        "lat_ns" : {
          "min" : 0,
          "max" : 0,
          "mean" : 0.000000,
          "stddev" : 0.000000,
          "N" : 0
        }
      },
      "job_runtime" : 5032,
      "usr_cpu" : 4.312401,
      "sys_cpu" : 11.625596,
      "ctx" : 317086,
      "majf" : 0,
      "minf" : 10,
      "iodepth_level" : {
        "1" : 0.100000,
        "2" : 0.100000,
        "4" : 0.100000,
        "8" : 0.100000,
        "16" : 0.100000,
        "32" : 0.100000,
        ">=64" : 99.983522
      },
      "iodepth_submit" : {
        "0" : 0.000000,
        "4" : 100.000000,
        "8" : 0.000000,
        "16" : 0.000000,
        "32" : 0.000000,
        "64" : 0.000000,
        ">=64" : 0.000000
      },
      "iodepth_complete" : {
        "0" : 0.000000,
        "4" : 99.999738,
        "8" : 0.000000,
        "16" : 0.000000,
        "32" : 0.000000,
        "64" : 0.000000,
        ">=64" : 0.100000
      },
      "latency_ns" : {
        "2" : 0.000000,
        "4" : 0.000000,
        "10" : 0.000000,
        "20" : 0.000000,
        "50" : 0.000000,
        "100" : 0.000000,
        "250" : 0.000000,
        "500" : 0.000000,
        "750" : 0.000000,
        "1000" : 0.000000
      },
      "latency_us" : {
        "2" : 0.010000,
        "4" : 0.010000,
        "10" : 0.010000,
        "20" : 83.065060,
        "50" : 3.833941,
        "100" : 0.103839,
        "250" : 0.383185,
        "500" : 0.098346,
        "750" : 0.010000,
        "1000" : 0.010000
      },
      "latency_ms" : {
        "2" : 0.010000,
        "4" : 0.010000,
        "10" : 0.052050,
        "20" : 1.904677,
        "50" : 10.517051,
        "100" : 0.014124,
        "250" : 0.000000,
        "500" : 0.000000,
        "750" : 0.000000,
        "1000" : 0.000000,
        "2000" : 0.000000,
        ">=2000" : 0.000000
      },
      "latency_depth" : 256,
      "latency_target" : 0,
      "latency_percentile" : 100.000000,
      "latency_window" : 0
    }
  ],
  "disk_util" : [
    {
      "name" : "nvme3n1",
      "read_ios" : 48,
      "write_ios" : 372376,
      "read_sectors" : 2088,
      "write_sectors" : 2979008,
      "read_merges" : 0,
      "write_merges" : 0,
      "read_ticks" : 2,
      "write_ticks" : 1249214,
      "in_queue" : 1249216,
      "util" : 98.158527
    }
  ]
}
