{
  "fio version" : "fio-3.42-31-g6a66",
  "timestamp" : 1781281032,
  "timestamp_ms" : 1781281032515,
  "time" : "Fri Jun 12 16:17:12 2026",
  "jobs" : [
    {
      "jobname" : "randomwrite_4k_256",
      "groupid" : 0,
      "job_start" : 1781281027367,
      "error" : 0,
      "eta" : 0,
      "elapsed" : 6,
      "job options" : {
        "name" : "randomwrite_4k_256",
        "filename" : "/dev/nvme2n1",
        "ioengine" : "io_uring",
        "direct" : "1",
        "group_reporting" : "",
        "rw" : "randwrite",
        "bs" : "4k",
        "iodepth" : "256",
        "size" : "3G",
        "time_based" : "",
        "runtime" : "5"
      },
      "read" : {
        "io_bytes" : 0,
        "io_kbytes" : 0,
        "bw_bytes" : 0,
        "bw" : 0,
        "iops" : 0.000000,
        "runtime" : 0,
        "total_ios" : 0,
        "short_ios" : 0,
        "drop_ios" : 0,
        "slat_ns" : {
          "min" : 0,
          "max" : 0,
          "mean" : 0.000000,
          "stddev" : 0.000000,
          "N" : 0
        },
        "clat_ns" : {
          "min" : 0,
          "max" : 0,
          "mean" : 0.000000,
          "stddev" : 0.000000,
          "N" : 0
        },
        "lat_ns" : {
          "min" : 0,
          "max" : 0,
          "mean" : 0.000000,
          "stddev" : 0.000000,
          "N" : 0
        },
        "bw_min" : 0,
        "bw_max" : 0,
        "bw_agg" : 0.000000,
        "bw_mean" : 0.000000,
        "bw_dev" : 0.000000,
        "bw_samples" : 0,
        "iops_min" : 0,
        "iops_max" : 0,
        "iops_mean" : 0.000000,
        "iops_stddev" : 0.000000,
        "iops_samples" : 0
      },
      "write" : {
        "io_bytes" : 1537503232,
        "io_kbytes" : 1501468,
        "bw_bytes" : 305727427,
        "bw" : 298561,
        "iops" : 74640.485186,
        "runtime" : 5029,
        "total_ios" : 375367,
        "short_ios" : 0,
        "drop_ios" : 0,
        "slat_ns" : {
          "min" : 531,
          "max" : 26153,
          "mean" : 715.064132,
          "stddev" : 468.770789,
          "N" : 375367
        },
        "clat_ns" : {
          "min" : 7420,
          "max" : 58183695,
          "mean" : 3428125.014522,
          "stddev" : 9917167.989659,
          "N" : 375367,
          "percentile" : {
            "1.000000" : 11200,
            "5.000000" : 13888,
            "10.000000" : 20352,
            "20.000000" : 20608,
            "30.000000" : 21120,
            "40.000000" : 21632,
            "50.000000" : 22144,
            "60.000000" : 22400,
            "70.000000" : 22656,
            "80.000000" : 23680,
            "90.000000" : 21102592,
            "95.000000" : 30277632,
            "99.000000" : 42729472,
            "99.500000" : 46399488,
            "99.900000" : 49020928,
            "99.950000" : 49545216,
            "99.990000" : 52166656
          }
        },
        "lat_ns" : {
          "min" : 8030,
          "max" : 58184353,
          "mean" : 3428840.078654,
          "stddev" : 9917167.410856,
          "N" : 375367
        },
        "bw_min" : 296584,
        "bw_max" : 313544,
        "bw_agg" : 100.000000,
        "bw_mean" : 300089.600000,
        "bw_dev" : 5132.592570,
        "bw_samples" : 10,
        "iops_min" : 74146,
        "iops_max" : 78386,
        "iops_mean" : 75022.400000,
        "iops_stddev" : 1283.148142,
        "iops_samples" : 10
      },
      "trim" : {
        "io_bytes" : 0,
        "io_kbytes" : 0,
        "bw_bytes" : 0,
        "bw" : 0,
        "iops" : 0.000000,
        "runtime" : 0,
        "total_ios" : 0,
        "short_ios" : 0,
        "drop_ios" : 0,
        "slat_ns" : {
          "min" : 0,
          "max" : 0,
          "mean" : 0.000000,
          "stddev" : 0.000000,
          "N" : 0
        },
        "clat_ns" : {
          "min" : 0,
          "max" : 0,
          "mean" : 0.000000,
          "stddev" : 0.000000,
          "N" : 0
        },
        "lat_ns" : {
          "min" : 0,
          "max" : 0,
          "mean" : 0.000000,
          "stddev" : 0.000000,
          "N" : 0
        },
        "bw_min" : 0,
        "bw_max" : 0,
        "bw_agg" : 0.000000,
        "bw_mean" : 0.000000,
        "bw_dev" : 0.000000,
        "bw_samples" : 0,
        "iops_min" : 0,
        "iops_max" : 0,
        "iops_mean" : 0.000000,
        "iops_stddev" : 0.000000,
        "iops_samples" : 0
      },
      "sync" : {
        "total_ios" : 0,
        "lat_ns" : {
          "min" : 0,
          "max" : 0,
          "mean" : 0.000000,
          "stddev" : 0.000000,
          "N" : 0
        }
      },
      "job_runtime" : 5028,
      "usr_cpu" : 3.878282,
      "sys_cpu" : 9.904535,
      "ctx" : 197212,
      "majf" : 0,
      "minf" : 10,
      "iodepth_level" : {
        "1" : 0.100000,
        "2" : 0.100000,
        "4" : 0.100000,
        "8" : 0.100000,
        "16" : 0.100000,
        "32" : 0.100000,
        ">=64" : 99.983216
      },
      "iodepth_submit" : {
        "0" : 0.000000,
        "4" : 100.000000,
        "8" : 0.000000,
        "16" : 0.000000,
        "32" : 0.000000,
        "64" : 0.000000,
        ">=64" : 0.000000
      },
      "iodepth_complete" : {
        "0" : 0.000000,
        "4" : 99.999733,
        "8" : 0.000000,
        "16" : 0.000000,
        "32" : 0.000000,
        "64" : 0.000000,
        ">=64" : 0.100000
      },
      "latency_ns" : {
        "2" : 0.000000,
        "4" : 0.000000,
        "10" : 0.000000,
        "20" : 0.000000,
        "50" : 0.000000,
        "100" : 0.000000,
        "250" : 0.000000,
        "500" : 0.000000,
        "750" : 0.000000,
        "1000" : 0.000000
      },
      "latency_us" : {
        "2" : 0.000000,
        "4" : 0.000000,
        "10" : 0.284522,
        "20" : 6.131066,
        "50" : 80.479104,
        "100" : 0.104431,
        "250" : 0.447562,
        "500" : 0.079655,
        "750" : 0.057810,
        "1000" : 0.068466
      },
      "latency_ms" : {
        "2" : 0.353254,
        "4" : 0.632448,
        "10" : 0.579433,
        "20" : 0.612467,
        "50" : 10.135947,
        "100" : 0.033834,
        "250" : 0.000000,
        "500" : 0.000000,
        "750" : 0.000000,
        "1000" : 0.000000,
        "2000" : 0.000000,
        ">=2000" : 0.000000
      },
      "latency_depth" : 256,
      "latency_target" : 0,
      "latency_target_ns" : 0,
      "latency_percentile" : 100.000000,
      "latency_window" : 0,
      "latency_window_us" : 0
    }
  ],
  "disk_util" : [
    {
      "name" : "nvme2n1",
      "read_ios" : 48,
      "write_ios" : 367423,
      "read_sectors" : 2088,
      "write_sectors" : 2939384,
      "read_merges" : 0,
      "write_merges" : 0,
      "read_ticks" : 2,
      "write_ticks" : 1249393,
      "in_queue" : 1249395,
      "util" : 98.238591
    }
  ]
}
