{
  "fio version" : "fio-3.42-31-g6a66",
  "timestamp" : 1781280994,
  "timestamp_ms" : 1781280994811,
  "time" : "Fri Jun 12 16:16:34 2026",
  "jobs" : [
    {
      "jobname" : "randomwrite_4k_2",
      "groupid" : 0,
      "job_start" : 1781280989663,
      "error" : 0,
      "eta" : 0,
      "elapsed" : 6,
      "job options" : {
        "name" : "randomwrite_4k_2",
        "filename" : "/dev/nvme2n1",
        "ioengine" : "io_uring",
        "direct" : "1",
        "group_reporting" : "",
        "rw" : "randwrite",
        "bs" : "4k",
        "iodepth" : "2",
        "size" : "3G",
        "time_based" : "",
        "runtime" : "5"
      },
      "read" : {
        "io_bytes" : 0,
        "io_kbytes" : 0,
        "bw_bytes" : 0,
        "bw" : 0,
        "iops" : 0.000000,
        "runtime" : 0,
        "total_ios" : 0,
        "short_ios" : 0,
        "drop_ios" : 0,
        "slat_ns" : {
          "min" : 0,
          "max" : 0,
          "mean" : 0.000000,
          "stddev" : 0.000000,
          "N" : 0
        },
        "clat_ns" : {
          "min" : 0,
          "max" : 0,
          "mean" : 0.000000,
          "stddev" : 0.000000,
          "N" : 0
        },
        "lat_ns" : {
          "min" : 0,
          "max" : 0,
          "mean" : 0.000000,
          "stddev" : 0.000000,
          "N" : 0
        },
        "bw_min" : 0,
        "bw_max" : 0,
        "bw_agg" : 0.000000,
        "bw_mean" : 0.000000,
        "bw_dev" : 0.000000,
        "bw_samples" : 0,
        "iops_min" : 0,
        "iops_max" : 0,
        "iops_mean" : 0.000000,
        "iops_stddev" : 0.000000,
        "iops_samples" : 0
      },
      "write" : {
        "io_bytes" : 796147712,
        "io_kbytes" : 777488,
        "bw_bytes" : 159197702,
        "bw" : 155466,
        "iops" : 38866.626675,
        "runtime" : 5001,
        "total_ios" : 194372,
        "short_ios" : 0,
        "drop_ios" : 0,
        "slat_ns" : {
          "min" : 555,
          "max" : 24442,
          "mean" : 793.508654,
          "stddev" : 458.569649,
          "N" : 194372
        },
        "clat_ns" : {
          "min" : 4655,
          "max" : 1562593,
          "mean" : 50479.805877,
          "stddev" : 113536.633189,
          "N" : 194372,
          "percentile" : {
            "1.000000" : 8160,
            "5.000000" : 8256,
            "10.000000" : 8384,
            "20.000000" : 8512,
            "30.000000" : 8512,
            "40.000000" : 8896,
            "50.000000" : 9024,
            "60.000000" : 9408,
            "70.000000" : 9664,
            "80.000000" : 9920,
            "90.000000" : 280576,
            "95.000000" : 325632,
            "99.000000" : 473088,
            "99.500000" : 536576,
            "99.900000" : 667648,
            "99.950000" : 724992,
            "99.990000" : 831488
          }
        },
        "lat_ns" : {
          "min" : 7874,
          "max" : 1563318,
          "mean" : 51273.314531,
          "stddev" : 113537.726672,
          "N" : 194372
        },
        "bw_min" : 143816,
        "bw_max" : 174344,
        "bw_agg" : 98.758250,
        "bw_mean" : 153536.000000,
        "bw_dev" : 12977.798889,
        "bw_samples" : 9,
        "iops_min" : 35954,
        "iops_max" : 43586,
        "iops_mean" : 38384.000000,
        "iops_stddev" : 3244.449722,
        "iops_samples" : 9
      },
      "trim" : {
        "io_bytes" : 0,
        "io_kbytes" : 0,
        "bw_bytes" : 0,
        "bw" : 0,
        "iops" : 0.000000,
        "runtime" : 0,
        "total_ios" : 0,
        "short_ios" : 0,
        "drop_ios" : 0,
        "slat_ns" : {
          "min" : 0,
          "max" : 0,
          "mean" : 0.000000,
          "stddev" : 0.000000,
          "N" : 0
        },
        "clat_ns" : {
          "min" : 0,
          "max" : 0,
          "mean" : 0.000000,
          "stddev" : 0.000000,
          "N" : 0
        },
        "lat_ns" : {
          "min" : 0,
          "max" : 0,
          "mean" : 0.000000,
          "stddev" : 0.000000,
          "N" : 0
        },
        "bw_min" : 0,
        "bw_max" : 0,
        "bw_agg" : 0.000000,
        "bw_mean" : 0.000000,
        "bw_dev" : 0.000000,
        "bw_samples" : 0,
        "iops_min" : 0,
        "iops_max" : 0,
        "iops_mean" : 0.000000,
        "iops_stddev" : 0.000000,
        "iops_samples" : 0
      },
      "sync" : {
        "total_ios" : 0,
        "lat_ns" : {
          "min" : 0,
          "max" : 0,
          "mean" : 0.000000,
          "stddev" : 0.000000,
          "N" : 0
        }
      },
      "job_runtime" : 5000,
      "usr_cpu" : 2.980000,
      "sys_cpu" : 7.220000,
      "ctx" : 178296,
      "majf" : 0,
      "minf" : 7,
      "iodepth_level" : {
        "1" : 0.100000,
        "2" : 99.999486,
        "4" : 0.000000,
        "8" : 0.000000,
        "16" : 0.000000,
        "32" : 0.000000,
        ">=64" : 0.000000
      },
      "iodepth_submit" : {
        "0" : 0.000000,
        "4" : 100.000000,
        "8" : 0.000000,
        "16" : 0.000000,
        "32" : 0.000000,
        "64" : 0.000000,
        ">=64" : 0.000000
      },
      "iodepth_complete" : {
        "0" : 0.000000,
        "4" : 100.000000,
        "8" : 0.000000,
        "16" : 0.000000,
        "32" : 0.000000,
        "64" : 0.000000,
        ">=64" : 0.000000
      },
      "latency_ns" : {
        "2" : 0.000000,
        "4" : 0.000000,
        "10" : 0.000000,
        "20" : 0.000000,
        "50" : 0.000000,
        "100" : 0.000000,
        "250" : 0.000000,
        "500" : 0.000000,
        "750" : 0.000000,
        "1000" : 0.000000
      },
      "latency_us" : {
        "2" : 0.000000,
        "4" : 0.000000,
        "10" : 80.418476,
        "20" : 6.914576,
        "50" : 0.149713,
        "100" : 0.010000,
        "250" : 0.491326,
        "500" : 11.240817,
        "750" : 0.742905,
        "1000" : 0.033441
      },
      "latency_ms" : {
        "2" : 0.010000,
        "4" : 0.000000,
        "10" : 0.000000,
        "20" : 0.000000,
        "50" : 0.000000,
        "100" : 0.000000,
        "250" : 0.000000,
        "500" : 0.000000,
        "750" : 0.000000,
        "1000" : 0.000000,
        "2000" : 0.000000,
        ">=2000" : 0.000000
      },
      "latency_depth" : 2,
      "latency_target" : 0,
      "latency_target_ns" : 0,
      "latency_percentile" : 100.000000,
      "latency_window" : 0,
      "latency_window_us" : 0
    }
  ],
  "disk_util" : [
    {
      "name" : "nvme2n1",
      "read_ios" : 48,
      "write_ios" : 189952,
      "read_sectors" : 2088,
      "write_sectors" : 1519616,
      "read_merges" : 0,
      "write_merges" : 0,
      "read_ticks" : 1,
      "write_ticks" : 9394,
      "in_queue" : 9396,
      "util" : 98.158527
    }
  ]
}
