{
  "fio version" : "fio-3.36",
  "timestamp" : 1781330339,
  "timestamp_ms" : 1781330339104,
  "time" : "Sat Jun 13 05:58:59 2026",
  "jobs" : [
    {
      "jobname" : "randomwrite_4k_2",
      "groupid" : 0,
      "job_start" : 1781330334086,
      "error" : 0,
      "eta" : 0,
      "elapsed" : 6,
      "job options" : {
        "name" : "randomwrite_4k_2",
        "filename" : "/dev/nvme3n1",
        "ioengine" : "io_uring",
        "direct" : "1",
        "rw" : "randwrite",
        "bs" : "4k",
        "iodepth" : "2",
        "size" : "3G",
        "runtime" : "5"
      },
      "read" : {
        "io_bytes" : 0,
        "io_kbytes" : 0,
        "bw_bytes" : 0,
        "bw" : 0,
        "iops" : 0.000000,
        "runtime" : 0,
        "total_ios" : 0,
        "short_ios" : 0,
        "drop_ios" : 0,
        "slat_ns" : {
          "min" : 0,
          "max" : 0,
          "mean" : 0.000000,
          "stddev" : 0.000000,
          "N" : 0
        },
        "clat_ns" : {
          "min" : 0,
          "max" : 0,
          "mean" : 0.000000,
          "stddev" : 0.000000,
          "N" : 0
        },
        "lat_ns" : {
          "min" : 0,
          "max" : 0,
          "mean" : 0.000000,
          "stddev" : 0.000000,
          "N" : 0
        },
        "bw_min" : 0,
        "bw_max" : 0,
        "bw_agg" : 0.000000,
        "bw_mean" : 0.000000,
        "bw_dev" : 0.000000,
        "bw_samples" : 0,
        "iops_min" : 0,
        "iops_max" : 0,
        "iops_mean" : 0.000000,
        "iops_stddev" : 0.000000,
        "iops_samples" : 0
      },
      "write" : {
        "io_bytes" : 816623616,
        "io_kbytes" : 797484,
        "bw_bytes" : 163292064,
        "bw" : 159464,
        "iops" : 39866.226755,
        "runtime" : 5001,
        "total_ios" : 199371,
        "short_ios" : 0,
        "drop_ios" : 0,
        "slat_ns" : {
          "min" : 631,
          "max" : 88383,
          "mean" : 989.708884,
          "stddev" : 336.847355,
          "N" : 199371
        },
        "clat_ns" : {
          "min" : 344,
          "max" : 1008058,
          "mean" : 48993.117760,
          "stddev" : 112999.041561,
          "N" : 199371,
          "percentile" : {
            "1.000000" : 7584,
            "5.000000" : 7648,
            "10.000000" : 7648,
            "20.000000" : 7712,
            "30.000000" : 7712,
            "40.000000" : 7776,
            "50.000000" : 7840,
            "60.000000" : 7904,
            "70.000000" : 8096,
            "80.000000" : 8256,
            "90.000000" : 276480,
            "95.000000" : 325632,
            "99.000000" : 477184,
            "99.500000" : 544768,
            "99.900000" : 684032,
            "99.950000" : 733184,
            "99.990000" : 856064
          }
        },
        "lat_ns" : {
          "min" : 7688,
          "max" : 1008966,
          "mean" : 49982.826645,
          "stddev" : 113000.875124,
          "N" : 199371
        },
        "bw_min" : 146184,
        "bw_max" : 183792,
        "bw_agg" : 98.374623,
        "bw_mean" : 156873.777778,
        "bw_dev" : 16182.627612,
        "bw_samples" : 9,
        "iops_min" : 36544,
        "iops_max" : 45948,
        "iops_mean" : 39218.222222,
        "iops_stddev" : 4045.822097,
        "iops_samples" : 9
      },
      "trim" : {
        "io_bytes" : 0,
        "io_kbytes" : 0,
        "bw_bytes" : 0,
        "bw" : 0,
        "iops" : 0.000000,
        "runtime" : 0,
        "total_ios" : 0,
        "short_ios" : 0,
        "drop_ios" : 0,
        "slat_ns" : {
          "min" : 0,
          "max" : 0,
          "mean" : 0.000000,
          "stddev" : 0.000000,
          "N" : 0
        },
        "clat_ns" : {
          "min" : 0,
          "max" : 0,
          "mean" : 0.000000,
          "stddev" : 0.000000,
          "N" : 0
        },
        "lat_ns" : {
          "min" : 0,
          "max" : 0,
          "mean" : 0.000000,
          "stddev" : 0.000000,
          "N" : 0
        },
        "bw_min" : 0,
        "bw_max" : 0,
        "bw_agg" : 0.000000,
        "bw_mean" : 0.000000,
        "bw_dev" : 0.000000,
        "bw_samples" : 0,
        "iops_min" : 0,
        "iops_max" : 0,
        "iops_mean" : 0.000000,
        "iops_stddev" : 0.000000,
        "iops_samples" : 0
      },
      "sync" : {
        "total_ios" : 0,
        "lat_ns" : {
          "min" : 0,
          "max" : 0,
          "mean" : 0.000000,
          "stddev" : 0.000000,
          "N" : 0
        }
      },
      "job_runtime" : 5000,
      "usr_cpu" : 2.320000,
      "sys_cpu" : 6.980000,
      "ctx" : 187796,
      "majf" : 0,
      "minf" : 8,
      "iodepth_level" : {
        "1" : 0.100000,
        "2" : 99.999498,
        "4" : 0.000000,
        "8" : 0.000000,
        "16" : 0.000000,
        "32" : 0.000000,
        ">=64" : 0.000000
      },
      "iodepth_submit" : {
        "0" : 0.000000,
        "4" : 100.000000,
        "8" : 0.000000,
        "16" : 0.000000,
        "32" : 0.000000,
        "64" : 0.000000,
        ">=64" : 0.000000
      },
      "iodepth_complete" : {
        "0" : 0.000000,
        "4" : 100.000000,
        "8" : 0.000000,
        "16" : 0.000000,
        "32" : 0.000000,
        "64" : 0.000000,
        ">=64" : 0.000000
      },
      "latency_ns" : {
        "2" : 0.000000,
        "4" : 0.000000,
        "10" : 0.000000,
        "20" : 0.000000,
        "50" : 0.000000,
        "100" : 0.000000,
        "250" : 0.000000,
        "500" : 0.010000,
        "750" : 0.000000,
        "1000" : 0.000000
      },
      "latency_us" : {
        "2" : 0.010000,
        "4" : 0.010000,
        "10" : 87.200245,
        "20" : 0.222199,
        "50" : 0.025079,
        "100" : 0.041129,
        "250" : 0.612928,
        "500" : 11.102417,
        "750" : 0.754874,
        "1000" : 0.037117
      },
      "latency_ms" : {
        "2" : 0.010000,
        "4" : 0.000000,
        "10" : 0.000000,
        "20" : 0.000000,
        "50" : 0.000000,
        "100" : 0.000000,
        "250" : 0.000000,
        "500" : 0.000000,
        "750" : 0.000000,
        "1000" : 0.000000,
        "2000" : 0.000000,
        ">=2000" : 0.000000
      },
      "latency_depth" : 2,
      "latency_target" : 0,
      "latency_percentile" : 100.000000,
      "latency_window" : 0
    }
  ],
  "disk_util" : [
    {
      "name" : "nvme3n1",
      "read_ios" : 48,
      "write_ios" : 194632,
      "read_sectors" : 2088,
      "write_sectors" : 1557056,
      "read_merges" : 0,
      "write_merges" : 0,
      "read_ticks" : 2,
      "write_ticks" : 9408,
      "in_queue" : 9410,
      "util" : 98.158527
    }
  ]
}
