{
  "fio version" : "fio-3.42-31-g6a66",
  "timestamp" : 1781281016,
  "timestamp_ms" : 1781281016356,
  "time" : "Fri Jun 12 16:16:56 2026",
  "jobs" : [
    {
      "jobname" : "randomwrite_4k_32",
      "groupid" : 0,
      "job_start" : 1781281011208,
      "error" : 0,
      "eta" : 0,
      "elapsed" : 6,
      "job options" : {
        "name" : "randomwrite_4k_32",
        "filename" : "/dev/nvme2n1",
        "ioengine" : "io_uring",
        "direct" : "1",
        "group_reporting" : "",
        "rw" : "randwrite",
        "bs" : "4k",
        "iodepth" : "32",
        "size" : "3G",
        "time_based" : "",
        "runtime" : "5"
      },
      "read" : {
        "io_bytes" : 0,
        "io_kbytes" : 0,
        "bw_bytes" : 0,
        "bw" : 0,
        "iops" : 0.000000,
        "runtime" : 0,
        "total_ios" : 0,
        "short_ios" : 0,
        "drop_ios" : 0,
        "slat_ns" : {
          "min" : 0,
          "max" : 0,
          "mean" : 0.000000,
          "stddev" : 0.000000,
          "N" : 0
        },
        "clat_ns" : {
          "min" : 0,
          "max" : 0,
          "mean" : 0.000000,
          "stddev" : 0.000000,
          "N" : 0
        },
        "lat_ns" : {
          "min" : 0,
          "max" : 0,
          "mean" : 0.000000,
          "stddev" : 0.000000,
          "N" : 0
        },
        "bw_min" : 0,
        "bw_max" : 0,
        "bw_agg" : 0.000000,
        "bw_mean" : 0.000000,
        "bw_dev" : 0.000000,
        "bw_samples" : 0,
        "iops_min" : 0,
        "iops_max" : 0,
        "iops_mean" : 0.000000,
        "iops_stddev" : 0.000000,
        "iops_samples" : 0
      },
      "write" : {
        "io_bytes" : 1534812160,
        "io_kbytes" : 1498840,
        "bw_bytes" : 306778364,
        "bw" : 299588,
        "iops" : 74897.061763,
        "runtime" : 5003,
        "total_ios" : 374710,
        "short_ios" : 0,
        "drop_ios" : 0,
        "slat_ns" : {
          "min" : 546,
          "max" : 25827,
          "mean" : 737.479520,
          "stddev" : 449.175396,
          "N" : 374710
        },
        "clat_ns" : {
          "min" : 1291,
          "max" : 12055284,
          "mean" : 426293.397489,
          "stddev" : 1401772.281609,
          "N" : 374710,
          "percentile" : {
            "1.000000" : 9280,
            "5.000000" : 9536,
            "10.000000" : 9664,
            "20.000000" : 9792,
            "30.000000" : 10304,
            "40.000000" : 10688,
            "50.000000" : 10816,
            "60.000000" : 10944,
            "70.000000" : 11200,
            "80.000000" : 11712,
            "90.000000" : 1187840,
            "95.000000" : 3293184,
            "99.000000" : 7700480,
            "99.500000" : 8716288,
            "99.900000" : 10027008,
            "99.950000" : 10420224,
            "99.990000" : 11206656
          }
        },
        "lat_ns" : {
          "min" : 7837,
          "max" : 12056082,
          "mean" : 427030.877009,
          "stddev" : 1401771.777169,
          "N" : 374710
        },
        "bw_min" : 293696,
        "bw_max" : 323360,
        "bw_agg" : 100.000000,
        "bw_mean" : 299742.400000,
        "bw_dev" : 8582.871874,
        "bw_samples" : 10,
        "iops_min" : 73424,
        "iops_max" : 80840,
        "iops_mean" : 74935.800000,
        "iops_stddev" : 2145.686412,
        "iops_samples" : 10
      },
      "trim" : {
        "io_bytes" : 0,
        "io_kbytes" : 0,
        "bw_bytes" : 0,
        "bw" : 0,
        "iops" : 0.000000,
        "runtime" : 0,
        "total_ios" : 0,
        "short_ios" : 0,
        "drop_ios" : 0,
        "slat_ns" : {
          "min" : 0,
          "max" : 0,
          "mean" : 0.000000,
          "stddev" : 0.000000,
          "N" : 0
        },
        "clat_ns" : {
          "min" : 0,
          "max" : 0,
          "mean" : 0.000000,
          "stddev" : 0.000000,
          "N" : 0
        },
        "lat_ns" : {
          "min" : 0,
          "max" : 0,
          "mean" : 0.000000,
          "stddev" : 0.000000,
          "N" : 0
        },
        "bw_min" : 0,
        "bw_max" : 0,
        "bw_agg" : 0.000000,
        "bw_mean" : 0.000000,
        "bw_dev" : 0.000000,
        "bw_samples" : 0,
        "iops_min" : 0,
        "iops_max" : 0,
        "iops_mean" : 0.000000,
        "iops_stddev" : 0.000000,
        "iops_samples" : 0
      },
      "sync" : {
        "total_ios" : 0,
        "lat_ns" : {
          "min" : 0,
          "max" : 0,
          "mean" : 0.000000,
          "stddev" : 0.000000,
          "N" : 0
        }
      },
      "job_runtime" : 5002,
      "usr_cpu" : 3.798481,
      "sys_cpu" : 12.694922,
      "ctx" : 282874,
      "majf" : 0,
      "minf" : 8,
      "iodepth_level" : {
        "1" : 0.100000,
        "2" : 0.100000,
        "4" : 0.100000,
        "8" : 0.100000,
        "16" : 0.100000,
        "32" : 99.991727,
        ">=64" : 0.000000
      },
      "iodepth_submit" : {
        "0" : 0.000000,
        "4" : 100.000000,
        "8" : 0.000000,
        "16" : 0.000000,
        "32" : 0.000000,
        "64" : 0.000000,
        ">=64" : 0.000000
      },
      "iodepth_complete" : {
        "0" : 0.000000,
        "4" : 99.999733,
        "8" : 0.000000,
        "16" : 0.000000,
        "32" : 0.100000,
        "64" : 0.000000,
        ">=64" : 0.000000
      },
      "latency_ns" : {
        "2" : 0.000000,
        "4" : 0.000000,
        "10" : 0.000000,
        "20" : 0.000000,
        "50" : 0.000000,
        "100" : 0.000000,
        "250" : 0.000000,
        "500" : 0.000000,
        "750" : 0.000000,
        "1000" : 0.000000
      },
      "latency_us" : {
        "2" : 0.010000,
        "4" : 0.010000,
        "10" : 25.725494,
        "20" : 61.394945,
        "50" : 0.349070,
        "100" : 0.010000,
        "250" : 0.013611,
        "500" : 0.596728,
        "750" : 0.655173,
        "1000" : 0.713352
      },
      "latency_ms" : {
        "2" : 2.859011,
        "4" : 3.679379,
        "10" : 3.911291,
        "20" : 0.095807,
        "50" : 0.000000,
        "100" : 0.000000,
        "250" : 0.000000,
        "500" : 0.000000,
        "750" : 0.000000,
        "1000" : 0.000000,
        "2000" : 0.000000,
        ">=2000" : 0.000000
      },
      "latency_depth" : 32,
      "latency_target" : 0,
      "latency_target_ns" : 0,
      "latency_percentile" : 100.000000,
      "latency_window" : 0,
      "latency_window_us" : 0
    }
  ],
  "disk_util" : [
    {
      "name" : "nvme2n1",
      "read_ios" : 48,
      "write_ios" : 363671,
      "read_sectors" : 2088,
      "write_sectors" : 2909368,
      "read_merges" : 0,
      "write_merges" : 0,
      "read_ticks" : 2,
      "write_ticks" : 155836,
      "in_queue" : 155838,
      "util" : 98.218931
    }
  ]
}
