{
  "fio version" : "fio-3.36",
  "timestamp" : 1781330365,
  "timestamp_ms" : 1781330365436,
  "time" : "Sat Jun 13 05:59:25 2026",
  "jobs" : [
    {
      "jobname" : "randomwrite_4k_64",
      "groupid" : 0,
      "job_start" : 1781330360407,
      "error" : 0,
      "eta" : 0,
      "elapsed" : 6,
      "job options" : {
        "name" : "randomwrite_4k_64",
        "filename" : "/dev/nvme3n1",
        "ioengine" : "io_uring",
        "direct" : "1",
        "rw" : "randwrite",
        "bs" : "4k",
        "iodepth" : "64",
        "size" : "3G",
        "runtime" : "5"
      },
      "read" : {
        "io_bytes" : 0,
        "io_kbytes" : 0,
        "bw_bytes" : 0,
        "bw" : 0,
        "iops" : 0.000000,
        "runtime" : 0,
        "total_ios" : 0,
        "short_ios" : 0,
        "drop_ios" : 0,
        "slat_ns" : {
          "min" : 0,
          "max" : 0,
          "mean" : 0.000000,
          "stddev" : 0.000000,
          "N" : 0
        },
        "clat_ns" : {
          "min" : 0,
          "max" : 0,
          "mean" : 0.000000,
          "stddev" : 0.000000,
          "N" : 0
        },
        "lat_ns" : {
          "min" : 0,
          "max" : 0,
          "mean" : 0.000000,
          "stddev" : 0.000000,
          "N" : 0
        },
        "bw_min" : 0,
        "bw_max" : 0,
        "bw_agg" : 0.000000,
        "bw_mean" : 0.000000,
        "bw_dev" : 0.000000,
        "bw_samples" : 0,
        "iops_min" : 0,
        "iops_max" : 0,
        "iops_mean" : 0.000000,
        "iops_stddev" : 0.000000,
        "iops_samples" : 0
      },
      "write" : {
        "io_bytes" : 1532243968,
        "io_kbytes" : 1496332,
        "bw_bytes" : 305654092,
        "bw" : 298490,
        "iops" : 74622.581289,
        "runtime" : 5013,
        "total_ios" : 374083,
        "short_ios" : 0,
        "drop_ios" : 0,
        "slat_ns" : {
          "min" : 649,
          "max" : 165031,
          "mean" : 1033.025839,
          "stddev" : 438.774008,
          "N" : 374083
        },
        "clat_ns" : {
          "min" : 103,
          "max" : 26125614,
          "mean" : 856243.120013,
          "stddev" : 2858841.334687,
          "N" : 374083,
          "percentile" : {
            "1.000000" : 8640,
            "5.000000" : 9152,
            "10.000000" : 9152,
            "20.000000" : 9280,
            "30.000000" : 9408,
            "40.000000" : 9536,
            "50.000000" : 9664,
            "60.000000" : 9792,
            "70.000000" : 10048,
            "80.000000" : 10432,
            "90.000000" : 2277376,
            "95.000000" : 6782976,
            "99.000000" : 15269888,
            "99.500000" : 17956864,
            "99.900000" : 20578304,
            "99.950000" : 21102592,
            "99.990000" : 22151168
          }
        },
        "lat_ns" : {
          "min" : 8796,
          "max" : 26126603,
          "mean" : 857276.145853,
          "stddev" : 2858840.862227,
          "N" : 374083
        },
        "bw_min" : 294904,
        "bw_max" : 305584,
        "bw_agg" : 100.000000,
        "bw_mean" : 299216.000000,
        "bw_dev" : 3357.817280,
        "bw_samples" : 10,
        "iops_min" : 73726,
        "iops_max" : 76396,
        "iops_mean" : 74804.000000,
        "iops_stddev" : 839.454320,
        "iops_samples" : 10
      },
      "trim" : {
        "io_bytes" : 0,
        "io_kbytes" : 0,
        "bw_bytes" : 0,
        "bw" : 0,
        "iops" : 0.000000,
        "runtime" : 0,
        "total_ios" : 0,
        "short_ios" : 0,
        "drop_ios" : 0,
        "slat_ns" : {
          "min" : 0,
          "max" : 0,
          "mean" : 0.000000,
          "stddev" : 0.000000,
          "N" : 0
        },
        "clat_ns" : {
          "min" : 0,
          "max" : 0,
          "mean" : 0.000000,
          "stddev" : 0.000000,
          "N" : 0
        },
        "lat_ns" : {
          "min" : 0,
          "max" : 0,
          "mean" : 0.000000,
          "stddev" : 0.000000,
          "N" : 0
        },
        "bw_min" : 0,
        "bw_max" : 0,
        "bw_agg" : 0.000000,
        "bw_mean" : 0.000000,
        "bw_dev" : 0.000000,
        "bw_samples" : 0,
        "iops_min" : 0,
        "iops_max" : 0,
        "iops_mean" : 0.000000,
        "iops_stddev" : 0.000000,
        "iops_samples" : 0
      },
      "sync" : {
        "total_ios" : 0,
        "lat_ns" : {
          "min" : 0,
          "max" : 0,
          "mean" : 0.000000,
          "stddev" : 0.000000,
          "N" : 0
        }
      },
      "job_runtime" : 5012,
      "usr_cpu" : 3.152434,
      "sys_cpu" : 13.547486,
      "ctx" : 320065,
      "majf" : 0,
      "minf" : 10,
      "iodepth_level" : {
        "1" : 0.100000,
        "2" : 0.100000,
        "4" : 0.100000,
        "8" : 0.100000,
        "16" : 0.100000,
        "32" : 0.100000,
        ">=64" : 99.983159
      },
      "iodepth_submit" : {
        "0" : 0.000000,
        "4" : 100.000000,
        "8" : 0.000000,
        "16" : 0.000000,
        "32" : 0.000000,
        "64" : 0.000000,
        ">=64" : 0.000000
      },
      "iodepth_complete" : {
        "0" : 0.000000,
        "4" : 99.999733,
        "8" : 0.000000,
        "16" : 0.000000,
        "32" : 0.000000,
        "64" : 0.100000,
        ">=64" : 0.000000
      },
      "latency_ns" : {
        "2" : 0.000000,
        "4" : 0.000000,
        "10" : 0.000000,
        "20" : 0.000000,
        "50" : 0.000000,
        "100" : 0.000000,
        "250" : 0.010000,
        "500" : 0.000000,
        "750" : 0.000000,
        "1000" : 0.000000
      },
      "latency_us" : {
        "2" : 0.010000,
        "4" : 0.010000,
        "10" : 69.561568,
        "20" : 17.754883,
        "50" : 0.089552,
        "100" : 0.068701,
        "250" : 0.010000,
        "500" : 0.229094,
        "750" : 0.254489,
        "1000" : 0.301805
      },
      "latency_ms" : {
        "2" : 1.352374,
        "4" : 2.497841,
        "10" : 4.754025,
        "20" : 2.970196,
        "50" : 0.154244,
        "100" : 0.000000,
        "250" : 0.000000,
        "500" : 0.000000,
        "750" : 0.000000,
        "1000" : 0.000000,
        "2000" : 0.000000,
        ">=2000" : 0.000000
      },
      "latency_depth" : 64,
      "latency_target" : 0,
      "latency_percentile" : 100.000000,
      "latency_window" : 0
    }
  ],
  "disk_util" : [
    {
      "name" : "nvme3n1",
      "read_ios" : 48,
      "write_ios" : 366461,
      "read_sectors" : 2088,
      "write_sectors" : 2931688,
      "read_merges" : 0,
      "write_merges" : 0,
      "read_ticks" : 2,
      "write_ticks" : 312513,
      "in_queue" : 312515,
      "util" : 98.138883
    }
  ]
}
