{
  "fio version" : "fio-3.42-31-g6a66",
  "timestamp" : 1781281005,
  "timestamp_ms" : 1781281005584,
  "time" : "Fri Jun 12 16:16:45 2026",
  "jobs" : [
    {
      "jobname" : "randomwrite_4k_8",
      "groupid" : 0,
      "job_start" : 1781281000435,
      "error" : 0,
      "eta" : 0,
      "elapsed" : 6,
      "job options" : {
        "name" : "randomwrite_4k_8",
        "filename" : "/dev/nvme2n1",
        "ioengine" : "io_uring",
        "direct" : "1",
        "group_reporting" : "",
        "rw" : "randwrite",
        "bs" : "4k",
        "iodepth" : "8",
        "size" : "3G",
        "time_based" : "",
        "runtime" : "5"
      },
      "read" : {
        "io_bytes" : 0,
        "io_kbytes" : 0,
        "bw_bytes" : 0,
        "bw" : 0,
        "iops" : 0.000000,
        "runtime" : 0,
        "total_ios" : 0,
        "short_ios" : 0,
        "drop_ios" : 0,
        "slat_ns" : {
          "min" : 0,
          "max" : 0,
          "mean" : 0.000000,
          "stddev" : 0.000000,
          "N" : 0
        },
        "clat_ns" : {
          "min" : 0,
          "max" : 0,
          "mean" : 0.000000,
          "stddev" : 0.000000,
          "N" : 0
        },
        "lat_ns" : {
          "min" : 0,
          "max" : 0,
          "mean" : 0.000000,
          "stddev" : 0.000000,
          "N" : 0
        },
        "bw_min" : 0,
        "bw_max" : 0,
        "bw_agg" : 0.000000,
        "bw_mean" : 0.000000,
        "bw_dev" : 0.000000,
        "bw_samples" : 0,
        "iops_min" : 0,
        "iops_max" : 0,
        "iops_mean" : 0.000000,
        "iops_stddev" : 0.000000,
        "iops_samples" : 0
      },
      "write" : {
        "io_bytes" : 1499430912,
        "io_kbytes" : 1464288,
        "bw_bytes" : 299826217,
        "bw" : 292799,
        "iops" : 73199.760048,
        "runtime" : 5001,
        "total_ios" : 366072,
        "short_ios" : 0,
        "drop_ios" : 0,
        "slat_ns" : {
          "min" : 545,
          "max" : 39274,
          "mean" : 758.535911,
          "stddev" : 503.885029,
          "N" : 366072
        },
        "clat_ns" : {
          "min" : 2738,
          "max" : 3119910,
          "mean" : 108344.368266,
          "stddev" : 301805.577831,
          "N" : 366072,
          "percentile" : {
            "1.000000" : 8256,
            "5.000000" : 8512,
            "10.000000" : 8640,
            "20.000000" : 8768,
            "30.000000" : 9024,
            "40.000000" : 9280,
            "50.000000" : 9536,
            "60.000000" : 9664,
            "70.000000" : 10048,
            "80.000000" : 10560,
            "90.000000" : 399360,
            "95.000000" : 831488,
            "99.000000" : 1482752,
            "99.500000" : 1695744,
            "99.900000" : 2088960,
            "99.950000" : 2244608,
            "99.990000" : 2539520
          }
        },
        "lat_ns" : {
          "min" : 8012,
          "max" : 3120646,
          "mean" : 109102.904177,
          "stddev" : 301806.321618,
          "N" : 366072
        },
        "bw_min" : 273528,
        "bw_max" : 421472,
        "bw_agg" : 100.000000,
        "bw_mean" : 292857.600000,
        "bw_dev" : 45335.595049,
        "bw_samples" : 10,
        "iops_min" : 68382,
        "iops_max" : 105368,
        "iops_mean" : 73214.400000,
        "iops_stddev" : 11333.898762,
        "iops_samples" : 10
      },
      "trim" : {
        "io_bytes" : 0,
        "io_kbytes" : 0,
        "bw_bytes" : 0,
        "bw" : 0,
        "iops" : 0.000000,
        "runtime" : 0,
        "total_ios" : 0,
        "short_ios" : 0,
        "drop_ios" : 0,
        "slat_ns" : {
          "min" : 0,
          "max" : 0,
          "mean" : 0.000000,
          "stddev" : 0.000000,
          "N" : 0
        },
        "clat_ns" : {
          "min" : 0,
          "max" : 0,
          "mean" : 0.000000,
          "stddev" : 0.000000,
          "N" : 0
        },
        "lat_ns" : {
          "min" : 0,
          "max" : 0,
          "mean" : 0.000000,
          "stddev" : 0.000000,
          "N" : 0
        },
        "bw_min" : 0,
        "bw_max" : 0,
        "bw_agg" : 0.000000,
        "bw_mean" : 0.000000,
        "bw_dev" : 0.000000,
        "bw_samples" : 0,
        "iops_min" : 0,
        "iops_max" : 0,
        "iops_mean" : 0.000000,
        "iops_stddev" : 0.000000,
        "iops_samples" : 0
      },
      "sync" : {
        "total_ios" : 0,
        "lat_ns" : {
          "min" : 0,
          "max" : 0,
          "mean" : 0.000000,
          "stddev" : 0.000000,
          "N" : 0
        }
      },
      "job_runtime" : 5000,
      "usr_cpu" : 3.720000,
      "sys_cpu" : 12.900000,
      "ctx" : 284161,
      "majf" : 0,
      "minf" : 7,
      "iodepth_level" : {
        "1" : 0.100000,
        "2" : 0.100000,
        "4" : 0.100000,
        "8" : 99.998088,
        "16" : 0.000000,
        "32" : 0.000000,
        ">=64" : 0.000000
      },
      "iodepth_submit" : {
        "0" : 0.000000,
        "4" : 100.000000,
        "8" : 0.000000,
        "16" : 0.000000,
        "32" : 0.000000,
        "64" : 0.000000,
        ">=64" : 0.000000
      },
      "iodepth_complete" : {
        "0" : 0.000000,
        "4" : 99.999727,
        "8" : 0.100000,
        "16" : 0.000000,
        "32" : 0.000000,
        "64" : 0.000000,
        ">=64" : 0.000000
      },
      "latency_ns" : {
        "2" : 0.000000,
        "4" : 0.000000,
        "10" : 0.000000,
        "20" : 0.000000,
        "50" : 0.000000,
        "100" : 0.000000,
        "250" : 0.000000,
        "500" : 0.000000,
        "750" : 0.000000,
        "1000" : 0.000000
      },
      "latency_us" : {
        "2" : 0.000000,
        "4" : 0.010000,
        "10" : 69.604067,
        "20" : 17.653904,
        "50" : 0.213073,
        "100" : 0.010927,
        "250" : 0.074849,
        "500" : 3.686160,
        "750" : 2.890415,
        "1000" : 2.317031
      },
      "latency_ms" : {
        "2" : 3.407526,
        "4" : 0.141775,
        "10" : 0.000000,
        "20" : 0.000000,
        "50" : 0.000000,
        "100" : 0.000000,
        "250" : 0.000000,
        "500" : 0.000000,
        "750" : 0.000000,
        "1000" : 0.000000,
        "2000" : 0.000000,
        ">=2000" : 0.000000
      },
      "latency_depth" : 8,
      "latency_target" : 0,
      "latency_target_ns" : 0,
      "latency_percentile" : 100.000000,
      "latency_window" : 0,
      "latency_window_us" : 0
    }
  ],
  "disk_util" : [
    {
      "name" : "nvme2n1",
      "read_ios" : 48,
      "write_ios" : 354521,
      "read_sectors" : 2088,
      "write_sectors" : 2836168,
      "read_merges" : 0,
      "write_merges" : 0,
      "read_ticks" : 2,
      "write_ticks" : 38387,
      "in_queue" : 38390,
      "util" : 98.218931
    }
  ]
}
