{
  "fio version" : "fio-3.36",
  "timestamp" : 1781330349,
  "timestamp_ms" : 1781330349634,
  "time" : "Sat Jun 13 05:59:09 2026",
  "jobs" : [
    {
      "jobname" : "randomwrite_4k_8",
      "groupid" : 0,
      "job_start" : 1781330344615,
      "error" : 0,
      "eta" : 0,
      "elapsed" : 6,
      "job options" : {
        "name" : "randomwrite_4k_8",
        "filename" : "/dev/nvme3n1",
        "ioengine" : "io_uring",
        "direct" : "1",
        "rw" : "randwrite",
        "bs" : "4k",
        "iodepth" : "8",
        "size" : "3G",
        "runtime" : "5"
      },
      "read" : {
        "io_bytes" : 0,
        "io_kbytes" : 0,
        "bw_bytes" : 0,
        "bw" : 0,
        "iops" : 0.000000,
        "runtime" : 0,
        "total_ios" : 0,
        "short_ios" : 0,
        "drop_ios" : 0,
        "slat_ns" : {
          "min" : 0,
          "max" : 0,
          "mean" : 0.000000,
          "stddev" : 0.000000,
          "N" : 0
        },
        "clat_ns" : {
          "min" : 0,
          "max" : 0,
          "mean" : 0.000000,
          "stddev" : 0.000000,
          "N" : 0
        },
        "lat_ns" : {
          "min" : 0,
          "max" : 0,
          "mean" : 0.000000,
          "stddev" : 0.000000,
          "N" : 0
        },
        "bw_min" : 0,
        "bw_max" : 0,
        "bw_agg" : 0.000000,
        "bw_mean" : 0.000000,
        "bw_dev" : 0.000000,
        "bw_samples" : 0,
        "iops_min" : 0,
        "iops_max" : 0,
        "iops_mean" : 0.000000,
        "iops_stddev" : 0.000000,
        "iops_samples" : 0
      },
      "write" : {
        "io_bytes" : 1477799936,
        "io_kbytes" : 1443164,
        "bw_bytes" : 295500887,
        "bw" : 288575,
        "iops" : 72143.771246,
        "runtime" : 5001,
        "total_ios" : 360791,
        "short_ios" : 0,
        "drop_ios" : 0,
        "slat_ns" : {
          "min" : 627,
          "max" : 108985,
          "mean" : 943.375270,
          "stddev" : 305.732089,
          "N" : 360791
        },
        "clat_ns" : {
          "min" : 66,
          "max" : 3101032,
          "mean" : 109778.590076,
          "stddev" : 310623.249389,
          "N" : 360791,
          "percentile" : {
            "1.000000" : 7520,
            "5.000000" : 7712,
            "10.000000" : 7776,
            "20.000000" : 7840,
            "30.000000" : 7840,
            "40.000000" : 7904,
            "50.000000" : 7968,
            "60.000000" : 8096,
            "70.000000" : 8256,
            "80.000000" : 8640,
            "90.000000" : 407552,
            "95.000000" : 856064,
            "99.000000" : 1515520,
            "99.500000" : 1728512,
            "99.900000" : 2113536,
            "99.950000" : 2277376,
            "99.990000" : 2605056
          }
        },
        "lat_ns" : {
          "min" : 7571,
          "max" : 3101898,
          "mean" : 110721.965346,
          "stddev" : 310622.605749,
          "N" : 360791
        },
        "bw_min" : 271952,
        "bw_max" : 284104,
        "bw_agg" : 95.728639,
        "bw_mean" : 276249.777778,
        "bw_dev" : 3464.939313,
        "bw_samples" : 9,
        "iops_min" : 67988,
        "iops_max" : 71026,
        "iops_mean" : 69062.444444,
        "iops_stddev" : 866.234828,
        "iops_samples" : 9
      },
      "trim" : {
        "io_bytes" : 0,
        "io_kbytes" : 0,
        "bw_bytes" : 0,
        "bw" : 0,
        "iops" : 0.000000,
        "runtime" : 0,
        "total_ios" : 0,
        "short_ios" : 0,
        "drop_ios" : 0,
        "slat_ns" : {
          "min" : 0,
          "max" : 0,
          "mean" : 0.000000,
          "stddev" : 0.000000,
          "N" : 0
        },
        "clat_ns" : {
          "min" : 0,
          "max" : 0,
          "mean" : 0.000000,
          "stddev" : 0.000000,
          "N" : 0
        },
        "lat_ns" : {
          "min" : 0,
          "max" : 0,
          "mean" : 0.000000,
          "stddev" : 0.000000,
          "N" : 0
        },
        "bw_min" : 0,
        "bw_max" : 0,
        "bw_agg" : 0.000000,
        "bw_mean" : 0.000000,
        "bw_dev" : 0.000000,
        "bw_samples" : 0,
        "iops_min" : 0,
        "iops_max" : 0,
        "iops_mean" : 0.000000,
        "iops_stddev" : 0.000000,
        "iops_samples" : 0
      },
      "sync" : {
        "total_ios" : 0,
        "lat_ns" : {
          "min" : 0,
          "max" : 0,
          "mean" : 0.000000,
          "stddev" : 0.000000,
          "N" : 0
        }
      },
      "job_runtime" : 5000,
      "usr_cpu" : 2.980000,
      "sys_cpu" : 11.900000,
      "ctx" : 302071,
      "majf" : 0,
      "minf" : 9,
      "iodepth_level" : {
        "1" : 0.100000,
        "2" : 0.100000,
        "4" : 0.100000,
        "8" : 99.998060,
        "16" : 0.000000,
        "32" : 0.000000,
        ">=64" : 0.000000
      },
      "iodepth_submit" : {
        "0" : 0.000000,
        "4" : 100.000000,
        "8" : 0.000000,
        "16" : 0.000000,
        "32" : 0.000000,
        "64" : 0.000000,
        ">=64" : 0.000000
      },
      "iodepth_complete" : {
        "0" : 0.000000,
        "4" : 99.999723,
        "8" : 0.100000,
        "16" : 0.000000,
        "32" : 0.000000,
        "64" : 0.000000,
        ">=64" : 0.000000
      },
      "latency_ns" : {
        "2" : 0.000000,
        "4" : 0.000000,
        "10" : 0.000000,
        "20" : 0.000000,
        "50" : 0.000000,
        "100" : 0.010000,
        "250" : 0.010000,
        "500" : 0.000000,
        "750" : 0.000000,
        "1000" : 0.000000
      },
      "latency_us" : {
        "2" : 0.010000,
        "4" : 0.010000,
        "10" : 87.045409,
        "20" : 0.382493,
        "50" : 0.017739,
        "100" : 0.036309,
        "250" : 0.072341,
        "500" : 3.568825,
        "750" : 2.803285,
        "1000" : 2.264192
      },
      "latency_ms" : {
        "2" : 3.638672,
        "4" : 0.168519,
        "10" : 0.000000,
        "20" : 0.000000,
        "50" : 0.000000,
        "100" : 0.000000,
        "250" : 0.000000,
        "500" : 0.000000,
        "750" : 0.000000,
        "1000" : 0.000000,
        "2000" : 0.000000,
        ">=2000" : 0.000000
      },
      "latency_depth" : 8,
      "latency_target" : 0,
      "latency_percentile" : 100.000000,
      "latency_window" : 0
    }
  ],
  "disk_util" : [
    {
      "name" : "nvme3n1",
      "read_ios" : 48,
      "write_ios" : 348061,
      "read_sectors" : 2088,
      "write_sectors" : 2784488,
      "read_merges" : 0,
      "write_merges" : 0,
      "read_ticks" : 2,
      "write_ticks" : 38518,
      "in_queue" : 38521,
      "util" : 98.199280
    }
  ]
}
