{
  "fio version" : "fio-3.36",
  "timestamp" : 1781330544,
  "timestamp_ms" : 1781330544755,
  "time" : "Sat Jun 13 06:02:24 2026",
  "jobs" : [
    {
      "jobname" : "randomwrite_64k_16",
      "groupid" : 0,
      "job_start" : 1781330539735,
      "error" : 0,
      "eta" : 0,
      "elapsed" : 6,
      "job options" : {
        "name" : "randomwrite_64k_16",
        "filename" : "/dev/nvme3n1",
        "ioengine" : "io_uring",
        "direct" : "1",
        "rw" : "randwrite",
        "bs" : "64k",
        "iodepth" : "16",
        "size" : "3G",
        "runtime" : "5"
      },
      "read" : {
        "io_bytes" : 0,
        "io_kbytes" : 0,
        "bw_bytes" : 0,
        "bw" : 0,
        "iops" : 0.000000,
        "runtime" : 0,
        "total_ios" : 0,
        "short_ios" : 0,
        "drop_ios" : 0,
        "slat_ns" : {
          "min" : 0,
          "max" : 0,
          "mean" : 0.000000,
          "stddev" : 0.000000,
          "N" : 0
        },
        "clat_ns" : {
          "min" : 0,
          "max" : 0,
          "mean" : 0.000000,
          "stddev" : 0.000000,
          "N" : 0
        },
        "lat_ns" : {
          "min" : 0,
          "max" : 0,
          "mean" : 0.000000,
          "stddev" : 0.000000,
          "N" : 0
        },
        "bw_min" : 0,
        "bw_max" : 0,
        "bw_agg" : 0.000000,
        "bw_mean" : 0.000000,
        "bw_dev" : 0.000000,
        "bw_samples" : 0,
        "iops_min" : 0,
        "iops_max" : 0,
        "iops_mean" : 0.000000,
        "iops_stddev" : 0.000000,
        "iops_samples" : 0
      },
      "write" : {
        "io_bytes" : 552206336,
        "io_kbytes" : 539264,
        "bw_bytes" : 110286865,
        "bw" : 107702,
        "iops" : 1682.844018,
        "runtime" : 5007,
        "total_ios" : 8426,
        "short_ios" : 0,
        "drop_ios" : 0,
        "slat_ns" : {
          "min" : 1661,
          "max" : 44616,
          "mean" : 4381.671018,
          "stddev" : 3052.931927,
          "N" : 8426
        },
        "clat_ns" : {
          "min" : 31384,
          "max" : 15395545,
          "mean" : 9501307.260147,
          "stddev" : 2851523.975903,
          "N" : 8426,
          "percentile" : {
            "1.000000" : 33024,
            "5.000000" : 33536,
            "10.000000" : 7831552,
            "20.000000" : 8978432,
            "30.000000" : 9371648,
            "40.000000" : 9764864,
            "50.000000" : 10158080,
            "60.000000" : 10420224,
            "70.000000" : 10813440,
            "80.000000" : 11206656,
            "90.000000" : 11730944,
            "95.000000" : 12124160,
            "99.000000" : 12910592,
            "99.500000" : 13172736,
            "99.900000" : 13828096,
            "99.950000" : 14352384,
            "99.990000" : 15400960
          }
        },
        "lat_ns" : {
          "min" : 34903,
          "max" : 15397880,
          "mean" : 9505688.931165,
          "stddev" : 2851544.707550,
          "N" : 8426
        },
        "bw_min" : 102912,
        "bw_max" : 115072,
        "bw_agg" : 99.960988,
        "bw_mean" : 107660.800000,
        "bw_dev" : 3191.997104,
        "bw_samples" : 10,
        "iops_min" : 1608,
        "iops_max" : 1798,
        "iops_mean" : 1682.200000,
        "iops_stddev" : 49.874955,
        "iops_samples" : 10
      },
      "trim" : {
        "io_bytes" : 0,
        "io_kbytes" : 0,
        "bw_bytes" : 0,
        "bw" : 0,
        "iops" : 0.000000,
        "runtime" : 0,
        "total_ios" : 0,
        "short_ios" : 0,
        "drop_ios" : 0,
        "slat_ns" : {
          "min" : 0,
          "max" : 0,
          "mean" : 0.000000,
          "stddev" : 0.000000,
          "N" : 0
        },
        "clat_ns" : {
          "min" : 0,
          "max" : 0,
          "mean" : 0.000000,
          "stddev" : 0.000000,
          "N" : 0
        },
        "lat_ns" : {
          "min" : 0,
          "max" : 0,
          "mean" : 0.000000,
          "stddev" : 0.000000,
          "N" : 0
        },
        "bw_min" : 0,
        "bw_max" : 0,
        "bw_agg" : 0.000000,
        "bw_mean" : 0.000000,
        "bw_dev" : 0.000000,
        "bw_samples" : 0,
        "iops_min" : 0,
        "iops_max" : 0,
        "iops_mean" : 0.000000,
        "iops_stddev" : 0.000000,
        "iops_samples" : 0
      },
      "sync" : {
        "total_ios" : 0,
        "lat_ns" : {
          "min" : 0,
          "max" : 0,
          "mean" : 0.000000,
          "stddev" : 0.000000,
          "N" : 0
        }
      },
      "job_runtime" : 5006,
      "usr_cpu" : 0.519377,
      "sys_cpu" : 0.779065,
      "ctx" : 8389,
      "majf" : 0,
      "minf" : 8,
      "iodepth_level" : {
        "1" : 0.100000,
        "2" : 0.100000,
        "4" : 0.100000,
        "8" : 0.100000,
        "16" : 99.821980,
        "32" : 0.000000,
        ">=64" : 0.000000
      },
      "iodepth_submit" : {
        "0" : 0.000000,
        "4" : 100.000000,
        "8" : 0.000000,
        "16" : 0.000000,
        "32" : 0.000000,
        "64" : 0.000000,
        ">=64" : 0.000000
      },
      "iodepth_complete" : {
        "0" : 0.000000,
        "4" : 99.988112,
        "8" : 0.000000,
        "16" : 0.100000,
        "32" : 0.000000,
        "64" : 0.000000,
        ">=64" : 0.000000
      },
      "latency_ns" : {
        "2" : 0.000000,
        "4" : 0.000000,
        "10" : 0.000000,
        "20" : 0.000000,
        "50" : 0.000000,
        "100" : 0.000000,
        "250" : 0.000000,
        "500" : 0.000000,
        "750" : 0.000000,
        "1000" : 0.000000
      },
      "latency_us" : {
        "2" : 0.000000,
        "4" : 0.000000,
        "10" : 0.000000,
        "20" : 0.000000,
        "50" : 6.871588,
        "100" : 0.035604,
        "250" : 0.011868,
        "500" : 0.011868,
        "750" : 0.023736,
        "1000" : 0.000000
      },
      "latency_ms" : {
        "2" : 0.011868,
        "4" : 0.035604,
        "10" : 38.962734,
        "20" : 54.035129,
        "50" : 0.000000,
        "100" : 0.000000,
        "250" : 0.000000,
        "500" : 0.000000,
        "750" : 0.000000,
        "1000" : 0.000000,
        "2000" : 0.000000,
        ">=2000" : 0.000000
      },
      "latency_depth" : 16,
      "latency_target" : 0,
      "latency_percentile" : 100.000000,
      "latency_window" : 0
    }
  ],
  "disk_util" : [
    {
      "name" : "nvme3n1",
      "read_ios" : 48,
      "write_ios" : 8177,
      "read_sectors" : 2088,
      "write_sectors" : 1046656,
      "read_merges" : 0,
      "write_merges" : 0,
      "read_ticks" : 2,
      "write_ticks" : 78252,
      "in_queue" : 78254,
      "util" : 98.138883
    }
  ]
}
