{
  "fio version" : "fio-3.42-31-g6a66",
  "timestamp" : 1781281210,
  "timestamp_ms" : 1781281210257,
  "time" : "Fri Jun 12 16:20:10 2026",
  "jobs" : [
    {
      "jobname" : "randomwrite_64k_32",
      "groupid" : 0,
      "job_start" : 1781281205109,
      "error" : 0,
      "eta" : 0,
      "elapsed" : 6,
      "job options" : {
        "name" : "randomwrite_64k_32",
        "filename" : "/dev/nvme2n1",
        "ioengine" : "io_uring",
        "direct" : "1",
        "group_reporting" : "",
        "rw" : "randwrite",
        "bs" : "64k",
        "iodepth" : "32",
        "size" : "3G",
        "time_based" : "",
        "runtime" : "5"
      },
      "read" : {
        "io_bytes" : 0,
        "io_kbytes" : 0,
        "bw_bytes" : 0,
        "bw" : 0,
        "iops" : 0.000000,
        "runtime" : 0,
        "total_ios" : 0,
        "short_ios" : 0,
        "drop_ios" : 0,
        "slat_ns" : {
          "min" : 0,
          "max" : 0,
          "mean" : 0.000000,
          "stddev" : 0.000000,
          "N" : 0
        },
        "clat_ns" : {
          "min" : 0,
          "max" : 0,
          "mean" : 0.000000,
          "stddev" : 0.000000,
          "N" : 0
        },
        "lat_ns" : {
          "min" : 0,
          "max" : 0,
          "mean" : 0.000000,
          "stddev" : 0.000000,
          "N" : 0
        },
        "bw_min" : 0,
        "bw_max" : 0,
        "bw_agg" : 0.000000,
        "bw_mean" : 0.000000,
        "bw_dev" : 0.000000,
        "bw_samples" : 0,
        "iops_min" : 0,
        "iops_max" : 0,
        "iops_mean" : 0.000000,
        "iops_stddev" : 0.000000,
        "iops_samples" : 0
      },
      "write" : {
        "io_bytes" : 537919488,
        "io_kbytes" : 525312,
        "bw_bytes" : 107133935,
        "bw" : 104622,
        "iops" : 1634.734117,
        "runtime" : 5021,
        "total_ios" : 8208,
        "short_ios" : 0,
        "drop_ios" : 0,
        "slat_ns" : {
          "min" : 1420,
          "max" : 33113,
          "mean" : 3555.497076,
          "stddev" : 3550.210878,
          "N" : 8208
        },
        "clat_ns" : {
          "min" : 35345,
          "max" : 42538938,
          "mean" : 19565034.149610,
          "stddev" : 4306427.737159,
          "N" : 8208,
          "percentile" : {
            "1.000000" : 36608,
            "5.000000" : 16580608,
            "10.000000" : 17956864,
            "20.000000" : 19005440,
            "30.000000" : 19529728,
            "40.000000" : 20054016,
            "50.000000" : 20316160,
            "60.000000" : 20578304,
            "70.000000" : 21102592,
            "80.000000" : 21626880,
            "90.000000" : 22151168,
            "95.000000" : 22675456,
            "99.000000" : 23724032,
            "99.500000" : 24248320,
            "99.900000" : 36438016,
            "99.950000" : 39583744,
            "99.990000" : 42729472
          }
        },
        "lat_ns" : {
          "min" : 37115,
          "max" : 42549767,
          "mean" : 19568589.646686,
          "stddev" : 4306427.621040,
          "N" : 8208
        },
        "bw_min" : 100224,
        "bw_max" : 107520,
        "bw_agg" : 100.000000,
        "bw_mean" : 104665.600000,
        "bw_dev" : 2141.892165,
        "bw_samples" : 10,
        "iops_min" : 1566,
        "iops_max" : 1680,
        "iops_mean" : 1635.400000,
        "iops_stddev" : 33.467065,
        "iops_samples" : 10
      },
      "trim" : {
        "io_bytes" : 0,
        "io_kbytes" : 0,
        "bw_bytes" : 0,
        "bw" : 0,
        "iops" : 0.000000,
        "runtime" : 0,
        "total_ios" : 0,
        "short_ios" : 0,
        "drop_ios" : 0,
        "slat_ns" : {
          "min" : 0,
          "max" : 0,
          "mean" : 0.000000,
          "stddev" : 0.000000,
          "N" : 0
        },
        "clat_ns" : {
          "min" : 0,
          "max" : 0,
          "mean" : 0.000000,
          "stddev" : 0.000000,
          "N" : 0
        },
        "lat_ns" : {
          "min" : 0,
          "max" : 0,
          "mean" : 0.000000,
          "stddev" : 0.000000,
          "N" : 0
        },
        "bw_min" : 0,
        "bw_max" : 0,
        "bw_agg" : 0.000000,
        "bw_mean" : 0.000000,
        "bw_dev" : 0.000000,
        "bw_samples" : 0,
        "iops_min" : 0,
        "iops_max" : 0,
        "iops_mean" : 0.000000,
        "iops_stddev" : 0.000000,
        "iops_samples" : 0
      },
      "sync" : {
        "total_ios" : 0,
        "lat_ns" : {
          "min" : 0,
          "max" : 0,
          "mean" : 0.000000,
          "stddev" : 0.000000,
          "N" : 0
        }
      },
      "job_runtime" : 5020,
      "usr_cpu" : 0.398406,
      "sys_cpu" : 0.936255,
      "ctx" : 8121,
      "majf" : 0,
      "minf" : 8,
      "iodepth_level" : {
        "1" : 0.100000,
        "2" : 0.100000,
        "4" : 0.100000,
        "8" : 0.100000,
        "16" : 0.194932,
        "32" : 99.622320,
        ">=64" : 0.000000
      },
      "iodepth_submit" : {
        "0" : 0.000000,
        "4" : 100.000000,
        "8" : 0.000000,
        "16" : 0.000000,
        "32" : 0.000000,
        "64" : 0.000000,
        ">=64" : 0.000000
      },
      "iodepth_complete" : {
        "0" : 0.000000,
        "4" : 99.987772,
        "8" : 0.000000,
        "16" : 0.000000,
        "32" : 0.100000,
        "64" : 0.000000,
        ">=64" : 0.000000
      },
      "latency_ns" : {
        "2" : 0.000000,
        "4" : 0.000000,
        "10" : 0.000000,
        "20" : 0.000000,
        "50" : 0.000000,
        "100" : 0.000000,
        "250" : 0.000000,
        "500" : 0.000000,
        "750" : 0.000000,
        "1000" : 0.000000
      },
      "latency_us" : {
        "2" : 0.000000,
        "4" : 0.000000,
        "10" : 0.000000,
        "20" : 0.000000,
        "50" : 3.667154,
        "100" : 0.134016,
        "250" : 0.060916,
        "500" : 0.000000,
        "750" : 0.012183,
        "1000" : 0.000000
      },
      "latency_ms" : {
        "2" : 0.012183,
        "4" : 0.048733,
        "10" : 0.170565,
        "20" : 37.049220,
        "50" : 58.845029,
        "100" : 0.000000,
        "250" : 0.000000,
        "500" : 0.000000,
        "750" : 0.000000,
        "1000" : 0.000000,
        "2000" : 0.000000,
        ">=2000" : 0.000000
      },
      "latency_depth" : 32,
      "latency_target" : 0,
      "latency_target_ns" : 0,
      "latency_percentile" : 100.000000,
      "latency_window" : 0,
      "latency_window_us" : 0
    }
  ],
  "disk_util" : [
    {
      "name" : "nvme2n1",
      "read_ios" : 48,
      "write_ios" : 8019,
      "read_sectors" : 2088,
      "write_sectors" : 1026432,
      "read_merges" : 0,
      "write_merges" : 0,
      "read_ticks" : 1,
      "write_ticks" : 156386,
      "in_queue" : 156388,
      "util" : 98.238591
    }
  ]
}
