{
  "fio version" : "fio-3.42-31-g6a66",
  "timestamp" : 1781281204,
  "timestamp_ms" : 1781281204871,
  "time" : "Fri Jun 12 16:20:04 2026",
  "jobs" : [
    {
      "jobname" : "randomwrite_64k_16",
      "groupid" : 0,
      "job_start" : 1781281199722,
      "error" : 0,
      "eta" : 0,
      "elapsed" : 6,
      "job options" : {
        "name" : "randomwrite_64k_16",
        "filename" : "/dev/nvme2n1",
        "ioengine" : "io_uring",
        "direct" : "1",
        "group_reporting" : "",
        "rw" : "randwrite",
        "bs" : "64k",
        "iodepth" : "16",
        "size" : "3G",
        "time_based" : "",
        "runtime" : "5"
      },
      "read" : {
        "io_bytes" : 0,
        "io_kbytes" : 0,
        "bw_bytes" : 0,
        "bw" : 0,
        "iops" : 0.000000,
        "runtime" : 0,
        "total_ios" : 0,
        "short_ios" : 0,
        "drop_ios" : 0,
        "slat_ns" : {
          "min" : 0,
          "max" : 0,
          "mean" : 0.000000,
          "stddev" : 0.000000,
          "N" : 0
        },
        "clat_ns" : {
          "min" : 0,
          "max" : 0,
          "mean" : 0.000000,
          "stddev" : 0.000000,
          "N" : 0
        },
        "lat_ns" : {
          "min" : 0,
          "max" : 0,
          "mean" : 0.000000,
          "stddev" : 0.000000,
          "N" : 0
        },
        "bw_min" : 0,
        "bw_max" : 0,
        "bw_agg" : 0.000000,
        "bw_mean" : 0.000000,
        "bw_dev" : 0.000000,
        "bw_samples" : 0,
        "iops_min" : 0,
        "iops_max" : 0,
        "iops_mean" : 0.000000,
        "iops_stddev" : 0.000000,
        "iops_samples" : 0
      },
      "write" : {
        "io_bytes" : 550699008,
        "io_kbytes" : 537792,
        "bw_bytes" : 109985821,
        "bw" : 107408,
        "iops" : 1678.250449,
        "runtime" : 5007,
        "total_ios" : 8403,
        "short_ios" : 0,
        "drop_ios" : 0,
        "slat_ns" : {
          "min" : 1528,
          "max" : 29555,
          "mean" : 3557.770320,
          "stddev" : 3349.667728,
          "N" : 8403
        },
        "clat_ns" : {
          "min" : 34118,
          "max" : 14832903,
          "mean" : 9527480.194097,
          "stddev" : 1717148.425980,
          "N" : 8403,
          "percentile" : {
            "1.000000" : 36096,
            "5.000000" : 7634944,
            "10.000000" : 8224768,
            "20.000000" : 8847360,
            "30.000000" : 9109504,
            "40.000000" : 9371648,
            "50.000000" : 9633792,
            "60.000000" : 10027008,
            "70.000000" : 10289152,
            "80.000000" : 10682368,
            "90.000000" : 11075584,
            "95.000000" : 11468800,
            "99.000000" : 11993088,
            "99.500000" : 12255232,
            "99.900000" : 12648448,
            "99.950000" : 13172736,
            "99.990000" : 14876672
          }
        },
        "lat_ns" : {
          "min" : 36768,
          "max" : 14834589,
          "mean" : 9531037.964417,
          "stddev" : 1717115.783121,
          "N" : 8403
        },
        "bw_min" : 102656,
        "bw_max" : 111104,
        "bw_agg" : 99.960870,
        "bw_mean" : 107366.400000,
        "bw_dev" : 2827.483656,
        "bw_samples" : 10,
        "iops_min" : 1604,
        "iops_max" : 1736,
        "iops_mean" : 1677.600000,
        "iops_stddev" : 44.179432,
        "iops_samples" : 10
      },
      "trim" : {
        "io_bytes" : 0,
        "io_kbytes" : 0,
        "bw_bytes" : 0,
        "bw" : 0,
        "iops" : 0.000000,
        "runtime" : 0,
        "total_ios" : 0,
        "short_ios" : 0,
        "drop_ios" : 0,
        "slat_ns" : {
          "min" : 0,
          "max" : 0,
          "mean" : 0.000000,
          "stddev" : 0.000000,
          "N" : 0
        },
        "clat_ns" : {
          "min" : 0,
          "max" : 0,
          "mean" : 0.000000,
          "stddev" : 0.000000,
          "N" : 0
        },
        "lat_ns" : {
          "min" : 0,
          "max" : 0,
          "mean" : 0.000000,
          "stddev" : 0.000000,
          "N" : 0
        },
        "bw_min" : 0,
        "bw_max" : 0,
        "bw_agg" : 0.000000,
        "bw_mean" : 0.000000,
        "bw_dev" : 0.000000,
        "bw_samples" : 0,
        "iops_min" : 0,
        "iops_max" : 0,
        "iops_mean" : 0.000000,
        "iops_stddev" : 0.000000,
        "iops_samples" : 0
      },
      "sync" : {
        "total_ios" : 0,
        "lat_ns" : {
          "min" : 0,
          "max" : 0,
          "mean" : 0.000000,
          "stddev" : 0.000000,
          "N" : 0
        }
      },
      "job_runtime" : 5006,
      "usr_cpu" : 0.679185,
      "sys_cpu" : 0.599281,
      "ctx" : 8293,
      "majf" : 0,
      "minf" : 7,
      "iodepth_level" : {
        "1" : 0.100000,
        "2" : 0.100000,
        "4" : 0.100000,
        "8" : 0.100000,
        "16" : 99.821492,
        "32" : 0.000000,
        ">=64" : 0.000000
      },
      "iodepth_submit" : {
        "0" : 0.000000,
        "4" : 100.000000,
        "8" : 0.000000,
        "16" : 0.000000,
        "32" : 0.000000,
        "64" : 0.000000,
        ">=64" : 0.000000
      },
      "iodepth_complete" : {
        "0" : 0.000000,
        "4" : 99.988080,
        "8" : 0.000000,
        "16" : 0.100000,
        "32" : 0.000000,
        "64" : 0.000000,
        ">=64" : 0.000000
      },
      "latency_ns" : {
        "2" : 0.000000,
        "4" : 0.000000,
        "10" : 0.000000,
        "20" : 0.000000,
        "50" : 0.000000,
        "100" : 0.000000,
        "250" : 0.000000,
        "500" : 0.000000,
        "750" : 0.000000,
        "1000" : 0.000000
      },
      "latency_us" : {
        "2" : 0.000000,
        "4" : 0.000000,
        "10" : 0.000000,
        "20" : 0.000000,
        "50" : 1.820778,
        "100" : 0.107105,
        "250" : 0.023801,
        "500" : 0.000000,
        "750" : 0.000000,
        "1000" : 0.011901
      },
      "latency_ms" : {
        "2" : 0.023801,
        "4" : 0.035702,
        "10" : 58.788528,
        "20" : 39.188385,
        "50" : 0.000000,
        "100" : 0.000000,
        "250" : 0.000000,
        "500" : 0.000000,
        "750" : 0.000000,
        "1000" : 0.000000,
        "2000" : 0.000000,
        ">=2000" : 0.000000
      },
      "latency_depth" : 16,
      "latency_target" : 0,
      "latency_target_ns" : 0,
      "latency_percentile" : 100.000000,
      "latency_window" : 0,
      "latency_window_us" : 0
    }
  ],
  "disk_util" : [
    {
      "name" : "nvme2n1",
      "read_ios" : 48,
      "write_ios" : 8195,
      "read_sectors" : 2088,
      "write_sectors" : 1048960,
      "read_merges" : 0,
      "write_merges" : 0,
      "read_ticks" : 2,
      "write_ticks" : 78245,
      "in_queue" : 78246,
      "util" : 98.238591
    }
  ]
}
