{
  "fio version" : "fio-3.42-31-g6a66",
  "timestamp" : 1781281221,
  "timestamp_ms" : 1781281221030,
  "time" : "Fri Jun 12 16:20:21 2026",
  "jobs" : [
    {
      "jobname" : "randomwrite_64k_128",
      "groupid" : 0,
      "job_start" : 1781281215883,
      "error" : 0,
      "eta" : 0,
      "elapsed" : 6,
      "job options" : {
        "name" : "randomwrite_64k_128",
        "filename" : "/dev/nvme2n1",
        "ioengine" : "io_uring",
        "direct" : "1",
        "group_reporting" : "",
        "rw" : "randwrite",
        "bs" : "64k",
        "iodepth" : "128",
        "size" : "3G",
        "time_based" : "",
        "runtime" : "5"
      },
      "read" : {
        "io_bytes" : 0,
        "io_kbytes" : 0,
        "bw_bytes" : 0,
        "bw" : 0,
        "iops" : 0.000000,
        "runtime" : 0,
        "total_ios" : 0,
        "short_ios" : 0,
        "drop_ios" : 0,
        "slat_ns" : {
          "min" : 0,
          "max" : 0,
          "mean" : 0.000000,
          "stddev" : 0.000000,
          "N" : 0
        },
        "clat_ns" : {
          "min" : 0,
          "max" : 0,
          "mean" : 0.000000,
          "stddev" : 0.000000,
          "N" : 0
        },
        "lat_ns" : {
          "min" : 0,
          "max" : 0,
          "mean" : 0.000000,
          "stddev" : 0.000000,
          "N" : 0
        },
        "bw_min" : 0,
        "bw_max" : 0,
        "bw_agg" : 0.000000,
        "bw_mean" : 0.000000,
        "bw_dev" : 0.000000,
        "bw_samples" : 0,
        "iops_min" : 0,
        "iops_max" : 0,
        "iops_mean" : 0.000000,
        "iops_stddev" : 0.000000,
        "iops_samples" : 0
      },
      "write" : {
        "io_bytes" : 528154624,
        "io_kbytes" : 515776,
        "bw_bytes" : 103824380,
        "bw" : 101390,
        "iops" : 1584.234323,
        "runtime" : 5087,
        "total_ios" : 8059,
        "short_ios" : 0,
        "drop_ios" : 0,
        "slat_ns" : {
          "min" : 1512,
          "max" : 25878,
          "mean" : 4095.721678,
          "stddev" : 3918.354376,
          "N" : 8059
        },
        "clat_ns" : {
          "min" : 36723,
          "max" : 172799913,
          "mean" : 80762745.930388,
          "stddev" : 19498352.960712,
          "N" : 8059,
          "percentile" : {
            "1.000000" : 42752,
            "5.000000" : 38010880,
            "10.000000" : 79167488,
            "20.000000" : 81264640,
            "30.000000" : 82313216,
            "40.000000" : 83361792,
            "50.000000" : 84410368,
            "60.000000" : 85458944,
            "70.000000" : 85458944,
            "80.000000" : 86507520,
            "90.000000" : 88604672,
            "95.000000" : 89653248,
            "99.000000" : 119013376,
            "99.500000" : 147849216,
            "99.900000" : 166723584,
            "99.950000" : 170917888,
            "99.990000" : 173015040
          }
        },
        "lat_ns" : {
          "min" : 38560,
          "max" : 172802473,
          "mean" : 80766841.652066,
          "stddev" : 19498404.820576,
          "N" : 8059
        },
        "bw_min" : 96640,
        "bw_max" : 105772,
        "bw_agg" : 100.000000,
        "bw_mean" : 101508.400000,
        "bw_dev" : 2977.752441,
        "bw_samples" : 10,
        "iops_min" : 1510,
        "iops_max" : 1652,
        "iops_mean" : 1586.000000,
        "iops_stddev" : 46.418387,
        "iops_samples" : 10
      },
      "trim" : {
        "io_bytes" : 0,
        "io_kbytes" : 0,
        "bw_bytes" : 0,
        "bw" : 0,
        "iops" : 0.000000,
        "runtime" : 0,
        "total_ios" : 0,
        "short_ios" : 0,
        "drop_ios" : 0,
        "slat_ns" : {
          "min" : 0,
          "max" : 0,
          "mean" : 0.000000,
          "stddev" : 0.000000,
          "N" : 0
        },
        "clat_ns" : {
          "min" : 0,
          "max" : 0,
          "mean" : 0.000000,
          "stddev" : 0.000000,
          "N" : 0
        },
        "lat_ns" : {
          "min" : 0,
          "max" : 0,
          "mean" : 0.000000,
          "stddev" : 0.000000,
          "N" : 0
        },
        "bw_min" : 0,
        "bw_max" : 0,
        "bw_agg" : 0.000000,
        "bw_mean" : 0.000000,
        "bw_dev" : 0.000000,
        "bw_samples" : 0,
        "iops_min" : 0,
        "iops_max" : 0,
        "iops_mean" : 0.000000,
        "iops_stddev" : 0.000000,
        "iops_samples" : 0
      },
      "sync" : {
        "total_ios" : 0,
        "lat_ns" : {
          "min" : 0,
          "max" : 0,
          "mean" : 0.000000,
          "stddev" : 0.000000,
          "N" : 0
        }
      },
      "job_runtime" : 5086,
      "usr_cpu" : 0.412898,
      "sys_cpu" : 1.002753,
      "ctx" : 7976,
      "majf" : 0,
      "minf" : 7,
      "iodepth_level" : {
        "1" : 0.100000,
        "2" : 0.100000,
        "4" : 0.100000,
        "8" : 0.100000,
        "16" : 0.198536,
        "32" : 0.397072,
        ">=64" : 99.218265
      },
      "iodepth_submit" : {
        "0" : 0.000000,
        "4" : 100.000000,
        "8" : 0.000000,
        "16" : 0.000000,
        "32" : 0.000000,
        "64" : 0.000000,
        ">=64" : 0.000000
      },
      "iodepth_complete" : {
        "0" : 0.000000,
        "4" : 99.987394,
        "8" : 0.000000,
        "16" : 0.000000,
        "32" : 0.000000,
        "64" : 0.000000,
        ">=64" : 0.100000
      },
      "latency_ns" : {
        "2" : 0.000000,
        "4" : 0.000000,
        "10" : 0.000000,
        "20" : 0.000000,
        "50" : 0.000000,
        "100" : 0.000000,
        "250" : 0.000000,
        "500" : 0.000000,
        "750" : 0.000000,
        "1000" : 0.000000
      },
      "latency_us" : {
        "2" : 0.000000,
        "4" : 0.000000,
        "10" : 0.000000,
        "20" : 0.000000,
        "50" : 3.859040,
        "100" : 0.297804,
        "250" : 0.012408,
        "500" : 0.000000,
        "750" : 0.037225,
        "1000" : 0.000000
      },
      "latency_ms" : {
        "2" : 0.049634,
        "4" : 0.024817,
        "10" : 0.173719,
        "20" : 0.173719,
        "50" : 0.608016,
        "100" : 93.423502,
        "250" : 1.340117,
        "500" : 0.000000,
        "750" : 0.000000,
        "1000" : 0.000000,
        "2000" : 0.000000,
        ">=2000" : 0.000000
      },
      "latency_depth" : 128,
      "latency_target" : 0,
      "latency_target_ns" : 0,
      "latency_percentile" : 100.000000,
      "latency_window" : 0,
      "latency_window_us" : 0
    }
  ],
  "disk_util" : [
    {
      "name" : "nvme2n1",
      "read_ios" : 48,
      "write_ios" : 7775,
      "read_sectors" : 2088,
      "write_sectors" : 995200,
      "read_merges" : 0,
      "write_merges" : 0,
      "read_ticks" : 2,
      "write_ticks" : 620992,
      "in_queue" : 620995,
      "util" : 98.158527
    }
  ]
}
