{
  "fio version" : "fio-3.42-31-g6a66",
  "timestamp" : 1781281226,
  "timestamp_ms" : 1781281226665,
  "time" : "Fri Jun 12 16:20:26 2026",
  "jobs" : [
    {
      "jobname" : "randomwrite_64k_256",
      "groupid" : 0,
      "job_start" : 1781281221270,
      "error" : 0,
      "eta" : 0,
      "elapsed" : 6,
      "job options" : {
        "name" : "randomwrite_64k_256",
        "filename" : "/dev/nvme2n1",
        "ioengine" : "io_uring",
        "direct" : "1",
        "group_reporting" : "",
        "rw" : "randwrite",
        "bs" : "64k",
        "iodepth" : "256",
        "size" : "3G",
        "time_based" : "",
        "runtime" : "5"
      },
      "read" : {
        "io_bytes" : 0,
        "io_kbytes" : 0,
        "bw_bytes" : 0,
        "bw" : 0,
        "iops" : 0.000000,
        "runtime" : 0,
        "total_ios" : 0,
        "short_ios" : 0,
        "drop_ios" : 0,
        "slat_ns" : {
          "min" : 0,
          "max" : 0,
          "mean" : 0.000000,
          "stddev" : 0.000000,
          "N" : 0
        },
        "clat_ns" : {
          "min" : 0,
          "max" : 0,
          "mean" : 0.000000,
          "stddev" : 0.000000,
          "N" : 0
        },
        "lat_ns" : {
          "min" : 0,
          "max" : 0,
          "mean" : 0.000000,
          "stddev" : 0.000000,
          "N" : 0
        },
        "bw_min" : 0,
        "bw_max" : 0,
        "bw_agg" : 0.000000,
        "bw_mean" : 0.000000,
        "bw_dev" : 0.000000,
        "bw_samples" : 0,
        "iops_min" : 0,
        "iops_max" : 0,
        "iops_mean" : 0.000000,
        "iops_stddev" : 0.000000,
        "iops_samples" : 0
      },
      "write" : {
        "io_bytes" : 510656512,
        "io_kbytes" : 498688,
        "bw_bytes" : 98354489,
        "bw" : 96049,
        "iops" : 1500.770416,
        "runtime" : 5192,
        "total_ios" : 7792,
        "short_ios" : 0,
        "drop_ios" : 0,
        "slat_ns" : {
          "min" : 1640,
          "max" : 60028,
          "mean" : 4583.301206,
          "stddev" : 4034.328576,
          "N" : 7792
        },
        "clat_ns" : {
          "min" : 49385,
          "max" : 373157054,
          "mean" : 170501013.329441,
          "stddev" : 50210367.469049,
          "N" : 7792,
          "percentile" : {
            "1.000000" : 1028096,
            "5.000000" : 6258688,
            "10.000000" : 168820736,
            "20.000000" : 173015040,
            "30.000000" : 175112192,
            "40.000000" : 177209344,
            "50.000000" : 179306496,
            "60.000000" : 181403648,
            "70.000000" : 183500800,
            "80.000000" : 185597952,
            "90.000000" : 189792256,
            "95.000000" : 193986560,
            "99.000000" : 316669952,
            "99.500000" : 346030080,
            "99.900000" : 367001600,
            "99.950000" : 371195904,
            "99.990000" : 371195904
          }
        },
        "lat_ns" : {
          "min" : 51969,
          "max" : 373168805,
          "mean" : 170505596.630647,
          "stddev" : 50210405.504985,
          "N" : 7792
        },
        "bw_min" : 92544,
        "bw_max" : 99712,
        "bw_agg" : 100.000000,
        "bw_mean" : 96473.600000,
        "bw_dev" : 2106.757129,
        "bw_samples" : 10,
        "iops_min" : 1446,
        "iops_max" : 1558,
        "iops_mean" : 1507.400000,
        "iops_stddev" : 32.918080,
        "iops_samples" : 10
      },
      "trim" : {
        "io_bytes" : 0,
        "io_kbytes" : 0,
        "bw_bytes" : 0,
        "bw" : 0,
        "iops" : 0.000000,
        "runtime" : 0,
        "total_ios" : 0,
        "short_ios" : 0,
        "drop_ios" : 0,
        "slat_ns" : {
          "min" : 0,
          "max" : 0,
          "mean" : 0.000000,
          "stddev" : 0.000000,
          "N" : 0
        },
        "clat_ns" : {
          "min" : 0,
          "max" : 0,
          "mean" : 0.000000,
          "stddev" : 0.000000,
          "N" : 0
        },
        "lat_ns" : {
          "min" : 0,
          "max" : 0,
          "mean" : 0.000000,
          "stddev" : 0.000000,
          "N" : 0
        },
        "bw_min" : 0,
        "bw_max" : 0,
        "bw_agg" : 0.000000,
        "bw_mean" : 0.000000,
        "bw_dev" : 0.000000,
        "bw_samples" : 0,
        "iops_min" : 0,
        "iops_max" : 0,
        "iops_mean" : 0.000000,
        "iops_stddev" : 0.000000,
        "iops_samples" : 0
      },
      "sync" : {
        "total_ios" : 0,
        "lat_ns" : {
          "min" : 0,
          "max" : 0,
          "mean" : 0.000000,
          "stddev" : 0.000000,
          "N" : 0
        }
      },
      "job_runtime" : 5191,
      "usr_cpu" : 0.597187,
      "sys_cpu" : 0.809093,
      "ctx" : 7600,
      "majf" : 0,
      "minf" : 8,
      "iodepth_level" : {
        "1" : 0.100000,
        "2" : 0.100000,
        "4" : 0.100000,
        "8" : 0.102669,
        "16" : 0.205339,
        "32" : 0.410678,
        ">=64" : 99.191478
      },
      "iodepth_submit" : {
        "0" : 0.000000,
        "4" : 100.000000,
        "8" : 0.000000,
        "16" : 0.000000,
        "32" : 0.000000,
        "64" : 0.000000,
        ">=64" : 0.000000
      },
      "iodepth_complete" : {
        "0" : 0.000000,
        "4" : 99.986734,
        "8" : 0.000000,
        "16" : 0.000000,
        "32" : 0.000000,
        "64" : 0.000000,
        ">=64" : 0.100000
      },
      "latency_ns" : {
        "2" : 0.000000,
        "4" : 0.000000,
        "10" : 0.000000,
        "20" : 0.000000,
        "50" : 0.000000,
        "100" : 0.000000,
        "250" : 0.000000,
        "500" : 0.000000,
        "750" : 0.000000,
        "1000" : 0.000000
      },
      "latency_us" : {
        "2" : 0.000000,
        "4" : 0.000000,
        "10" : 0.000000,
        "20" : 0.000000,
        "50" : 0.051335,
        "100" : 0.513347,
        "250" : 0.025667,
        "500" : 0.025667,
        "750" : 0.141170,
        "1000" : 0.218172
      },
      "latency_ms" : {
        "2" : 0.654517,
        "4" : 1.360370,
        "10" : 2.964579,
        "20" : 0.231006,
        "50" : 0.526181,
        "100" : 0.936858,
        "250" : 90.169405,
        "500" : 2.181725,
        "750" : 0.000000,
        "1000" : 0.000000,
        "2000" : 0.000000,
        ">=2000" : 0.000000
      },
      "latency_depth" : 256,
      "latency_target" : 0,
      "latency_target_ns" : 0,
      "latency_percentile" : 100.000000,
      "latency_window" : 0,
      "latency_window_us" : 0
    }
  ],
  "disk_util" : [
    {
      "name" : "nvme2n1",
      "read_ios" : 48,
      "write_ios" : 7728,
      "read_sectors" : 2088,
      "write_sectors" : 989184,
      "read_merges" : 0,
      "write_merges" : 0,
      "read_ticks" : 2,
      "write_ticks" : 1292038,
      "in_queue" : 1292040,
      "util" : 98.208159
    }
  ]
}
