{
  "fio version" : "fio-3.36",
  "timestamp" : 1781330555,
  "timestamp_ms" : 1781330555345,
  "time" : "Sat Jun 13 06:02:35 2026",
  "jobs" : [
    {
      "jobname" : "randomwrite_64k_64",
      "groupid" : 0,
      "job_start" : 1781330550286,
      "error" : 0,
      "eta" : 0,
      "elapsed" : 6,
      "job options" : {
        "name" : "randomwrite_64k_64",
        "filename" : "/dev/nvme3n1",
        "ioengine" : "io_uring",
        "direct" : "1",
        "rw" : "randwrite",
        "bs" : "64k",
        "iodepth" : "64",
        "size" : "3G",
        "runtime" : "5"
      },
      "read" : {
        "io_bytes" : 0,
        "io_kbytes" : 0,
        "bw_bytes" : 0,
        "bw" : 0,
        "iops" : 0.000000,
        "runtime" : 0,
        "total_ios" : 0,
        "short_ios" : 0,
        "drop_ios" : 0,
        "slat_ns" : {
          "min" : 0,
          "max" : 0,
          "mean" : 0.000000,
          "stddev" : 0.000000,
          "N" : 0
        },
        "clat_ns" : {
          "min" : 0,
          "max" : 0,
          "mean" : 0.000000,
          "stddev" : 0.000000,
          "N" : 0
        },
        "lat_ns" : {
          "min" : 0,
          "max" : 0,
          "mean" : 0.000000,
          "stddev" : 0.000000,
          "N" : 0
        },
        "bw_min" : 0,
        "bw_max" : 0,
        "bw_agg" : 0.000000,
        "bw_mean" : 0.000000,
        "bw_dev" : 0.000000,
        "bw_samples" : 0,
        "iops_min" : 0,
        "iops_max" : 0,
        "iops_mean" : 0.000000,
        "iops_stddev" : 0.000000,
        "iops_samples" : 0
      },
      "write" : {
        "io_bytes" : 550764544,
        "io_kbytes" : 537856,
        "bw_bytes" : 109278679,
        "bw" : 106717,
        "iops" : 1667.460317,
        "runtime" : 5040,
        "total_ios" : 8404,
        "short_ios" : 0,
        "drop_ios" : 0,
        "slat_ns" : {
          "min" : 1703,
          "max" : 31564,
          "mean" : 4346.247620,
          "stddev" : 3162.167553,
          "N" : 8404
        },
        "clat_ns" : {
          "min" : 33271,
          "max" : 73428747,
          "mean" : 38368584.771537,
          "stddev" : 13327004.140782,
          "N" : 8404,
          "percentile" : {
            "1.000000" : 34560,
            "5.000000" : 35584,
            "10.000000" : 419840,
            "20.000000" : 39583744,
            "30.000000" : 40632320,
            "40.000000" : 41680896,
            "50.000000" : 42729472,
            "60.000000" : 43253760,
            "70.000000" : 43778048,
            "80.000000" : 44826624,
            "90.000000" : 45875200,
            "95.000000" : 46923776,
            "99.000000" : 49545216,
            "99.500000" : 52690944,
            "99.900000" : 68681728,
            "99.950000" : 71827456,
            "99.990000" : 73924608
          }
        },
        "lat_ns" : {
          "min" : 36558,
          "max" : 73431914,
          "mean" : 38372931.019158,
          "stddev" : 13327012.258082,
          "N" : 8404
        },
        "bw_min" : 103808,
        "bw_max" : 110848,
        "bw_agg" : 100.000000,
        "bw_mean" : 106764.800000,
        "bw_dev" : 2392.721407,
        "bw_samples" : 10,
        "iops_min" : 1622,
        "iops_max" : 1732,
        "iops_mean" : 1668.200000,
        "iops_stddev" : 37.386272,
        "iops_samples" : 10
      },
      "trim" : {
        "io_bytes" : 0,
        "io_kbytes" : 0,
        "bw_bytes" : 0,
        "bw" : 0,
        "iops" : 0.000000,
        "runtime" : 0,
        "total_ios" : 0,
        "short_ios" : 0,
        "drop_ios" : 0,
        "slat_ns" : {
          "min" : 0,
          "max" : 0,
          "mean" : 0.000000,
          "stddev" : 0.000000,
          "N" : 0
        },
        "clat_ns" : {
          "min" : 0,
          "max" : 0,
          "mean" : 0.000000,
          "stddev" : 0.000000,
          "N" : 0
        },
        "lat_ns" : {
          "min" : 0,
          "max" : 0,
          "mean" : 0.000000,
          "stddev" : 0.000000,
          "N" : 0
        },
        "bw_min" : 0,
        "bw_max" : 0,
        "bw_agg" : 0.000000,
        "bw_mean" : 0.000000,
        "bw_dev" : 0.000000,
        "bw_samples" : 0,
        "iops_min" : 0,
        "iops_max" : 0,
        "iops_mean" : 0.000000,
        "iops_stddev" : 0.000000,
        "iops_samples" : 0
      },
      "sync" : {
        "total_ios" : 0,
        "lat_ns" : {
          "min" : 0,
          "max" : 0,
          "mean" : 0.000000,
          "stddev" : 0.000000,
          "N" : 0
        }
      },
      "job_runtime" : 5039,
      "usr_cpu" : 0.158762,
      "sys_cpu" : 1.051796,
      "ctx" : 8360,
      "majf" : 0,
      "minf" : 9,
      "iodepth_level" : {
        "1" : 0.100000,
        "2" : 0.100000,
        "4" : 0.100000,
        "8" : 0.100000,
        "16" : 0.190386,
        "32" : 0.380771,
        ">=64" : 99.250357
      },
      "iodepth_submit" : {
        "0" : 0.000000,
        "4" : 100.000000,
        "8" : 0.000000,
        "16" : 0.000000,
        "32" : 0.000000,
        "64" : 0.000000,
        ">=64" : 0.000000
      },
      "iodepth_complete" : {
        "0" : 0.000000,
        "4" : 99.988012,
        "8" : 0.000000,
        "16" : 0.000000,
        "32" : 0.000000,
        "64" : 0.100000,
        ">=64" : 0.000000
      },
      "latency_ns" : {
        "2" : 0.000000,
        "4" : 0.000000,
        "10" : 0.000000,
        "20" : 0.000000,
        "50" : 0.000000,
        "100" : 0.000000,
        "250" : 0.000000,
        "500" : 0.000000,
        "750" : 0.000000,
        "1000" : 0.000000
      },
      "latency_us" : {
        "2" : 0.000000,
        "4" : 0.000000,
        "10" : 0.000000,
        "20" : 0.000000,
        "50" : 9.888149,
        "100" : 0.059495,
        "250" : 0.011899,
        "500" : 0.047596,
        "750" : 0.047596,
        "1000" : 0.035697
      },
      "latency_ms" : {
        "2" : 0.047596,
        "4" : 0.035697,
        "10" : 0.118991,
        "20" : 0.130890,
        "50" : 88.779153,
        "100" : 0.797239,
        "250" : 0.000000,
        "500" : 0.000000,
        "750" : 0.000000,
        "1000" : 0.000000,
        "2000" : 0.000000,
        ">=2000" : 0.000000
      },
      "latency_depth" : 64,
      "latency_target" : 0,
      "latency_percentile" : 100.000000,
      "latency_window" : 0
    }
  ],
  "disk_util" : [
    {
      "name" : "nvme3n1",
      "read_ios" : 48,
      "write_ios" : 8150,
      "read_sectors" : 2088,
      "write_sectors" : 1043200,
      "read_merges" : 0,
      "write_merges" : 0,
      "read_ticks" : 2,
      "write_ticks" : 311799,
      "in_queue" : 311801,
      "util" : 98.119248
    }
  ]
}
