{
  "fio version" : "fio-3.36",
  "timestamp" : 1781330523,
  "timestamp_ms" : 1781330523698,
  "time" : "Sat Jun 13 06:02:03 2026",
  "jobs" : [
    {
      "jobname" : "randomwrite_64k_1",
      "groupid" : 0,
      "job_start" : 1781330518679,
      "error" : 0,
      "eta" : 0,
      "elapsed" : 6,
      "job options" : {
        "name" : "randomwrite_64k_1",
        "filename" : "/dev/nvme3n1",
        "ioengine" : "io_uring",
        "direct" : "1",
        "rw" : "randwrite",
        "bs" : "64k",
        "iodepth" : "1",
        "size" : "3G",
        "runtime" : "5"
      },
      "read" : {
        "io_bytes" : 0,
        "io_kbytes" : 0,
        "bw_bytes" : 0,
        "bw" : 0,
        "iops" : 0.000000,
        "runtime" : 0,
        "total_ios" : 0,
        "short_ios" : 0,
        "drop_ios" : 0,
        "slat_ns" : {
          "min" : 0,
          "max" : 0,
          "mean" : 0.000000,
          "stddev" : 0.000000,
          "N" : 0
        },
        "clat_ns" : {
          "min" : 0,
          "max" : 0,
          "mean" : 0.000000,
          "stddev" : 0.000000,
          "N" : 0
        },
        "lat_ns" : {
          "min" : 0,
          "max" : 0,
          "mean" : 0.000000,
          "stddev" : 0.000000,
          "N" : 0
        },
        "bw_min" : 0,
        "bw_max" : 0,
        "bw_agg" : 0.000000,
        "bw_mean" : 0.000000,
        "bw_dev" : 0.000000,
        "bw_samples" : 0,
        "iops_min" : 0,
        "iops_max" : 0,
        "iops_mean" : 0.000000,
        "iops_stddev" : 0.000000,
        "iops_samples" : 0
      },
      "write" : {
        "io_bytes" : 414842880,
        "io_kbytes" : 405120,
        "bw_bytes" : 82951985,
        "bw" : 81007,
        "iops" : 1265.746851,
        "runtime" : 5001,
        "total_ios" : 6330,
        "short_ios" : 0,
        "drop_ios" : 0,
        "slat_ns" : {
          "min" : 2048,
          "max" : 33884,
          "mean" : 4471.226382,
          "stddev" : 3485.557167,
          "N" : 6330
        },
        "clat_ns" : {
          "min" : 30826,
          "max" : 2195007,
          "mean" : 784897.064771,
          "stddev" : 270859.719710,
          "N" : 6330,
          "percentile" : {
            "1.000000" : 32384,
            "5.000000" : 337920,
            "10.000000" : 440320,
            "20.000000" : 593920,
            "30.000000" : 692224,
            "40.000000" : 733184,
            "50.000000" : 790528,
            "60.000000" : 880640,
            "70.000000" : 946176,
            "80.000000" : 1011712,
            "90.000000" : 1073152,
            "95.000000" : 1122304,
            "99.000000" : 1368064,
            "99.500000" : 1564672,
            "99.900000" : 1761280,
            "99.950000" : 1794048,
            "99.990000" : 2179072
          }
        },
        "lat_ns" : {
          "min" : 34384,
          "max" : 2197240,
          "mean" : 789368.291153,
          "stddev" : 270704.995096,
          "N" : 6330
        },
        "bw_min" : 79104,
        "bw_max" : 83072,
        "bw_agg" : 99.896556,
        "bw_mean" : 80924.444444,
        "bw_dev" : 1326.789274,
        "bw_samples" : 9,
        "iops_min" : 1236,
        "iops_max" : 1298,
        "iops_mean" : 1264.444444,
        "iops_stddev" : 20.731082,
        "iops_samples" : 9
      },
      "trim" : {
        "io_bytes" : 0,
        "io_kbytes" : 0,
        "bw_bytes" : 0,
        "bw" : 0,
        "iops" : 0.000000,
        "runtime" : 0,
        "total_ios" : 0,
        "short_ios" : 0,
        "drop_ios" : 0,
        "slat_ns" : {
          "min" : 0,
          "max" : 0,
          "mean" : 0.000000,
          "stddev" : 0.000000,
          "N" : 0
        },
        "clat_ns" : {
          "min" : 0,
          "max" : 0,
          "mean" : 0.000000,
          "stddev" : 0.000000,
          "N" : 0
        },
        "lat_ns" : {
          "min" : 0,
          "max" : 0,
          "mean" : 0.000000,
          "stddev" : 0.000000,
          "N" : 0
        },
        "bw_min" : 0,
        "bw_max" : 0,
        "bw_agg" : 0.000000,
        "bw_mean" : 0.000000,
        "bw_dev" : 0.000000,
        "bw_samples" : 0,
        "iops_min" : 0,
        "iops_max" : 0,
        "iops_mean" : 0.000000,
        "iops_stddev" : 0.000000,
        "iops_samples" : 0
      },
      "sync" : {
        "total_ios" : 0,
        "lat_ns" : {
          "min" : 0,
          "max" : 0,
          "mean" : 0.000000,
          "stddev" : 0.000000,
          "N" : 0
        }
      },
      "job_runtime" : 5000,
      "usr_cpu" : 0.500000,
      "sys_cpu" : 0.500000,
      "ctx" : 6332,
      "majf" : 0,
      "minf" : 6,
      "iodepth_level" : {
        "1" : 100.000000,
        "2" : 0.000000,
        "4" : 0.000000,
        "8" : 0.000000,
        "16" : 0.000000,
        "32" : 0.000000,
        ">=64" : 0.000000
      },
      "iodepth_submit" : {
        "0" : 0.000000,
        "4" : 100.000000,
        "8" : 0.000000,
        "16" : 0.000000,
        "32" : 0.000000,
        "64" : 0.000000,
        ">=64" : 0.000000
      },
      "iodepth_complete" : {
        "0" : 0.000000,
        "4" : 100.000000,
        "8" : 0.000000,
        "16" : 0.000000,
        "32" : 0.000000,
        "64" : 0.000000,
        ">=64" : 0.000000
      },
      "latency_ns" : {
        "2" : 0.000000,
        "4" : 0.000000,
        "10" : 0.000000,
        "20" : 0.000000,
        "50" : 0.000000,
        "100" : 0.000000,
        "250" : 0.000000,
        "500" : 0.000000,
        "750" : 0.000000,
        "1000" : 0.000000
      },
      "latency_us" : {
        "2" : 0.000000,
        "4" : 0.000000,
        "10" : 0.000000,
        "20" : 0.000000,
        "50" : 4.265403,
        "100" : 0.047393,
        "250" : 0.000000,
        "500" : 8.562401,
        "750" : 30.616114,
        "1000" : 34.644550
      },
      "latency_ms" : {
        "2" : 21.832543,
        "4" : 0.031596,
        "10" : 0.000000,
        "20" : 0.000000,
        "50" : 0.000000,
        "100" : 0.000000,
        "250" : 0.000000,
        "500" : 0.000000,
        "750" : 0.000000,
        "1000" : 0.000000,
        "2000" : 0.000000,
        ">=2000" : 0.000000
      },
      "latency_depth" : 1,
      "latency_target" : 0,
      "latency_percentile" : 100.000000,
      "latency_window" : 0
    }
  ],
  "disk_util" : [
    {
      "name" : "nvme3n1",
      "read_ios" : 48,
      "write_ios" : 6200,
      "read_sectors" : 2088,
      "write_sectors" : 793600,
      "read_merges" : 0,
      "write_merges" : 0,
      "read_ticks" : 1,
      "write_ticks" : 4859,
      "in_queue" : 4861,
      "util" : 98.119248
    }
  ]
}
