{
  "fio version" : "fio-3.36",
  "timestamp" : 1781330534,
  "timestamp_ms" : 1781330534225,
  "time" : "Sat Jun 13 06:02:14 2026",
  "jobs" : [
    {
      "jobname" : "randomwrite_64k_4",
      "groupid" : 0,
      "job_start" : 1781330529207,
      "error" : 0,
      "eta" : 0,
      "elapsed" : 6,
      "job options" : {
        "name" : "randomwrite_64k_4",
        "filename" : "/dev/nvme3n1",
        "ioengine" : "io_uring",
        "direct" : "1",
        "rw" : "randwrite",
        "bs" : "64k",
        "iodepth" : "4",
        "size" : "3G",
        "runtime" : "5"
      },
      "read" : {
        "io_bytes" : 0,
        "io_kbytes" : 0,
        "bw_bytes" : 0,
        "bw" : 0,
        "iops" : 0.000000,
        "runtime" : 0,
        "total_ios" : 0,
        "short_ios" : 0,
        "drop_ios" : 0,
        "slat_ns" : {
          "min" : 0,
          "max" : 0,
          "mean" : 0.000000,
          "stddev" : 0.000000,
          "N" : 0
        },
        "clat_ns" : {
          "min" : 0,
          "max" : 0,
          "mean" : 0.000000,
          "stddev" : 0.000000,
          "N" : 0
        },
        "lat_ns" : {
          "min" : 0,
          "max" : 0,
          "mean" : 0.000000,
          "stddev" : 0.000000,
          "N" : 0
        },
        "bw_min" : 0,
        "bw_max" : 0,
        "bw_agg" : 0.000000,
        "bw_mean" : 0.000000,
        "bw_dev" : 0.000000,
        "bw_samples" : 0,
        "iops_min" : 0,
        "iops_max" : 0,
        "iops_mean" : 0.000000,
        "iops_stddev" : 0.000000,
        "iops_samples" : 0
      },
      "write" : {
        "io_bytes" : 518193152,
        "io_kbytes" : 506048,
        "bw_bytes" : 103597191,
        "bw" : 101169,
        "iops" : 1580.767693,
        "runtime" : 5002,
        "total_ios" : 7907,
        "short_ios" : 0,
        "drop_ios" : 0,
        "slat_ns" : {
          "min" : 1937,
          "max" : 98938,
          "mean" : 3806.485899,
          "stddev" : 2968.955980,
          "N" : 7907
        },
        "clat_ns" : {
          "min" : 30924,
          "max" : 4780903,
          "mean" : 2525633.789554,
          "stddev" : 871950.572492,
          "N" : 7907,
          "percentile" : {
            "1.000000" : 32384,
            "5.000000" : 32640,
            "10.000000" : 1679360,
            "20.000000" : 2113536,
            "30.000000" : 2342912,
            "40.000000" : 2506752,
            "50.000000" : 2670592,
            "60.000000" : 2801664,
            "70.000000" : 2965504,
            "80.000000" : 3129344,
            "90.000000" : 3391488,
            "95.000000" : 3620864,
            "99.000000" : 4014080,
            "99.500000" : 4177920,
            "99.900000" : 4554752,
            "99.950000" : 4685824,
            "99.990000" : 4751360
          }
        },
        "lat_ns" : {
          "min" : 34350,
          "max" : 4783311,
          "mean" : 2529440.275452,
          "stddev" : 871871.334144,
          "N" : 7907
        },
        "bw_min" : 97664,
        "bw_max" : 104960,
        "bw_agg" : 100.000000,
        "bw_mean" : 101518.222222,
        "bw_dev" : 2649.974423,
        "bw_samples" : 9,
        "iops_min" : 1526,
        "iops_max" : 1640,
        "iops_mean" : 1586.222222,
        "iops_stddev" : 41.405850,
        "iops_samples" : 9
      },
      "trim" : {
        "io_bytes" : 0,
        "io_kbytes" : 0,
        "bw_bytes" : 0,
        "bw" : 0,
        "iops" : 0.000000,
        "runtime" : 0,
        "total_ios" : 0,
        "short_ios" : 0,
        "drop_ios" : 0,
        "slat_ns" : {
          "min" : 0,
          "max" : 0,
          "mean" : 0.000000,
          "stddev" : 0.000000,
          "N" : 0
        },
        "clat_ns" : {
          "min" : 0,
          "max" : 0,
          "mean" : 0.000000,
          "stddev" : 0.000000,
          "N" : 0
        },
        "lat_ns" : {
          "min" : 0,
          "max" : 0,
          "mean" : 0.000000,
          "stddev" : 0.000000,
          "N" : 0
        },
        "bw_min" : 0,
        "bw_max" : 0,
        "bw_agg" : 0.000000,
        "bw_mean" : 0.000000,
        "bw_dev" : 0.000000,
        "bw_samples" : 0,
        "iops_min" : 0,
        "iops_max" : 0,
        "iops_mean" : 0.000000,
        "iops_stddev" : 0.000000,
        "iops_samples" : 0
      },
      "sync" : {
        "total_ios" : 0,
        "lat_ns" : {
          "min" : 0,
          "max" : 0,
          "mean" : 0.000000,
          "stddev" : 0.000000,
          "N" : 0
        }
      },
      "job_runtime" : 5001,
      "usr_cpu" : 0.219956,
      "sys_cpu" : 0.839832,
      "ctx" : 7888,
      "majf" : 0,
      "minf" : 10,
      "iodepth_level" : {
        "1" : 0.100000,
        "2" : 0.100000,
        "4" : 99.962059,
        "8" : 0.000000,
        "16" : 0.000000,
        "32" : 0.000000,
        ">=64" : 0.000000
      },
      "iodepth_submit" : {
        "0" : 0.000000,
        "4" : 100.000000,
        "8" : 0.000000,
        "16" : 0.000000,
        "32" : 0.000000,
        "64" : 0.000000,
        ">=64" : 0.000000
      },
      "iodepth_complete" : {
        "0" : 0.000000,
        "4" : 100.000000,
        "8" : 0.000000,
        "16" : 0.000000,
        "32" : 0.000000,
        "64" : 0.000000,
        ">=64" : 0.000000
      },
      "latency_ns" : {
        "2" : 0.000000,
        "4" : 0.000000,
        "10" : 0.000000,
        "20" : 0.000000,
        "50" : 0.000000,
        "100" : 0.000000,
        "250" : 0.000000,
        "500" : 0.000000,
        "750" : 0.000000,
        "1000" : 0.000000
      },
      "latency_us" : {
        "2" : 0.000000,
        "4" : 0.000000,
        "10" : 0.000000,
        "20" : 0.000000,
        "50" : 6.968509,
        "100" : 0.075882,
        "250" : 0.012647,
        "500" : 0.012647,
        "750" : 0.012647,
        "1000" : 0.177058
      },
      "latency_ms" : {
        "2" : 8.840268,
        "4" : 82.762110,
        "10" : 1.138232,
        "20" : 0.000000,
        "50" : 0.000000,
        "100" : 0.000000,
        "250" : 0.000000,
        "500" : 0.000000,
        "750" : 0.000000,
        "1000" : 0.000000,
        "2000" : 0.000000,
        ">=2000" : 0.000000
      },
      "latency_depth" : 4,
      "latency_target" : 0,
      "latency_percentile" : 100.000000,
      "latency_window" : 0
    }
  ],
  "disk_util" : [
    {
      "name" : "nvme3n1",
      "read_ios" : 48,
      "write_ios" : 7745,
      "read_sectors" : 2088,
      "write_sectors" : 991360,
      "read_merges" : 0,
      "write_merges" : 0,
      "read_ticks" : 2,
      "write_ticks" : 19544,
      "in_queue" : 19547,
      "util" : 98.138883
    }
  ]
}
