{
  "fio version" : "fio-3.36",
  "timestamp" : 1781330566,
  "timestamp_ms" : 1781330566106,
  "time" : "Sat Jun 13 06:02:46 2026",
  "jobs" : [
    {
      "jobname" : "randomwrite_64k_256",
      "groupid" : 0,
      "job_start" : 1781330560909,
      "error" : 0,
      "eta" : 0,
      "elapsed" : 6,
      "job options" : {
        "name" : "randomwrite_64k_256",
        "filename" : "/dev/nvme3n1",
        "ioengine" : "io_uring",
        "direct" : "1",
        "rw" : "randwrite",
        "bs" : "64k",
        "iodepth" : "256",
        "size" : "3G",
        "runtime" : "5"
      },
      "read" : {
        "io_bytes" : 0,
        "io_kbytes" : 0,
        "bw_bytes" : 0,
        "bw" : 0,
        "iops" : 0.000000,
        "runtime" : 0,
        "total_ios" : 0,
        "short_ios" : 0,
        "drop_ios" : 0,
        "slat_ns" : {
          "min" : 0,
          "max" : 0,
          "mean" : 0.000000,
          "stddev" : 0.000000,
          "N" : 0
        },
        "clat_ns" : {
          "min" : 0,
          "max" : 0,
          "mean" : 0.000000,
          "stddev" : 0.000000,
          "N" : 0
        },
        "lat_ns" : {
          "min" : 0,
          "max" : 0,
          "mean" : 0.000000,
          "stddev" : 0.000000,
          "N" : 0
        },
        "bw_min" : 0,
        "bw_max" : 0,
        "bw_agg" : 0.000000,
        "bw_mean" : 0.000000,
        "bw_dev" : 0.000000,
        "bw_samples" : 0,
        "iops_min" : 0,
        "iops_max" : 0,
        "iops_mean" : 0.000000,
        "iops_stddev" : 0.000000,
        "iops_samples" : 0
      },
      "write" : {
        "io_bytes" : 536150016,
        "io_kbytes" : 523584,
        "bw_bytes" : 103483886,
        "bw" : 101058,
        "iops" : 1579.038796,
        "runtime" : 5181,
        "total_ios" : 8181,
        "short_ios" : 0,
        "drop_ios" : 0,
        "slat_ns" : {
          "min" : 1629,
          "max" : 34281,
          "mean" : 4943.909058,
          "stddev" : 3100.099676,
          "N" : 8181
        },
        "clat_ns" : {
          "min" : 823128,
          "max" : 358806307,
          "mean" : 162072173.419508,
          "stddev" : 49647521.329215,
          "N" : 8181,
          "percentile" : {
            "1.000000" : 19791872,
            "5.000000" : 26607616,
            "10.000000" : 74973184,
            "20.000000" : 166723584,
            "30.000000" : 170917888,
            "40.000000" : 173015040,
            "50.000000" : 175112192,
            "60.000000" : 175112192,
            "70.000000" : 177209344,
            "80.000000" : 179306496,
            "90.000000" : 183500800,
            "95.000000" : 185597952,
            "99.000000" : 295698432,
            "99.500000" : 329252864,
            "99.900000" : 354418688,
            "99.950000" : 358612992,
            "99.990000" : 358612992
          }
        },
        "lat_ns" : {
          "min" : 826354,
          "max" : 358810341,
          "mean" : 162077117.328567,
          "stddev" : 49647623.918240,
          "N" : 8181
        },
        "bw_min" : 98304,
        "bw_max" : 106624,
        "bw_agg" : 100.000000,
        "bw_mean" : 101452.800000,
        "bw_dev" : 3371.584685,
        "bw_samples" : 10,
        "iops_min" : 1536,
        "iops_max" : 1666,
        "iops_mean" : 1585.200000,
        "iops_stddev" : 52.681011,
        "iops_samples" : 10
      },
      "trim" : {
        "io_bytes" : 0,
        "io_kbytes" : 0,
        "bw_bytes" : 0,
        "bw" : 0,
        "iops" : 0.000000,
        "runtime" : 0,
        "total_ios" : 0,
        "short_ios" : 0,
        "drop_ios" : 0,
        "slat_ns" : {
          "min" : 0,
          "max" : 0,
          "mean" : 0.000000,
          "stddev" : 0.000000,
          "N" : 0
        },
        "clat_ns" : {
          "min" : 0,
          "max" : 0,
          "mean" : 0.000000,
          "stddev" : 0.000000,
          "N" : 0
        },
        "lat_ns" : {
          "min" : 0,
          "max" : 0,
          "mean" : 0.000000,
          "stddev" : 0.000000,
          "N" : 0
        },
        "bw_min" : 0,
        "bw_max" : 0,
        "bw_agg" : 0.000000,
        "bw_mean" : 0.000000,
        "bw_dev" : 0.000000,
        "bw_samples" : 0,
        "iops_min" : 0,
        "iops_max" : 0,
        "iops_mean" : 0.000000,
        "iops_stddev" : 0.000000,
        "iops_samples" : 0
      },
      "sync" : {
        "total_ios" : 0,
        "lat_ns" : {
          "min" : 0,
          "max" : 0,
          "mean" : 0.000000,
          "stddev" : 0.000000,
          "N" : 0
        }
      },
      "job_runtime" : 5180,
      "usr_cpu" : 0.540541,
      "sys_cpu" : 0.694981,
      "ctx" : 8098,
      "majf" : 0,
      "minf" : 8,
      "iodepth_level" : {
        "1" : 0.100000,
        "2" : 0.100000,
        "4" : 0.100000,
        "8" : 0.100000,
        "16" : 0.195575,
        "32" : 0.391150,
        ">=64" : 99.229923
      },
      "iodepth_submit" : {
        "0" : 0.000000,
        "4" : 100.000000,
        "8" : 0.000000,
        "16" : 0.000000,
        "32" : 0.000000,
        "64" : 0.000000,
        ">=64" : 0.000000
      },
      "iodepth_complete" : {
        "0" : 0.000000,
        "4" : 99.987385,
        "8" : 0.000000,
        "16" : 0.000000,
        "32" : 0.000000,
        "64" : 0.000000,
        ">=64" : 0.100000
      },
      "latency_ns" : {
        "2" : 0.000000,
        "4" : 0.000000,
        "10" : 0.000000,
        "20" : 0.000000,
        "50" : 0.000000,
        "100" : 0.000000,
        "250" : 0.000000,
        "500" : 0.000000,
        "750" : 0.000000,
        "1000" : 0.000000
      },
      "latency_us" : {
        "2" : 0.000000,
        "4" : 0.000000,
        "10" : 0.000000,
        "20" : 0.000000,
        "50" : 0.000000,
        "100" : 0.000000,
        "250" : 0.000000,
        "500" : 0.000000,
        "750" : 0.000000,
        "1000" : 0.097788
      },
      "latency_ms" : {
        "2" : 0.146681,
        "4" : 0.232245,
        "10" : 0.158905,
        "20" : 0.415597,
        "50" : 8.556411,
        "100" : 0.843418,
        "250" : 87.690991,
        "500" : 1.857964,
        "750" : 0.000000,
        "1000" : 0.000000,
        "2000" : 0.000000,
        ">=2000" : 0.000000
      },
      "latency_depth" : 256,
      "latency_target" : 0,
      "latency_percentile" : 100.000000,
      "latency_window" : 0
    }
  ],
  "disk_util" : [
    {
      "name" : "nvme3n1",
      "read_ios" : 48,
      "write_ios" : 8127,
      "read_sectors" : 2088,
      "write_sectors" : 1040256,
      "read_merges" : 0,
      "write_merges" : 0,
      "read_ticks" : 2,
      "write_ticks" : 1292925,
      "in_queue" : 1292927,
      "util" : 98.189442
    }
  ]
}
