{
  "fio version" : "fio-3.36",
  "timestamp" : 1781330560,
  "timestamp_ms" : 1781330560660,
  "time" : "Sat Jun 13 06:02:40 2026",
  "jobs" : [
    {
      "jobname" : "randomwrite_64k_128",
      "groupid" : 0,
      "job_start" : 1781330555592,
      "error" : 0,
      "eta" : 0,
      "elapsed" : 6,
      "job options" : {
        "name" : "randomwrite_64k_128",
        "filename" : "/dev/nvme3n1",
        "ioengine" : "io_uring",
        "direct" : "1",
        "rw" : "randwrite",
        "bs" : "64k",
        "iodepth" : "128",
        "size" : "3G",
        "runtime" : "5"
      },
      "read" : {
        "io_bytes" : 0,
        "io_kbytes" : 0,
        "bw_bytes" : 0,
        "bw" : 0,
        "iops" : 0.000000,
        "runtime" : 0,
        "total_ios" : 0,
        "short_ios" : 0,
        "drop_ios" : 0,
        "slat_ns" : {
          "min" : 0,
          "max" : 0,
          "mean" : 0.000000,
          "stddev" : 0.000000,
          "N" : 0
        },
        "clat_ns" : {
          "min" : 0,
          "max" : 0,
          "mean" : 0.000000,
          "stddev" : 0.000000,
          "N" : 0
        },
        "lat_ns" : {
          "min" : 0,
          "max" : 0,
          "mean" : 0.000000,
          "stddev" : 0.000000,
          "N" : 0
        },
        "bw_min" : 0,
        "bw_max" : 0,
        "bw_agg" : 0.000000,
        "bw_mean" : 0.000000,
        "bw_dev" : 0.000000,
        "bw_samples" : 0,
        "iops_min" : 0,
        "iops_max" : 0,
        "iops_mean" : 0.000000,
        "iops_stddev" : 0.000000,
        "iops_samples" : 0
      },
      "write" : {
        "io_bytes" : 588840960,
        "io_kbytes" : 575040,
        "bw_bytes" : 116602170,
        "bw" : 113869,
        "iops" : 1779.207921,
        "runtime" : 5050,
        "total_ios" : 8985,
        "short_ios" : 0,
        "drop_ios" : 0,
        "slat_ns" : {
          "min" : 1741,
          "max" : 34417,
          "mean" : 4499.582638,
          "stddev" : 3036.002670,
          "N" : 8985
        },
        "clat_ns" : {
          "min" : 34922,
          "max" : 98069733,
          "mean" : 71923668.895715,
          "stddev" : 30980321.387291,
          "N" : 8985,
          "percentile" : {
            "1.000000" : 36608,
            "5.000000" : 38144,
            "10.000000" : 40192,
            "20.000000" : 73924608,
            "30.000000" : 80216064,
            "40.000000" : 83361792,
            "50.000000" : 85458944,
            "60.000000" : 86507520,
            "70.000000" : 87556096,
            "80.000000" : 89653248,
            "90.000000" : 91750400,
            "95.000000" : 93847552,
            "99.000000" : 95944704,
            "99.500000" : 95944704,
            "99.900000" : 96993280,
            "99.950000" : 96993280,
            "99.990000" : 98041856
          }
        },
        "lat_ns" : {
          "min" : 38796,
          "max" : 98072113,
          "mean" : 71928168.478353,
          "stddev" : 30980405.876012,
          "N" : 8985
        },
        "bw_min" : 107008,
        "bw_max" : 135296,
        "bw_agg" : 99.572047,
        "bw_mean" : 113382.400000,
        "bw_dev" : 8292.670327,
        "bw_samples" : 10,
        "iops_min" : 1672,
        "iops_max" : 2114,
        "iops_mean" : 1771.600000,
        "iops_stddev" : 129.572974,
        "iops_samples" : 10
      },
      "trim" : {
        "io_bytes" : 0,
        "io_kbytes" : 0,
        "bw_bytes" : 0,
        "bw" : 0,
        "iops" : 0.000000,
        "runtime" : 0,
        "total_ios" : 0,
        "short_ios" : 0,
        "drop_ios" : 0,
        "slat_ns" : {
          "min" : 0,
          "max" : 0,
          "mean" : 0.000000,
          "stddev" : 0.000000,
          "N" : 0
        },
        "clat_ns" : {
          "min" : 0,
          "max" : 0,
          "mean" : 0.000000,
          "stddev" : 0.000000,
          "N" : 0
        },
        "lat_ns" : {
          "min" : 0,
          "max" : 0,
          "mean" : 0.000000,
          "stddev" : 0.000000,
          "N" : 0
        },
        "bw_min" : 0,
        "bw_max" : 0,
        "bw_agg" : 0.000000,
        "bw_mean" : 0.000000,
        "bw_dev" : 0.000000,
        "bw_samples" : 0,
        "iops_min" : 0,
        "iops_max" : 0,
        "iops_mean" : 0.000000,
        "iops_stddev" : 0.000000,
        "iops_samples" : 0
      },
      "sync" : {
        "total_ios" : 0,
        "lat_ns" : {
          "min" : 0,
          "max" : 0,
          "mean" : 0.000000,
          "stddev" : 0.000000,
          "N" : 0
        }
      },
      "job_runtime" : 5049,
      "usr_cpu" : 0.673401,
      "sys_cpu" : 0.673401,
      "ctx" : 8952,
      "majf" : 0,
      "minf" : 7,
      "iodepth_level" : {
        "1" : 0.100000,
        "2" : 0.100000,
        "4" : 0.100000,
        "8" : 0.100000,
        "16" : 0.178075,
        "32" : 0.356149,
        ">=64" : 99.298831
      },
      "iodepth_submit" : {
        "0" : 0.000000,
        "4" : 100.000000,
        "8" : 0.000000,
        "16" : 0.000000,
        "32" : 0.000000,
        "64" : 0.000000,
        ">=64" : 0.000000
      },
      "iodepth_complete" : {
        "0" : 0.000000,
        "4" : 99.988712,
        "8" : 0.000000,
        "16" : 0.000000,
        "32" : 0.000000,
        "64" : 0.000000,
        ">=64" : 0.100000
      },
      "latency_ns" : {
        "2" : 0.000000,
        "4" : 0.000000,
        "10" : 0.000000,
        "20" : 0.000000,
        "50" : 0.000000,
        "100" : 0.000000,
        "250" : 0.000000,
        "500" : 0.000000,
        "750" : 0.000000,
        "1000" : 0.000000
      },
      "latency_us" : {
        "2" : 0.000000,
        "4" : 0.000000,
        "10" : 0.000000,
        "20" : 0.000000,
        "50" : 13.633834,
        "100" : 0.189204,
        "250" : 0.022259,
        "500" : 0.055648,
        "750" : 0.033389,
        "1000" : 0.033389
      },
      "latency_ms" : {
        "2" : 0.122426,
        "4" : 0.044519,
        "10" : 0.133556,
        "20" : 0.144686,
        "50" : 3.405676,
        "100" : 82.181413,
        "250" : 0.000000,
        "500" : 0.000000,
        "750" : 0.000000,
        "1000" : 0.000000,
        "2000" : 0.000000,
        ">=2000" : 0.000000
      },
      "latency_depth" : 128,
      "latency_target" : 0,
      "latency_percentile" : 100.000000,
      "latency_window" : 0
    }
  ],
  "disk_util" : [
    {
      "name" : "nvme3n1",
      "read_ios" : 48,
      "write_ios" : 8503,
      "read_sectors" : 2088,
      "write_sectors" : 1088384,
      "read_merges" : 0,
      "write_merges" : 0,
      "read_ticks" : 2,
      "write_ticks" : 623058,
      "in_queue" : 623060,
      "util" : 98.138883
    }
  ]
}
