{
  "fio version" : "fio-3.36",
  "timestamp" : 1781330550,
  "timestamp_ms" : 1781330550041,
  "time" : "Sat Jun 13 06:02:30 2026",
  "jobs" : [
    {
      "jobname" : "randomwrite_64k_32",
      "groupid" : 0,
      "job_start" : 1781330545001,
      "error" : 0,
      "eta" : 0,
      "elapsed" : 6,
      "job options" : {
        "name" : "randomwrite_64k_32",
        "filename" : "/dev/nvme3n1",
        "ioengine" : "io_uring",
        "direct" : "1",
        "rw" : "randwrite",
        "bs" : "64k",
        "iodepth" : "32",
        "size" : "3G",
        "runtime" : "5"
      },
      "read" : {
        "io_bytes" : 0,
        "io_kbytes" : 0,
        "bw_bytes" : 0,
        "bw" : 0,
        "iops" : 0.000000,
        "runtime" : 0,
        "total_ios" : 0,
        "short_ios" : 0,
        "drop_ios" : 0,
        "slat_ns" : {
          "min" : 0,
          "max" : 0,
          "mean" : 0.000000,
          "stddev" : 0.000000,
          "N" : 0
        },
        "clat_ns" : {
          "min" : 0,
          "max" : 0,
          "mean" : 0.000000,
          "stddev" : 0.000000,
          "N" : 0
        },
        "lat_ns" : {
          "min" : 0,
          "max" : 0,
          "mean" : 0.000000,
          "stddev" : 0.000000,
          "N" : 0
        },
        "bw_min" : 0,
        "bw_max" : 0,
        "bw_agg" : 0.000000,
        "bw_mean" : 0.000000,
        "bw_dev" : 0.000000,
        "bw_samples" : 0,
        "iops_min" : 0,
        "iops_max" : 0,
        "iops_mean" : 0.000000,
        "iops_stddev" : 0.000000,
        "iops_samples" : 0
      },
      "write" : {
        "io_bytes" : 539820032,
        "io_kbytes" : 527168,
        "bw_bytes" : 107512454,
        "bw" : 104992,
        "iops" : 1640.509859,
        "runtime" : 5021,
        "total_ios" : 8237,
        "short_ios" : 0,
        "drop_ios" : 0,
        "slat_ns" : {
          "min" : 1656,
          "max" : 30011,
          "mean" : 4054.100158,
          "stddev" : 3203.613683,
          "N" : 8237
        },
        "clat_ns" : {
          "min" : 31961,
          "max" : 41244310,
          "mean" : 19496512.033750,
          "stddev" : 6668559.390060,
          "N" : 8237,
          "percentile" : {
            "1.000000" : 33536,
            "5.000000" : 34048,
            "10.000000" : 6651904,
            "20.000000" : 19791872,
            "30.000000" : 20578304,
            "40.000000" : 20840448,
            "50.000000" : 21364736,
            "60.000000" : 21889024,
            "70.000000" : 22151168,
            "80.000000" : 22675456,
            "90.000000" : 23461888,
            "95.000000" : 24248320,
            "99.000000" : 25296896,
            "99.500000" : 25821184,
            "99.900000" : 34340864,
            "99.950000" : 38010880,
            "99.990000" : 41156608
          }
        },
        "lat_ns" : {
          "min" : 35319,
          "max" : 41246530,
          "mean" : 19500566.133908,
          "stddev" : 6668511.780514,
          "N" : 8237
        },
        "bw_min" : 102528,
        "bw_max" : 108288,
        "bw_agg" : 100.000000,
        "bw_mean" : 105036.800000,
        "bw_dev" : 1680.005079,
        "bw_samples" : 10,
        "iops_min" : 1602,
        "iops_max" : 1692,
        "iops_mean" : 1641.200000,
        "iops_stddev" : 26.250079,
        "iops_samples" : 10
      },
      "trim" : {
        "io_bytes" : 0,
        "io_kbytes" : 0,
        "bw_bytes" : 0,
        "bw" : 0,
        "iops" : 0.000000,
        "runtime" : 0,
        "total_ios" : 0,
        "short_ios" : 0,
        "drop_ios" : 0,
        "slat_ns" : {
          "min" : 0,
          "max" : 0,
          "mean" : 0.000000,
          "stddev" : 0.000000,
          "N" : 0
        },
        "clat_ns" : {
          "min" : 0,
          "max" : 0,
          "mean" : 0.000000,
          "stddev" : 0.000000,
          "N" : 0
        },
        "lat_ns" : {
          "min" : 0,
          "max" : 0,
          "mean" : 0.000000,
          "stddev" : 0.000000,
          "N" : 0
        },
        "bw_min" : 0,
        "bw_max" : 0,
        "bw_agg" : 0.000000,
        "bw_mean" : 0.000000,
        "bw_dev" : 0.000000,
        "bw_samples" : 0,
        "iops_min" : 0,
        "iops_max" : 0,
        "iops_mean" : 0.000000,
        "iops_stddev" : 0.000000,
        "iops_samples" : 0
      },
      "sync" : {
        "total_ios" : 0,
        "lat_ns" : {
          "min" : 0,
          "max" : 0,
          "mean" : 0.000000,
          "stddev" : 0.000000,
          "N" : 0
        }
      },
      "job_runtime" : 5020,
      "usr_cpu" : 0.458167,
      "sys_cpu" : 0.697211,
      "ctx" : 8197,
      "majf" : 0,
      "minf" : 10,
      "iodepth_level" : {
        "1" : 0.100000,
        "2" : 0.100000,
        "4" : 0.100000,
        "8" : 0.100000,
        "16" : 0.194245,
        "32" : 99.623649,
        ">=64" : 0.000000
      },
      "iodepth_submit" : {
        "0" : 0.000000,
        "4" : 100.000000,
        "8" : 0.000000,
        "16" : 0.000000,
        "32" : 0.000000,
        "64" : 0.000000,
        ">=64" : 0.000000
      },
      "iodepth_complete" : {
        "0" : 0.000000,
        "4" : 99.987815,
        "8" : 0.000000,
        "16" : 0.000000,
        "32" : 0.100000,
        "64" : 0.000000,
        ">=64" : 0.000000
      },
      "latency_ns" : {
        "2" : 0.000000,
        "4" : 0.000000,
        "10" : 0.000000,
        "20" : 0.000000,
        "50" : 0.000000,
        "100" : 0.000000,
        "250" : 0.000000,
        "500" : 0.000000,
        "750" : 0.000000,
        "1000" : 0.000000
      },
      "latency_us" : {
        "2" : 0.000000,
        "4" : 0.000000,
        "10" : 0.000000,
        "20" : 0.000000,
        "50" : 9.712274,
        "100" : 0.084982,
        "250" : 0.000000,
        "500" : 0.060702,
        "750" : 0.024281,
        "1000" : 0.012140
      },
      "latency_ms" : {
        "2" : 0.012140,
        "4" : 0.036421,
        "10" : 0.133544,
        "20" : 12.116062,
        "50" : 77.807454,
        "100" : 0.000000,
        "250" : 0.000000,
        "500" : 0.000000,
        "750" : 0.000000,
        "1000" : 0.000000,
        "2000" : 0.000000,
        ">=2000" : 0.000000
      },
      "latency_depth" : 32,
      "latency_target" : 0,
      "latency_percentile" : 100.000000,
      "latency_window" : 0
    }
  ],
  "disk_util" : [
    {
      "name" : "nvme3n1",
      "read_ios" : 48,
      "write_ios" : 8030,
      "read_sectors" : 2088,
      "write_sectors" : 1027840,
      "read_merges" : 0,
      "write_merges" : 0,
      "read_ticks" : 2,
      "write_ticks" : 156386,
      "in_queue" : 156388,
      "util" : 98.199280
    }
  ]
}
