{
  "fio version" : "fio-3.36",
  "timestamp" : 1781330381,
  "timestamp_ms" : 1781330381279,
  "time" : "Sat Jun 13 05:59:41 2026",
  "jobs" : [
    {
      "jobname" : "randomwrite_8k_1",
      "groupid" : 0,
      "job_start" : 1781330376261,
      "error" : 0,
      "eta" : 0,
      "elapsed" : 6,
      "job options" : {
        "name" : "randomwrite_8k_1",
        "filename" : "/dev/nvme3n1",
        "ioengine" : "io_uring",
        "direct" : "1",
        "rw" : "randwrite",
        "bs" : "8k",
        "iodepth" : "1",
        "size" : "3G",
        "runtime" : "5"
      },
      "read" : {
        "io_bytes" : 0,
        "io_kbytes" : 0,
        "bw_bytes" : 0,
        "bw" : 0,
        "iops" : 0.000000,
        "runtime" : 0,
        "total_ios" : 0,
        "short_ios" : 0,
        "drop_ios" : 0,
        "slat_ns" : {
          "min" : 0,
          "max" : 0,
          "mean" : 0.000000,
          "stddev" : 0.000000,
          "N" : 0
        },
        "clat_ns" : {
          "min" : 0,
          "max" : 0,
          "mean" : 0.000000,
          "stddev" : 0.000000,
          "N" : 0
        },
        "lat_ns" : {
          "min" : 0,
          "max" : 0,
          "mean" : 0.000000,
          "stddev" : 0.000000,
          "N" : 0
        },
        "bw_min" : 0,
        "bw_max" : 0,
        "bw_agg" : 0.000000,
        "bw_mean" : 0.000000,
        "bw_dev" : 0.000000,
        "bw_samples" : 0,
        "iops_min" : 0,
        "iops_max" : 0,
        "iops_mean" : 0.000000,
        "iops_stddev" : 0.000000,
        "iops_samples" : 0
      },
      "write" : {
        "io_bytes" : 420921344,
        "io_kbytes" : 411056,
        "bw_bytes" : 84167435,
        "bw" : 82194,
        "iops" : 10274.345131,
        "runtime" : 5001,
        "total_ios" : 51382,
        "short_ios" : 0,
        "drop_ios" : 0,
        "slat_ns" : {
          "min" : 992,
          "max" : 27079,
          "mean" : 1236.024269,
          "stddev" : 519.821128,
          "N" : 51382
        },
        "clat_ns" : {
          "min" : 4249,
          "max" : 846172,
          "mean" : 95870.865069,
          "stddev" : 157254.905901,
          "N" : 51382,
          "percentile" : {
            "1.000000" : 9280,
            "5.000000" : 9280,
            "10.000000" : 9408,
            "20.000000" : 9408,
            "30.000000" : 9536,
            "40.000000" : 9536,
            "50.000000" : 9536,
            "60.000000" : 9664,
            "70.000000" : 9792,
            "80.000000" : 305152,
            "90.000000" : 382976,
            "95.000000" : 415744,
            "99.000000" : 501760,
            "99.500000" : 536576,
            "99.900000" : 618496,
            "99.950000" : 643072,
            "99.990000" : 733184
          }
        },
        "lat_ns" : {
          "min" : 10243,
          "max" : 847440,
          "mean" : 97106.889339,
          "stddev" : 157249.979197,
          "N" : 51382
        },
        "bw_min" : 81616,
        "bw_max" : 83024,
        "bw_agg" : 100.000000,
        "bw_mean" : 82240.000000,
        "bw_dev" : 533.906359,
        "bw_samples" : 9,
        "iops_min" : 10202,
        "iops_max" : 10378,
        "iops_mean" : 10280.000000,
        "iops_stddev" : 66.738295,
        "iops_samples" : 9
      },
      "trim" : {
        "io_bytes" : 0,
        "io_kbytes" : 0,
        "bw_bytes" : 0,
        "bw" : 0,
        "iops" : 0.000000,
        "runtime" : 0,
        "total_ios" : 0,
        "short_ios" : 0,
        "drop_ios" : 0,
        "slat_ns" : {
          "min" : 0,
          "max" : 0,
          "mean" : 0.000000,
          "stddev" : 0.000000,
          "N" : 0
        },
        "clat_ns" : {
          "min" : 0,
          "max" : 0,
          "mean" : 0.000000,
          "stddev" : 0.000000,
          "N" : 0
        },
        "lat_ns" : {
          "min" : 0,
          "max" : 0,
          "mean" : 0.000000,
          "stddev" : 0.000000,
          "N" : 0
        },
        "bw_min" : 0,
        "bw_max" : 0,
        "bw_agg" : 0.000000,
        "bw_mean" : 0.000000,
        "bw_dev" : 0.000000,
        "bw_samples" : 0,
        "iops_min" : 0,
        "iops_max" : 0,
        "iops_mean" : 0.000000,
        "iops_stddev" : 0.000000,
        "iops_samples" : 0
      },
      "sync" : {
        "total_ios" : 0,
        "lat_ns" : {
          "min" : 0,
          "max" : 0,
          "mean" : 0.000000,
          "stddev" : 0.000000,
          "N" : 0
        }
      },
      "job_runtime" : 5000,
      "usr_cpu" : 1.080000,
      "sys_cpu" : 1.720000,
      "ctx" : 51392,
      "majf" : 0,
      "minf" : 9,
      "iodepth_level" : {
        "1" : 100.000000,
        "2" : 0.000000,
        "4" : 0.000000,
        "8" : 0.000000,
        "16" : 0.000000,
        "32" : 0.000000,
        ">=64" : 0.000000
      },
      "iodepth_submit" : {
        "0" : 0.000000,
        "4" : 100.000000,
        "8" : 0.000000,
        "16" : 0.000000,
        "32" : 0.000000,
        "64" : 0.000000,
        ">=64" : 0.000000
      },
      "iodepth_complete" : {
        "0" : 0.000000,
        "4" : 100.000000,
        "8" : 0.000000,
        "16" : 0.000000,
        "32" : 0.000000,
        "64" : 0.000000,
        ">=64" : 0.000000
      },
      "latency_ns" : {
        "2" : 0.000000,
        "4" : 0.000000,
        "10" : 0.000000,
        "20" : 0.000000,
        "50" : 0.000000,
        "100" : 0.000000,
        "250" : 0.000000,
        "500" : 0.000000,
        "750" : 0.000000,
        "1000" : 0.000000
      },
      "latency_us" : {
        "2" : 0.000000,
        "4" : 0.000000,
        "10" : 71.925966,
        "20" : 4.003347,
        "50" : 0.048655,
        "100" : 0.025301,
        "250" : 0.291931,
        "500" : 22.630493,
        "750" : 1.066521,
        "1000" : 0.010000
      },
      "latency_ms" : {
        "2" : 0.000000,
        "4" : 0.000000,
        "10" : 0.000000,
        "20" : 0.000000,
        "50" : 0.000000,
        "100" : 0.000000,
        "250" : 0.000000,
        "500" : 0.000000,
        "750" : 0.000000,
        "1000" : 0.000000,
        "2000" : 0.000000,
        ">=2000" : 0.000000
      },
      "latency_depth" : 1,
      "latency_target" : 0,
      "latency_percentile" : 100.000000,
      "latency_window" : 0
    }
  ],
  "disk_util" : [
    {
      "name" : "nvme3n1",
      "read_ios" : 48,
      "write_ios" : 50311,
      "read_sectors" : 2088,
      "write_sectors" : 804976,
      "read_merges" : 0,
      "write_merges" : 0,
      "read_ticks" : 2,
      "write_ticks" : 4791,
      "in_queue" : 4793,
      "util" : 98.138883
    }
  ]
}
