{
  "fio version" : "fio-3.36",
  "timestamp" : 1781330402,
  "timestamp_ms" : 1781330402333,
  "time" : "Sat Jun 13 06:00:02 2026",
  "jobs" : [
    {
      "jobname" : "randomwrite_8k_16",
      "groupid" : 0,
      "job_start" : 1781330397314,
      "error" : 0,
      "eta" : 0,
      "elapsed" : 6,
      "job options" : {
        "name" : "randomwrite_8k_16",
        "filename" : "/dev/nvme3n1",
        "ioengine" : "io_uring",
        "direct" : "1",
        "rw" : "randwrite",
        "bs" : "8k",
        "iodepth" : "16",
        "size" : "3G",
        "runtime" : "5"
      },
      "read" : {
        "io_bytes" : 0,
        "io_kbytes" : 0,
        "bw_bytes" : 0,
        "bw" : 0,
        "iops" : 0.000000,
        "runtime" : 0,
        "total_ios" : 0,
        "short_ios" : 0,
        "drop_ios" : 0,
        "slat_ns" : {
          "min" : 0,
          "max" : 0,
          "mean" : 0.000000,
          "stddev" : 0.000000,
          "N" : 0
        },
        "clat_ns" : {
          "min" : 0,
          "max" : 0,
          "mean" : 0.000000,
          "stddev" : 0.000000,
          "N" : 0
        },
        "lat_ns" : {
          "min" : 0,
          "max" : 0,
          "mean" : 0.000000,
          "stddev" : 0.000000,
          "N" : 0
        },
        "bw_min" : 0,
        "bw_max" : 0,
        "bw_agg" : 0.000000,
        "bw_mean" : 0.000000,
        "bw_dev" : 0.000000,
        "bw_samples" : 0,
        "iops_min" : 0,
        "iops_max" : 0,
        "iops_mean" : 0.000000,
        "iops_stddev" : 0.000000,
        "iops_samples" : 0
      },
      "write" : {
        "io_bytes" : 1509629952,
        "io_kbytes" : 1474248,
        "bw_bytes" : 301744943,
        "bw" : 294672,
        "iops" : 36834.099540,
        "runtime" : 5003,
        "total_ios" : 184281,
        "short_ios" : 0,
        "drop_ios" : 0,
        "slat_ns" : {
          "min" : 831,
          "max" : 102382,
          "mean" : 1190.717176,
          "stddev" : 344.603259,
          "N" : 184281
        },
        "clat_ns" : {
          "min" : 1874,
          "max" : 5557354,
          "mean" : 432956.950190,
          "stddev" : 892483.529853,
          "N" : 184281,
          "percentile" : {
            "1.000000" : 9536,
            "5.000000" : 9664,
            "10.000000" : 9792,
            "20.000000" : 9792,
            "30.000000" : 9920,
            "40.000000" : 10048,
            "50.000000" : 10048,
            "60.000000" : 10176,
            "70.000000" : 10816,
            "80.000000" : 757760,
            "90.000000" : 1941504,
            "95.000000" : 2605056,
            "99.000000" : 3588096,
            "99.500000" : 3883008,
            "99.900000" : 4489216,
            "99.950000" : 4685824,
            "99.990000" : 5144576
          }
        },
        "lat_ns" : {
          "min" : 9793,
          "max" : 5558421,
          "mean" : 434147.667367,
          "stddev" : 892483.195963,
          "N" : 184281
        },
        "bw_min" : 287296,
        "bw_max" : 323712,
        "bw_agg" : 100.000000,
        "bw_mean" : 294825.600000,
        "bw_dev" : 10613.540232,
        "bw_samples" : 10,
        "iops_min" : 35912,
        "iops_max" : 40464,
        "iops_mean" : 36853.200000,
        "iops_stddev" : 1326.692529,
        "iops_samples" : 10
      },
      "trim" : {
        "io_bytes" : 0,
        "io_kbytes" : 0,
        "bw_bytes" : 0,
        "bw" : 0,
        "iops" : 0.000000,
        "runtime" : 0,
        "total_ios" : 0,
        "short_ios" : 0,
        "drop_ios" : 0,
        "slat_ns" : {
          "min" : 0,
          "max" : 0,
          "mean" : 0.000000,
          "stddev" : 0.000000,
          "N" : 0
        },
        "clat_ns" : {
          "min" : 0,
          "max" : 0,
          "mean" : 0.000000,
          "stddev" : 0.000000,
          "N" : 0
        },
        "lat_ns" : {
          "min" : 0,
          "max" : 0,
          "mean" : 0.000000,
          "stddev" : 0.000000,
          "N" : 0
        },
        "bw_min" : 0,
        "bw_max" : 0,
        "bw_agg" : 0.000000,
        "bw_mean" : 0.000000,
        "bw_dev" : 0.000000,
        "bw_samples" : 0,
        "iops_min" : 0,
        "iops_max" : 0,
        "iops_mean" : 0.000000,
        "iops_stddev" : 0.000000,
        "iops_samples" : 0
      },
      "sync" : {
        "total_ios" : 0,
        "lat_ns" : {
          "min" : 0,
          "max" : 0,
          "mean" : 0.000000,
          "stddev" : 0.000000,
          "N" : 0
        }
      },
      "job_runtime" : 5002,
      "usr_cpu" : 1.619352,
      "sys_cpu" : 7.576969,
      "ctx" : 172768,
      "majf" : 0,
      "minf" : 11,
      "iodepth_level" : {
        "1" : 0.100000,
        "2" : 0.100000,
        "4" : 0.100000,
        "8" : 0.100000,
        "16" : 99.991860,
        "32" : 0.000000,
        ">=64" : 0.000000
      },
      "iodepth_submit" : {
        "0" : 0.000000,
        "4" : 100.000000,
        "8" : 0.000000,
        "16" : 0.000000,
        "32" : 0.000000,
        "64" : 0.000000,
        ">=64" : 0.000000
      },
      "iodepth_complete" : {
        "0" : 0.000000,
        "4" : 99.999457,
        "8" : 0.000000,
        "16" : 0.100000,
        "32" : 0.000000,
        "64" : 0.000000,
        ">=64" : 0.000000
      },
      "latency_ns" : {
        "2" : 0.000000,
        "4" : 0.000000,
        "10" : 0.000000,
        "20" : 0.000000,
        "50" : 0.000000,
        "100" : 0.000000,
        "250" : 0.000000,
        "500" : 0.000000,
        "750" : 0.000000,
        "1000" : 0.000000
      },
      "latency_us" : {
        "2" : 0.010000,
        "4" : 0.010000,
        "10" : 41.056864,
        "20" : 35.548971,
        "50" : 0.052637,
        "100" : 0.049381,
        "250" : 0.014109,
        "500" : 1.494457,
        "750" : 1.714230,
        "1000" : 2.007803
      },
      "latency_ms" : {
        "2" : 8.626500,
        "4" : 9.070387,
        "10" : 0.363575,
        "20" : 0.000000,
        "50" : 0.000000,
        "100" : 0.000000,
        "250" : 0.000000,
        "500" : 0.000000,
        "750" : 0.000000,
        "1000" : 0.000000,
        "2000" : 0.000000,
        ">=2000" : 0.000000
      },
      "latency_depth" : 16,
      "latency_target" : 0,
      "latency_percentile" : 100.000000,
      "latency_window" : 0
    }
  ],
  "disk_util" : [
    {
      "name" : "nvme3n1",
      "read_ios" : 48,
      "write_ios" : 179937,
      "read_sectors" : 2088,
      "write_sectors" : 2878992,
      "read_merges" : 0,
      "write_merges" : 0,
      "read_ticks" : 2,
      "write_ticks" : 78002,
      "in_queue" : 78004,
      "util" : 98.199280
    }
  ]
}
