{
  "fio version" : "fio-3.42-31-g6a66",
  "timestamp" : 1781281059,
  "timestamp_ms" : 1781281059445,
  "time" : "Fri Jun 12 16:17:39 2026",
  "jobs" : [
    {
      "jobname" : "randomwrite_8k_16",
      "groupid" : 0,
      "job_start" : 1781281054297,
      "error" : 0,
      "eta" : 0,
      "elapsed" : 6,
      "job options" : {
        "name" : "randomwrite_8k_16",
        "filename" : "/dev/nvme2n1",
        "ioengine" : "io_uring",
        "direct" : "1",
        "group_reporting" : "",
        "rw" : "randwrite",
        "bs" : "8k",
        "iodepth" : "16",
        "size" : "3G",
        "time_based" : "",
        "runtime" : "5"
      },
      "read" : {
        "io_bytes" : 0,
        "io_kbytes" : 0,
        "bw_bytes" : 0,
        "bw" : 0,
        "iops" : 0.000000,
        "runtime" : 0,
        "total_ios" : 0,
        "short_ios" : 0,
        "drop_ios" : 0,
        "slat_ns" : {
          "min" : 0,
          "max" : 0,
          "mean" : 0.000000,
          "stddev" : 0.000000,
          "N" : 0
        },
        "clat_ns" : {
          "min" : 0,
          "max" : 0,
          "mean" : 0.000000,
          "stddev" : 0.000000,
          "N" : 0
        },
        "lat_ns" : {
          "min" : 0,
          "max" : 0,
          "mean" : 0.000000,
          "stddev" : 0.000000,
          "N" : 0
        },
        "bw_min" : 0,
        "bw_max" : 0,
        "bw_agg" : 0.000000,
        "bw_mean" : 0.000000,
        "bw_dev" : 0.000000,
        "bw_samples" : 0,
        "iops_min" : 0,
        "iops_max" : 0,
        "iops_mean" : 0.000000,
        "iops_stddev" : 0.000000,
        "iops_samples" : 0
      },
      "write" : {
        "io_bytes" : 1496858624,
        "io_kbytes" : 1461776,
        "bw_bytes" : 299192209,
        "bw" : 292179,
        "iops" : 36522.486508,
        "runtime" : 5003,
        "total_ios" : 182722,
        "short_ios" : 0,
        "drop_ios" : 0,
        "slat_ns" : {
          "min" : 672,
          "max" : 25052,
          "mean" : 930.946865,
          "stddev" : 527.104963,
          "N" : 182722
        },
        "clat_ns" : {
          "min" : 7514,
          "max" : 5289861,
          "mean" : 436880.912780,
          "stddev" : 886025.110944,
          "N" : 182722,
          "percentile" : {
            "1.000000" : 10304,
            "5.000000" : 10560,
            "10.000000" : 10688,
            "20.000000" : 11072,
            "30.000000" : 11200,
            "40.000000" : 11456,
            "50.000000" : 11712,
            "60.000000" : 11968,
            "70.000000" : 12864,
            "80.000000" : 806912,
            "90.000000" : 1974272,
            "95.000000" : 2605056,
            "99.000000" : 3457024,
            "99.500000" : 3719168,
            "99.900000" : 4227072,
            "99.950000" : 4423680,
            "99.990000" : 4816896
          }
        },
        "lat_ns" : {
          "min" : 10072,
          "max" : 5290673,
          "mean" : 437811.859645,
          "stddev" : 886023.992687,
          "N" : 182722
        },
        "bw_min" : 286064,
        "bw_max" : 314592,
        "bw_agg" : 100.000000,
        "bw_mean" : 292355.200000,
        "bw_dev" : 8319.739483,
        "bw_samples" : 10,
        "iops_min" : 35758,
        "iops_max" : 39324,
        "iops_mean" : 36544.400000,
        "iops_stddev" : 1039.967435,
        "iops_samples" : 10
      },
      "trim" : {
        "io_bytes" : 0,
        "io_kbytes" : 0,
        "bw_bytes" : 0,
        "bw" : 0,
        "iops" : 0.000000,
        "runtime" : 0,
        "total_ios" : 0,
        "short_ios" : 0,
        "drop_ios" : 0,
        "slat_ns" : {
          "min" : 0,
          "max" : 0,
          "mean" : 0.000000,
          "stddev" : 0.000000,
          "N" : 0
        },
        "clat_ns" : {
          "min" : 0,
          "max" : 0,
          "mean" : 0.000000,
          "stddev" : 0.000000,
          "N" : 0
        },
        "lat_ns" : {
          "min" : 0,
          "max" : 0,
          "mean" : 0.000000,
          "stddev" : 0.000000,
          "N" : 0
        },
        "bw_min" : 0,
        "bw_max" : 0,
        "bw_agg" : 0.000000,
        "bw_mean" : 0.000000,
        "bw_dev" : 0.000000,
        "bw_samples" : 0,
        "iops_min" : 0,
        "iops_max" : 0,
        "iops_mean" : 0.000000,
        "iops_stddev" : 0.000000,
        "iops_samples" : 0
      },
      "sync" : {
        "total_ios" : 0,
        "lat_ns" : {
          "min" : 0,
          "max" : 0,
          "mean" : 0.000000,
          "stddev" : 0.000000,
          "N" : 0
        }
      },
      "job_runtime" : 5002,
      "usr_cpu" : 2.678928,
      "sys_cpu" : 7.157137,
      "ctx" : 168767,
      "majf" : 0,
      "minf" : 9,
      "iodepth_level" : {
        "1" : 0.100000,
        "2" : 0.100000,
        "4" : 0.100000,
        "8" : 0.100000,
        "16" : 99.991791,
        "32" : 0.000000,
        ">=64" : 0.000000
      },
      "iodepth_submit" : {
        "0" : 0.000000,
        "4" : 100.000000,
        "8" : 0.000000,
        "16" : 0.000000,
        "32" : 0.000000,
        "64" : 0.000000,
        ">=64" : 0.000000
      },
      "iodepth_complete" : {
        "0" : 0.000000,
        "4" : 99.999453,
        "8" : 0.000000,
        "16" : 0.100000,
        "32" : 0.000000,
        "64" : 0.000000,
        ">=64" : 0.000000
      },
      "latency_ns" : {
        "2" : 0.000000,
        "4" : 0.000000,
        "10" : 0.000000,
        "20" : 0.000000,
        "50" : 0.000000,
        "100" : 0.000000,
        "250" : 0.000000,
        "500" : 0.000000,
        "750" : 0.000000,
        "1000" : 0.000000
      },
      "latency_us" : {
        "2" : 0.000000,
        "4" : 0.000000,
        "10" : 0.332746,
        "20" : 76.076225,
        "50" : 0.333293,
        "100" : 0.010000,
        "250" : 0.020797,
        "500" : 1.289390,
        "750" : 1.572881,
        "1000" : 1.879358
      },
      "latency_ms" : {
        "2" : 8.763039,
        "4" : 9.510075,
        "10" : 0.212344,
        "20" : 0.000000,
        "50" : 0.000000,
        "100" : 0.000000,
        "250" : 0.000000,
        "500" : 0.000000,
        "750" : 0.000000,
        "1000" : 0.000000,
        "2000" : 0.000000,
        ">=2000" : 0.000000
      },
      "latency_depth" : 16,
      "latency_target" : 0,
      "latency_target_ns" : 0,
      "latency_percentile" : 100.000000,
      "latency_window" : 0,
      "latency_window_us" : 0
    }
  ],
  "disk_util" : [
    {
      "name" : "nvme2n1",
      "read_ios" : 48,
      "write_ios" : 178368,
      "read_sectors" : 2088,
      "write_sectors" : 2853888,
      "read_merges" : 0,
      "write_merges" : 0,
      "read_ticks" : 2,
      "write_ticks" : 77970,
      "in_queue" : 77972,
      "util" : 98.238591
    }
  ]
}
