{
  "fio version" : "fio-3.36",
  "timestamp" : 1781330418,
  "timestamp_ms" : 1781330418154,
  "time" : "Sat Jun 13 06:00:18 2026",
  "jobs" : [
    {
      "jobname" : "randomwrite_8k_128",
      "groupid" : 0,
      "job_start" : 1781330413116,
      "error" : 0,
      "eta" : 0,
      "elapsed" : 6,
      "job options" : {
        "name" : "randomwrite_8k_128",
        "filename" : "/dev/nvme3n1",
        "ioengine" : "io_uring",
        "direct" : "1",
        "rw" : "randwrite",
        "bs" : "8k",
        "iodepth" : "128",
        "size" : "3G",
        "runtime" : "5"
      },
      "read" : {
        "io_bytes" : 0,
        "io_kbytes" : 0,
        "bw_bytes" : 0,
        "bw" : 0,
        "iops" : 0.000000,
        "runtime" : 0,
        "total_ios" : 0,
        "short_ios" : 0,
        "drop_ios" : 0,
        "slat_ns" : {
          "min" : 0,
          "max" : 0,
          "mean" : 0.000000,
          "stddev" : 0.000000,
          "N" : 0
        },
        "clat_ns" : {
          "min" : 0,
          "max" : 0,
          "mean" : 0.000000,
          "stddev" : 0.000000,
          "N" : 0
        },
        "lat_ns" : {
          "min" : 0,
          "max" : 0,
          "mean" : 0.000000,
          "stddev" : 0.000000,
          "N" : 0
        },
        "bw_min" : 0,
        "bw_max" : 0,
        "bw_agg" : 0.000000,
        "bw_mean" : 0.000000,
        "bw_dev" : 0.000000,
        "bw_samples" : 0,
        "iops_min" : 0,
        "iops_max" : 0,
        "iops_mean" : 0.000000,
        "iops_stddev" : 0.000000,
        "iops_samples" : 0
      },
      "write" : {
        "io_bytes" : 1624711168,
        "io_kbytes" : 1586632,
        "bw_bytes" : 323583184,
        "bw" : 315999,
        "iops" : 39499.900418,
        "runtime" : 5021,
        "total_ios" : 198329,
        "short_ios" : 0,
        "drop_ios" : 0,
        "slat_ns" : {
          "min" : 806,
          "max" : 107515,
          "mean" : 1246.194223,
          "stddev" : 354.846842,
          "N" : 198329
        },
        "clat_ns" : {
          "min" : 1775,
          "max" : 39063174,
          "mean" : 3238292.103323,
          "stddev" : 6983173.671585,
          "N" : 198329,
          "percentile" : {
            "1.000000" : 12224,
            "5.000000" : 12736,
            "10.000000" : 12864,
            "20.000000" : 13120,
            "30.000000" : 13376,
            "40.000000" : 13504,
            "50.000000" : 13760,
            "60.000000" : 14144,
            "70.000000" : 15040,
            "80.000000" : 3948544,
            "90.000000" : 15925248,
            "95.000000" : 21102592,
            "99.000000" : 26869760,
            "99.500000" : 28180480,
            "99.900000" : 29229056,
            "99.950000" : 29491200,
            "99.990000" : 34340864
          }
        },
        "lat_ns" : {
          "min" : 12691,
          "max" : 39064333,
          "mean" : 3239538.297546,
          "stddev" : 6983173.957650,
          "N" : 198329
        },
        "bw_min" : 310592,
        "bw_max" : 330192,
        "bw_agg" : 100.000000,
        "bw_mean" : 317123.200000,
        "bw_dev" : 5822.968407,
        "bw_samples" : 10,
        "iops_min" : 38824,
        "iops_max" : 41274,
        "iops_mean" : 39640.400000,
        "iops_stddev" : 727.871051,
        "iops_samples" : 10
      },
      "trim" : {
        "io_bytes" : 0,
        "io_kbytes" : 0,
        "bw_bytes" : 0,
        "bw" : 0,
        "iops" : 0.000000,
        "runtime" : 0,
        "total_ios" : 0,
        "short_ios" : 0,
        "drop_ios" : 0,
        "slat_ns" : {
          "min" : 0,
          "max" : 0,
          "mean" : 0.000000,
          "stddev" : 0.000000,
          "N" : 0
        },
        "clat_ns" : {
          "min" : 0,
          "max" : 0,
          "mean" : 0.000000,
          "stddev" : 0.000000,
          "N" : 0
        },
        "lat_ns" : {
          "min" : 0,
          "max" : 0,
          "mean" : 0.000000,
          "stddev" : 0.000000,
          "N" : 0
        },
        "bw_min" : 0,
        "bw_max" : 0,
        "bw_agg" : 0.000000,
        "bw_mean" : 0.000000,
        "bw_dev" : 0.000000,
        "bw_samples" : 0,
        "iops_min" : 0,
        "iops_max" : 0,
        "iops_mean" : 0.000000,
        "iops_stddev" : 0.000000,
        "iops_samples" : 0
      },
      "sync" : {
        "total_ios" : 0,
        "lat_ns" : {
          "min" : 0,
          "max" : 0,
          "mean" : 0.000000,
          "stddev" : 0.000000,
          "N" : 0
        }
      },
      "job_runtime" : 5020,
      "usr_cpu" : 1.872510,
      "sys_cpu" : 8.087649,
      "ctx" : 190497,
      "majf" : 0,
      "minf" : 12,
      "iodepth_level" : {
        "1" : 0.100000,
        "2" : 0.100000,
        "4" : 0.100000,
        "8" : 0.100000,
        "16" : 0.100000,
        "32" : 0.100000,
        ">=64" : 99.968235
      },
      "iodepth_submit" : {
        "0" : 0.000000,
        "4" : 100.000000,
        "8" : 0.000000,
        "16" : 0.000000,
        "32" : 0.000000,
        "64" : 0.000000,
        ">=64" : 0.000000
      },
      "iodepth_complete" : {
        "0" : 0.000000,
        "4" : 99.999495,
        "8" : 0.000000,
        "16" : 0.000000,
        "32" : 0.000000,
        "64" : 0.000000,
        ">=64" : 0.100000
      },
      "latency_ns" : {
        "2" : 0.000000,
        "4" : 0.000000,
        "10" : 0.000000,
        "20" : 0.000000,
        "50" : 0.000000,
        "100" : 0.000000,
        "250" : 0.000000,
        "500" : 0.000000,
        "750" : 0.000000,
        "1000" : 0.000000
      },
      "latency_us" : {
        "2" : 0.010000,
        "4" : 0.000000,
        "10" : 0.010000,
        "20" : 76.076620,
        "50" : 0.315637,
        "100" : 0.058993,
        "250" : 0.207736,
        "500" : 0.138154,
        "750" : 0.175970,
        "1000" : 0.166390
      },
      "latency_ms" : {
        "2" : 0.820354,
        "4" : 2.081390,
        "10" : 5.281124,
        "20" : 8.768763,
        "50" : 5.902314,
        "100" : 0.000000,
        "250" : 0.000000,
        "500" : 0.000000,
        "750" : 0.000000,
        "1000" : 0.000000,
        "2000" : 0.000000,
        ">=2000" : 0.000000
      },
      "latency_depth" : 128,
      "latency_target" : 0,
      "latency_percentile" : 100.000000,
      "latency_window" : 0
    }
  ],
  "disk_util" : [
    {
      "name" : "nvme3n1",
      "read_ios" : 48,
      "write_ios" : 193408,
      "read_sectors" : 2088,
      "write_sectors" : 3094528,
      "read_merges" : 0,
      "write_merges" : 0,
      "read_ticks" : 2,
      "write_ticks" : 624980,
      "in_queue" : 624981,
      "util" : 98.218931
    }
  ]
}
