{
  "fio version" : "fio-3.36",
  "timestamp" : 1781330423,
  "timestamp_ms" : 1781330423459,
  "time" : "Sat Jun 13 06:00:23 2026",
  "jobs" : [
    {
      "jobname" : "randomwrite_8k_256",
      "groupid" : 0,
      "job_start" : 1781330418401,
      "error" : 0,
      "eta" : 0,
      "elapsed" : 6,
      "job options" : {
        "name" : "randomwrite_8k_256",
        "filename" : "/dev/nvme3n1",
        "ioengine" : "io_uring",
        "direct" : "1",
        "rw" : "randwrite",
        "bs" : "8k",
        "iodepth" : "256",
        "size" : "3G",
        "runtime" : "5"
      },
      "read" : {
        "io_bytes" : 0,
        "io_kbytes" : 0,
        "bw_bytes" : 0,
        "bw" : 0,
        "iops" : 0.000000,
        "runtime" : 0,
        "total_ios" : 0,
        "short_ios" : 0,
        "drop_ios" : 0,
        "slat_ns" : {
          "min" : 0,
          "max" : 0,
          "mean" : 0.000000,
          "stddev" : 0.000000,
          "N" : 0
        },
        "clat_ns" : {
          "min" : 0,
          "max" : 0,
          "mean" : 0.000000,
          "stddev" : 0.000000,
          "N" : 0
        },
        "lat_ns" : {
          "min" : 0,
          "max" : 0,
          "mean" : 0.000000,
          "stddev" : 0.000000,
          "N" : 0
        },
        "bw_min" : 0,
        "bw_max" : 0,
        "bw_agg" : 0.000000,
        "bw_mean" : 0.000000,
        "bw_dev" : 0.000000,
        "bw_samples" : 0,
        "iops_min" : 0,
        "iops_max" : 0,
        "iops_mean" : 0.000000,
        "iops_stddev" : 0.000000,
        "iops_samples" : 0
      },
      "write" : {
        "io_bytes" : 1659060224,
        "io_kbytes" : 1620176,
        "bw_bytes" : 329048041,
        "bw" : 321335,
        "iops" : 40166.997223,
        "runtime" : 5042,
        "total_ios" : 202522,
        "short_ios" : 0,
        "drop_ios" : 0,
        "slat_ns" : {
          "min" : 793,
          "max" : 19616,
          "mean" : 1271.570007,
          "stddev" : 234.470845,
          "N" : 202522
        },
        "clat_ns" : {
          "min" : 10205,
          "max" : 83311854,
          "mean" : 6371351.087299,
          "stddev" : 13106168.864717,
          "N" : 202522,
          "percentile" : {
            "1.000000" : 15680,
            "5.000000" : 15936,
            "10.000000" : 16064,
            "20.000000" : 16192,
            "30.000000" : 16512,
            "40.000000" : 17792,
            "50.000000" : 18304,
            "60.000000" : 19072,
            "70.000000" : 20864,
            "80.000000" : 11993088,
            "90.000000" : 29229056,
            "95.000000" : 38010880,
            "99.000000" : 48496640,
            "99.500000" : 51118080,
            "99.900000" : 54788096,
            "99.950000" : 64749568,
            "99.990000" : 79167488
          }
        },
        "lat_ns" : {
          "min" : 15984,
          "max" : 83313146,
          "mean" : 6372622.657306,
          "stddev" : 13106168.226285,
          "N" : 202522
        },
        "bw_min" : 315808,
        "bw_max" : 343536,
        "bw_agg" : 100.000000,
        "bw_mean" : 323627.200000,
        "bw_dev" : 8149.623206,
        "bw_samples" : 10,
        "iops_min" : 39476,
        "iops_max" : 42942,
        "iops_mean" : 40453.400000,
        "iops_stddev" : 1018.702901,
        "iops_samples" : 10
      },
      "trim" : {
        "io_bytes" : 0,
        "io_kbytes" : 0,
        "bw_bytes" : 0,
        "bw" : 0,
        "iops" : 0.000000,
        "runtime" : 0,
        "total_ios" : 0,
        "short_ios" : 0,
        "drop_ios" : 0,
        "slat_ns" : {
          "min" : 0,
          "max" : 0,
          "mean" : 0.000000,
          "stddev" : 0.000000,
          "N" : 0
        },
        "clat_ns" : {
          "min" : 0,
          "max" : 0,
          "mean" : 0.000000,
          "stddev" : 0.000000,
          "N" : 0
        },
        "lat_ns" : {
          "min" : 0,
          "max" : 0,
          "mean" : 0.000000,
          "stddev" : 0.000000,
          "N" : 0
        },
        "bw_min" : 0,
        "bw_max" : 0,
        "bw_agg" : 0.000000,
        "bw_mean" : 0.000000,
        "bw_dev" : 0.000000,
        "bw_samples" : 0,
        "iops_min" : 0,
        "iops_max" : 0,
        "iops_mean" : 0.000000,
        "iops_stddev" : 0.000000,
        "iops_samples" : 0
      },
      "sync" : {
        "total_ios" : 0,
        "lat_ns" : {
          "min" : 0,
          "max" : 0,
          "mean" : 0.000000,
          "stddev" : 0.000000,
          "N" : 0
        }
      },
      "job_runtime" : 5041,
      "usr_cpu" : 1.745685,
      "sys_cpu" : 8.609403,
      "ctx" : 188969,
      "majf" : 0,
      "minf" : 8,
      "iodepth_level" : {
        "1" : 0.100000,
        "2" : 0.100000,
        "4" : 0.100000,
        "8" : 0.100000,
        "16" : 0.100000,
        "32" : 0.100000,
        ">=64" : 99.968892
      },
      "iodepth_submit" : {
        "0" : 0.000000,
        "4" : 100.000000,
        "8" : 0.000000,
        "16" : 0.000000,
        "32" : 0.000000,
        "64" : 0.000000,
        ">=64" : 0.000000
      },
      "iodepth_complete" : {
        "0" : 0.000000,
        "4" : 99.999506,
        "8" : 0.000000,
        "16" : 0.000000,
        "32" : 0.000000,
        "64" : 0.000000,
        ">=64" : 0.100000
      },
      "latency_ns" : {
        "2" : 0.000000,
        "4" : 0.000000,
        "10" : 0.000000,
        "20" : 0.000000,
        "50" : 0.000000,
        "100" : 0.000000,
        "250" : 0.000000,
        "500" : 0.000000,
        "750" : 0.000000,
        "1000" : 0.000000
      },
      "latency_us" : {
        "2" : 0.000000,
        "4" : 0.000000,
        "10" : 0.000000,
        "20" : 65.152922,
        "50" : 11.087191,
        "100" : 0.089373,
        "250" : 0.147145,
        "500" : 0.393537,
        "750" : 0.060240,
        "1000" : 0.029626
      },
      "latency_ms" : {
        "2" : 0.158501,
        "4" : 0.439952,
        "10" : 1.848194,
        "20" : 3.602078,
        "50" : 16.333534,
        "100" : 0.657706,
        "250" : 0.000000,
        "500" : 0.000000,
        "750" : 0.000000,
        "1000" : 0.000000,
        "2000" : 0.000000,
        ">=2000" : 0.000000
      },
      "latency_depth" : 256,
      "latency_target" : 0,
      "latency_percentile" : 100.000000,
      "latency_window" : 0
    }
  ],
  "disk_util" : [
    {
      "name" : "nvme3n1",
      "read_ios" : 48,
      "write_ios" : 197671,
      "read_sectors" : 2088,
      "write_sectors" : 3162736,
      "read_merges" : 0,
      "write_merges" : 0,
      "read_ticks" : 3,
      "write_ticks" : 1248124,
      "in_queue" : 1248126,
      "util" : 98.138883
    }
  ]
}
