{
  "fio version" : "fio-3.42-31-g6a66",
  "timestamp" : 1781281043,
  "timestamp_ms" : 1781281043287,
  "time" : "Fri Jun 12 16:17:23 2026",
  "jobs" : [
    {
      "jobname" : "randomwrite_8k_2",
      "groupid" : 0,
      "job_start" : 1781281038139,
      "error" : 0,
      "eta" : 0,
      "elapsed" : 6,
      "job options" : {
        "name" : "randomwrite_8k_2",
        "filename" : "/dev/nvme2n1",
        "ioengine" : "io_uring",
        "direct" : "1",
        "group_reporting" : "",
        "rw" : "randwrite",
        "bs" : "8k",
        "iodepth" : "2",
        "size" : "3G",
        "time_based" : "",
        "runtime" : "5"
      },
      "read" : {
        "io_bytes" : 0,
        "io_kbytes" : 0,
        "bw_bytes" : 0,
        "bw" : 0,
        "iops" : 0.000000,
        "runtime" : 0,
        "total_ios" : 0,
        "short_ios" : 0,
        "drop_ios" : 0,
        "slat_ns" : {
          "min" : 0,
          "max" : 0,
          "mean" : 0.000000,
          "stddev" : 0.000000,
          "N" : 0
        },
        "clat_ns" : {
          "min" : 0,
          "max" : 0,
          "mean" : 0.000000,
          "stddev" : 0.000000,
          "N" : 0
        },
        "lat_ns" : {
          "min" : 0,
          "max" : 0,
          "mean" : 0.000000,
          "stddev" : 0.000000,
          "N" : 0
        },
        "bw_min" : 0,
        "bw_max" : 0,
        "bw_agg" : 0.000000,
        "bw_mean" : 0.000000,
        "bw_dev" : 0.000000,
        "bw_samples" : 0,
        "iops_min" : 0,
        "iops_max" : 0,
        "iops_mean" : 0.000000,
        "iops_stddev" : 0.000000,
        "iops_samples" : 0
      },
      "write" : {
        "io_bytes" : 752926720,
        "io_kbytes" : 735280,
        "bw_bytes" : 150555232,
        "bw" : 147026,
        "iops" : 18378.324335,
        "runtime" : 5001,
        "total_ios" : 91910,
        "short_ios" : 0,
        "drop_ios" : 0,
        "slat_ns" : {
          "min" : 670,
          "max" : 31050,
          "mean" : 949.210249,
          "stddev" : 559.102853,
          "N" : 91910
        },
        "clat_ns" : {
          "min" : 5877,
          "max" : 1105642,
          "mean" : 107660.456425,
          "stddev" : 185320.292568,
          "N" : 91910,
          "percentile" : {
            "1.000000" : 9792,
            "5.000000" : 9920,
            "10.000000" : 10048,
            "20.000000" : 10048,
            "30.000000" : 10176,
            "40.000000" : 10560,
            "50.000000" : 10816,
            "60.000000" : 11200,
            "70.000000" : 11968,
            "80.000000" : 317440,
            "90.000000" : 415744,
            "95.000000" : 497664,
            "99.000000" : 692224,
            "99.500000" : 749568,
            "99.900000" : 872448,
            "99.950000" : 921600,
            "99.990000" : 1019904
          }
        },
        "lat_ns" : {
          "min" : 9753,
          "max" : 1106455,
          "mean" : 108609.666674,
          "stddev" : 185322.893690,
          "N" : 91910
        },
        "bw_min" : 143424,
        "bw_max" : 151376,
        "bw_agg" : 100.000000,
        "bw_mean" : 147056.000000,
        "bw_dev" : 3085.332181,
        "bw_samples" : 10,
        "iops_min" : 17928,
        "iops_max" : 18922,
        "iops_mean" : 18382.000000,
        "iops_stddev" : 385.666523,
        "iops_samples" : 10
      },
      "trim" : {
        "io_bytes" : 0,
        "io_kbytes" : 0,
        "bw_bytes" : 0,
        "bw" : 0,
        "iops" : 0.000000,
        "runtime" : 0,
        "total_ios" : 0,
        "short_ios" : 0,
        "drop_ios" : 0,
        "slat_ns" : {
          "min" : 0,
          "max" : 0,
          "mean" : 0.000000,
          "stddev" : 0.000000,
          "N" : 0
        },
        "clat_ns" : {
          "min" : 0,
          "max" : 0,
          "mean" : 0.000000,
          "stddev" : 0.000000,
          "N" : 0
        },
        "lat_ns" : {
          "min" : 0,
          "max" : 0,
          "mean" : 0.000000,
          "stddev" : 0.000000,
          "N" : 0
        },
        "bw_min" : 0,
        "bw_max" : 0,
        "bw_agg" : 0.000000,
        "bw_mean" : 0.000000,
        "bw_dev" : 0.000000,
        "bw_samples" : 0,
        "iops_min" : 0,
        "iops_max" : 0,
        "iops_mean" : 0.000000,
        "iops_stddev" : 0.000000,
        "iops_samples" : 0
      },
      "sync" : {
        "total_ios" : 0,
        "lat_ns" : {
          "min" : 0,
          "max" : 0,
          "mean" : 0.000000,
          "stddev" : 0.000000,
          "N" : 0
        }
      },
      "job_runtime" : 5000,
      "usr_cpu" : 1.280000,
      "sys_cpu" : 3.720000,
      "ctx" : 89453,
      "majf" : 0,
      "minf" : 9,
      "iodepth_level" : {
        "1" : 0.100000,
        "2" : 99.998912,
        "4" : 0.000000,
        "8" : 0.000000,
        "16" : 0.000000,
        "32" : 0.000000,
        ">=64" : 0.000000
      },
      "iodepth_submit" : {
        "0" : 0.000000,
        "4" : 100.000000,
        "8" : 0.000000,
        "16" : 0.000000,
        "32" : 0.000000,
        "64" : 0.000000,
        ">=64" : 0.000000
      },
      "iodepth_complete" : {
        "0" : 0.000000,
        "4" : 100.000000,
        "8" : 0.000000,
        "16" : 0.000000,
        "32" : 0.000000,
        "64" : 0.000000,
        ">=64" : 0.000000
      },
      "latency_ns" : {
        "2" : 0.000000,
        "4" : 0.000000,
        "10" : 0.000000,
        "20" : 0.000000,
        "50" : 0.000000,
        "100" : 0.000000,
        "250" : 0.000000,
        "500" : 0.000000,
        "750" : 0.000000,
        "1000" : 0.000000
      },
      "latency_us" : {
        "2" : 0.000000,
        "4" : 0.000000,
        "10" : 10.221956,
        "20" : 66.343162,
        "50" : 0.198020,
        "100" : 0.014144,
        "250" : 0.104450,
        "500" : 18.197149,
        "750" : 4.441301,
        "1000" : 0.462409
      },
      "latency_ms" : {
        "2" : 0.017408,
        "4" : 0.000000,
        "10" : 0.000000,
        "20" : 0.000000,
        "50" : 0.000000,
        "100" : 0.000000,
        "250" : 0.000000,
        "500" : 0.000000,
        "750" : 0.000000,
        "1000" : 0.000000,
        "2000" : 0.000000,
        ">=2000" : 0.000000
      },
      "latency_depth" : 2,
      "latency_target" : 0,
      "latency_target_ns" : 0,
      "latency_percentile" : 100.000000,
      "latency_window" : 0,
      "latency_window_us" : 0
    }
  ],
  "disk_util" : [
    {
      "name" : "nvme2n1",
      "read_ios" : 48,
      "write_ios" : 89983,
      "read_sectors" : 2088,
      "write_sectors" : 1439728,
      "read_merges" : 0,
      "write_merges" : 0,
      "read_ticks" : 3,
      "write_ticks" : 9614,
      "in_queue" : 9617,
      "util" : 98.138883
    }
  ]
}
