{
  "fio version" : "fio-3.36",
  "timestamp" : 1781330386,
  "timestamp_ms" : 1781330386542,
  "time" : "Sat Jun 13 05:59:46 2026",
  "jobs" : [
    {
      "jobname" : "randomwrite_8k_2",
      "groupid" : 0,
      "job_start" : 1781330381524,
      "error" : 0,
      "eta" : 0,
      "elapsed" : 6,
      "job options" : {
        "name" : "randomwrite_8k_2",
        "filename" : "/dev/nvme3n1",
        "ioengine" : "io_uring",
        "direct" : "1",
        "rw" : "randwrite",
        "bs" : "8k",
        "iodepth" : "2",
        "size" : "3G",
        "runtime" : "5"
      },
      "read" : {
        "io_bytes" : 0,
        "io_kbytes" : 0,
        "bw_bytes" : 0,
        "bw" : 0,
        "iops" : 0.000000,
        "runtime" : 0,
        "total_ios" : 0,
        "short_ios" : 0,
        "drop_ios" : 0,
        "slat_ns" : {
          "min" : 0,
          "max" : 0,
          "mean" : 0.000000,
          "stddev" : 0.000000,
          "N" : 0
        },
        "clat_ns" : {
          "min" : 0,
          "max" : 0,
          "mean" : 0.000000,
          "stddev" : 0.000000,
          "N" : 0
        },
        "lat_ns" : {
          "min" : 0,
          "max" : 0,
          "mean" : 0.000000,
          "stddev" : 0.000000,
          "N" : 0
        },
        "bw_min" : 0,
        "bw_max" : 0,
        "bw_agg" : 0.000000,
        "bw_mean" : 0.000000,
        "bw_dev" : 0.000000,
        "bw_samples" : 0,
        "iops_min" : 0,
        "iops_max" : 0,
        "iops_mean" : 0.000000,
        "iops_stddev" : 0.000000,
        "iops_samples" : 0
      },
      "write" : {
        "io_bytes" : 744398848,
        "io_kbytes" : 726952,
        "bw_bytes" : 148849999,
        "bw" : 145361,
        "iops" : 18170.165967,
        "runtime" : 5001,
        "total_ios" : 90869,
        "short_ios" : 0,
        "drop_ios" : 0,
        "slat_ns" : {
          "min" : 846,
          "max" : 27541,
          "mean" : 1213.562414,
          "stddev" : 334.630943,
          "N" : 90869
        },
        "clat_ns" : {
          "min" : 1380,
          "max" : 1252640,
          "mean" : 108645.366363,
          "stddev" : 185602.447362,
          "N" : 90869,
          "percentile" : {
            "1.000000" : 9280,
            "5.000000" : 9408,
            "10.000000" : 9408,
            "20.000000" : 9408,
            "30.000000" : 9536,
            "40.000000" : 9536,
            "50.000000" : 9664,
            "60.000000" : 9664,
            "70.000000" : 10048,
            "80.000000" : 317440,
            "90.000000" : 411648,
            "95.000000" : 497664,
            "99.000000" : 684032,
            "99.500000" : 741376,
            "99.900000" : 880640,
            "99.950000" : 946176,
            "99.990000" : 1073152
          }
        },
        "lat_ns" : {
          "min" : 9606,
          "max" : 1253890,
          "mean" : 109858.928777,
          "stddev" : 185601.424617,
          "N" : 90869
        },
        "bw_min" : 140784,
        "bw_max" : 150928,
        "bw_agg" : 99.642734,
        "bw_mean" : 144842.666667,
        "bw_dev" : 4198.750290,
        "bw_samples" : 9,
        "iops_min" : 17598,
        "iops_max" : 18866,
        "iops_mean" : 18105.333333,
        "iops_stddev" : 524.843786,
        "iops_samples" : 9
      },
      "trim" : {
        "io_bytes" : 0,
        "io_kbytes" : 0,
        "bw_bytes" : 0,
        "bw" : 0,
        "iops" : 0.000000,
        "runtime" : 0,
        "total_ios" : 0,
        "short_ios" : 0,
        "drop_ios" : 0,
        "slat_ns" : {
          "min" : 0,
          "max" : 0,
          "mean" : 0.000000,
          "stddev" : 0.000000,
          "N" : 0
        },
        "clat_ns" : {
          "min" : 0,
          "max" : 0,
          "mean" : 0.000000,
          "stddev" : 0.000000,
          "N" : 0
        },
        "lat_ns" : {
          "min" : 0,
          "max" : 0,
          "mean" : 0.000000,
          "stddev" : 0.000000,
          "N" : 0
        },
        "bw_min" : 0,
        "bw_max" : 0,
        "bw_agg" : 0.000000,
        "bw_mean" : 0.000000,
        "bw_dev" : 0.000000,
        "bw_samples" : 0,
        "iops_min" : 0,
        "iops_max" : 0,
        "iops_mean" : 0.000000,
        "iops_stddev" : 0.000000,
        "iops_samples" : 0
      },
      "sync" : {
        "total_ios" : 0,
        "lat_ns" : {
          "min" : 0,
          "max" : 0,
          "mean" : 0.000000,
          "stddev" : 0.000000,
          "N" : 0
        }
      },
      "job_runtime" : 5000,
      "usr_cpu" : 0.560000,
      "sys_cpu" : 4.240000,
      "ctx" : 89259,
      "majf" : 0,
      "minf" : 8,
      "iodepth_level" : {
        "1" : 0.100000,
        "2" : 99.998900,
        "4" : 0.000000,
        "8" : 0.000000,
        "16" : 0.000000,
        "32" : 0.000000,
        ">=64" : 0.000000
      },
      "iodepth_submit" : {
        "0" : 0.000000,
        "4" : 100.000000,
        "8" : 0.000000,
        "16" : 0.000000,
        "32" : 0.000000,
        "64" : 0.000000,
        ">=64" : 0.000000
      },
      "iodepth_complete" : {
        "0" : 0.000000,
        "4" : 100.000000,
        "8" : 0.000000,
        "16" : 0.000000,
        "32" : 0.000000,
        "64" : 0.000000,
        ">=64" : 0.000000
      },
      "latency_ns" : {
        "2" : 0.000000,
        "4" : 0.000000,
        "10" : 0.000000,
        "20" : 0.000000,
        "50" : 0.000000,
        "100" : 0.000000,
        "250" : 0.000000,
        "500" : 0.000000,
        "750" : 0.000000,
        "1000" : 0.000000
      },
      "latency_us" : {
        "2" : 0.010000,
        "4" : 0.000000,
        "10" : 69.916033,
        "20" : 6.054870,
        "50" : 0.022010,
        "100" : 0.042919,
        "250" : 0.123254,
        "500" : 18.975668,
        "750" : 4.396439,
        "1000" : 0.440194
      },
      "latency_ms" : {
        "2" : 0.027512,
        "4" : 0.000000,
        "10" : 0.000000,
        "20" : 0.000000,
        "50" : 0.000000,
        "100" : 0.000000,
        "250" : 0.000000,
        "500" : 0.000000,
        "750" : 0.000000,
        "1000" : 0.000000,
        "2000" : 0.000000,
        ">=2000" : 0.000000
      },
      "latency_depth" : 2,
      "latency_target" : 0,
      "latency_percentile" : 100.000000,
      "latency_window" : 0
    }
  ],
  "disk_util" : [
    {
      "name" : "nvme3n1",
      "read_ios" : 48,
      "write_ios" : 88935,
      "read_sectors" : 2088,
      "write_sectors" : 1422960,
      "read_merges" : 0,
      "write_merges" : 0,
      "read_ticks" : 2,
      "write_ticks" : 9611,
      "in_queue" : 9613,
      "util" : 98.199280
    }
  ]
}
