{
  "fio version" : "fio-3.42-31-g6a66",
  "timestamp" : 1781281064,
  "timestamp_ms" : 1781281064831,
  "time" : "Fri Jun 12 16:17:44 2026",
  "jobs" : [
    {
      "jobname" : "randomwrite_8k_32",
      "groupid" : 0,
      "job_start" : 1781281059683,
      "error" : 0,
      "eta" : 0,
      "elapsed" : 6,
      "job options" : {
        "name" : "randomwrite_8k_32",
        "filename" : "/dev/nvme2n1",
        "ioengine" : "io_uring",
        "direct" : "1",
        "group_reporting" : "",
        "rw" : "randwrite",
        "bs" : "8k",
        "iodepth" : "32",
        "size" : "3G",
        "time_based" : "",
        "runtime" : "5"
      },
      "read" : {
        "io_bytes" : 0,
        "io_kbytes" : 0,
        "bw_bytes" : 0,
        "bw" : 0,
        "iops" : 0.000000,
        "runtime" : 0,
        "total_ios" : 0,
        "short_ios" : 0,
        "drop_ios" : 0,
        "slat_ns" : {
          "min" : 0,
          "max" : 0,
          "mean" : 0.000000,
          "stddev" : 0.000000,
          "N" : 0
        },
        "clat_ns" : {
          "min" : 0,
          "max" : 0,
          "mean" : 0.000000,
          "stddev" : 0.000000,
          "N" : 0
        },
        "lat_ns" : {
          "min" : 0,
          "max" : 0,
          "mean" : 0.000000,
          "stddev" : 0.000000,
          "N" : 0
        },
        "bw_min" : 0,
        "bw_max" : 0,
        "bw_agg" : 0.000000,
        "bw_mean" : 0.000000,
        "bw_dev" : 0.000000,
        "bw_samples" : 0,
        "iops_min" : 0,
        "iops_max" : 0,
        "iops_mean" : 0.000000,
        "iops_stddev" : 0.000000,
        "iops_samples" : 0
      },
      "write" : {
        "io_bytes" : 1527250944,
        "io_kbytes" : 1491456,
        "bw_bytes" : 305145043,
        "bw" : 297993,
        "iops" : 37249.150849,
        "runtime" : 5005,
        "total_ios" : 186432,
        "short_ios" : 0,
        "drop_ios" : 0,
        "slat_ns" : {
          "min" : 671,
          "max" : 26837,
          "mean" : 919.198834,
          "stddev" : 487.830443,
          "N" : 186432
        },
        "clat_ns" : {
          "min" : 7215,
          "max" : 10462456,
          "mean" : 857827.705587,
          "stddev" : 1799716.382530,
          "N" : 186432,
          "percentile" : {
            "1.000000" : 10944,
            "5.000000" : 11200,
            "10.000000" : 11328,
            "20.000000" : 11584,
            "30.000000" : 11840,
            "40.000000" : 12352,
            "50.000000" : 12608,
            "60.000000" : 12864,
            "70.000000" : 14016,
            "80.000000" : 1433600,
            "90.000000" : 3915776,
            "95.000000" : 5210112,
            "99.000000" : 7372800,
            "99.500000" : 7897088,
            "99.900000" : 8716288,
            "99.950000" : 8978432,
            "99.990000" : 9371648
          }
        },
        "lat_ns" : {
          "min" : 9907,
          "max" : 10463412,
          "mean" : 858746.904421,
          "stddev" : 1799715.610800,
          "N" : 186432
        },
        "bw_min" : 291760,
        "bw_max" : 304176,
        "bw_agg" : 100.000000,
        "bw_mean" : 298241.600000,
        "bw_dev" : 3728.342950,
        "bw_samples" : 10,
        "iops_min" : 36470,
        "iops_max" : 38022,
        "iops_mean" : 37280.200000,
        "iops_stddev" : 466.042869,
        "iops_samples" : 10
      },
      "trim" : {
        "io_bytes" : 0,
        "io_kbytes" : 0,
        "bw_bytes" : 0,
        "bw" : 0,
        "iops" : 0.000000,
        "runtime" : 0,
        "total_ios" : 0,
        "short_ios" : 0,
        "drop_ios" : 0,
        "slat_ns" : {
          "min" : 0,
          "max" : 0,
          "mean" : 0.000000,
          "stddev" : 0.000000,
          "N" : 0
        },
        "clat_ns" : {
          "min" : 0,
          "max" : 0,
          "mean" : 0.000000,
          "stddev" : 0.000000,
          "N" : 0
        },
        "lat_ns" : {
          "min" : 0,
          "max" : 0,
          "mean" : 0.000000,
          "stddev" : 0.000000,
          "N" : 0
        },
        "bw_min" : 0,
        "bw_max" : 0,
        "bw_agg" : 0.000000,
        "bw_mean" : 0.000000,
        "bw_dev" : 0.000000,
        "bw_samples" : 0,
        "iops_min" : 0,
        "iops_max" : 0,
        "iops_mean" : 0.000000,
        "iops_stddev" : 0.000000,
        "iops_samples" : 0
      },
      "sync" : {
        "total_ios" : 0,
        "lat_ns" : {
          "min" : 0,
          "max" : 0,
          "mean" : 0.000000,
          "stddev" : 0.000000,
          "N" : 0
        }
      },
      "job_runtime" : 5004,
      "usr_cpu" : 2.178257,
      "sys_cpu" : 7.414069,
      "ctx" : 172044,
      "majf" : 0,
      "minf" : 10,
      "iodepth_level" : {
        "1" : 0.100000,
        "2" : 0.100000,
        "4" : 0.100000,
        "8" : 0.100000,
        "16" : 0.100000,
        "32" : 99.983372,
        ">=64" : 0.000000
      },
      "iodepth_submit" : {
        "0" : 0.000000,
        "4" : 100.000000,
        "8" : 0.000000,
        "16" : 0.000000,
        "32" : 0.000000,
        "64" : 0.000000,
        ">=64" : 0.000000
      },
      "iodepth_complete" : {
        "0" : 0.000000,
        "4" : 99.999464,
        "8" : 0.000000,
        "16" : 0.000000,
        "32" : 0.100000,
        "64" : 0.000000,
        ">=64" : 0.000000
      },
      "latency_ns" : {
        "2" : 0.000000,
        "4" : 0.000000,
        "10" : 0.000000,
        "20" : 0.000000,
        "50" : 0.000000,
        "100" : 0.000000,
        "250" : 0.000000,
        "500" : 0.000000,
        "750" : 0.000000,
        "1000" : 0.000000
      },
      "latency_us" : {
        "2" : 0.000000,
        "4" : 0.000000,
        "10" : 0.017164,
        "20" : 76.202047,
        "50" : 0.464513,
        "100" : 0.026283,
        "250" : 0.024674,
        "500" : 0.483823,
        "750" : 0.558381,
        "1000" : 0.710179
      },
      "latency_ms" : {
        "2" : 3.770812,
        "4" : 8.111805,
        "10" : 9.627103,
        "20" : 0.010000,
        "50" : 0.000000,
        "100" : 0.000000,
        "250" : 0.000000,
        "500" : 0.000000,
        "750" : 0.000000,
        "1000" : 0.000000,
        "2000" : 0.000000,
        ">=2000" : 0.000000
      },
      "latency_depth" : 32,
      "latency_target" : 0,
      "latency_target_ns" : 0,
      "latency_percentile" : 100.000000,
      "latency_window" : 0,
      "latency_window_us" : 0
    }
  ],
  "disk_util" : [
    {
      "name" : "nvme2n1",
      "read_ios" : 48,
      "write_ios" : 181973,
      "read_sectors" : 2088,
      "write_sectors" : 2911568,
      "read_merges" : 0,
      "write_merges" : 0,
      "read_ticks" : 3,
      "write_ticks" : 156282,
      "in_queue" : 156284,
      "util" : 98.178178
    }
  ]
}
