{
  "fio version" : "fio-3.36",
  "timestamp" : 1781330407,
  "timestamp_ms" : 1781330407597,
  "time" : "Sat Jun 13 06:00:07 2026",
  "jobs" : [
    {
      "jobname" : "randomwrite_8k_32",
      "groupid" : 0,
      "job_start" : 1781330402578,
      "error" : 0,
      "eta" : 0,
      "elapsed" : 6,
      "job options" : {
        "name" : "randomwrite_8k_32",
        "filename" : "/dev/nvme3n1",
        "ioengine" : "io_uring",
        "direct" : "1",
        "rw" : "randwrite",
        "bs" : "8k",
        "iodepth" : "32",
        "size" : "3G",
        "runtime" : "5"
      },
      "read" : {
        "io_bytes" : 0,
        "io_kbytes" : 0,
        "bw_bytes" : 0,
        "bw" : 0,
        "iops" : 0.000000,
        "runtime" : 0,
        "total_ios" : 0,
        "short_ios" : 0,
        "drop_ios" : 0,
        "slat_ns" : {
          "min" : 0,
          "max" : 0,
          "mean" : 0.000000,
          "stddev" : 0.000000,
          "N" : 0
        },
        "clat_ns" : {
          "min" : 0,
          "max" : 0,
          "mean" : 0.000000,
          "stddev" : 0.000000,
          "N" : 0
        },
        "lat_ns" : {
          "min" : 0,
          "max" : 0,
          "mean" : 0.000000,
          "stddev" : 0.000000,
          "N" : 0
        },
        "bw_min" : 0,
        "bw_max" : 0,
        "bw_agg" : 0.000000,
        "bw_mean" : 0.000000,
        "bw_dev" : 0.000000,
        "bw_samples" : 0,
        "iops_min" : 0,
        "iops_max" : 0,
        "iops_mean" : 0.000000,
        "iops_stddev" : 0.000000,
        "iops_samples" : 0
      },
      "write" : {
        "io_bytes" : 1558077440,
        "io_kbytes" : 1521560,
        "bw_bytes" : 311304183,
        "bw" : 304007,
        "iops" : 38000.999001,
        "runtime" : 5005,
        "total_ios" : 190195,
        "short_ios" : 0,
        "drop_ios" : 0,
        "slat_ns" : {
          "min" : 813,
          "max" : 174971,
          "mean" : 1286.275270,
          "stddev" : 524.741101,
          "N" : 190195
        },
        "clat_ns" : {
          "min" : 1236,
          "max" : 12336309,
          "mean" : 840440.595641,
          "stddev" : 1873370.038483,
          "N" : 190195,
          "percentile" : {
            "1.000000" : 9920,
            "5.000000" : 10048,
            "10.000000" : 10176,
            "20.000000" : 10304,
            "30.000000" : 10432,
            "40.000000" : 10560,
            "50.000000" : 10688,
            "60.000000" : 10816,
            "70.000000" : 11328,
            "80.000000" : 1187840,
            "90.000000" : 3555328,
            "95.000000" : 5275648,
            "99.000000" : 8355840,
            "99.500000" : 9109504,
            "99.900000" : 10420224,
            "99.950000" : 10682368,
            "99.990000" : 11468800
          }
        },
        "lat_ns" : {
          "min" : 10118,
          "max" : 12337850,
          "mean" : 841726.870911,
          "stddev" : 1873370.023851,
          "N" : 190195
        },
        "bw_min" : 295136,
        "bw_max" : 323584,
        "bw_agg" : 100.000000,
        "bw_mean" : 304262.400000,
        "bw_dev" : 7699.143548,
        "bw_samples" : 10,
        "iops_min" : 36892,
        "iops_max" : 40448,
        "iops_mean" : 38032.800000,
        "iops_stddev" : 962.392944,
        "iops_samples" : 10
      },
      "trim" : {
        "io_bytes" : 0,
        "io_kbytes" : 0,
        "bw_bytes" : 0,
        "bw" : 0,
        "iops" : 0.000000,
        "runtime" : 0,
        "total_ios" : 0,
        "short_ios" : 0,
        "drop_ios" : 0,
        "slat_ns" : {
          "min" : 0,
          "max" : 0,
          "mean" : 0.000000,
          "stddev" : 0.000000,
          "N" : 0
        },
        "clat_ns" : {
          "min" : 0,
          "max" : 0,
          "mean" : 0.000000,
          "stddev" : 0.000000,
          "N" : 0
        },
        "lat_ns" : {
          "min" : 0,
          "max" : 0,
          "mean" : 0.000000,
          "stddev" : 0.000000,
          "N" : 0
        },
        "bw_min" : 0,
        "bw_max" : 0,
        "bw_agg" : 0.000000,
        "bw_mean" : 0.000000,
        "bw_dev" : 0.000000,
        "bw_samples" : 0,
        "iops_min" : 0,
        "iops_max" : 0,
        "iops_mean" : 0.000000,
        "iops_stddev" : 0.000000,
        "iops_samples" : 0
      },
      "sync" : {
        "total_ios" : 0,
        "lat_ns" : {
          "min" : 0,
          "max" : 0,
          "mean" : 0.000000,
          "stddev" : 0.000000,
          "N" : 0
        }
      },
      "job_runtime" : 5004,
      "usr_cpu" : 1.478817,
      "sys_cpu" : 8.353317,
      "ctx" : 176911,
      "majf" : 0,
      "minf" : 11,
      "iodepth_level" : {
        "1" : 0.100000,
        "2" : 0.100000,
        "4" : 0.100000,
        "8" : 0.100000,
        "16" : 0.100000,
        "32" : 99.983701,
        ">=64" : 0.000000
      },
      "iodepth_submit" : {
        "0" : 0.000000,
        "4" : 100.000000,
        "8" : 0.000000,
        "16" : 0.000000,
        "32" : 0.000000,
        "64" : 0.000000,
        ">=64" : 0.000000
      },
      "iodepth_complete" : {
        "0" : 0.000000,
        "4" : 99.999474,
        "8" : 0.000000,
        "16" : 0.000000,
        "32" : 0.100000,
        "64" : 0.000000,
        ">=64" : 0.000000
      },
      "latency_ns" : {
        "2" : 0.000000,
        "4" : 0.000000,
        "10" : 0.000000,
        "20" : 0.000000,
        "50" : 0.000000,
        "100" : 0.000000,
        "250" : 0.000000,
        "500" : 0.000000,
        "750" : 0.000000,
        "1000" : 0.000000
      },
      "latency_us" : {
        "2" : 0.010000,
        "4" : 0.010000,
        "10" : 3.605247,
        "20" : 73.208549,
        "50" : 0.093588,
        "100" : 0.029443,
        "250" : 0.022083,
        "500" : 0.676148,
        "750" : 0.741870,
        "1000" : 0.886984
      },
      "latency_ms" : {
        "2" : 4.277189,
        "4" : 8.022819,
        "10" : 8.248902,
        "20" : 0.185073,
        "50" : 0.000000,
        "100" : 0.000000,
        "250" : 0.000000,
        "500" : 0.000000,
        "750" : 0.000000,
        "1000" : 0.000000,
        "2000" : 0.000000,
        ">=2000" : 0.000000
      },
      "latency_depth" : 32,
      "latency_target" : 0,
      "latency_percentile" : 100.000000,
      "latency_window" : 0
    }
  ],
  "disk_util" : [
    {
      "name" : "nvme3n1",
      "read_ios" : 48,
      "write_ios" : 185326,
      "read_sectors" : 2088,
      "write_sectors" : 2965232,
      "read_merges" : 0,
      "write_merges" : 0,
      "read_ticks" : 2,
      "write_ticks" : 156304,
      "in_queue" : 156306,
      "util" : 98.199280
    }
  ]
}
