{
  "fio version" : "fio-3.36",
  "timestamp" : 1781330391,
  "timestamp_ms" : 1781330391805,
  "time" : "Sat Jun 13 05:59:51 2026",
  "jobs" : [
    {
      "jobname" : "randomwrite_8k_4",
      "groupid" : 0,
      "job_start" : 1781330386787,
      "error" : 0,
      "eta" : 0,
      "elapsed" : 6,
      "job options" : {
        "name" : "randomwrite_8k_4",
        "filename" : "/dev/nvme3n1",
        "ioengine" : "io_uring",
        "direct" : "1",
        "rw" : "randwrite",
        "bs" : "8k",
        "iodepth" : "4",
        "size" : "3G",
        "runtime" : "5"
      },
      "read" : {
        "io_bytes" : 0,
        "io_kbytes" : 0,
        "bw_bytes" : 0,
        "bw" : 0,
        "iops" : 0.000000,
        "runtime" : 0,
        "total_ios" : 0,
        "short_ios" : 0,
        "drop_ios" : 0,
        "slat_ns" : {
          "min" : 0,
          "max" : 0,
          "mean" : 0.000000,
          "stddev" : 0.000000,
          "N" : 0
        },
        "clat_ns" : {
          "min" : 0,
          "max" : 0,
          "mean" : 0.000000,
          "stddev" : 0.000000,
          "N" : 0
        },
        "lat_ns" : {
          "min" : 0,
          "max" : 0,
          "mean" : 0.000000,
          "stddev" : 0.000000,
          "N" : 0
        },
        "bw_min" : 0,
        "bw_max" : 0,
        "bw_agg" : 0.000000,
        "bw_mean" : 0.000000,
        "bw_dev" : 0.000000,
        "bw_samples" : 0,
        "iops_min" : 0,
        "iops_max" : 0,
        "iops_mean" : 0.000000,
        "iops_stddev" : 0.000000,
        "iops_samples" : 0
      },
      "write" : {
        "io_bytes" : 1144102912,
        "io_kbytes" : 1117288,
        "bw_bytes" : 228774827,
        "bw" : 223412,
        "iops" : 27926.614677,
        "runtime" : 5001,
        "total_ios" : 139661,
        "short_ios" : 0,
        "drop_ios" : 0,
        "slat_ns" : {
          "min" : 794,
          "max" : 77932,
          "mean" : 1172.185757,
          "stddev" : 335.536071,
          "N" : 139661
        },
        "clat_ns" : {
          "min" : 412,
          "max" : 1808113,
          "mean" : 141855.501772,
          "stddev" : 260670.585940,
          "N" : 139661,
          "percentile" : {
            "1.000000" : 9280,
            "5.000000" : 9408,
            "10.000000" : 9408,
            "20.000000" : 9408,
            "30.000000" : 9536,
            "40.000000" : 9536,
            "50.000000" : 9664,
            "60.000000" : 9664,
            "70.000000" : 10048,
            "80.000000" : 337920,
            "90.000000" : 569344,
            "95.000000" : 741376,
            "99.000000" : 1028096,
            "99.500000" : 1122304,
            "99.900000" : 1335296,
            "99.950000" : 1384448,
            "99.990000" : 1581056
          }
        },
        "lat_ns" : {
          "min" : 9485,
          "max" : 1809214,
          "mean" : 143027.687529,
          "stddev" : 260669.892418,
          "N" : 139661
        },
        "bw_min" : 215088,
        "bw_max" : 237360,
        "bw_agg" : 99.264628,
        "bw_mean" : 221770.666667,
        "bw_dev" : 8665.624963,
        "bw_samples" : 9,
        "iops_min" : 26886,
        "iops_max" : 29670,
        "iops_mean" : 27721.333333,
        "iops_stddev" : 1083.203120,
        "iops_samples" : 9
      },
      "trim" : {
        "io_bytes" : 0,
        "io_kbytes" : 0,
        "bw_bytes" : 0,
        "bw" : 0,
        "iops" : 0.000000,
        "runtime" : 0,
        "total_ios" : 0,
        "short_ios" : 0,
        "drop_ios" : 0,
        "slat_ns" : {
          "min" : 0,
          "max" : 0,
          "mean" : 0.000000,
          "stddev" : 0.000000,
          "N" : 0
        },
        "clat_ns" : {
          "min" : 0,
          "max" : 0,
          "mean" : 0.000000,
          "stddev" : 0.000000,
          "N" : 0
        },
        "lat_ns" : {
          "min" : 0,
          "max" : 0,
          "mean" : 0.000000,
          "stddev" : 0.000000,
          "N" : 0
        },
        "bw_min" : 0,
        "bw_max" : 0,
        "bw_agg" : 0.000000,
        "bw_mean" : 0.000000,
        "bw_dev" : 0.000000,
        "bw_samples" : 0,
        "iops_min" : 0,
        "iops_max" : 0,
        "iops_mean" : 0.000000,
        "iops_stddev" : 0.000000,
        "iops_samples" : 0
      },
      "sync" : {
        "total_ios" : 0,
        "lat_ns" : {
          "min" : 0,
          "max" : 0,
          "mean" : 0.000000,
          "stddev" : 0.000000,
          "N" : 0
        }
      },
      "job_runtime" : 5000,
      "usr_cpu" : 1.000000,
      "sys_cpu" : 5.900000,
      "ctx" : 134436,
      "majf" : 0,
      "minf" : 9,
      "iodepth_level" : {
        "1" : 0.100000,
        "2" : 0.100000,
        "4" : 99.997852,
        "8" : 0.000000,
        "16" : 0.000000,
        "32" : 0.000000,
        ">=64" : 0.000000
      },
      "iodepth_submit" : {
        "0" : 0.000000,
        "4" : 100.000000,
        "8" : 0.000000,
        "16" : 0.000000,
        "32" : 0.000000,
        "64" : 0.000000,
        ">=64" : 0.000000
      },
      "iodepth_complete" : {
        "0" : 0.000000,
        "4" : 100.000000,
        "8" : 0.000000,
        "16" : 0.000000,
        "32" : 0.000000,
        "64" : 0.000000,
        ">=64" : 0.000000
      },
      "latency_ns" : {
        "2" : 0.000000,
        "4" : 0.000000,
        "10" : 0.000000,
        "20" : 0.000000,
        "50" : 0.000000,
        "100" : 0.000000,
        "250" : 0.000000,
        "500" : 0.010000,
        "750" : 0.000000,
        "1000" : 0.000000
      },
      "latency_us" : {
        "2" : 0.000000,
        "4" : 0.010000,
        "10" : 69.174644,
        "20" : 6.952549,
        "50" : 0.030073,
        "100" : 0.025061,
        "250" : 0.060146,
        "500" : 11.315256,
        "750" : 7.652816,
        "1000" : 3.613034
      },
      "latency_ms" : {
        "2" : 1.174272,
        "4" : 0.000000,
        "10" : 0.000000,
        "20" : 0.000000,
        "50" : 0.000000,
        "100" : 0.000000,
        "250" : 0.000000,
        "500" : 0.000000,
        "750" : 0.000000,
        "1000" : 0.000000,
        "2000" : 0.000000,
        ">=2000" : 0.000000
      },
      "latency_depth" : 4,
      "latency_target" : 0,
      "latency_percentile" : 100.000000,
      "latency_window" : 0
    }
  ],
  "disk_util" : [
    {
      "name" : "nvme3n1",
      "read_ios" : 48,
      "write_ios" : 136599,
      "read_sectors" : 2088,
      "write_sectors" : 2185584,
      "read_merges" : 0,
      "write_merges" : 0,
      "read_ticks" : 2,
      "write_ticks" : 19317,
      "in_queue" : 19319,
      "util" : 98.199280
    }
  ]
}
