{
  "fio version" : "fio-3.36",
  "timestamp" : 1781330412,
  "timestamp_ms" : 1781330412870,
  "time" : "Sat Jun 13 06:00:12 2026",
  "jobs" : [
    {
      "jobname" : "randomwrite_8k_64",
      "groupid" : 0,
      "job_start" : 1781330407842,
      "error" : 0,
      "eta" : 0,
      "elapsed" : 6,
      "job options" : {
        "name" : "randomwrite_8k_64",
        "filename" : "/dev/nvme3n1",
        "ioengine" : "io_uring",
        "direct" : "1",
        "rw" : "randwrite",
        "bs" : "8k",
        "iodepth" : "64",
        "size" : "3G",
        "runtime" : "5"
      },
      "read" : {
        "io_bytes" : 0,
        "io_kbytes" : 0,
        "bw_bytes" : 0,
        "bw" : 0,
        "iops" : 0.000000,
        "runtime" : 0,
        "total_ios" : 0,
        "short_ios" : 0,
        "drop_ios" : 0,
        "slat_ns" : {
          "min" : 0,
          "max" : 0,
          "mean" : 0.000000,
          "stddev" : 0.000000,
          "N" : 0
        },
        "clat_ns" : {
          "min" : 0,
          "max" : 0,
          "mean" : 0.000000,
          "stddev" : 0.000000,
          "N" : 0
        },
        "lat_ns" : {
          "min" : 0,
          "max" : 0,
          "mean" : 0.000000,
          "stddev" : 0.000000,
          "N" : 0
        },
        "bw_min" : 0,
        "bw_max" : 0,
        "bw_agg" : 0.000000,
        "bw_mean" : 0.000000,
        "bw_dev" : 0.000000,
        "bw_samples" : 0,
        "iops_min" : 0,
        "iops_max" : 0,
        "iops_mean" : 0.000000,
        "iops_stddev" : 0.000000,
        "iops_samples" : 0
      },
      "write" : {
        "io_bytes" : 1591123968,
        "io_kbytes" : 1553832,
        "bw_bytes" : 317589614,
        "bw" : 310146,
        "iops" : 38768.263473,
        "runtime" : 5010,
        "total_ios" : 194229,
        "short_ios" : 0,
        "drop_ios" : 0,
        "slat_ns" : {
          "min" : 845,
          "max" : 56384,
          "mean" : 1247.557275,
          "stddev" : 264.161549,
          "N" : 194229
        },
        "clat_ns" : {
          "min" : 4706,
          "max" : 22316541,
          "mean" : 1649021.045297,
          "stddev" : 3857884.353808,
          "N" : 194229,
          "percentile" : {
            "1.000000" : 10432,
            "5.000000" : 10816,
            "10.000000" : 10944,
            "20.000000" : 11072,
            "30.000000" : 11200,
            "40.000000" : 11328,
            "50.000000" : 11584,
            "60.000000" : 11840,
            "70.000000" : 12352,
            "80.000000" : 1695744,
            "90.000000" : 6914048,
            "95.000000" : 11337728,
            "99.000000" : 17432576,
            "99.500000" : 19005440,
            "99.900000" : 20578304,
            "99.950000" : 21102592,
            "99.990000" : 21626880
          }
        },
        "lat_ns" : {
          "min" : 10726,
          "max" : 22317747,
          "mean" : 1650268.602572,
          "stddev" : 3857883.747685,
          "N" : 194229
        },
        "bw_min" : 305056,
        "bw_max" : 319264,
        "bw_agg" : 100.000000,
        "bw_mean" : 310665.600000,
        "bw_dev" : 4148.038873,
        "bw_samples" : 10,
        "iops_min" : 38132,
        "iops_max" : 39908,
        "iops_mean" : 38833.200000,
        "iops_stddev" : 518.504859,
        "iops_samples" : 10
      },
      "trim" : {
        "io_bytes" : 0,
        "io_kbytes" : 0,
        "bw_bytes" : 0,
        "bw" : 0,
        "iops" : 0.000000,
        "runtime" : 0,
        "total_ios" : 0,
        "short_ios" : 0,
        "drop_ios" : 0,
        "slat_ns" : {
          "min" : 0,
          "max" : 0,
          "mean" : 0.000000,
          "stddev" : 0.000000,
          "N" : 0
        },
        "clat_ns" : {
          "min" : 0,
          "max" : 0,
          "mean" : 0.000000,
          "stddev" : 0.000000,
          "N" : 0
        },
        "lat_ns" : {
          "min" : 0,
          "max" : 0,
          "mean" : 0.000000,
          "stddev" : 0.000000,
          "N" : 0
        },
        "bw_min" : 0,
        "bw_max" : 0,
        "bw_agg" : 0.000000,
        "bw_mean" : 0.000000,
        "bw_dev" : 0.000000,
        "bw_samples" : 0,
        "iops_min" : 0,
        "iops_max" : 0,
        "iops_mean" : 0.000000,
        "iops_stddev" : 0.000000,
        "iops_samples" : 0
      },
      "sync" : {
        "total_ios" : 0,
        "lat_ns" : {
          "min" : 0,
          "max" : 0,
          "mean" : 0.000000,
          "stddev" : 0.000000,
          "N" : 0
        }
      },
      "job_runtime" : 5009,
      "usr_cpu" : 2.076263,
      "sys_cpu" : 7.785985,
      "ctx" : 181193,
      "majf" : 0,
      "minf" : 11,
      "iodepth_level" : {
        "1" : 0.100000,
        "2" : 0.100000,
        "4" : 0.100000,
        "8" : 0.100000,
        "16" : 0.100000,
        "32" : 0.100000,
        ">=64" : 99.967564
      },
      "iodepth_submit" : {
        "0" : 0.000000,
        "4" : 100.000000,
        "8" : 0.000000,
        "16" : 0.000000,
        "32" : 0.000000,
        "64" : 0.000000,
        ">=64" : 0.000000
      },
      "iodepth_complete" : {
        "0" : 0.000000,
        "4" : 99.999485,
        "8" : 0.000000,
        "16" : 0.000000,
        "32" : 0.000000,
        "64" : 0.100000,
        ">=64" : 0.000000
      },
      "latency_ns" : {
        "2" : 0.000000,
        "4" : 0.000000,
        "10" : 0.000000,
        "20" : 0.000000,
        "50" : 0.000000,
        "100" : 0.000000,
        "250" : 0.000000,
        "500" : 0.000000,
        "750" : 0.000000,
        "1000" : 0.000000
      },
      "latency_us" : {
        "2" : 0.000000,
        "4" : 0.000000,
        "10" : 0.288319,
        "20" : 76.344933,
        "50" : 0.071050,
        "100" : 0.094219,
        "250" : 0.041188,
        "500" : 0.412915,
        "750" : 0.464915,
        "1000" : 0.544718
      },
      "latency_ms" : {
        "2" : 2.431666,
        "4" : 4.260950,
        "10" : 9.011013,
        "20" : 5.790073,
        "50" : 0.244042,
        "100" : 0.000000,
        "250" : 0.000000,
        "500" : 0.000000,
        "750" : 0.000000,
        "1000" : 0.000000,
        "2000" : 0.000000,
        ">=2000" : 0.000000
      },
      "latency_depth" : 64,
      "latency_target" : 0,
      "latency_percentile" : 100.000000,
      "latency_window" : 0
    }
  ],
  "disk_util" : [
    {
      "name" : "nvme3n1",
      "read_ios" : 48,
      "write_ios" : 189362,
      "read_sectors" : 2088,
      "write_sectors" : 3029792,
      "read_merges" : 0,
      "write_merges" : 0,
      "read_ticks" : 2,
      "write_ticks" : 312794,
      "in_queue" : 312797,
      "util" : 98.199280
    }
  ]
}
