{
  "fio version" : "fio-3.42-31-g6a66",
  "timestamp" : 1781281054,
  "timestamp_ms" : 1781281054059,
  "time" : "Fri Jun 12 16:17:34 2026",
  "jobs" : [
    {
      "jobname" : "randomwrite_8k_8",
      "groupid" : 0,
      "job_start" : 1781281048911,
      "error" : 0,
      "eta" : 0,
      "elapsed" : 6,
      "job options" : {
        "name" : "randomwrite_8k_8",
        "filename" : "/dev/nvme2n1",
        "ioengine" : "io_uring",
        "direct" : "1",
        "group_reporting" : "",
        "rw" : "randwrite",
        "bs" : "8k",
        "iodepth" : "8",
        "size" : "3G",
        "time_based" : "",
        "runtime" : "5"
      },
      "read" : {
        "io_bytes" : 0,
        "io_kbytes" : 0,
        "bw_bytes" : 0,
        "bw" : 0,
        "iops" : 0.000000,
        "runtime" : 0,
        "total_ios" : 0,
        "short_ios" : 0,
        "drop_ios" : 0,
        "slat_ns" : {
          "min" : 0,
          "max" : 0,
          "mean" : 0.000000,
          "stddev" : 0.000000,
          "N" : 0
        },
        "clat_ns" : {
          "min" : 0,
          "max" : 0,
          "mean" : 0.000000,
          "stddev" : 0.000000,
          "N" : 0
        },
        "lat_ns" : {
          "min" : 0,
          "max" : 0,
          "mean" : 0.000000,
          "stddev" : 0.000000,
          "N" : 0
        },
        "bw_min" : 0,
        "bw_max" : 0,
        "bw_agg" : 0.000000,
        "bw_mean" : 0.000000,
        "bw_dev" : 0.000000,
        "bw_samples" : 0,
        "iops_min" : 0,
        "iops_max" : 0,
        "iops_mean" : 0.000000,
        "iops_stddev" : 0.000000,
        "iops_samples" : 0
      },
      "write" : {
        "io_bytes" : 1408098304,
        "io_kbytes" : 1375096,
        "bw_bytes" : 281563348,
        "bw" : 274964,
        "iops" : 34370.525895,
        "runtime" : 5001,
        "total_ios" : 171887,
        "short_ios" : 0,
        "drop_ios" : 0,
        "slat_ns" : {
          "min" : 663,
          "max" : 26539,
          "mean" : 913.433587,
          "stddev" : 624.237058,
          "N" : 171887
        },
        "clat_ns" : {
          "min" : 61,
          "max" : 2971058,
          "mean" : 231651.216206,
          "stddev" : 461452.625274,
          "N" : 171887,
          "percentile" : {
            "1.000000" : 10048,
            "5.000000" : 10176,
            "10.000000" : 10304,
            "20.000000" : 10432,
            "30.000000" : 10688,
            "40.000000" : 10944,
            "50.000000" : 11200,
            "60.000000" : 11584,
            "70.000000" : 12224,
            "80.000000" : 428032,
            "90.000000" : 1003520,
            "95.000000" : 1351680,
            "99.000000" : 1843200,
            "99.500000" : 2007040,
            "99.900000" : 2310144,
            "99.950000" : 2441216,
            "99.990000" : 2670592
          }
        },
        "lat_ns" : {
          "min" : 9783,
          "max" : 2971871,
          "mean" : 232564.649793,
          "stddev" : 461453.851225,
          "N" : 171887
        },
        "bw_min" : 266080,
        "bw_max" : 290944,
        "bw_agg" : 98.715394,
        "bw_mean" : 271432.888889,
        "bw_dev" : 7438.297057,
        "bw_samples" : 9,
        "iops_min" : 33260,
        "iops_max" : 36368,
        "iops_mean" : 33929.111111,
        "iops_stddev" : 929.787132,
        "iops_samples" : 9
      },
      "trim" : {
        "io_bytes" : 0,
        "io_kbytes" : 0,
        "bw_bytes" : 0,
        "bw" : 0,
        "iops" : 0.000000,
        "runtime" : 0,
        "total_ios" : 0,
        "short_ios" : 0,
        "drop_ios" : 0,
        "slat_ns" : {
          "min" : 0,
          "max" : 0,
          "mean" : 0.000000,
          "stddev" : 0.000000,
          "N" : 0
        },
        "clat_ns" : {
          "min" : 0,
          "max" : 0,
          "mean" : 0.000000,
          "stddev" : 0.000000,
          "N" : 0
        },
        "lat_ns" : {
          "min" : 0,
          "max" : 0,
          "mean" : 0.000000,
          "stddev" : 0.000000,
          "N" : 0
        },
        "bw_min" : 0,
        "bw_max" : 0,
        "bw_agg" : 0.000000,
        "bw_mean" : 0.000000,
        "bw_dev" : 0.000000,
        "bw_samples" : 0,
        "iops_min" : 0,
        "iops_max" : 0,
        "iops_mean" : 0.000000,
        "iops_stddev" : 0.000000,
        "iops_samples" : 0
      },
      "sync" : {
        "total_ios" : 0,
        "lat_ns" : {
          "min" : 0,
          "max" : 0,
          "mean" : 0.000000,
          "stddev" : 0.000000,
          "N" : 0
        }
      },
      "job_runtime" : 5000,
      "usr_cpu" : 2.240000,
      "sys_cpu" : 6.960000,
      "ctx" : 160139,
      "majf" : 0,
      "minf" : 7,
      "iodepth_level" : {
        "1" : 0.100000,
        "2" : 0.100000,
        "4" : 0.100000,
        "8" : 99.995928,
        "16" : 0.000000,
        "32" : 0.000000,
        ">=64" : 0.000000
      },
      "iodepth_submit" : {
        "0" : 0.000000,
        "4" : 100.000000,
        "8" : 0.000000,
        "16" : 0.000000,
        "32" : 0.000000,
        "64" : 0.000000,
        ">=64" : 0.000000
      },
      "iodepth_complete" : {
        "0" : 0.000000,
        "4" : 99.999418,
        "8" : 0.100000,
        "16" : 0.000000,
        "32" : 0.000000,
        "64" : 0.000000,
        ">=64" : 0.000000
      },
      "latency_ns" : {
        "2" : 0.000000,
        "4" : 0.000000,
        "10" : 0.000000,
        "20" : 0.000000,
        "50" : 0.000000,
        "100" : 0.010000,
        "250" : 0.000000,
        "500" : 0.000000,
        "750" : 0.000000,
        "1000" : 0.000000
      },
      "latency_us" : {
        "2" : 0.000000,
        "4" : 0.010000,
        "10" : 0.815070,
        "20" : 75.963278,
        "50" : 0.350812,
        "100" : 0.010000,
        "250" : 0.031998,
        "500" : 4.014265,
        "750" : 4.406965,
        "1000" : 4.352860
      },
      "latency_ms" : {
        "2" : 9.543479,
        "4" : 0.514873,
        "10" : 0.000000,
        "20" : 0.000000,
        "50" : 0.000000,
        "100" : 0.000000,
        "250" : 0.000000,
        "500" : 0.000000,
        "750" : 0.000000,
        "1000" : 0.000000,
        "2000" : 0.000000,
        ">=2000" : 0.000000
      },
      "latency_depth" : 8,
      "latency_target" : 0,
      "latency_target_ns" : 0,
      "latency_percentile" : 100.000000,
      "latency_window" : 0,
      "latency_window_us" : 0
    }
  ],
  "disk_util" : [
    {
      "name" : "nvme2n1",
      "read_ios" : 48,
      "write_ios" : 168067,
      "read_sectors" : 2088,
      "write_sectors" : 2689072,
      "read_merges" : 0,
      "write_merges" : 0,
      "read_ticks" : 2,
      "write_ticks" : 38825,
      "in_queue" : 38827,
      "util" : 98.178178
    }
  ]
}
