{
  "fio version" : "fio-3.36",
  "timestamp" : 1781330397,
  "timestamp_ms" : 1781330397069,
  "time" : "Sat Jun 13 05:59:57 2026",
  "jobs" : [
    {
      "jobname" : "randomwrite_8k_8",
      "groupid" : 0,
      "job_start" : 1781330392050,
      "error" : 0,
      "eta" : 0,
      "elapsed" : 6,
      "job options" : {
        "name" : "randomwrite_8k_8",
        "filename" : "/dev/nvme3n1",
        "ioengine" : "io_uring",
        "direct" : "1",
        "rw" : "randwrite",
        "bs" : "8k",
        "iodepth" : "8",
        "size" : "3G",
        "runtime" : "5"
      },
      "read" : {
        "io_bytes" : 0,
        "io_kbytes" : 0,
        "bw_bytes" : 0,
        "bw" : 0,
        "iops" : 0.000000,
        "runtime" : 0,
        "total_ios" : 0,
        "short_ios" : 0,
        "drop_ios" : 0,
        "slat_ns" : {
          "min" : 0,
          "max" : 0,
          "mean" : 0.000000,
          "stddev" : 0.000000,
          "N" : 0
        },
        "clat_ns" : {
          "min" : 0,
          "max" : 0,
          "mean" : 0.000000,
          "stddev" : 0.000000,
          "N" : 0
        },
        "lat_ns" : {
          "min" : 0,
          "max" : 0,
          "mean" : 0.000000,
          "stddev" : 0.000000,
          "N" : 0
        },
        "bw_min" : 0,
        "bw_max" : 0,
        "bw_agg" : 0.000000,
        "bw_mean" : 0.000000,
        "bw_dev" : 0.000000,
        "bw_samples" : 0,
        "iops_min" : 0,
        "iops_max" : 0,
        "iops_mean" : 0.000000,
        "iops_stddev" : 0.000000,
        "iops_samples" : 0
      },
      "write" : {
        "io_bytes" : 1400578048,
        "io_kbytes" : 1367752,
        "bw_bytes" : 280003608,
        "bw" : 273441,
        "iops" : 34180.127949,
        "runtime" : 5002,
        "total_ios" : 170969,
        "short_ios" : 0,
        "drop_ios" : 0,
        "slat_ns" : {
          "min" : 808,
          "max" : 24084,
          "mean" : 1168.764682,
          "stddev" : 197.735732,
          "N" : 170969
        },
        "clat_ns" : {
          "min" : 3198,
          "max" : 3012355,
          "mean" : 232664.408846,
          "stddev" : 459429.423104,
          "N" : 170969,
          "percentile" : {
            "1.000000" : 9408,
            "5.000000" : 9408,
            "10.000000" : 9536,
            "20.000000" : 9536,
            "30.000000" : 9664,
            "40.000000" : 9664,
            "50.000000" : 9792,
            "60.000000" : 9920,
            "70.000000" : 10432,
            "80.000000" : 448512,
            "90.000000" : 1003520,
            "95.000000" : 1335296,
            "99.000000" : 1826816,
            "99.500000" : 2007040,
            "99.900000" : 2342912,
            "99.950000" : 2473984,
            "99.990000" : 2670592
          }
        },
        "lat_ns" : {
          "min" : 9658,
          "max" : 3013784,
          "mean" : 233833.173529,
          "stddev" : 459428.279599,
          "N" : 170969
        },
        "bw_min" : 264416,
        "bw_max" : 290896,
        "bw_agg" : 98.603712,
        "bw_mean" : 269623.111111,
        "bw_dev" : 8227.104905,
        "bw_samples" : 9,
        "iops_min" : 33052,
        "iops_max" : 36362,
        "iops_mean" : 33702.888889,
        "iops_stddev" : 1028.388113,
        "iops_samples" : 9
      },
      "trim" : {
        "io_bytes" : 0,
        "io_kbytes" : 0,
        "bw_bytes" : 0,
        "bw" : 0,
        "iops" : 0.000000,
        "runtime" : 0,
        "total_ios" : 0,
        "short_ios" : 0,
        "drop_ios" : 0,
        "slat_ns" : {
          "min" : 0,
          "max" : 0,
          "mean" : 0.000000,
          "stddev" : 0.000000,
          "N" : 0
        },
        "clat_ns" : {
          "min" : 0,
          "max" : 0,
          "mean" : 0.000000,
          "stddev" : 0.000000,
          "N" : 0
        },
        "lat_ns" : {
          "min" : 0,
          "max" : 0,
          "mean" : 0.000000,
          "stddev" : 0.000000,
          "N" : 0
        },
        "bw_min" : 0,
        "bw_max" : 0,
        "bw_agg" : 0.000000,
        "bw_mean" : 0.000000,
        "bw_dev" : 0.000000,
        "bw_samples" : 0,
        "iops_min" : 0,
        "iops_max" : 0,
        "iops_mean" : 0.000000,
        "iops_stddev" : 0.000000,
        "iops_samples" : 0
      },
      "sync" : {
        "total_ios" : 0,
        "lat_ns" : {
          "min" : 0,
          "max" : 0,
          "mean" : 0.000000,
          "stddev" : 0.000000,
          "N" : 0
        }
      },
      "job_runtime" : 5001,
      "usr_cpu" : 1.359728,
      "sys_cpu" : 7.098580,
      "ctx" : 161986,
      "majf" : 0,
      "minf" : 8,
      "iodepth_level" : {
        "1" : 0.100000,
        "2" : 0.100000,
        "4" : 0.100000,
        "8" : 99.995906,
        "16" : 0.000000,
        "32" : 0.000000,
        ">=64" : 0.000000
      },
      "iodepth_submit" : {
        "0" : 0.000000,
        "4" : 100.000000,
        "8" : 0.000000,
        "16" : 0.000000,
        "32" : 0.000000,
        "64" : 0.000000,
        ">=64" : 0.000000
      },
      "iodepth_complete" : {
        "0" : 0.000000,
        "4" : 99.999415,
        "8" : 0.100000,
        "16" : 0.000000,
        "32" : 0.000000,
        "64" : 0.000000,
        ">=64" : 0.000000
      },
      "latency_ns" : {
        "2" : 0.000000,
        "4" : 0.000000,
        "10" : 0.000000,
        "20" : 0.000000,
        "50" : 0.000000,
        "100" : 0.000000,
        "250" : 0.000000,
        "500" : 0.000000,
        "750" : 0.000000,
        "1000" : 0.000000
      },
      "latency_us" : {
        "2" : 0.000000,
        "4" : 0.010000,
        "10" : 64.273640,
        "20" : 12.201042,
        "50" : 0.024566,
        "100" : 0.025151,
        "250" : 0.030415,
        "500" : 4.360440,
        "750" : 4.492627,
        "1000" : 4.518948
      },
      "latency_ms" : {
        "2" : 9.572496,
        "4" : 0.500091,
        "10" : 0.000000,
        "20" : 0.000000,
        "50" : 0.000000,
        "100" : 0.000000,
        "250" : 0.000000,
        "500" : 0.000000,
        "750" : 0.000000,
        "1000" : 0.000000,
        "2000" : 0.000000,
        ">=2000" : 0.000000
      },
      "latency_depth" : 8,
      "latency_target" : 0,
      "latency_percentile" : 100.000000,
      "latency_window" : 0
    }
  ],
  "disk_util" : [
    {
      "name" : "nvme3n1",
      "read_ios" : 48,
      "write_ios" : 167071,
      "read_sectors" : 2088,
      "write_sectors" : 2673136,
      "read_merges" : 0,
      "write_merges" : 0,
      "read_ticks" : 2,
      "write_ticks" : 38856,
      "in_queue" : 38858,
      "util" : 98.119248
    }
  ]
}
