{
  "fio version" : "fio-3.36",
  "timestamp" : 1781330931,
  "timestamp_ms" : 1781330931230,
  "time" : "Sat Jun 13 06:08:51 2026",
  "jobs" : [
    {
      "jobname" : "sequentialread_128k_32",
      "groupid" : 0,
      "job_start" : 1781330926212,
      "error" : 0,
      "eta" : 0,
      "elapsed" : 6,
      "job options" : {
        "name" : "sequentialread_128k_32",
        "filename" : "/dev/nvme3n1",
        "ioengine" : "io_uring",
        "direct" : "1",
        "rw" : "read",
        "bs" : "128k",
        "iodepth" : "32",
        "size" : "3G",
        "runtime" : "5"
      },
      "read" : {
        "io_bytes" : 3901882368,
        "io_kbytes" : 3810432,
        "bw_bytes" : 779752671,
        "bw" : 761477,
        "iops" : 5949.040767,
        "runtime" : 5004,
        "total_ios" : 29769,
        "short_ios" : 0,
        "drop_ios" : 0,
        "slat_ns" : {
          "min" : 2236,
          "max" : 31209,
          "mean" : 3334.824381,
          "stddev" : 1522.294317,
          "N" : 29769
        },
        "clat_ns" : {
          "min" : 118664,
          "max" : 13573525,
          "mean" : 5374894.462998,
          "stddev" : 2667781.025300,
          "N" : 29769,
          "percentile" : {
            "1.000000" : 675840,
            "5.000000" : 1318912,
            "10.000000" : 2007040,
            "20.000000" : 3031040,
            "30.000000" : 3784704,
            "40.000000" : 4423680,
            "50.000000" : 5079040,
            "60.000000" : 5865472,
            "70.000000" : 6651904,
            "80.000000" : 7634944,
            "90.000000" : 9109504,
            "95.000000" : 10027008,
            "99.000000" : 12255232,
            "99.500000" : 12779520,
            "99.900000" : 13303808,
            "99.950000" : 13434880,
            "99.990000" : 13565952
          }
        },
        "lat_ns" : {
          "min" : 121701,
          "max" : 13578447,
          "mean" : 5378229.287379,
          "stddev" : 2667898.613442,
          "N" : 29769
        },
        "bw_min" : 667904,
        "bw_max" : 909824,
        "bw_agg" : 99.975677,
        "bw_mean" : 761292.800000,
        "bw_dev" : 79703.781832,
        "bw_samples" : 10,
        "iops_min" : 5218,
        "iops_max" : 7108,
        "iops_mean" : 5947.600000,
        "iops_stddev" : 622.685796,
        "iops_samples" : 10
      },
      "write" : {
        "io_bytes" : 0,
        "io_kbytes" : 0,
        "bw_bytes" : 0,
        "bw" : 0,
        "iops" : 0.000000,
        "runtime" : 0,
        "total_ios" : 0,
        "short_ios" : 0,
        "drop_ios" : 0,
        "slat_ns" : {
          "min" : 0,
          "max" : 0,
          "mean" : 0.000000,
          "stddev" : 0.000000,
          "N" : 0
        },
        "clat_ns" : {
          "min" : 0,
          "max" : 0,
          "mean" : 0.000000,
          "stddev" : 0.000000,
          "N" : 0
        },
        "lat_ns" : {
          "min" : 0,
          "max" : 0,
          "mean" : 0.000000,
          "stddev" : 0.000000,
          "N" : 0
        },
        "bw_min" : 0,
        "bw_max" : 0,
        "bw_agg" : 0.000000,
        "bw_mean" : 0.000000,
        "bw_dev" : 0.000000,
        "bw_samples" : 0,
        "iops_min" : 0,
        "iops_max" : 0,
        "iops_mean" : 0.000000,
        "iops_stddev" : 0.000000,
        "iops_samples" : 0
      },
      "trim" : {
        "io_bytes" : 0,
        "io_kbytes" : 0,
        "bw_bytes" : 0,
        "bw" : 0,
        "iops" : 0.000000,
        "runtime" : 0,
        "total_ios" : 0,
        "short_ios" : 0,
        "drop_ios" : 0,
        "slat_ns" : {
          "min" : 0,
          "max" : 0,
          "mean" : 0.000000,
          "stddev" : 0.000000,
          "N" : 0
        },
        "clat_ns" : {
          "min" : 0,
          "max" : 0,
          "mean" : 0.000000,
          "stddev" : 0.000000,
          "N" : 0
        },
        "lat_ns" : {
          "min" : 0,
          "max" : 0,
          "mean" : 0.000000,
          "stddev" : 0.000000,
          "N" : 0
        },
        "bw_min" : 0,
        "bw_max" : 0,
        "bw_agg" : 0.000000,
        "bw_mean" : 0.000000,
        "bw_dev" : 0.000000,
        "bw_samples" : 0,
        "iops_min" : 0,
        "iops_max" : 0,
        "iops_mean" : 0.000000,
        "iops_stddev" : 0.000000,
        "iops_samples" : 0
      },
      "sync" : {
        "total_ios" : 0,
        "lat_ns" : {
          "min" : 0,
          "max" : 0,
          "mean" : 0.000000,
          "stddev" : 0.000000,
          "N" : 0
        }
      },
      "job_runtime" : 5003,
      "usr_cpu" : 0.459724,
      "sys_cpu" : 2.478513,
      "ctx" : 27520,
      "majf" : 0,
      "minf" : 1034,
      "iodepth_level" : {
        "1" : 0.100000,
        "2" : 0.100000,
        "4" : 0.100000,
        "8" : 0.100000,
        "16" : 0.100000,
        "32" : 99.895865,
        ">=64" : 0.000000
      },
      "iodepth_submit" : {
        "0" : 0.000000,
        "4" : 100.000000,
        "8" : 0.000000,
        "16" : 0.000000,
        "32" : 0.000000,
        "64" : 0.000000,
        ">=64" : 0.000000
      },
      "iodepth_complete" : {
        "0" : 0.000000,
        "4" : 99.996637,
        "8" : 0.000000,
        "16" : 0.000000,
        "32" : 0.100000,
        "64" : 0.000000,
        ">=64" : 0.000000
      },
      "latency_ns" : {
        "2" : 0.000000,
        "4" : 0.000000,
        "10" : 0.000000,
        "20" : 0.000000,
        "50" : 0.000000,
        "100" : 0.000000,
        "250" : 0.000000,
        "500" : 0.000000,
        "750" : 0.000000,
        "1000" : 0.000000
      },
      "latency_us" : {
        "2" : 0.000000,
        "4" : 0.000000,
        "10" : 0.000000,
        "20" : 0.000000,
        "50" : 0.000000,
        "100" : 0.000000,
        "250" : 0.131009,
        "500" : 0.322483,
        "750" : 0.903625,
        "1000" : 1.864356
      },
      "latency_ms" : {
        "2" : 6.745272,
        "4" : 23.547986,
        "10" : 61.123988,
        "20" : 5.361282,
        "50" : 0.000000,
        "100" : 0.000000,
        "250" : 0.000000,
        "500" : 0.000000,
        "750" : 0.000000,
        "1000" : 0.000000,
        "2000" : 0.000000,
        ">=2000" : 0.000000
      },
      "latency_depth" : 32,
      "latency_target" : 0,
      "latency_percentile" : 100.000000,
      "latency_window" : 0
    }
  ],
  "disk_util" : [
    {
      "name" : "nvme3n1",
      "read_ios" : 29142,
      "write_ios" : 0,
      "read_sectors" : 7460352,
      "write_sectors" : 0,
      "read_merges" : 0,
      "write_merges" : 0,
      "read_ticks" : 156612,
      "write_ticks" : 0,
      "in_queue" : 156611,
      "util" : 98.119248
    }
  ]
}
