{
  "fio version" : "fio-3.42-31-g6a66",
  "timestamp" : 1781281572,
  "timestamp_ms" : 1781281572763,
  "time" : "Fri Jun 12 16:26:12 2026",
  "jobs" : [
    {
      "jobname" : "sequentialread_128k_1",
      "groupid" : 0,
      "job_start" : 1781281567614,
      "error" : 0,
      "eta" : 0,
      "elapsed" : 6,
      "job options" : {
        "name" : "sequentialread_128k_1",
        "filename" : "/dev/nvme2n1",
        "ioengine" : "io_uring",
        "direct" : "1",
        "group_reporting" : "",
        "rw" : "read",
        "bs" : "128k",
        "iodepth" : "1",
        "size" : "3G",
        "time_based" : "",
        "runtime" : "5"
      },
      "read" : {
        "io_bytes" : 1215823872,
        "io_kbytes" : 1187328,
        "bw_bytes" : 243116151,
        "bw" : 237418,
        "iops" : 1854.829034,
        "runtime" : 5001,
        "total_ios" : 9276,
        "short_ios" : 0,
        "drop_ios" : 0,
        "slat_ns" : {
          "min" : 1971,
          "max" : 33944,
          "mean" : 4244.899094,
          "stddev" : 4314.132692,
          "N" : 9276
        },
        "clat_ns" : {
          "min" : 118869,
          "max" : 1604397,
          "mean" : 534413.252372,
          "stddev" : 483737.826754,
          "N" : 9276,
          "percentile" : {
            "1.000000" : 119296,
            "5.000000" : 120320,
            "10.000000" : 121344,
            "20.000000" : 123392,
            "30.000000" : 127488,
            "40.000000" : 132096,
            "50.000000" : 362496,
            "60.000000" : 497664,
            "70.000000" : 757760,
            "80.000000" : 1073152,
            "90.000000" : 1351680,
            "95.000000" : 1449984,
            "99.000000" : 1531904,
            "99.500000" : 1548288,
            "99.900000" : 1548288,
            "99.950000" : 1548288,
            "99.990000" : 1597440
          }
        },
        "lat_ns" : {
          "min" : 120931,
          "max" : 1610463,
          "mean" : 538658.151466,
          "stddev" : 486053.609638,
          "N" : 9276
        },
        "bw_min" : 199936,
        "bw_max" : 283648,
        "bw_agg" : 100.000000,
        "bw_mean" : 237465.600000,
        "bw_dev" : 26282.167961,
        "bw_samples" : 10,
        "iops_min" : 1562,
        "iops_max" : 2216,
        "iops_mean" : 1855.200000,
        "iops_stddev" : 205.329437,
        "iops_samples" : 10
      },
      "write" : {
        "io_bytes" : 0,
        "io_kbytes" : 0,
        "bw_bytes" : 0,
        "bw" : 0,
        "iops" : 0.000000,
        "runtime" : 0,
        "total_ios" : 0,
        "short_ios" : 0,
        "drop_ios" : 0,
        "slat_ns" : {
          "min" : 0,
          "max" : 0,
          "mean" : 0.000000,
          "stddev" : 0.000000,
          "N" : 0
        },
        "clat_ns" : {
          "min" : 0,
          "max" : 0,
          "mean" : 0.000000,
          "stddev" : 0.000000,
          "N" : 0
        },
        "lat_ns" : {
          "min" : 0,
          "max" : 0,
          "mean" : 0.000000,
          "stddev" : 0.000000,
          "N" : 0
        },
        "bw_min" : 0,
        "bw_max" : 0,
        "bw_agg" : 0.000000,
        "bw_mean" : 0.000000,
        "bw_dev" : 0.000000,
        "bw_samples" : 0,
        "iops_min" : 0,
        "iops_max" : 0,
        "iops_mean" : 0.000000,
        "iops_stddev" : 0.000000,
        "iops_samples" : 0
      },
      "trim" : {
        "io_bytes" : 0,
        "io_kbytes" : 0,
        "bw_bytes" : 0,
        "bw" : 0,
        "iops" : 0.000000,
        "runtime" : 0,
        "total_ios" : 0,
        "short_ios" : 0,
        "drop_ios" : 0,
        "slat_ns" : {
          "min" : 0,
          "max" : 0,
          "mean" : 0.000000,
          "stddev" : 0.000000,
          "N" : 0
        },
        "clat_ns" : {
          "min" : 0,
          "max" : 0,
          "mean" : 0.000000,
          "stddev" : 0.000000,
          "N" : 0
        },
        "lat_ns" : {
          "min" : 0,
          "max" : 0,
          "mean" : 0.000000,
          "stddev" : 0.000000,
          "N" : 0
        },
        "bw_min" : 0,
        "bw_max" : 0,
        "bw_agg" : 0.000000,
        "bw_mean" : 0.000000,
        "bw_dev" : 0.000000,
        "bw_samples" : 0,
        "iops_min" : 0,
        "iops_max" : 0,
        "iops_mean" : 0.000000,
        "iops_stddev" : 0.000000,
        "iops_samples" : 0
      },
      "sync" : {
        "total_ios" : 0,
        "lat_ns" : {
          "min" : 0,
          "max" : 0,
          "mean" : 0.000000,
          "stddev" : 0.000000,
          "N" : 0
        }
      },
      "job_runtime" : 5000,
      "usr_cpu" : 0.500000,
      "sys_cpu" : 1.100000,
      "ctx" : 9276,
      "majf" : 0,
      "minf" : 39,
      "iodepth_level" : {
        "1" : 100.000000,
        "2" : 0.000000,
        "4" : 0.000000,
        "8" : 0.000000,
        "16" : 0.000000,
        "32" : 0.000000,
        ">=64" : 0.000000
      },
      "iodepth_submit" : {
        "0" : 0.000000,
        "4" : 100.000000,
        "8" : 0.000000,
        "16" : 0.000000,
        "32" : 0.000000,
        "64" : 0.000000,
        ">=64" : 0.000000
      },
      "iodepth_complete" : {
        "0" : 0.000000,
        "4" : 100.000000,
        "8" : 0.000000,
        "16" : 0.000000,
        "32" : 0.000000,
        "64" : 0.000000,
        ">=64" : 0.000000
      },
      "latency_ns" : {
        "2" : 0.000000,
        "4" : 0.000000,
        "10" : 0.000000,
        "20" : 0.000000,
        "50" : 0.000000,
        "100" : 0.000000,
        "250" : 0.000000,
        "500" : 0.000000,
        "750" : 0.000000,
        "1000" : 0.000000
      },
      "latency_us" : {
        "2" : 0.000000,
        "4" : 0.000000,
        "10" : 0.000000,
        "20" : 0.000000,
        "50" : 0.000000,
        "100" : 0.000000,
        "250" : 46.550237,
        "500" : 14.456662,
        "750" : 8.096162,
        "1000" : 7.826649
      },
      "latency_ms" : {
        "2" : 23.070289,
        "4" : 0.000000,
        "10" : 0.000000,
        "20" : 0.000000,
        "50" : 0.000000,
        "100" : 0.000000,
        "250" : 0.000000,
        "500" : 0.000000,
        "750" : 0.000000,
        "1000" : 0.000000,
        "2000" : 0.000000,
        ">=2000" : 0.000000
      },
      "latency_depth" : 1,
      "latency_target" : 0,
      "latency_target_ns" : 0,
      "latency_percentile" : 100.000000,
      "latency_window" : 0,
      "latency_window_us" : 0
    }
  ],
  "disk_util" : [
    {
      "name" : "nvme2n1",
      "read_ios" : 9037,
      "write_ios" : 0,
      "read_sectors" : 2313472,
      "write_sectors" : 0,
      "read_merges" : 0,
      "write_merges" : 0,
      "read_ticks" : 4841,
      "write_ticks" : 0,
      "in_queue" : 4841,
      "util" : 98.078463
    }
  ]
}
