{
  "fio version" : "fio-3.42-31-g6a66",
  "timestamp" : 1781281599,
  "timestamp_ms" : 1781281599693,
  "time" : "Fri Jun 12 16:26:39 2026",
  "jobs" : [
    {
      "jobname" : "sequentialread_128k_32",
      "groupid" : 0,
      "job_start" : 1781281594545,
      "error" : 0,
      "eta" : 0,
      "elapsed" : 6,
      "job options" : {
        "name" : "sequentialread_128k_32",
        "filename" : "/dev/nvme2n1",
        "ioengine" : "io_uring",
        "direct" : "1",
        "group_reporting" : "",
        "rw" : "read",
        "bs" : "128k",
        "iodepth" : "32",
        "size" : "3G",
        "time_based" : "",
        "runtime" : "5"
      },
      "read" : {
        "io_bytes" : 3894804480,
        "io_kbytes" : 3803520,
        "bw_bytes" : 777716549,
        "bw" : 759488,
        "iops" : 5933.506390,
        "runtime" : 5008,
        "total_ios" : 29715,
        "short_ios" : 0,
        "drop_ios" : 0,
        "slat_ns" : {
          "min" : 1893,
          "max" : 30924,
          "mean" : 2349.454013,
          "stddev" : 1341.152538,
          "N" : 29715
        },
        "clat_ns" : {
          "min" : 119822,
          "max" : 15356119,
          "mean" : 5389170.618711,
          "stddev" : 2594931.970501,
          "N" : 29715,
          "percentile" : {
            "1.000000" : 561152,
            "5.000000" : 1269760,
            "10.000000" : 1990656,
            "20.000000" : 3129344,
            "30.000000" : 3883008,
            "40.000000" : 4554752,
            "50.000000" : 5210112,
            "60.000000" : 5931008,
            "70.000000" : 6717440,
            "80.000000" : 7569408,
            "90.000000" : 8978432,
            "95.000000" : 9895936,
            "99.000000" : 11993088,
            "99.500000" : 12648448,
            "99.900000" : 13041664,
            "99.950000" : 13303808,
            "99.990000" : 15138816
          }
        },
        "lat_ns" : {
          "min" : 121915,
          "max" : 15358197,
          "mean" : 5391520.072724,
          "stddev" : 2594944.656781,
          "N" : 29715
        },
        "bw_min" : 648448,
        "bw_max" : 863232,
        "bw_agg" : 100.000000,
        "bw_mean" : 759910.400000,
        "bw_dev" : 63480.108470,
        "bw_samples" : 10,
        "iops_min" : 5066,
        "iops_max" : 6744,
        "iops_mean" : 5936.800000,
        "iops_stddev" : 495.938347,
        "iops_samples" : 10
      },
      "write" : {
        "io_bytes" : 0,
        "io_kbytes" : 0,
        "bw_bytes" : 0,
        "bw" : 0,
        "iops" : 0.000000,
        "runtime" : 0,
        "total_ios" : 0,
        "short_ios" : 0,
        "drop_ios" : 0,
        "slat_ns" : {
          "min" : 0,
          "max" : 0,
          "mean" : 0.000000,
          "stddev" : 0.000000,
          "N" : 0
        },
        "clat_ns" : {
          "min" : 0,
          "max" : 0,
          "mean" : 0.000000,
          "stddev" : 0.000000,
          "N" : 0
        },
        "lat_ns" : {
          "min" : 0,
          "max" : 0,
          "mean" : 0.000000,
          "stddev" : 0.000000,
          "N" : 0
        },
        "bw_min" : 0,
        "bw_max" : 0,
        "bw_agg" : 0.000000,
        "bw_mean" : 0.000000,
        "bw_dev" : 0.000000,
        "bw_samples" : 0,
        "iops_min" : 0,
        "iops_max" : 0,
        "iops_mean" : 0.000000,
        "iops_stddev" : 0.000000,
        "iops_samples" : 0
      },
      "trim" : {
        "io_bytes" : 0,
        "io_kbytes" : 0,
        "bw_bytes" : 0,
        "bw" : 0,
        "iops" : 0.000000,
        "runtime" : 0,
        "total_ios" : 0,
        "short_ios" : 0,
        "drop_ios" : 0,
        "slat_ns" : {
          "min" : 0,
          "max" : 0,
          "mean" : 0.000000,
          "stddev" : 0.000000,
          "N" : 0
        },
        "clat_ns" : {
          "min" : 0,
          "max" : 0,
          "mean" : 0.000000,
          "stddev" : 0.000000,
          "N" : 0
        },
        "lat_ns" : {
          "min" : 0,
          "max" : 0,
          "mean" : 0.000000,
          "stddev" : 0.000000,
          "N" : 0
        },
        "bw_min" : 0,
        "bw_max" : 0,
        "bw_agg" : 0.000000,
        "bw_mean" : 0.000000,
        "bw_dev" : 0.000000,
        "bw_samples" : 0,
        "iops_min" : 0,
        "iops_max" : 0,
        "iops_mean" : 0.000000,
        "iops_stddev" : 0.000000,
        "iops_samples" : 0
      },
      "sync" : {
        "total_ios" : 0,
        "lat_ns" : {
          "min" : 0,
          "max" : 0,
          "mean" : 0.000000,
          "stddev" : 0.000000,
          "N" : 0
        }
      },
      "job_runtime" : 5007,
      "usr_cpu" : 0.279609,
      "sys_cpu" : 2.336729,
      "ctx" : 27601,
      "majf" : 0,
      "minf" : 1032,
      "iodepth_level" : {
        "1" : 0.100000,
        "2" : 0.100000,
        "4" : 0.100000,
        "8" : 0.100000,
        "16" : 0.100000,
        "32" : 99.895676,
        ">=64" : 0.000000
      },
      "iodepth_submit" : {
        "0" : 0.000000,
        "4" : 100.000000,
        "8" : 0.000000,
        "16" : 0.000000,
        "32" : 0.000000,
        "64" : 0.000000,
        ">=64" : 0.000000
      },
      "iodepth_complete" : {
        "0" : 0.000000,
        "4" : 99.996631,
        "8" : 0.000000,
        "16" : 0.000000,
        "32" : 0.100000,
        "64" : 0.000000,
        ">=64" : 0.000000
      },
      "latency_ns" : {
        "2" : 0.000000,
        "4" : 0.000000,
        "10" : 0.000000,
        "20" : 0.000000,
        "50" : 0.000000,
        "100" : 0.000000,
        "250" : 0.000000,
        "500" : 0.000000,
        "750" : 0.000000,
        "1000" : 0.000000
      },
      "latency_us" : {
        "2" : 0.000000,
        "4" : 0.000000,
        "10" : 0.000000,
        "20" : 0.000000,
        "50" : 0.000000,
        "100" : 0.000000,
        "250" : 0.198553,
        "500" : 0.531718,
        "750" : 1.103820,
        "1000" : 1.662460
      },
      "latency_ms" : {
        "2" : 6.525324,
        "4" : 21.504291,
        "10" : 63.826350,
        "20" : 4.647484,
        "50" : 0.000000,
        "100" : 0.000000,
        "250" : 0.000000,
        "500" : 0.000000,
        "750" : 0.000000,
        "1000" : 0.000000,
        "2000" : 0.000000,
        ">=2000" : 0.000000
      },
      "latency_depth" : 32,
      "latency_target" : 0,
      "latency_target_ns" : 0,
      "latency_percentile" : 100.000000,
      "latency_window" : 0,
      "latency_window_us" : 0
    }
  ],
  "disk_util" : [
    {
      "name" : "nvme2n1",
      "read_ios" : 29124,
      "write_ios" : 0,
      "read_sectors" : 7455744,
      "write_sectors" : 0,
      "read_merges" : 0,
      "write_merges" : 0,
      "read_ticks" : 156570,
      "write_ticks" : 0,
      "in_queue" : 156570,
      "util" : 98.138883
    }
  ]
}
