{
  "fio version" : "fio-3.36",
  "timestamp" : 1781330925,
  "timestamp_ms" : 1781330925967,
  "time" : "Sat Jun 13 06:08:45 2026",
  "jobs" : [
    {
      "jobname" : "sequentialread_128k_16",
      "groupid" : 0,
      "job_start" : 1781330920949,
      "error" : 0,
      "eta" : 0,
      "elapsed" : 6,
      "job options" : {
        "name" : "sequentialread_128k_16",
        "filename" : "/dev/nvme3n1",
        "ioengine" : "io_uring",
        "direct" : "1",
        "rw" : "read",
        "bs" : "128k",
        "iodepth" : "16",
        "size" : "3G",
        "runtime" : "5"
      },
      "read" : {
        "io_bytes" : 3636592640,
        "io_kbytes" : 3551360,
        "bw_bytes" : 726737138,
        "bw" : 709704,
        "iops" : 5544.564349,
        "runtime" : 5004,
        "total_ios" : 27745,
        "short_ios" : 0,
        "drop_ios" : 0,
        "slat_ns" : {
          "min" : 2172,
          "max" : 25740,
          "mean" : 2961.283258,
          "stddev" : 1366.785040,
          "N" : 27745
        },
        "clat_ns" : {
          "min" : 118610,
          "max" : 7468478,
          "mean" : 2881903.028690,
          "stddev" : 1743006.432437,
          "N" : 27745,
          "percentile" : {
            "1.000000" : 162816,
            "5.000000" : 354304,
            "10.000000" : 509952,
            "20.000000" : 1122304,
            "30.000000" : 1728512,
            "40.000000" : 2310144,
            "50.000000" : 2834432,
            "60.000000" : 3325952,
            "70.000000" : 3817472,
            "80.000000" : 4489216,
            "90.000000" : 5341184,
            "95.000000" : 5996544,
            "99.000000" : 6520832,
            "99.500000" : 6782976,
            "99.900000" : 7110656,
            "99.950000" : 7307264,
            "99.990000" : 7438336
          }
        },
        "lat_ns" : {
          "min" : 121158,
          "max" : 7471294,
          "mean" : 2884864.311948,
          "stddev" : 1743070.400209,
          "N" : 27745
        },
        "bw_min" : 638976,
        "bw_max" : 875264,
        "bw_agg" : 100.000000,
        "bw_mean" : 709888.000000,
        "bw_dev" : 74030.884030,
        "bw_samples" : 10,
        "iops_min" : 4992,
        "iops_max" : 6838,
        "iops_mean" : 5546.000000,
        "iops_stddev" : 578.366281,
        "iops_samples" : 10
      },
      "write" : {
        "io_bytes" : 0,
        "io_kbytes" : 0,
        "bw_bytes" : 0,
        "bw" : 0,
        "iops" : 0.000000,
        "runtime" : 0,
        "total_ios" : 0,
        "short_ios" : 0,
        "drop_ios" : 0,
        "slat_ns" : {
          "min" : 0,
          "max" : 0,
          "mean" : 0.000000,
          "stddev" : 0.000000,
          "N" : 0
        },
        "clat_ns" : {
          "min" : 0,
          "max" : 0,
          "mean" : 0.000000,
          "stddev" : 0.000000,
          "N" : 0
        },
        "lat_ns" : {
          "min" : 0,
          "max" : 0,
          "mean" : 0.000000,
          "stddev" : 0.000000,
          "N" : 0
        },
        "bw_min" : 0,
        "bw_max" : 0,
        "bw_agg" : 0.000000,
        "bw_mean" : 0.000000,
        "bw_dev" : 0.000000,
        "bw_samples" : 0,
        "iops_min" : 0,
        "iops_max" : 0,
        "iops_mean" : 0.000000,
        "iops_stddev" : 0.000000,
        "iops_samples" : 0
      },
      "trim" : {
        "io_bytes" : 0,
        "io_kbytes" : 0,
        "bw_bytes" : 0,
        "bw" : 0,
        "iops" : 0.000000,
        "runtime" : 0,
        "total_ios" : 0,
        "short_ios" : 0,
        "drop_ios" : 0,
        "slat_ns" : {
          "min" : 0,
          "max" : 0,
          "mean" : 0.000000,
          "stddev" : 0.000000,
          "N" : 0
        },
        "clat_ns" : {
          "min" : 0,
          "max" : 0,
          "mean" : 0.000000,
          "stddev" : 0.000000,
          "N" : 0
        },
        "lat_ns" : {
          "min" : 0,
          "max" : 0,
          "mean" : 0.000000,
          "stddev" : 0.000000,
          "N" : 0
        },
        "bw_min" : 0,
        "bw_max" : 0,
        "bw_agg" : 0.000000,
        "bw_mean" : 0.000000,
        "bw_dev" : 0.000000,
        "bw_samples" : 0,
        "iops_min" : 0,
        "iops_max" : 0,
        "iops_mean" : 0.000000,
        "iops_stddev" : 0.000000,
        "iops_samples" : 0
      },
      "sync" : {
        "total_ios" : 0,
        "lat_ns" : {
          "min" : 0,
          "max" : 0,
          "mean" : 0.000000,
          "stddev" : 0.000000,
          "N" : 0
        }
      },
      "job_runtime" : 5003,
      "usr_cpu" : 0.359784,
      "sys_cpu" : 2.158705,
      "ctx" : 25867,
      "majf" : 0,
      "minf" : 523,
      "iodepth_level" : {
        "1" : 0.100000,
        "2" : 0.100000,
        "4" : 0.100000,
        "8" : 0.100000,
        "16" : 99.945936,
        "32" : 0.000000,
        ">=64" : 0.000000
      },
      "iodepth_submit" : {
        "0" : 0.000000,
        "4" : 100.000000,
        "8" : 0.000000,
        "16" : 0.000000,
        "32" : 0.000000,
        "64" : 0.000000,
        ">=64" : 0.000000
      },
      "iodepth_complete" : {
        "0" : 0.000000,
        "4" : 99.996394,
        "8" : 0.000000,
        "16" : 0.100000,
        "32" : 0.000000,
        "64" : 0.000000,
        ">=64" : 0.000000
      },
      "latency_ns" : {
        "2" : 0.000000,
        "4" : 0.000000,
        "10" : 0.000000,
        "20" : 0.000000,
        "50" : 0.000000,
        "100" : 0.000000,
        "250" : 0.000000,
        "500" : 0.000000,
        "750" : 0.000000,
        "1000" : 0.000000
      },
      "latency_us" : {
        "2" : 0.000000,
        "4" : 0.000000,
        "10" : 0.000000,
        "20" : 0.000000,
        "50" : 0.000000,
        "100" : 0.000000,
        "250" : 2.789692,
        "500" : 6.848081,
        "750" : 5.575779,
        "1000" : 3.157326
      },
      "latency_ms" : {
        "2" : 16.752568,
        "4" : 37.606776,
        "10" : 27.269778,
        "20" : 0.000000,
        "50" : 0.000000,
        "100" : 0.000000,
        "250" : 0.000000,
        "500" : 0.000000,
        "750" : 0.000000,
        "1000" : 0.000000,
        "2000" : 0.000000,
        ">=2000" : 0.000000
      },
      "latency_depth" : 16,
      "latency_target" : 0,
      "latency_percentile" : 100.000000,
      "latency_window" : 0
    }
  ],
  "disk_util" : [
    {
      "name" : "nvme3n1",
      "read_ios" : 27184,
      "write_ios" : 0,
      "read_sectors" : 6959104,
      "write_sectors" : 0,
      "read_merges" : 0,
      "write_merges" : 0,
      "read_ticks" : 78242,
      "write_ticks" : 0,
      "in_queue" : 78242,
      "util" : 98.119248
    }
  ]
}
