{
  "fio version" : "fio-3.36",
  "timestamp" : 1781330904,
  "timestamp_ms" : 1781330904914,
  "time" : "Sat Jun 13 06:08:24 2026",
  "jobs" : [
    {
      "jobname" : "sequentialread_128k_1",
      "groupid" : 0,
      "job_start" : 1781330899895,
      "error" : 0,
      "eta" : 0,
      "elapsed" : 6,
      "job options" : {
        "name" : "sequentialread_128k_1",
        "filename" : "/dev/nvme3n1",
        "ioengine" : "io_uring",
        "direct" : "1",
        "rw" : "read",
        "bs" : "128k",
        "iodepth" : "1",
        "size" : "3G",
        "runtime" : "5"
      },
      "read" : {
        "io_bytes" : 1199046656,
        "io_kbytes" : 1170944,
        "bw_bytes" : 239761378,
        "bw" : 234141,
        "iops" : 1829.234153,
        "runtime" : 5001,
        "total_ios" : 9148,
        "short_ios" : 0,
        "drop_ios" : 0,
        "slat_ns" : {
          "min" : 2406,
          "max" : 39592,
          "mean" : 4245.662986,
          "stddev" : 3662.303614,
          "N" : 9148
        },
        "clat_ns" : {
          "min" : 117037,
          "max" : 2225839,
          "mean" : 541936.459007,
          "stddev" : 486411.293690,
          "N" : 9148,
          "percentile" : {
            "1.000000" : 118272,
            "5.000000" : 118272,
            "10.000000" : 122368,
            "20.000000" : 122368,
            "30.000000" : 126464,
            "40.000000" : 130560,
            "50.000000" : 395264,
            "60.000000" : 493568,
            "70.000000" : 724992,
            "80.000000" : 1044480,
            "90.000000" : 1417216,
            "95.000000" : 1433600,
            "99.000000" : 1613824,
            "99.500000" : 1613824,
            "99.900000" : 1613824,
            "99.950000" : 1630208,
            "99.990000" : 2211840
          }
        },
        "lat_ns" : {
          "min" : 120969,
          "max" : 2228685,
          "mean" : 546182.121994,
          "stddev" : 487733.104605,
          "N" : 9148
        },
        "bw_min" : 192768,
        "bw_max" : 265984,
        "bw_agg" : 99.227831,
        "bw_mean" : 232334.222222,
        "bw_dev" : 24274.858691,
        "bw_samples" : 9,
        "iops_min" : 1506,
        "iops_max" : 2078,
        "iops_mean" : 1815.111111,
        "iops_stddev" : 189.647334,
        "iops_samples" : 9
      },
      "write" : {
        "io_bytes" : 0,
        "io_kbytes" : 0,
        "bw_bytes" : 0,
        "bw" : 0,
        "iops" : 0.000000,
        "runtime" : 0,
        "total_ios" : 0,
        "short_ios" : 0,
        "drop_ios" : 0,
        "slat_ns" : {
          "min" : 0,
          "max" : 0,
          "mean" : 0.000000,
          "stddev" : 0.000000,
          "N" : 0
        },
        "clat_ns" : {
          "min" : 0,
          "max" : 0,
          "mean" : 0.000000,
          "stddev" : 0.000000,
          "N" : 0
        },
        "lat_ns" : {
          "min" : 0,
          "max" : 0,
          "mean" : 0.000000,
          "stddev" : 0.000000,
          "N" : 0
        },
        "bw_min" : 0,
        "bw_max" : 0,
        "bw_agg" : 0.000000,
        "bw_mean" : 0.000000,
        "bw_dev" : 0.000000,
        "bw_samples" : 0,
        "iops_min" : 0,
        "iops_max" : 0,
        "iops_mean" : 0.000000,
        "iops_stddev" : 0.000000,
        "iops_samples" : 0
      },
      "trim" : {
        "io_bytes" : 0,
        "io_kbytes" : 0,
        "bw_bytes" : 0,
        "bw" : 0,
        "iops" : 0.000000,
        "runtime" : 0,
        "total_ios" : 0,
        "short_ios" : 0,
        "drop_ios" : 0,
        "slat_ns" : {
          "min" : 0,
          "max" : 0,
          "mean" : 0.000000,
          "stddev" : 0.000000,
          "N" : 0
        },
        "clat_ns" : {
          "min" : 0,
          "max" : 0,
          "mean" : 0.000000,
          "stddev" : 0.000000,
          "N" : 0
        },
        "lat_ns" : {
          "min" : 0,
          "max" : 0,
          "mean" : 0.000000,
          "stddev" : 0.000000,
          "N" : 0
        },
        "bw_min" : 0,
        "bw_max" : 0,
        "bw_agg" : 0.000000,
        "bw_mean" : 0.000000,
        "bw_dev" : 0.000000,
        "bw_samples" : 0,
        "iops_min" : 0,
        "iops_max" : 0,
        "iops_mean" : 0.000000,
        "iops_stddev" : 0.000000,
        "iops_samples" : 0
      },
      "sync" : {
        "total_ios" : 0,
        "lat_ns" : {
          "min" : 0,
          "max" : 0,
          "mean" : 0.000000,
          "stddev" : 0.000000,
          "N" : 0
        }
      },
      "job_runtime" : 5000,
      "usr_cpu" : 0.000000,
      "sys_cpu" : 1.280000,
      "ctx" : 9157,
      "majf" : 0,
      "minf" : 41,
      "iodepth_level" : {
        "1" : 100.000000,
        "2" : 0.000000,
        "4" : 0.000000,
        "8" : 0.000000,
        "16" : 0.000000,
        "32" : 0.000000,
        ">=64" : 0.000000
      },
      "iodepth_submit" : {
        "0" : 0.000000,
        "4" : 100.000000,
        "8" : 0.000000,
        "16" : 0.000000,
        "32" : 0.000000,
        "64" : 0.000000,
        ">=64" : 0.000000
      },
      "iodepth_complete" : {
        "0" : 0.000000,
        "4" : 100.000000,
        "8" : 0.000000,
        "16" : 0.000000,
        "32" : 0.000000,
        "64" : 0.000000,
        ">=64" : 0.000000
      },
      "latency_ns" : {
        "2" : 0.000000,
        "4" : 0.000000,
        "10" : 0.000000,
        "20" : 0.000000,
        "50" : 0.000000,
        "100" : 0.000000,
        "250" : 0.000000,
        "500" : 0.000000,
        "750" : 0.000000,
        "1000" : 0.000000
      },
      "latency_us" : {
        "2" : 0.000000,
        "4" : 0.000000,
        "10" : 0.000000,
        "20" : 0.000000,
        "50" : 0.000000,
        "100" : 0.000000,
        "250" : 42.960210,
        "500" : 19.785746,
        "750" : 7.630083,
        "1000" : 8.930914
      },
      "latency_ms" : {
        "2" : 20.682116,
        "4" : 0.010931,
        "10" : 0.000000,
        "20" : 0.000000,
        "50" : 0.000000,
        "100" : 0.000000,
        "250" : 0.000000,
        "500" : 0.000000,
        "750" : 0.000000,
        "1000" : 0.000000,
        "2000" : 0.000000,
        ">=2000" : 0.000000
      },
      "latency_depth" : 1,
      "latency_target" : 0,
      "latency_percentile" : 100.000000,
      "latency_window" : 0
    }
  ],
  "disk_util" : [
    {
      "name" : "nvme3n1",
      "read_ios" : 8911,
      "write_ios" : 0,
      "read_sectors" : 2281216,
      "write_sectors" : 0,
      "read_merges" : 0,
      "write_merges" : 0,
      "read_ticks" : 4850,
      "write_ticks" : 0,
      "in_queue" : 4849,
      "util" : 98.119248
    }
  ]
}
