{
  "fio version" : "fio-3.42-31-g6a66",
  "timestamp" : 1781281594,
  "timestamp_ms" : 1781281594307,
  "time" : "Fri Jun 12 16:26:34 2026",
  "jobs" : [
    {
      "jobname" : "sequentialread_128k_16",
      "groupid" : 0,
      "job_start" : 1781281589159,
      "error" : 0,
      "eta" : 0,
      "elapsed" : 6,
      "job options" : {
        "name" : "sequentialread_128k_16",
        "filename" : "/dev/nvme2n1",
        "ioengine" : "io_uring",
        "direct" : "1",
        "group_reporting" : "",
        "rw" : "read",
        "bs" : "128k",
        "iodepth" : "16",
        "size" : "3G",
        "time_based" : "",
        "runtime" : "5"
      },
      "read" : {
        "io_bytes" : 3652190208,
        "io_kbytes" : 3566592,
        "bw_bytes" : 730000041,
        "bw" : 712890,
        "iops" : 5569.458325,
        "runtime" : 5003,
        "total_ios" : 27864,
        "short_ios" : 0,
        "drop_ios" : 0,
        "slat_ns" : {
          "min" : 1870,
          "max" : 36172,
          "mean" : 2391.286463,
          "stddev" : 1394.794397,
          "N" : 27864
        },
        "clat_ns" : {
          "min" : 119536,
          "max" : 7545760,
          "mean" : 2869733.655111,
          "stddev" : 1701764.367061,
          "N" : 27864,
          "percentile" : {
            "1.000000" : 158720,
            "5.000000" : 329728,
            "10.000000" : 522240,
            "20.000000" : 1138688,
            "30.000000" : 1744896,
            "40.000000" : 2342912,
            "50.000000" : 2867200,
            "60.000000" : 3325952,
            "70.000000" : 3784704,
            "80.000000" : 4423680,
            "90.000000" : 5275648,
            "95.000000" : 5931008,
            "99.000000" : 6455296,
            "99.500000" : 6651904,
            "99.900000" : 7045120,
            "99.950000" : 7110656,
            "99.990000" : 7307264
          }
        },
        "lat_ns" : {
          "min" : 121766,
          "max" : 7548035,
          "mean" : 2872124.941573,
          "stddev" : 1701779.021336,
          "N" : 27864
        },
        "bw_min" : 637440,
        "bw_max" : 883456,
        "bw_agg" : 100.000000,
        "bw_mean" : 713318.400000,
        "bw_dev" : 75035.536546,
        "bw_samples" : 10,
        "iops_min" : 4980,
        "iops_max" : 6902,
        "iops_mean" : 5572.800000,
        "iops_stddev" : 586.215129,
        "iops_samples" : 10
      },
      "write" : {
        "io_bytes" : 0,
        "io_kbytes" : 0,
        "bw_bytes" : 0,
        "bw" : 0,
        "iops" : 0.000000,
        "runtime" : 0,
        "total_ios" : 0,
        "short_ios" : 0,
        "drop_ios" : 0,
        "slat_ns" : {
          "min" : 0,
          "max" : 0,
          "mean" : 0.000000,
          "stddev" : 0.000000,
          "N" : 0
        },
        "clat_ns" : {
          "min" : 0,
          "max" : 0,
          "mean" : 0.000000,
          "stddev" : 0.000000,
          "N" : 0
        },
        "lat_ns" : {
          "min" : 0,
          "max" : 0,
          "mean" : 0.000000,
          "stddev" : 0.000000,
          "N" : 0
        },
        "bw_min" : 0,
        "bw_max" : 0,
        "bw_agg" : 0.000000,
        "bw_mean" : 0.000000,
        "bw_dev" : 0.000000,
        "bw_samples" : 0,
        "iops_min" : 0,
        "iops_max" : 0,
        "iops_mean" : 0.000000,
        "iops_stddev" : 0.000000,
        "iops_samples" : 0
      },
      "trim" : {
        "io_bytes" : 0,
        "io_kbytes" : 0,
        "bw_bytes" : 0,
        "bw" : 0,
        "iops" : 0.000000,
        "runtime" : 0,
        "total_ios" : 0,
        "short_ios" : 0,
        "drop_ios" : 0,
        "slat_ns" : {
          "min" : 0,
          "max" : 0,
          "mean" : 0.000000,
          "stddev" : 0.000000,
          "N" : 0
        },
        "clat_ns" : {
          "min" : 0,
          "max" : 0,
          "mean" : 0.000000,
          "stddev" : 0.000000,
          "N" : 0
        },
        "lat_ns" : {
          "min" : 0,
          "max" : 0,
          "mean" : 0.000000,
          "stddev" : 0.000000,
          "N" : 0
        },
        "bw_min" : 0,
        "bw_max" : 0,
        "bw_agg" : 0.000000,
        "bw_mean" : 0.000000,
        "bw_dev" : 0.000000,
        "bw_samples" : 0,
        "iops_min" : 0,
        "iops_max" : 0,
        "iops_mean" : 0.000000,
        "iops_stddev" : 0.000000,
        "iops_samples" : 0
      },
      "sync" : {
        "total_ios" : 0,
        "lat_ns" : {
          "min" : 0,
          "max" : 0,
          "mean" : 0.000000,
          "stddev" : 0.000000,
          "N" : 0
        }
      },
      "job_runtime" : 5002,
      "usr_cpu" : 0.299880,
      "sys_cpu" : 2.159136,
      "ctx" : 25984,
      "majf" : 0,
      "minf" : 521,
      "iodepth_level" : {
        "1" : 0.100000,
        "2" : 0.100000,
        "4" : 0.100000,
        "8" : 0.100000,
        "16" : 99.946167,
        "32" : 0.000000,
        ">=64" : 0.000000
      },
      "iodepth_submit" : {
        "0" : 0.000000,
        "4" : 100.000000,
        "8" : 0.000000,
        "16" : 0.000000,
        "32" : 0.000000,
        "64" : 0.000000,
        ">=64" : 0.000000
      },
      "iodepth_complete" : {
        "0" : 0.000000,
        "4" : 99.996409,
        "8" : 0.000000,
        "16" : 0.100000,
        "32" : 0.000000,
        "64" : 0.000000,
        ">=64" : 0.000000
      },
      "latency_ns" : {
        "2" : 0.000000,
        "4" : 0.000000,
        "10" : 0.000000,
        "20" : 0.000000,
        "50" : 0.000000,
        "100" : 0.000000,
        "250" : 0.000000,
        "500" : 0.000000,
        "750" : 0.000000,
        "1000" : 0.000000
      },
      "latency_us" : {
        "2" : 0.000000,
        "4" : 0.000000,
        "10" : 0.000000,
        "20" : 0.000000,
        "50" : 0.000000,
        "100" : 0.000000,
        "250" : 3.208441,
        "500" : 6.129773,
        "750" : 5.372524,
        "1000" : 3.466839
      },
      "latency_ms" : {
        "2" : 16.447746,
        "4" : 39.064743,
        "10" : 26.309934,
        "20" : 0.000000,
        "50" : 0.000000,
        "100" : 0.000000,
        "250" : 0.000000,
        "500" : 0.000000,
        "750" : 0.000000,
        "1000" : 0.000000,
        "2000" : 0.000000,
        ">=2000" : 0.000000
      },
      "latency_depth" : 16,
      "latency_target" : 0,
      "latency_target_ns" : 0,
      "latency_percentile" : 100.000000,
      "latency_window" : 0,
      "latency_window_us" : 0
    }
  ],
  "disk_util" : [
    {
      "name" : "nvme2n1",
      "read_ios" : 27360,
      "write_ios" : 0,
      "read_sectors" : 7004160,
      "write_sectors" : 0,
      "read_merges" : 0,
      "write_merges" : 0,
      "read_ticks" : 78225,
      "write_ticks" : 0,
      "in_queue" : 78225,
      "util" : 98.078463
    }
  ]
}
