{
  "fio version" : "fio-3.42-31-g6a66",
  "timestamp" : 1781281583,
  "timestamp_ms" : 1781281583535,
  "time" : "Fri Jun 12 16:26:23 2026",
  "jobs" : [
    {
      "jobname" : "sequentialread_128k_4",
      "groupid" : 0,
      "job_start" : 1781281578387,
      "error" : 0,
      "eta" : 0,
      "elapsed" : 6,
      "job options" : {
        "name" : "sequentialread_128k_4",
        "filename" : "/dev/nvme2n1",
        "ioengine" : "io_uring",
        "direct" : "1",
        "group_reporting" : "",
        "rw" : "read",
        "bs" : "128k",
        "iodepth" : "4",
        "size" : "3G",
        "time_based" : "",
        "runtime" : "5"
      },
      "read" : {
        "io_bytes" : 3069837312,
        "io_kbytes" : 2997888,
        "bw_bytes" : 613844693,
        "bw" : 599457,
        "iops" : 4683.263347,
        "runtime" : 5001,
        "total_ios" : 23421,
        "short_ios" : 0,
        "drop_ios" : 0,
        "slat_ns" : {
          "min" : 1872,
          "max" : 30113,
          "mean" : 2429.054139,
          "stddev" : 1752.041314,
          "N" : 23421
        },
        "clat_ns" : {
          "min" : 118975,
          "max" : 2738453,
          "mean" : 851405.065497,
          "stddev" : 686234.442132,
          "N" : 23421,
          "percentile" : {
            "1.000000" : 121344,
            "5.000000" : 127488,
            "10.000000" : 136192,
            "20.000000" : 146432,
            "30.000000" : 150528,
            "40.000000" : 333824,
            "50.000000" : 765952,
            "60.000000" : 1138688,
            "70.000000" : 1368064,
            "80.000000" : 1564672,
            "90.000000" : 1744896,
            "95.000000" : 1974272,
            "99.000000" : 2342912,
            "99.500000" : 2473984,
            "99.900000" : 2637824,
            "99.950000" : 2670592,
            "99.990000" : 2736128
          }
        },
        "lat_ns" : {
          "min" : 121107,
          "max" : 2740718,
          "mean" : 853834.119636,
          "stddev" : 686256.104675,
          "N" : 23421
        },
        "bw_min" : 486656,
        "bw_max" : 715008,
        "bw_agg" : 100.000000,
        "bw_mean" : 601600.000000,
        "bw_dev" : 59860.497024,
        "bw_samples" : 9,
        "iops_min" : 3802,
        "iops_max" : 5586,
        "iops_mean" : 4700.000000,
        "iops_stddev" : 467.660133,
        "iops_samples" : 9
      },
      "write" : {
        "io_bytes" : 0,
        "io_kbytes" : 0,
        "bw_bytes" : 0,
        "bw" : 0,
        "iops" : 0.000000,
        "runtime" : 0,
        "total_ios" : 0,
        "short_ios" : 0,
        "drop_ios" : 0,
        "slat_ns" : {
          "min" : 0,
          "max" : 0,
          "mean" : 0.000000,
          "stddev" : 0.000000,
          "N" : 0
        },
        "clat_ns" : {
          "min" : 0,
          "max" : 0,
          "mean" : 0.000000,
          "stddev" : 0.000000,
          "N" : 0
        },
        "lat_ns" : {
          "min" : 0,
          "max" : 0,
          "mean" : 0.000000,
          "stddev" : 0.000000,
          "N" : 0
        },
        "bw_min" : 0,
        "bw_max" : 0,
        "bw_agg" : 0.000000,
        "bw_mean" : 0.000000,
        "bw_dev" : 0.000000,
        "bw_samples" : 0,
        "iops_min" : 0,
        "iops_max" : 0,
        "iops_mean" : 0.000000,
        "iops_stddev" : 0.000000,
        "iops_samples" : 0
      },
      "trim" : {
        "io_bytes" : 0,
        "io_kbytes" : 0,
        "bw_bytes" : 0,
        "bw" : 0,
        "iops" : 0.000000,
        "runtime" : 0,
        "total_ios" : 0,
        "short_ios" : 0,
        "drop_ios" : 0,
        "slat_ns" : {
          "min" : 0,
          "max" : 0,
          "mean" : 0.000000,
          "stddev" : 0.000000,
          "N" : 0
        },
        "clat_ns" : {
          "min" : 0,
          "max" : 0,
          "mean" : 0.000000,
          "stddev" : 0.000000,
          "N" : 0
        },
        "lat_ns" : {
          "min" : 0,
          "max" : 0,
          "mean" : 0.000000,
          "stddev" : 0.000000,
          "N" : 0
        },
        "bw_min" : 0,
        "bw_max" : 0,
        "bw_agg" : 0.000000,
        "bw_mean" : 0.000000,
        "bw_dev" : 0.000000,
        "bw_samples" : 0,
        "iops_min" : 0,
        "iops_max" : 0,
        "iops_mean" : 0.000000,
        "iops_stddev" : 0.000000,
        "iops_samples" : 0
      },
      "sync" : {
        "total_ios" : 0,
        "lat_ns" : {
          "min" : 0,
          "max" : 0,
          "mean" : 0.000000,
          "stddev" : 0.000000,
          "N" : 0
        }
      },
      "job_runtime" : 5000,
      "usr_cpu" : 0.480000,
      "sys_cpu" : 1.760000,
      "ctx" : 22858,
      "majf" : 0,
      "minf" : 135,
      "iodepth_level" : {
        "1" : 0.100000,
        "2" : 0.100000,
        "4" : 99.987191,
        "8" : 0.000000,
        "16" : 0.000000,
        "32" : 0.000000,
        ">=64" : 0.000000
      },
      "iodepth_submit" : {
        "0" : 0.000000,
        "4" : 100.000000,
        "8" : 0.000000,
        "16" : 0.000000,
        "32" : 0.000000,
        "64" : 0.000000,
        ">=64" : 0.000000
      },
      "iodepth_complete" : {
        "0" : 0.000000,
        "4" : 100.000000,
        "8" : 0.000000,
        "16" : 0.000000,
        "32" : 0.000000,
        "64" : 0.000000,
        ">=64" : 0.000000
      },
      "latency_ns" : {
        "2" : 0.000000,
        "4" : 0.000000,
        "10" : 0.000000,
        "20" : 0.000000,
        "50" : 0.000000,
        "100" : 0.000000,
        "250" : 0.000000,
        "500" : 0.000000,
        "750" : 0.000000,
        "1000" : 0.000000
      },
      "latency_us" : {
        "2" : 0.000000,
        "4" : 0.000000,
        "10" : 0.000000,
        "20" : 0.000000,
        "50" : 0.000000,
        "100" : 0.000000,
        "250" : 37.590197,
        "500" : 7.006533,
        "750" : 5.042483,
        "1000" : 6.097092
      },
      "latency_ms" : {
        "2" : 39.643909,
        "4" : 4.619786,
        "10" : 0.000000,
        "20" : 0.000000,
        "50" : 0.000000,
        "100" : 0.000000,
        "250" : 0.000000,
        "500" : 0.000000,
        "750" : 0.000000,
        "1000" : 0.000000,
        "2000" : 0.000000,
        ">=2000" : 0.000000
      },
      "latency_depth" : 4,
      "latency_target" : 0,
      "latency_target_ns" : 0,
      "latency_percentile" : 100.000000,
      "latency_window" : 0,
      "latency_window_us" : 0
    }
  ],
  "disk_util" : [
    {
      "name" : "nvme2n1",
      "read_ios" : 22937,
      "write_ios" : 0,
      "read_sectors" : 5871872,
      "write_sectors" : 0,
      "read_merges" : 0,
      "write_merges" : 0,
      "read_ticks" : 19511,
      "write_ticks" : 0,
      "in_queue" : 19511,
      "util" : 98.078463
    }
  ]
}
