{
  "fio version" : "fio-3.42-31-g6a66",
  "timestamp" : 1781281605,
  "timestamp_ms" : 1781281605080,
  "time" : "Fri Jun 12 16:26:45 2026",
  "jobs" : [
    {
      "jobname" : "sequentialread_128k_64",
      "groupid" : 0,
      "job_start" : 1781281599931,
      "error" : 0,
      "eta" : 0,
      "elapsed" : 6,
      "job options" : {
        "name" : "sequentialread_128k_64",
        "filename" : "/dev/nvme2n1",
        "ioengine" : "io_uring",
        "direct" : "1",
        "group_reporting" : "",
        "rw" : "read",
        "bs" : "128k",
        "iodepth" : "64",
        "size" : "3G",
        "time_based" : "",
        "runtime" : "5"
      },
      "read" : {
        "io_bytes" : 4105961472,
        "io_kbytes" : 4009728,
        "bw_bytes" : 818736086,
        "bw" : 799546,
        "iops" : 6246.460618,
        "runtime" : 5015,
        "total_ios" : 31326,
        "short_ios" : 0,
        "drop_ios" : 0,
        "slat_ns" : {
          "min" : 1919,
          "max" : 96754,
          "mean" : 2654.220615,
          "stddev" : 1537.897823,
          "N" : 31326
        },
        "clat_ns" : {
          "min" : 184297,
          "max" : 27073943,
          "mean" : 10240394.379876,
          "stddev" : 4002668.916943,
          "N" : 31326,
          "percentile" : {
            "1.000000" : 2244608,
            "5.000000" : 4112384,
            "10.000000" : 5210112,
            "20.000000" : 6782976,
            "30.000000" : 7962624,
            "40.000000" : 8978432,
            "50.000000" : 10027008,
            "60.000000" : 11075584,
            "70.000000" : 12255232,
            "80.000000" : 13565952,
            "90.000000" : 15400960,
            "95.000000" : 17432576,
            "99.000000" : 20578304,
            "99.500000" : 21889024,
            "99.900000" : 25034752,
            "99.950000" : 25034752,
            "99.990000" : 26607616
          }
        },
        "lat_ns" : {
          "min" : 186461,
          "max" : 27076126,
          "mean" : 10243048.600492,
          "stddev" : 4002705.479763,
          "N" : 31326
        },
        "bw_min" : 649984,
        "bw_max" : 939264,
        "bw_agg" : 100.000000,
        "bw_mean" : 800332.800000,
        "bw_dev" : 78691.219599,
        "bw_samples" : 10,
        "iops_min" : 5078,
        "iops_max" : 7338,
        "iops_mean" : 6252.600000,
        "iops_stddev" : 614.775153,
        "iops_samples" : 10
      },
      "write" : {
        "io_bytes" : 0,
        "io_kbytes" : 0,
        "bw_bytes" : 0,
        "bw" : 0,
        "iops" : 0.000000,
        "runtime" : 0,
        "total_ios" : 0,
        "short_ios" : 0,
        "drop_ios" : 0,
        "slat_ns" : {
          "min" : 0,
          "max" : 0,
          "mean" : 0.000000,
          "stddev" : 0.000000,
          "N" : 0
        },
        "clat_ns" : {
          "min" : 0,
          "max" : 0,
          "mean" : 0.000000,
          "stddev" : 0.000000,
          "N" : 0
        },
        "lat_ns" : {
          "min" : 0,
          "max" : 0,
          "mean" : 0.000000,
          "stddev" : 0.000000,
          "N" : 0
        },
        "bw_min" : 0,
        "bw_max" : 0,
        "bw_agg" : 0.000000,
        "bw_mean" : 0.000000,
        "bw_dev" : 0.000000,
        "bw_samples" : 0,
        "iops_min" : 0,
        "iops_max" : 0,
        "iops_mean" : 0.000000,
        "iops_stddev" : 0.000000,
        "iops_samples" : 0
      },
      "trim" : {
        "io_bytes" : 0,
        "io_kbytes" : 0,
        "bw_bytes" : 0,
        "bw" : 0,
        "iops" : 0.000000,
        "runtime" : 0,
        "total_ios" : 0,
        "short_ios" : 0,
        "drop_ios" : 0,
        "slat_ns" : {
          "min" : 0,
          "max" : 0,
          "mean" : 0.000000,
          "stddev" : 0.000000,
          "N" : 0
        },
        "clat_ns" : {
          "min" : 0,
          "max" : 0,
          "mean" : 0.000000,
          "stddev" : 0.000000,
          "N" : 0
        },
        "lat_ns" : {
          "min" : 0,
          "max" : 0,
          "mean" : 0.000000,
          "stddev" : 0.000000,
          "N" : 0
        },
        "bw_min" : 0,
        "bw_max" : 0,
        "bw_agg" : 0.000000,
        "bw_mean" : 0.000000,
        "bw_dev" : 0.000000,
        "bw_samples" : 0,
        "iops_min" : 0,
        "iops_max" : 0,
        "iops_mean" : 0.000000,
        "iops_stddev" : 0.000000,
        "iops_samples" : 0
      },
      "sync" : {
        "total_ios" : 0,
        "lat_ns" : {
          "min" : 0,
          "max" : 0,
          "mean" : 0.000000,
          "stddev" : 0.000000,
          "N" : 0
        }
      },
      "job_runtime" : 5014,
      "usr_cpu" : 0.638213,
      "sys_cpu" : 2.433187,
      "ctx" : 28869,
      "majf" : 0,
      "minf" : 2055,
      "iodepth_level" : {
        "1" : 0.100000,
        "2" : 0.100000,
        "4" : 0.100000,
        "8" : 0.100000,
        "16" : 0.100000,
        "32" : 0.102152,
        ">=64" : 99.798889
      },
      "iodepth_submit" : {
        "0" : 0.000000,
        "4" : 100.000000,
        "8" : 0.000000,
        "16" : 0.000000,
        "32" : 0.000000,
        "64" : 0.000000,
        ">=64" : 0.000000
      },
      "iodepth_complete" : {
        "0" : 0.000000,
        "4" : 99.996801,
        "8" : 0.000000,
        "16" : 0.000000,
        "32" : 0.000000,
        "64" : 0.100000,
        ">=64" : 0.000000
      },
      "latency_ns" : {
        "2" : 0.000000,
        "4" : 0.000000,
        "10" : 0.000000,
        "20" : 0.000000,
        "50" : 0.000000,
        "100" : 0.000000,
        "250" : 0.000000,
        "500" : 0.000000,
        "750" : 0.000000,
        "1000" : 0.000000
      },
      "latency_us" : {
        "2" : 0.000000,
        "4" : 0.000000,
        "10" : 0.000000,
        "20" : 0.000000,
        "50" : 0.000000,
        "100" : 0.000000,
        "250" : 0.010000,
        "500" : 0.015961,
        "750" : 0.047884,
        "1000" : 0.044691
      },
      "latency_ms" : {
        "2" : 0.632063,
        "4" : 3.865798,
        "10" : 45.543638,
        "20" : 48.506033,
        "50" : 1.334355,
        "100" : 0.000000,
        "250" : 0.000000,
        "500" : 0.000000,
        "750" : 0.000000,
        "1000" : 0.000000,
        "2000" : 0.000000,
        ">=2000" : 0.000000
      },
      "latency_depth" : 64,
      "latency_target" : 0,
      "latency_target_ns" : 0,
      "latency_percentile" : 100.000000,
      "latency_window" : 0,
      "latency_window_us" : 0
    }
  ],
  "disk_util" : [
    {
      "name" : "nvme2n1",
      "read_ios" : 30698,
      "write_ios" : 0,
      "read_sectors" : 7858688,
      "write_sectors" : 0,
      "read_merges" : 0,
      "write_merges" : 0,
      "read_ticks" : 312792,
      "write_ticks" : 0,
      "in_queue" : 312791,
      "util" : 98.078463
    }
  ]
}
