{
  "fio version" : "fio-3.36",
  "timestamp" : 1781330915,
  "timestamp_ms" : 1781330915441,
  "time" : "Sat Jun 13 06:08:35 2026",
  "jobs" : [
    {
      "jobname" : "sequentialread_128k_4",
      "groupid" : 0,
      "job_start" : 1781330910422,
      "error" : 0,
      "eta" : 0,
      "elapsed" : 6,
      "job options" : {
        "name" : "sequentialread_128k_4",
        "filename" : "/dev/nvme3n1",
        "ioengine" : "io_uring",
        "direct" : "1",
        "rw" : "read",
        "bs" : "128k",
        "iodepth" : "4",
        "size" : "3G",
        "runtime" : "5"
      },
      "read" : {
        "io_bytes" : 3048996864,
        "io_kbytes" : 2977536,
        "bw_bytes" : 609677437,
        "bw" : 595388,
        "iops" : 4651.469706,
        "runtime" : 5001,
        "total_ios" : 23262,
        "short_ios" : 0,
        "drop_ios" : 0,
        "slat_ns" : {
          "min" : 2244,
          "max" : 51293,
          "mean" : 2944.075918,
          "stddev" : 1718.138408,
          "N" : 23262
        },
        "clat_ns" : {
          "min" : 116762,
          "max" : 3211842,
          "mean" : 856763.190009,
          "stddev" : 701493.568937,
          "N" : 23262,
          "percentile" : {
            "1.000000" : 118272,
            "5.000000" : 126464,
            "10.000000" : 136192,
            "20.000000" : 146432,
            "30.000000" : 150528,
            "40.000000" : 317440,
            "50.000000" : 749568,
            "60.000000" : 1138688,
            "70.000000" : 1400832,
            "80.000000" : 1581056,
            "90.000000" : 1810432,
            "95.000000" : 2039808,
            "99.000000" : 2375680,
            "99.500000" : 2506752,
            "99.900000" : 2670592,
            "99.950000" : 2736128,
            "99.990000" : 2834432
          }
        },
        "lat_ns" : {
          "min" : 120925,
          "max" : 3215748,
          "mean" : 859707.265927,
          "stddev" : 701543.591817,
          "N" : 23262
        },
        "bw_min" : 516608,
        "bw_max" : 699392,
        "bw_agg" : 98.931601,
        "bw_mean" : 589027.555556,
        "bw_dev" : 53046.301754,
        "bw_samples" : 9,
        "iops_min" : 4036,
        "iops_max" : 5464,
        "iops_mean" : 4601.777778,
        "iops_stddev" : 414.424232,
        "iops_samples" : 9
      },
      "write" : {
        "io_bytes" : 0,
        "io_kbytes" : 0,
        "bw_bytes" : 0,
        "bw" : 0,
        "iops" : 0.000000,
        "runtime" : 0,
        "total_ios" : 0,
        "short_ios" : 0,
        "drop_ios" : 0,
        "slat_ns" : {
          "min" : 0,
          "max" : 0,
          "mean" : 0.000000,
          "stddev" : 0.000000,
          "N" : 0
        },
        "clat_ns" : {
          "min" : 0,
          "max" : 0,
          "mean" : 0.000000,
          "stddev" : 0.000000,
          "N" : 0
        },
        "lat_ns" : {
          "min" : 0,
          "max" : 0,
          "mean" : 0.000000,
          "stddev" : 0.000000,
          "N" : 0
        },
        "bw_min" : 0,
        "bw_max" : 0,
        "bw_agg" : 0.000000,
        "bw_mean" : 0.000000,
        "bw_dev" : 0.000000,
        "bw_samples" : 0,
        "iops_min" : 0,
        "iops_max" : 0,
        "iops_mean" : 0.000000,
        "iops_stddev" : 0.000000,
        "iops_samples" : 0
      },
      "trim" : {
        "io_bytes" : 0,
        "io_kbytes" : 0,
        "bw_bytes" : 0,
        "bw" : 0,
        "iops" : 0.000000,
        "runtime" : 0,
        "total_ios" : 0,
        "short_ios" : 0,
        "drop_ios" : 0,
        "slat_ns" : {
          "min" : 0,
          "max" : 0,
          "mean" : 0.000000,
          "stddev" : 0.000000,
          "N" : 0
        },
        "clat_ns" : {
          "min" : 0,
          "max" : 0,
          "mean" : 0.000000,
          "stddev" : 0.000000,
          "N" : 0
        },
        "lat_ns" : {
          "min" : 0,
          "max" : 0,
          "mean" : 0.000000,
          "stddev" : 0.000000,
          "N" : 0
        },
        "bw_min" : 0,
        "bw_max" : 0,
        "bw_agg" : 0.000000,
        "bw_mean" : 0.000000,
        "bw_dev" : 0.000000,
        "bw_samples" : 0,
        "iops_min" : 0,
        "iops_max" : 0,
        "iops_mean" : 0.000000,
        "iops_stddev" : 0.000000,
        "iops_samples" : 0
      },
      "sync" : {
        "total_ios" : 0,
        "lat_ns" : {
          "min" : 0,
          "max" : 0,
          "mean" : 0.000000,
          "stddev" : 0.000000,
          "N" : 0
        }
      },
      "job_runtime" : 5000,
      "usr_cpu" : 0.280000,
      "sys_cpu" : 1.800000,
      "ctx" : 22689,
      "majf" : 0,
      "minf" : 138,
      "iodepth_level" : {
        "1" : 0.100000,
        "2" : 0.100000,
        "4" : 99.987103,
        "8" : 0.000000,
        "16" : 0.000000,
        "32" : 0.000000,
        ">=64" : 0.000000
      },
      "iodepth_submit" : {
        "0" : 0.000000,
        "4" : 100.000000,
        "8" : 0.000000,
        "16" : 0.000000,
        "32" : 0.000000,
        "64" : 0.000000,
        ">=64" : 0.000000
      },
      "iodepth_complete" : {
        "0" : 0.000000,
        "4" : 100.000000,
        "8" : 0.000000,
        "16" : 0.000000,
        "32" : 0.000000,
        "64" : 0.000000,
        ">=64" : 0.000000
      },
      "latency_ns" : {
        "2" : 0.000000,
        "4" : 0.000000,
        "10" : 0.000000,
        "20" : 0.000000,
        "50" : 0.000000,
        "100" : 0.000000,
        "250" : 0.000000,
        "500" : 0.000000,
        "750" : 0.000000,
        "1000" : 0.000000
      },
      "latency_us" : {
        "2" : 0.000000,
        "4" : 0.000000,
        "10" : 0.000000,
        "20" : 0.000000,
        "50" : 0.000000,
        "100" : 0.000000,
        "250" : 38.152351,
        "500" : 6.886768,
        "750" : 5.016766,
        "1000" : 6.091480
      },
      "latency_ms" : {
        "2" : 38.354398,
        "4" : 5.498237,
        "10" : 0.000000,
        "20" : 0.000000,
        "50" : 0.000000,
        "100" : 0.000000,
        "250" : 0.000000,
        "500" : 0.000000,
        "750" : 0.000000,
        "1000" : 0.000000,
        "2000" : 0.000000,
        ">=2000" : 0.000000
      },
      "latency_depth" : 4,
      "latency_target" : 0,
      "latency_percentile" : 100.000000,
      "latency_window" : 0
    }
  ],
  "disk_util" : [
    {
      "name" : "nvme3n1",
      "read_ios" : 22746,
      "write_ios" : 0,
      "read_sectors" : 5822976,
      "write_sectors" : 0,
      "read_merges" : 0,
      "write_merges" : 0,
      "read_ticks" : 19518,
      "write_ticks" : 0,
      "in_queue" : 19518,
      "util" : 98.039216
    }
  ]
}
