{
  "fio version" : "fio-3.42-31-g6a66",
  "timestamp" : 1781281610,
  "timestamp_ms" : 1781281610466,
  "time" : "Fri Jun 12 16:26:50 2026",
  "jobs" : [
    {
      "jobname" : "sequentialread_128k_128",
      "groupid" : 0,
      "job_start" : 1781281605318,
      "error" : 0,
      "eta" : 0,
      "elapsed" : 6,
      "job options" : {
        "name" : "sequentialread_128k_128",
        "filename" : "/dev/nvme2n1",
        "ioengine" : "io_uring",
        "direct" : "1",
        "group_reporting" : "",
        "rw" : "read",
        "bs" : "128k",
        "iodepth" : "128",
        "size" : "3G",
        "time_based" : "",
        "runtime" : "5"
      },
      "read" : {
        "io_bytes" : 4241358848,
        "io_kbytes" : 4141952,
        "bw_bytes" : 846071982,
        "bw" : 826242,
        "iops" : 6455.016956,
        "runtime" : 5013,
        "total_ios" : 32359,
        "short_ios" : 0,
        "drop_ios" : 0,
        "slat_ns" : {
          "min" : 1919,
          "max" : 26797,
          "mean" : 2596.864180,
          "stddev" : 1580.693412,
          "N" : 32359
        },
        "clat_ns" : {
          "min" : 2233149,
          "max" : 40972518,
          "mean" : 19819846.724466,
          "stddev" : 6377413.026070,
          "N" : 32359,
          "percentile" : {
            "1.000000" : 6717440,
            "5.000000" : 9764864,
            "10.000000" : 11730944,
            "20.000000" : 14221312,
            "30.000000" : 16056320,
            "40.000000" : 17956864,
            "50.000000" : 19791872,
            "60.000000" : 21364736,
            "70.000000" : 23199744,
            "80.000000" : 25296896,
            "90.000000" : 27918336,
            "95.000000" : 30801920,
            "99.000000" : 35913728,
            "99.500000" : 37486592,
            "99.900000" : 40108032,
            "99.950000" : 40108032,
            "99.990000" : 40632320
          }
        },
        "lat_ns" : {
          "min" : 2248284,
          "max" : 40974630,
          "mean" : 19822443.588646,
          "stddev" : 6377407.407228,
          "N" : 32359
        },
        "bw_min" : 682752,
        "bw_max" : 1032704,
        "bw_agg" : 99.866483,
        "bw_mean" : 825139.200000,
        "bw_dev" : 96935.196182,
        "bw_samples" : 10,
        "iops_min" : 5334,
        "iops_max" : 8068,
        "iops_mean" : 6446.400000,
        "iops_stddev" : 757.306220,
        "iops_samples" : 10
      },
      "write" : {
        "io_bytes" : 0,
        "io_kbytes" : 0,
        "bw_bytes" : 0,
        "bw" : 0,
        "iops" : 0.000000,
        "runtime" : 0,
        "total_ios" : 0,
        "short_ios" : 0,
        "drop_ios" : 0,
        "slat_ns" : {
          "min" : 0,
          "max" : 0,
          "mean" : 0.000000,
          "stddev" : 0.000000,
          "N" : 0
        },
        "clat_ns" : {
          "min" : 0,
          "max" : 0,
          "mean" : 0.000000,
          "stddev" : 0.000000,
          "N" : 0
        },
        "lat_ns" : {
          "min" : 0,
          "max" : 0,
          "mean" : 0.000000,
          "stddev" : 0.000000,
          "N" : 0
        },
        "bw_min" : 0,
        "bw_max" : 0,
        "bw_agg" : 0.000000,
        "bw_mean" : 0.000000,
        "bw_dev" : 0.000000,
        "bw_samples" : 0,
        "iops_min" : 0,
        "iops_max" : 0,
        "iops_mean" : 0.000000,
        "iops_stddev" : 0.000000,
        "iops_samples" : 0
      },
      "trim" : {
        "io_bytes" : 0,
        "io_kbytes" : 0,
        "bw_bytes" : 0,
        "bw" : 0,
        "iops" : 0.000000,
        "runtime" : 0,
        "total_ios" : 0,
        "short_ios" : 0,
        "drop_ios" : 0,
        "slat_ns" : {
          "min" : 0,
          "max" : 0,
          "mean" : 0.000000,
          "stddev" : 0.000000,
          "N" : 0
        },
        "clat_ns" : {
          "min" : 0,
          "max" : 0,
          "mean" : 0.000000,
          "stddev" : 0.000000,
          "N" : 0
        },
        "lat_ns" : {
          "min" : 0,
          "max" : 0,
          "mean" : 0.000000,
          "stddev" : 0.000000,
          "N" : 0
        },
        "bw_min" : 0,
        "bw_max" : 0,
        "bw_agg" : 0.000000,
        "bw_mean" : 0.000000,
        "bw_dev" : 0.000000,
        "bw_samples" : 0,
        "iops_min" : 0,
        "iops_max" : 0,
        "iops_mean" : 0.000000,
        "iops_stddev" : 0.000000,
        "iops_samples" : 0
      },
      "sync" : {
        "total_ios" : 0,
        "lat_ns" : {
          "min" : 0,
          "max" : 0,
          "mean" : 0.000000,
          "stddev" : 0.000000,
          "N" : 0
        }
      },
      "job_runtime" : 5012,
      "usr_cpu" : 0.219473,
      "sys_cpu" : 2.992817,
      "ctx" : 29966,
      "majf" : 0,
      "minf" : 4103,
      "iodepth_level" : {
        "1" : 0.100000,
        "2" : 0.100000,
        "4" : 0.100000,
        "8" : 0.100000,
        "16" : 0.100000,
        "32" : 0.100000,
        ">=64" : 99.805309
      },
      "iodepth_submit" : {
        "0" : 0.000000,
        "4" : 100.000000,
        "8" : 0.000000,
        "16" : 0.000000,
        "32" : 0.000000,
        "64" : 0.000000,
        ">=64" : 0.000000
      },
      "iodepth_complete" : {
        "0" : 0.000000,
        "4" : 99.996898,
        "8" : 0.000000,
        "16" : 0.000000,
        "32" : 0.000000,
        "64" : 0.000000,
        ">=64" : 0.100000
      },
      "latency_ns" : {
        "2" : 0.000000,
        "4" : 0.000000,
        "10" : 0.000000,
        "20" : 0.000000,
        "50" : 0.000000,
        "100" : 0.000000,
        "250" : 0.000000,
        "500" : 0.000000,
        "750" : 0.000000,
        "1000" : 0.000000
      },
      "latency_us" : {
        "2" : 0.000000,
        "4" : 0.000000,
        "10" : 0.000000,
        "20" : 0.000000,
        "50" : 0.000000,
        "100" : 0.000000,
        "250" : 0.000000,
        "500" : 0.000000,
        "750" : 0.000000,
        "1000" : 0.000000
      },
      "latency_ms" : {
        "2" : 0.000000,
        "4" : 0.185420,
        "10" : 5.281375,
        "20" : 46.354955,
        "50" : 48.178250,
        "100" : 0.000000,
        "250" : 0.000000,
        "500" : 0.000000,
        "750" : 0.000000,
        "1000" : 0.000000,
        "2000" : 0.000000,
        ">=2000" : 0.000000
      },
      "latency_depth" : 128,
      "latency_target" : 0,
      "latency_target_ns" : 0,
      "latency_percentile" : 100.000000,
      "latency_window" : 0,
      "latency_window_us" : 0
    }
  ],
  "disk_util" : [
    {
      "name" : "nvme2n1",
      "read_ios" : 31546,
      "write_ios" : 0,
      "read_sectors" : 8075776,
      "write_sectors" : 0,
      "read_merges" : 0,
      "write_merges" : 0,
      "read_ticks" : 624922,
      "write_ticks" : 0,
      "in_queue" : 624922,
      "util" : 98.098098
    }
  ]
}
