{
  "fio version" : "fio-3.36",
  "timestamp" : 1781330804,
  "timestamp_ms" : 1781330804879,
  "time" : "Sat Jun 13 06:06:44 2026",
  "jobs" : [
    {
      "jobname" : "sequentialread_16k_256",
      "groupid" : 0,
      "job_start" : 1781330799852,
      "error" : 0,
      "eta" : 0,
      "elapsed" : 6,
      "job options" : {
        "name" : "sequentialread_16k_256",
        "filename" : "/dev/nvme3n1",
        "ioengine" : "io_uring",
        "direct" : "1",
        "rw" : "read",
        "bs" : "16k",
        "iodepth" : "256",
        "size" : "3G",
        "runtime" : "5"
      },
      "read" : {
        "io_bytes" : 3002646528,
        "io_kbytes" : 2932272,
        "bw_bytes" : 599569993,
        "bw" : 585517,
        "iops" : 36594.848243,
        "runtime" : 5008,
        "total_ios" : 183267,
        "short_ios" : 0,
        "drop_ios" : 0,
        "slat_ns" : {
          "min" : 923,
          "max" : 17425,
          "mean" : 1474.341043,
          "stddev" : 244.673164,
          "N" : 183267
        },
        "clat_ns" : {
          "min" : 75023,
          "max" : 15863566,
          "mean" : 6991980.226397,
          "stddev" : 2653974.880208,
          "N" : 183267,
          "percentile" : {
            "1.000000" : 2310144,
            "5.000000" : 3063808,
            "10.000000" : 3719168,
            "20.000000" : 4620288,
            "30.000000" : 5341184,
            "40.000000" : 5996544,
            "50.000000" : 6717440,
            "60.000000" : 7438336,
            "70.000000" : 8290304,
            "80.000000" : 9371648,
            "90.000000" : 10682368,
            "95.000000" : 11730944,
            "99.000000" : 13828096,
            "99.500000" : 14483456,
            "99.900000" : 15007744,
            "99.950000" : 15269888,
            "99.990000" : 15532032
          }
        },
        "lat_ns" : {
          "min" : 76532,
          "max" : 15865180,
          "mean" : 6993454.567440,
          "stddev" : 2653973.420298,
          "N" : 183267
        },
        "bw_min" : 499872,
        "bw_max" : 682400,
        "bw_agg" : 100.000000,
        "bw_mean" : 585638.400000,
        "bw_dev" : 53515.853658,
        "bw_samples" : 10,
        "iops_min" : 31242,
        "iops_max" : 42650,
        "iops_mean" : 36602.400000,
        "iops_stddev" : 3344.740854,
        "iops_samples" : 10
      },
      "write" : {
        "io_bytes" : 0,
        "io_kbytes" : 0,
        "bw_bytes" : 0,
        "bw" : 0,
        "iops" : 0.000000,
        "runtime" : 0,
        "total_ios" : 0,
        "short_ios" : 0,
        "drop_ios" : 0,
        "slat_ns" : {
          "min" : 0,
          "max" : 0,
          "mean" : 0.000000,
          "stddev" : 0.000000,
          "N" : 0
        },
        "clat_ns" : {
          "min" : 0,
          "max" : 0,
          "mean" : 0.000000,
          "stddev" : 0.000000,
          "N" : 0
        },
        "lat_ns" : {
          "min" : 0,
          "max" : 0,
          "mean" : 0.000000,
          "stddev" : 0.000000,
          "N" : 0
        },
        "bw_min" : 0,
        "bw_max" : 0,
        "bw_agg" : 0.000000,
        "bw_mean" : 0.000000,
        "bw_dev" : 0.000000,
        "bw_samples" : 0,
        "iops_min" : 0,
        "iops_max" : 0,
        "iops_mean" : 0.000000,
        "iops_stddev" : 0.000000,
        "iops_samples" : 0
      },
      "trim" : {
        "io_bytes" : 0,
        "io_kbytes" : 0,
        "bw_bytes" : 0,
        "bw" : 0,
        "iops" : 0.000000,
        "runtime" : 0,
        "total_ios" : 0,
        "short_ios" : 0,
        "drop_ios" : 0,
        "slat_ns" : {
          "min" : 0,
          "max" : 0,
          "mean" : 0.000000,
          "stddev" : 0.000000,
          "N" : 0
        },
        "clat_ns" : {
          "min" : 0,
          "max" : 0,
          "mean" : 0.000000,
          "stddev" : 0.000000,
          "N" : 0
        },
        "lat_ns" : {
          "min" : 0,
          "max" : 0,
          "mean" : 0.000000,
          "stddev" : 0.000000,
          "N" : 0
        },
        "bw_min" : 0,
        "bw_max" : 0,
        "bw_agg" : 0.000000,
        "bw_mean" : 0.000000,
        "bw_dev" : 0.000000,
        "bw_samples" : 0,
        "iops_min" : 0,
        "iops_max" : 0,
        "iops_mean" : 0.000000,
        "iops_stddev" : 0.000000,
        "iops_samples" : 0
      },
      "sync" : {
        "total_ios" : 0,
        "lat_ns" : {
          "min" : 0,
          "max" : 0,
          "mean" : 0.000000,
          "stddev" : 0.000000,
          "N" : 0
        }
      },
      "job_runtime" : 5007,
      "usr_cpu" : 1.198322,
      "sys_cpu" : 8.747753,
      "ctx" : 167227,
      "majf" : 0,
      "minf" : 1033,
      "iodepth_level" : {
        "1" : 0.100000,
        "2" : 0.100000,
        "4" : 0.100000,
        "8" : 0.100000,
        "16" : 0.100000,
        "32" : 0.100000,
        ">=64" : 99.965624
      },
      "iodepth_submit" : {
        "0" : 0.000000,
        "4" : 100.000000,
        "8" : 0.000000,
        "16" : 0.000000,
        "32" : 0.000000,
        "64" : 0.000000,
        ">=64" : 0.000000
      },
      "iodepth_complete" : {
        "0" : 0.000000,
        "4" : 99.999454,
        "8" : 0.000000,
        "16" : 0.000000,
        "32" : 0.000000,
        "64" : 0.000000,
        ">=64" : 0.100000
      },
      "latency_ns" : {
        "2" : 0.000000,
        "4" : 0.000000,
        "10" : 0.000000,
        "20" : 0.000000,
        "50" : 0.000000,
        "100" : 0.000000,
        "250" : 0.000000,
        "500" : 0.000000,
        "750" : 0.000000,
        "1000" : 0.000000
      },
      "latency_us" : {
        "2" : 0.000000,
        "4" : 0.000000,
        "10" : 0.000000,
        "20" : 0.000000,
        "50" : 0.000000,
        "100" : 0.010000,
        "250" : 0.021280,
        "500" : 0.022917,
        "750" : 0.010000,
        "1000" : 0.023463
      },
      "latency_ms" : {
        "2" : 0.391232,
        "4" : 12.405943,
        "10" : 72.900740,
        "20" : 14.227330,
        "50" : 0.000000,
        "100" : 0.000000,
        "250" : 0.000000,
        "500" : 0.000000,
        "750" : 0.000000,
        "1000" : 0.000000,
        "2000" : 0.000000,
        ">=2000" : 0.000000
      },
      "latency_depth" : 256,
      "latency_target" : 0,
      "latency_percentile" : 100.000000,
      "latency_window" : 0
    }
  ],
  "disk_util" : [
    {
      "name" : "nvme3n1",
      "read_ios" : 178862,
      "write_ios" : 0,
      "read_sectors" : 5723584,
      "write_sectors" : 0,
      "read_merges" : 0,
      "write_merges" : 0,
      "read_ticks" : 1252261,
      "write_ticks" : 0,
      "in_queue" : 1252261,
      "util" : 98.138883
    }
  ]
}
