{
  "fio version" : "fio-3.36",
  "timestamp" : 1781330778,
  "timestamp_ms" : 1781330778551,
  "time" : "Sat Jun 13 06:06:18 2026",
  "jobs" : [
    {
      "jobname" : "sequentialread_16k_8",
      "groupid" : 0,
      "job_start" : 1781330773532,
      "error" : 0,
      "eta" : 0,
      "elapsed" : 6,
      "job options" : {
        "name" : "sequentialread_16k_8",
        "filename" : "/dev/nvme3n1",
        "ioengine" : "io_uring",
        "direct" : "1",
        "rw" : "read",
        "bs" : "16k",
        "iodepth" : "8",
        "size" : "3G",
        "runtime" : "5"
      },
      "read" : {
        "io_bytes" : 2085224448,
        "io_kbytes" : 2036352,
        "bw_bytes" : 416961497,
        "bw" : 407188,
        "iops" : 25449.310138,
        "runtime" : 5001,
        "total_ios" : 127272,
        "short_ios" : 0,
        "drop_ios" : 0,
        "slat_ns" : {
          "min" : 926,
          "max" : 54854,
          "mean" : 1346.843037,
          "stddev" : 295.583045,
          "N" : 127272
        },
        "clat_ns" : {
          "min" : 31023,
          "max" : 873890,
          "mean" : 312788.407301,
          "stddev" : 174843.404882,
          "N" : 127272,
          "percentile" : {
            "1.000000" : 71168,
            "5.000000" : 75264,
            "10.000000" : 98816,
            "20.000000" : 144384,
            "30.000000" : 185344,
            "40.000000" : 232448,
            "50.000000" : 276480,
            "60.000000" : 358400,
            "70.000000" : 403456,
            "80.000000" : 477184,
            "90.000000" : 569344,
            "95.000000" : 643072,
            "99.000000" : 733184,
            "99.500000" : 741376,
            "99.900000" : 790528,
            "99.950000" : 815104,
            "99.990000" : 839680
          }
        },
        "lat_ns" : {
          "min" : 64115,
          "max" : 875245,
          "mean" : 314135.250338,
          "stddev" : 174848.111319,
          "N" : 127272
        },
        "bw_min" : 377792,
        "bw_max" : 441536,
        "bw_agg" : 99.814837,
        "bw_mean" : 406435.555556,
        "bw_dev" : 19221.324454,
        "bw_samples" : 9,
        "iops_min" : 23612,
        "iops_max" : 27596,
        "iops_mean" : 25402.222222,
        "iops_stddev" : 1201.332778,
        "iops_samples" : 9
      },
      "write" : {
        "io_bytes" : 0,
        "io_kbytes" : 0,
        "bw_bytes" : 0,
        "bw" : 0,
        "iops" : 0.000000,
        "runtime" : 0,
        "total_ios" : 0,
        "short_ios" : 0,
        "drop_ios" : 0,
        "slat_ns" : {
          "min" : 0,
          "max" : 0,
          "mean" : 0.000000,
          "stddev" : 0.000000,
          "N" : 0
        },
        "clat_ns" : {
          "min" : 0,
          "max" : 0,
          "mean" : 0.000000,
          "stddev" : 0.000000,
          "N" : 0
        },
        "lat_ns" : {
          "min" : 0,
          "max" : 0,
          "mean" : 0.000000,
          "stddev" : 0.000000,
          "N" : 0
        },
        "bw_min" : 0,
        "bw_max" : 0,
        "bw_agg" : 0.000000,
        "bw_mean" : 0.000000,
        "bw_dev" : 0.000000,
        "bw_samples" : 0,
        "iops_min" : 0,
        "iops_max" : 0,
        "iops_mean" : 0.000000,
        "iops_stddev" : 0.000000,
        "iops_samples" : 0
      },
      "trim" : {
        "io_bytes" : 0,
        "io_kbytes" : 0,
        "bw_bytes" : 0,
        "bw" : 0,
        "iops" : 0.000000,
        "runtime" : 0,
        "total_ios" : 0,
        "short_ios" : 0,
        "drop_ios" : 0,
        "slat_ns" : {
          "min" : 0,
          "max" : 0,
          "mean" : 0.000000,
          "stddev" : 0.000000,
          "N" : 0
        },
        "clat_ns" : {
          "min" : 0,
          "max" : 0,
          "mean" : 0.000000,
          "stddev" : 0.000000,
          "N" : 0
        },
        "lat_ns" : {
          "min" : 0,
          "max" : 0,
          "mean" : 0.000000,
          "stddev" : 0.000000,
          "N" : 0
        },
        "bw_min" : 0,
        "bw_max" : 0,
        "bw_agg" : 0.000000,
        "bw_mean" : 0.000000,
        "bw_dev" : 0.000000,
        "bw_samples" : 0,
        "iops_min" : 0,
        "iops_max" : 0,
        "iops_mean" : 0.000000,
        "iops_stddev" : 0.000000,
        "iops_samples" : 0
      },
      "sync" : {
        "total_ios" : 0,
        "lat_ns" : {
          "min" : 0,
          "max" : 0,
          "mean" : 0.000000,
          "stddev" : 0.000000,
          "N" : 0
        }
      },
      "job_runtime" : 5000,
      "usr_cpu" : 0.780000,
      "sys_cpu" : 6.260000,
      "ctx" : 123919,
      "majf" : 0,
      "minf" : 41,
      "iodepth_level" : {
        "1" : 0.100000,
        "2" : 0.100000,
        "4" : 0.100000,
        "8" : 99.994500,
        "16" : 0.000000,
        "32" : 0.000000,
        ">=64" : 0.000000
      },
      "iodepth_submit" : {
        "0" : 0.000000,
        "4" : 100.000000,
        "8" : 0.000000,
        "16" : 0.000000,
        "32" : 0.000000,
        "64" : 0.000000,
        ">=64" : 0.000000
      },
      "iodepth_complete" : {
        "0" : 0.000000,
        "4" : 99.999214,
        "8" : 0.100000,
        "16" : 0.000000,
        "32" : 0.000000,
        "64" : 0.000000,
        ">=64" : 0.000000
      },
      "latency_ns" : {
        "2" : 0.000000,
        "4" : 0.000000,
        "10" : 0.000000,
        "20" : 0.000000,
        "50" : 0.000000,
        "100" : 0.000000,
        "250" : 0.000000,
        "500" : 0.000000,
        "750" : 0.000000,
        "1000" : 0.000000
      },
      "latency_us" : {
        "2" : 0.000000,
        "4" : 0.000000,
        "10" : 0.000000,
        "20" : 0.000000,
        "50" : 0.010000,
        "100" : 10.798133,
        "250" : 33.256333,
        "500" : 38.599221,
        "750" : 17.028883,
        "1000" : 0.316645
      },
      "latency_ms" : {
        "2" : 0.000000,
        "4" : 0.000000,
        "10" : 0.000000,
        "20" : 0.000000,
        "50" : 0.000000,
        "100" : 0.000000,
        "250" : 0.000000,
        "500" : 0.000000,
        "750" : 0.000000,
        "1000" : 0.000000,
        "2000" : 0.000000,
        ">=2000" : 0.000000
      },
      "latency_depth" : 8,
      "latency_target" : 0,
      "latency_percentile" : 100.000000,
      "latency_window" : 0
    }
  ],
  "disk_util" : [
    {
      "name" : "nvme3n1",
      "read_ios" : 124482,
      "write_ios" : 0,
      "read_sectors" : 3983424,
      "write_sectors" : 0,
      "read_merges" : 0,
      "write_merges" : 0,
      "read_ticks" : 38925,
      "write_ticks" : 0,
      "in_queue" : 38924,
      "util" : 98.119248
    }
  ]
}
