{
  "fio version" : "fio-3.42-31-g6a66",
  "timestamp" : 1781281438,
  "timestamp_ms" : 1781281438104,
  "time" : "Fri Jun 12 16:23:58 2026",
  "jobs" : [
    {
      "jobname" : "sequentialread_16k_4",
      "groupid" : 0,
      "job_start" : 1781281432956,
      "error" : 0,
      "eta" : 0,
      "elapsed" : 6,
      "job options" : {
        "name" : "sequentialread_16k_4",
        "filename" : "/dev/nvme2n1",
        "ioengine" : "io_uring",
        "direct" : "1",
        "group_reporting" : "",
        "rw" : "read",
        "bs" : "16k",
        "iodepth" : "4",
        "size" : "3G",
        "time_based" : "",
        "runtime" : "5"
      },
      "read" : {
        "io_bytes" : 1692336128,
        "io_kbytes" : 1652672,
        "bw_bytes" : 338399545,
        "bw" : 330468,
        "iops" : 20654.269146,
        "runtime" : 5001,
        "total_ios" : 103292,
        "short_ios" : 0,
        "drop_ios" : 0,
        "slat_ns" : {
          "min" : 754,
          "max" : 26505,
          "mean" : 947.802482,
          "stddev" : 505.623008,
          "N" : 103292
        },
        "clat_ns" : {
          "min" : 63323,
          "max" : 538631,
          "mean" : 192530.922511,
          "stddev" : 85323.663826,
          "N" : 103292,
          "percentile" : {
            "1.000000" : 72192,
            "5.000000" : 72192,
            "10.000000" : 73216,
            "20.000000" : 118272,
            "30.000000" : 138240,
            "40.000000" : 166912,
            "50.000000" : 185344,
            "60.000000" : 185344,
            "70.000000" : 224256,
            "80.000000" : 276480,
            "90.000000" : 325632,
            "95.000000" : 358400,
            "99.000000" : 370688,
            "99.500000" : 387072,
            "99.900000" : 440320,
            "99.950000" : 456704,
            "99.990000" : 497664
          }
        },
        "lat_ns" : {
          "min" : 64259,
          "max" : 539551,
          "mean" : 193478.724993,
          "stddev" : 85326.428903,
          "N" : 103292
        },
        "bw_min" : 303360,
        "bw_max" : 340480,
        "bw_agg" : 100.000000,
        "bw_mean" : 330534.400000,
        "bw_dev" : 12555.956207,
        "bw_samples" : 10,
        "iops_min" : 18960,
        "iops_max" : 21280,
        "iops_mean" : 20658.400000,
        "iops_stddev" : 784.747263,
        "iops_samples" : 10
      },
      "write" : {
        "io_bytes" : 0,
        "io_kbytes" : 0,
        "bw_bytes" : 0,
        "bw" : 0,
        "iops" : 0.000000,
        "runtime" : 0,
        "total_ios" : 0,
        "short_ios" : 0,
        "drop_ios" : 0,
        "slat_ns" : {
          "min" : 0,
          "max" : 0,
          "mean" : 0.000000,
          "stddev" : 0.000000,
          "N" : 0
        },
        "clat_ns" : {
          "min" : 0,
          "max" : 0,
          "mean" : 0.000000,
          "stddev" : 0.000000,
          "N" : 0
        },
        "lat_ns" : {
          "min" : 0,
          "max" : 0,
          "mean" : 0.000000,
          "stddev" : 0.000000,
          "N" : 0
        },
        "bw_min" : 0,
        "bw_max" : 0,
        "bw_agg" : 0.000000,
        "bw_mean" : 0.000000,
        "bw_dev" : 0.000000,
        "bw_samples" : 0,
        "iops_min" : 0,
        "iops_max" : 0,
        "iops_mean" : 0.000000,
        "iops_stddev" : 0.000000,
        "iops_samples" : 0
      },
      "trim" : {
        "io_bytes" : 0,
        "io_kbytes" : 0,
        "bw_bytes" : 0,
        "bw" : 0,
        "iops" : 0.000000,
        "runtime" : 0,
        "total_ios" : 0,
        "short_ios" : 0,
        "drop_ios" : 0,
        "slat_ns" : {
          "min" : 0,
          "max" : 0,
          "mean" : 0.000000,
          "stddev" : 0.000000,
          "N" : 0
        },
        "clat_ns" : {
          "min" : 0,
          "max" : 0,
          "mean" : 0.000000,
          "stddev" : 0.000000,
          "N" : 0
        },
        "lat_ns" : {
          "min" : 0,
          "max" : 0,
          "mean" : 0.000000,
          "stddev" : 0.000000,
          "N" : 0
        },
        "bw_min" : 0,
        "bw_max" : 0,
        "bw_agg" : 0.000000,
        "bw_mean" : 0.000000,
        "bw_dev" : 0.000000,
        "bw_samples" : 0,
        "iops_min" : 0,
        "iops_max" : 0,
        "iops_mean" : 0.000000,
        "iops_stddev" : 0.000000,
        "iops_samples" : 0
      },
      "sync" : {
        "total_ios" : 0,
        "lat_ns" : {
          "min" : 0,
          "max" : 0,
          "mean" : 0.000000,
          "stddev" : 0.000000,
          "N" : 0
        }
      },
      "job_runtime" : 5000,
      "usr_cpu" : 0.760000,
      "sys_cpu" : 5.020000,
      "ctx" : 102370,
      "majf" : 0,
      "minf" : 24,
      "iodepth_level" : {
        "1" : 0.100000,
        "2" : 0.100000,
        "4" : 99.997096,
        "8" : 0.000000,
        "16" : 0.000000,
        "32" : 0.000000,
        ">=64" : 0.000000
      },
      "iodepth_submit" : {
        "0" : 0.000000,
        "4" : 100.000000,
        "8" : 0.000000,
        "16" : 0.000000,
        "32" : 0.000000,
        "64" : 0.000000,
        ">=64" : 0.000000
      },
      "iodepth_complete" : {
        "0" : 0.000000,
        "4" : 100.000000,
        "8" : 0.000000,
        "16" : 0.000000,
        "32" : 0.000000,
        "64" : 0.000000,
        ">=64" : 0.000000
      },
      "latency_ns" : {
        "2" : 0.000000,
        "4" : 0.000000,
        "10" : 0.000000,
        "20" : 0.000000,
        "50" : 0.000000,
        "100" : 0.000000,
        "250" : 0.000000,
        "500" : 0.000000,
        "750" : 0.000000,
        "1000" : 0.000000
      },
      "latency_us" : {
        "2" : 0.000000,
        "4" : 0.000000,
        "10" : 0.000000,
        "20" : 0.000000,
        "50" : 0.000000,
        "100" : 17.678039,
        "250" : 57.686946,
        "500" : 24.626302,
        "750" : 0.010000,
        "1000" : 0.000000
      },
      "latency_ms" : {
        "2" : 0.000000,
        "4" : 0.000000,
        "10" : 0.000000,
        "20" : 0.000000,
        "50" : 0.000000,
        "100" : 0.000000,
        "250" : 0.000000,
        "500" : 0.000000,
        "750" : 0.000000,
        "1000" : 0.000000,
        "2000" : 0.000000,
        ">=2000" : 0.000000
      },
      "latency_depth" : 4,
      "latency_target" : 0,
      "latency_target_ns" : 0,
      "latency_percentile" : 100.000000,
      "latency_window" : 0,
      "latency_window_us" : 0
    }
  ],
  "disk_util" : [
    {
      "name" : "nvme2n1",
      "read_ios" : 101129,
      "write_ios" : 0,
      "read_sectors" : 3236128,
      "write_sectors" : 0,
      "read_merges" : 0,
      "write_merges" : 0,
      "read_ticks" : 19382,
      "write_ticks" : 0,
      "in_queue" : 19383,
      "util" : 98.138883
    }
  ]
}
