{
  "fio version" : "fio-3.42-31-g6a66",
  "timestamp" : 1781281470,
  "timestamp_ms" : 1781281470424,
  "time" : "Fri Jun 12 16:24:30 2026",
  "jobs" : [
    {
      "jobname" : "sequentialread_16k_256",
      "groupid" : 0,
      "job_start" : 1781281465276,
      "error" : 0,
      "eta" : 0,
      "elapsed" : 6,
      "job options" : {
        "name" : "sequentialread_16k_256",
        "filename" : "/dev/nvme2n1",
        "ioengine" : "io_uring",
        "direct" : "1",
        "group_reporting" : "",
        "rw" : "read",
        "bs" : "16k",
        "iodepth" : "256",
        "size" : "3G",
        "time_based" : "",
        "runtime" : "5"
      },
      "read" : {
        "io_bytes" : 2970550272,
        "io_kbytes" : 2900928,
        "bw_bytes" : 592333055,
        "bw" : 578450,
        "iops" : 36153.140578,
        "runtime" : 5015,
        "total_ios" : 181308,
        "short_ios" : 0,
        "drop_ios" : 0,
        "slat_ns" : {
          "min" : 767,
          "max" : 28049,
          "mean" : 1024.786992,
          "stddev" : 515.110546,
          "N" : 181308
        },
        "clat_ns" : {
          "min" : 78158,
          "max" : 24904179,
          "mean" : 7077960.257341,
          "stddev" : 2700941.479076,
          "N" : 181308,
          "percentile" : {
            "1.000000" : 2179072,
            "5.000000" : 2932736,
            "10.000000" : 3588096,
            "20.000000" : 4685824,
            "30.000000" : 5537792,
            "40.000000" : 6193152,
            "50.000000" : 6914048,
            "60.000000" : 7634944,
            "70.000000" : 8454144,
            "80.000000" : 9240576,
            "90.000000" : 10682368,
            "95.000000" : 11730944,
            "99.000000" : 13828096,
            "99.500000" : 14483456,
            "99.900000" : 18481152,
            "99.950000" : 21364736,
            "99.990000" : 24510464
          }
        },
        "lat_ns" : {
          "min" : 79061,
          "max" : 24905208,
          "mean" : 7078985.044333,
          "stddev" : 2700943.441570,
          "N" : 181308
        },
        "bw_min" : 503136,
        "bw_max" : 677056,
        "bw_agg" : 100.000000,
        "bw_mean" : 579369.600000,
        "bw_dev" : 52891.434474,
        "bw_samples" : 10,
        "iops_min" : 31446,
        "iops_max" : 42316,
        "iops_mean" : 36210.600000,
        "iops_stddev" : 3305.714655,
        "iops_samples" : 10
      },
      "write" : {
        "io_bytes" : 0,
        "io_kbytes" : 0,
        "bw_bytes" : 0,
        "bw" : 0,
        "iops" : 0.000000,
        "runtime" : 0,
        "total_ios" : 0,
        "short_ios" : 0,
        "drop_ios" : 0,
        "slat_ns" : {
          "min" : 0,
          "max" : 0,
          "mean" : 0.000000,
          "stddev" : 0.000000,
          "N" : 0
        },
        "clat_ns" : {
          "min" : 0,
          "max" : 0,
          "mean" : 0.000000,
          "stddev" : 0.000000,
          "N" : 0
        },
        "lat_ns" : {
          "min" : 0,
          "max" : 0,
          "mean" : 0.000000,
          "stddev" : 0.000000,
          "N" : 0
        },
        "bw_min" : 0,
        "bw_max" : 0,
        "bw_agg" : 0.000000,
        "bw_mean" : 0.000000,
        "bw_dev" : 0.000000,
        "bw_samples" : 0,
        "iops_min" : 0,
        "iops_max" : 0,
        "iops_mean" : 0.000000,
        "iops_stddev" : 0.000000,
        "iops_samples" : 0
      },
      "trim" : {
        "io_bytes" : 0,
        "io_kbytes" : 0,
        "bw_bytes" : 0,
        "bw" : 0,
        "iops" : 0.000000,
        "runtime" : 0,
        "total_ios" : 0,
        "short_ios" : 0,
        "drop_ios" : 0,
        "slat_ns" : {
          "min" : 0,
          "max" : 0,
          "mean" : 0.000000,
          "stddev" : 0.000000,
          "N" : 0
        },
        "clat_ns" : {
          "min" : 0,
          "max" : 0,
          "mean" : 0.000000,
          "stddev" : 0.000000,
          "N" : 0
        },
        "lat_ns" : {
          "min" : 0,
          "max" : 0,
          "mean" : 0.000000,
          "stddev" : 0.000000,
          "N" : 0
        },
        "bw_min" : 0,
        "bw_max" : 0,
        "bw_agg" : 0.000000,
        "bw_mean" : 0.000000,
        "bw_dev" : 0.000000,
        "bw_samples" : 0,
        "iops_min" : 0,
        "iops_max" : 0,
        "iops_mean" : 0.000000,
        "iops_stddev" : 0.000000,
        "iops_samples" : 0
      },
      "sync" : {
        "total_ios" : 0,
        "lat_ns" : {
          "min" : 0,
          "max" : 0,
          "mean" : 0.000000,
          "stddev" : 0.000000,
          "N" : 0
        }
      },
      "job_runtime" : 5014,
      "usr_cpu" : 2.453131,
      "sys_cpu" : 6.661348,
      "ctx" : 138658,
      "majf" : 0,
      "minf" : 1032,
      "iodepth_level" : {
        "1" : 0.100000,
        "2" : 0.100000,
        "4" : 0.100000,
        "8" : 0.100000,
        "16" : 0.100000,
        "32" : 0.100000,
        ">=64" : 99.965252
      },
      "iodepth_submit" : {
        "0" : 0.000000,
        "4" : 100.000000,
        "8" : 0.000000,
        "16" : 0.000000,
        "32" : 0.000000,
        "64" : 0.000000,
        ">=64" : 0.000000
      },
      "iodepth_complete" : {
        "0" : 0.000000,
        "4" : 99.999448,
        "8" : 0.000000,
        "16" : 0.000000,
        "32" : 0.000000,
        "64" : 0.000000,
        ">=64" : 0.100000
      },
      "latency_ns" : {
        "2" : 0.000000,
        "4" : 0.000000,
        "10" : 0.000000,
        "20" : 0.000000,
        "50" : 0.000000,
        "100" : 0.000000,
        "250" : 0.000000,
        "500" : 0.000000,
        "750" : 0.000000,
        "1000" : 0.000000
      },
      "latency_us" : {
        "2" : 0.000000,
        "4" : 0.000000,
        "10" : 0.000000,
        "20" : 0.000000,
        "50" : 0.000000,
        "100" : 0.010000,
        "250" : 0.032541,
        "500" : 0.027577,
        "750" : 0.020959,
        "1000" : 0.063428
      },
      "latency_ms" : {
        "2" : 0.474331,
        "4" : 13.152205,
        "10" : 71.980277,
        "20" : 14.159883,
        "50" : 0.084387,
        "100" : 0.000000,
        "250" : 0.000000,
        "500" : 0.000000,
        "750" : 0.000000,
        "1000" : 0.000000,
        "2000" : 0.000000,
        ">=2000" : 0.000000
      },
      "latency_depth" : 256,
      "latency_target" : 0,
      "latency_target_ns" : 0,
      "latency_percentile" : 100.000000,
      "latency_window" : 0,
      "latency_window_us" : 0
    }
  ],
  "disk_util" : [
    {
      "name" : "nvme2n1",
      "read_ios" : 177308,
      "write_ios" : 0,
      "read_sectors" : 5673856,
      "write_sectors" : 0,
      "read_merges" : 0,
      "write_merges" : 0,
      "read_ticks" : 1251841,
      "write_ticks" : 0,
      "in_queue" : 1251841,
      "util" : 98.158527
    }
  ]
}
