{
  "fio version" : "fio-3.42-31-g6a66",
  "timestamp" : 1781281432,
  "timestamp_ms" : 1781281432718,
  "time" : "Fri Jun 12 16:23:52 2026",
  "jobs" : [
    {
      "jobname" : "sequentialread_16k_2",
      "groupid" : 0,
      "job_start" : 1781281427570,
      "error" : 0,
      "eta" : 0,
      "elapsed" : 6,
      "job options" : {
        "name" : "sequentialread_16k_2",
        "filename" : "/dev/nvme2n1",
        "ioengine" : "io_uring",
        "direct" : "1",
        "group_reporting" : "",
        "rw" : "read",
        "bs" : "16k",
        "iodepth" : "2",
        "size" : "3G",
        "time_based" : "",
        "runtime" : "5"
      },
      "read" : {
        "io_bytes" : 1234960384,
        "io_kbytes" : 1206016,
        "bw_bytes" : 246942688,
        "bw" : 241154,
        "iops" : 15072.185563,
        "runtime" : 5001,
        "total_ios" : 75376,
        "short_ios" : 0,
        "drop_ios" : 0,
        "slat_ns" : {
          "min" : 766,
          "max" : 35156,
          "mean" : 937.454641,
          "stddev" : 602.012387,
          "N" : 75376
        },
        "clat_ns" : {
          "min" : 63916,
          "max" : 641750,
          "mean" : 131576.829999,
          "stddev" : 55246.779090,
          "N" : 75376,
          "percentile" : {
            "1.000000" : 68096,
            "5.000000" : 72192,
            "10.000000" : 73216,
            "20.000000" : 91648,
            "30.000000" : 92672,
            "40.000000" : 92672,
            "50.000000" : 107008,
            "60.000000" : 127488,
            "70.000000" : 160768,
            "80.000000" : 189440,
            "90.000000" : 222208,
            "95.000000" : 234496,
            "99.000000" : 246784,
            "99.500000" : 252928,
            "99.900000" : 288768,
            "99.950000" : 301056,
            "99.990000" : 346112
          }
        },
        "lat_ns" : {
          "min" : 64797,
          "max" : 642791,
          "mean" : 132514.284640,
          "stddev" : 55260.497145,
          "N" : 75376
        },
        "bw_min" : 222368,
        "bw_max" : 253600,
        "bw_agg" : 100.000000,
        "bw_mean" : 241203.200000,
        "bw_dev" : 10533.431358,
        "bw_samples" : 10,
        "iops_min" : 13898,
        "iops_max" : 15850,
        "iops_mean" : 15075.200000,
        "iops_stddev" : 658.339460,
        "iops_samples" : 10
      },
      "write" : {
        "io_bytes" : 0,
        "io_kbytes" : 0,
        "bw_bytes" : 0,
        "bw" : 0,
        "iops" : 0.000000,
        "runtime" : 0,
        "total_ios" : 0,
        "short_ios" : 0,
        "drop_ios" : 0,
        "slat_ns" : {
          "min" : 0,
          "max" : 0,
          "mean" : 0.000000,
          "stddev" : 0.000000,
          "N" : 0
        },
        "clat_ns" : {
          "min" : 0,
          "max" : 0,
          "mean" : 0.000000,
          "stddev" : 0.000000,
          "N" : 0
        },
        "lat_ns" : {
          "min" : 0,
          "max" : 0,
          "mean" : 0.000000,
          "stddev" : 0.000000,
          "N" : 0
        },
        "bw_min" : 0,
        "bw_max" : 0,
        "bw_agg" : 0.000000,
        "bw_mean" : 0.000000,
        "bw_dev" : 0.000000,
        "bw_samples" : 0,
        "iops_min" : 0,
        "iops_max" : 0,
        "iops_mean" : 0.000000,
        "iops_stddev" : 0.000000,
        "iops_samples" : 0
      },
      "trim" : {
        "io_bytes" : 0,
        "io_kbytes" : 0,
        "bw_bytes" : 0,
        "bw" : 0,
        "iops" : 0.000000,
        "runtime" : 0,
        "total_ios" : 0,
        "short_ios" : 0,
        "drop_ios" : 0,
        "slat_ns" : {
          "min" : 0,
          "max" : 0,
          "mean" : 0.000000,
          "stddev" : 0.000000,
          "N" : 0
        },
        "clat_ns" : {
          "min" : 0,
          "max" : 0,
          "mean" : 0.000000,
          "stddev" : 0.000000,
          "N" : 0
        },
        "lat_ns" : {
          "min" : 0,
          "max" : 0,
          "mean" : 0.000000,
          "stddev" : 0.000000,
          "N" : 0
        },
        "bw_min" : 0,
        "bw_max" : 0,
        "bw_agg" : 0.000000,
        "bw_mean" : 0.000000,
        "bw_dev" : 0.000000,
        "bw_samples" : 0,
        "iops_min" : 0,
        "iops_max" : 0,
        "iops_mean" : 0.000000,
        "iops_stddev" : 0.000000,
        "iops_samples" : 0
      },
      "sync" : {
        "total_ios" : 0,
        "lat_ns" : {
          "min" : 0,
          "max" : 0,
          "mean" : 0.000000,
          "stddev" : 0.000000,
          "N" : 0
        }
      },
      "job_runtime" : 5000,
      "usr_cpu" : 0.860000,
      "sys_cpu" : 3.240000,
      "ctx" : 75234,
      "majf" : 0,
      "minf" : 16,
      "iodepth_level" : {
        "1" : 0.100000,
        "2" : 99.998673,
        "4" : 0.000000,
        "8" : 0.000000,
        "16" : 0.000000,
        "32" : 0.000000,
        ">=64" : 0.000000
      },
      "iodepth_submit" : {
        "0" : 0.000000,
        "4" : 100.000000,
        "8" : 0.000000,
        "16" : 0.000000,
        "32" : 0.000000,
        "64" : 0.000000,
        ">=64" : 0.000000
      },
      "iodepth_complete" : {
        "0" : 0.000000,
        "4" : 100.000000,
        "8" : 0.000000,
        "16" : 0.000000,
        "32" : 0.000000,
        "64" : 0.000000,
        ">=64" : 0.000000
      },
      "latency_ns" : {
        "2" : 0.000000,
        "4" : 0.000000,
        "10" : 0.000000,
        "20" : 0.000000,
        "50" : 0.000000,
        "100" : 0.000000,
        "250" : 0.000000,
        "500" : 0.000000,
        "750" : 0.000000,
        "1000" : 0.000000
      },
      "latency_us" : {
        "2" : 0.000000,
        "4" : 0.000000,
        "10" : 0.000000,
        "20" : 0.000000,
        "50" : 0.000000,
        "100" : 49.243791,
        "250" : 50.220229,
        "500" : 0.533326,
        "750" : 0.010000,
        "1000" : 0.000000
      },
      "latency_ms" : {
        "2" : 0.000000,
        "4" : 0.000000,
        "10" : 0.000000,
        "20" : 0.000000,
        "50" : 0.000000,
        "100" : 0.000000,
        "250" : 0.000000,
        "500" : 0.000000,
        "750" : 0.000000,
        "1000" : 0.000000,
        "2000" : 0.000000,
        ">=2000" : 0.000000
      },
      "latency_depth" : 2,
      "latency_target" : 0,
      "latency_target_ns" : 0,
      "latency_percentile" : 100.000000,
      "latency_window" : 0,
      "latency_window_us" : 0
    }
  ],
  "disk_util" : [
    {
      "name" : "nvme2n1",
      "read_ios" : 73886,
      "write_ios" : 0,
      "read_sectors" : 2364352,
      "write_sectors" : 0,
      "read_merges" : 0,
      "write_merges" : 0,
      "read_ticks" : 9650,
      "write_ticks" : 0,
      "in_queue" : 9650,
      "util" : 98.078463
    }
  ]
}
