{
  "fio version" : "fio-3.36",
  "timestamp" : 1781330794,
  "timestamp_ms" : 1781330794343,
  "time" : "Sat Jun 13 06:06:34 2026",
  "jobs" : [
    {
      "jobname" : "sequentialread_16k_64",
      "groupid" : 0,
      "job_start" : 1781330789323,
      "error" : 0,
      "eta" : 0,
      "elapsed" : 6,
      "job options" : {
        "name" : "sequentialread_16k_64",
        "filename" : "/dev/nvme3n1",
        "ioengine" : "io_uring",
        "direct" : "1",
        "rw" : "read",
        "bs" : "16k",
        "iodepth" : "64",
        "size" : "3G",
        "runtime" : "5"
      },
      "read" : {
        "io_bytes" : 2738995200,
        "io_kbytes" : 2674800,
        "bw_bytes" : 547361151,
        "bw" : 534532,
        "iops" : 33408.273381,
        "runtime" : 5004,
        "total_ios" : 167175,
        "short_ios" : 0,
        "drop_ios" : 0,
        "slat_ns" : {
          "min" : 944,
          "max" : 90839,
          "mean" : 1444.947193,
          "stddev" : 413.935910,
          "N" : 167175
        },
        "clat_ns" : {
          "min" : 63956,
          "max" : 7168096,
          "mean" : 1913875.531664,
          "stddev" : 1096317.586353,
          "N" : 167175,
          "percentile" : {
            "1.000000" : 148480,
            "5.000000" : 358400,
            "10.000000" : 569344,
            "20.000000" : 790528,
            "30.000000" : 1036288,
            "40.000000" : 1417216,
            "50.000000" : 1826816,
            "60.000000" : 2244608,
            "70.000000" : 2670592,
            "80.000000" : 3063808,
            "90.000000" : 3457024,
            "95.000000" : 3653632,
            "99.000000" : 4014080,
            "99.500000" : 4145152,
            "99.900000" : 4358144,
            "99.950000" : 4423680,
            "99.990000" : 6389760
          }
        },
        "lat_ns" : {
          "min" : 65317,
          "max" : 7169455,
          "mean" : 1915320.478857,
          "stddev" : 1096319.889187,
          "N" : 167175
        },
        "bw_min" : 465664,
        "bw_max" : 646272,
        "bw_agg" : 100.000000,
        "bw_mean" : 534758.400000,
        "bw_dev" : 54102.878632,
        "bw_samples" : 10,
        "iops_min" : 29104,
        "iops_max" : 40392,
        "iops_mean" : 33422.400000,
        "iops_stddev" : 3381.429914,
        "iops_samples" : 10
      },
      "write" : {
        "io_bytes" : 0,
        "io_kbytes" : 0,
        "bw_bytes" : 0,
        "bw" : 0,
        "iops" : 0.000000,
        "runtime" : 0,
        "total_ios" : 0,
        "short_ios" : 0,
        "drop_ios" : 0,
        "slat_ns" : {
          "min" : 0,
          "max" : 0,
          "mean" : 0.000000,
          "stddev" : 0.000000,
          "N" : 0
        },
        "clat_ns" : {
          "min" : 0,
          "max" : 0,
          "mean" : 0.000000,
          "stddev" : 0.000000,
          "N" : 0
        },
        "lat_ns" : {
          "min" : 0,
          "max" : 0,
          "mean" : 0.000000,
          "stddev" : 0.000000,
          "N" : 0
        },
        "bw_min" : 0,
        "bw_max" : 0,
        "bw_agg" : 0.000000,
        "bw_mean" : 0.000000,
        "bw_dev" : 0.000000,
        "bw_samples" : 0,
        "iops_min" : 0,
        "iops_max" : 0,
        "iops_mean" : 0.000000,
        "iops_stddev" : 0.000000,
        "iops_samples" : 0
      },
      "trim" : {
        "io_bytes" : 0,
        "io_kbytes" : 0,
        "bw_bytes" : 0,
        "bw" : 0,
        "iops" : 0.000000,
        "runtime" : 0,
        "total_ios" : 0,
        "short_ios" : 0,
        "drop_ios" : 0,
        "slat_ns" : {
          "min" : 0,
          "max" : 0,
          "mean" : 0.000000,
          "stddev" : 0.000000,
          "N" : 0
        },
        "clat_ns" : {
          "min" : 0,
          "max" : 0,
          "mean" : 0.000000,
          "stddev" : 0.000000,
          "N" : 0
        },
        "lat_ns" : {
          "min" : 0,
          "max" : 0,
          "mean" : 0.000000,
          "stddev" : 0.000000,
          "N" : 0
        },
        "bw_min" : 0,
        "bw_max" : 0,
        "bw_agg" : 0.000000,
        "bw_mean" : 0.000000,
        "bw_dev" : 0.000000,
        "bw_samples" : 0,
        "iops_min" : 0,
        "iops_max" : 0,
        "iops_mean" : 0.000000,
        "iops_stddev" : 0.000000,
        "iops_samples" : 0
      },
      "sync" : {
        "total_ios" : 0,
        "lat_ns" : {
          "min" : 0,
          "max" : 0,
          "mean" : 0.000000,
          "stddev" : 0.000000,
          "N" : 0
        }
      },
      "job_runtime" : 5003,
      "usr_cpu" : 1.019388,
      "sys_cpu" : 7.815311,
      "ctx" : 146953,
      "majf" : 0,
      "minf" : 268,
      "iodepth_level" : {
        "1" : 0.100000,
        "2" : 0.100000,
        "4" : 0.100000,
        "8" : 0.100000,
        "16" : 0.100000,
        "32" : 0.100000,
        ">=64" : 99.962315
      },
      "iodepth_submit" : {
        "0" : 0.000000,
        "4" : 100.000000,
        "8" : 0.000000,
        "16" : 0.000000,
        "32" : 0.000000,
        "64" : 0.000000,
        ">=64" : 0.000000
      },
      "iodepth_complete" : {
        "0" : 0.000000,
        "4" : 99.999402,
        "8" : 0.000000,
        "16" : 0.000000,
        "32" : 0.000000,
        "64" : 0.100000,
        ">=64" : 0.000000
      },
      "latency_ns" : {
        "2" : 0.000000,
        "4" : 0.000000,
        "10" : 0.000000,
        "20" : 0.000000,
        "50" : 0.000000,
        "100" : 0.000000,
        "250" : 0.000000,
        "500" : 0.000000,
        "750" : 0.000000,
        "1000" : 0.000000
      },
      "latency_us" : {
        "2" : 0.000000,
        "4" : 0.000000,
        "10" : 0.000000,
        "20" : 0.000000,
        "50" : 0.000000,
        "100" : 0.331987,
        "250" : 2.469269,
        "500" : 5.150292,
        "750" : 9.995514,
        "1000" : 10.762973
      },
      "latency_ms" : {
        "2" : 25.623448,
        "4" : 44.618514,
        "10" : 1.048004,
        "20" : 0.000000,
        "50" : 0.000000,
        "100" : 0.000000,
        "250" : 0.000000,
        "500" : 0.000000,
        "750" : 0.000000,
        "1000" : 0.000000,
        "2000" : 0.000000,
        ">=2000" : 0.000000
      },
      "latency_depth" : 64,
      "latency_target" : 0,
      "latency_percentile" : 100.000000,
      "latency_window" : 0
    }
  ],
  "disk_util" : [
    {
      "name" : "nvme3n1",
      "read_ios" : 163739,
      "write_ios" : 0,
      "read_sectors" : 5239648,
      "write_sectors" : 0,
      "read_merges" : 0,
      "write_merges" : 0,
      "read_ticks" : 312992,
      "write_ticks" : 0,
      "in_queue" : 312993,
      "util" : 98.119248
    }
  ]
}
