{
  "fio version" : "fio-3.36",
  "timestamp" : 1781330789,
  "timestamp_ms" : 1781330789079,
  "time" : "Sat Jun 13 06:06:29 2026",
  "jobs" : [
    {
      "jobname" : "sequentialread_16k_32",
      "groupid" : 0,
      "job_start" : 1781330784059,
      "error" : 0,
      "eta" : 0,
      "elapsed" : 6,
      "job options" : {
        "name" : "sequentialread_16k_32",
        "filename" : "/dev/nvme3n1",
        "ioengine" : "io_uring",
        "direct" : "1",
        "rw" : "read",
        "bs" : "16k",
        "iodepth" : "32",
        "size" : "3G",
        "runtime" : "5"
      },
      "read" : {
        "io_bytes" : 2633203712,
        "io_kbytes" : 2571488,
        "bw_bytes" : 526430170,
        "bw" : 514091,
        "iops" : 32130.747701,
        "runtime" : 5002,
        "total_ios" : 160718,
        "short_ios" : 0,
        "drop_ios" : 0,
        "slat_ns" : {
          "min" : 939,
          "max" : 53195,
          "mean" : 1418.360451,
          "stddev" : 397.658659,
          "N" : 160718
        },
        "clat_ns" : {
          "min" : 63081,
          "max" : 2859383,
          "mean" : 994247.562967,
          "stddev" : 642582.951919,
          "N" : 160718,
          "percentile" : {
            "1.000000" : 81408,
            "5.000000" : 148480,
            "10.000000" : 216064,
            "20.000000" : 325632,
            "30.000000" : 440320,
            "40.000000" : 610304,
            "50.000000" : 929792,
            "60.000000" : 1269760,
            "70.000000" : 1482752,
            "80.000000" : 1679360,
            "90.000000" : 1859584,
            "95.000000" : 1990656,
            "99.000000" : 2211840,
            "99.500000" : 2277376,
            "99.900000" : 2441216,
            "99.950000" : 2539520,
            "99.990000" : 2637824
          }
        },
        "lat_ns" : {
          "min" : 64432,
          "max" : 2861189,
          "mean" : 995665.923419,
          "stddev" : 642594.980200,
          "N" : 160718
        },
        "bw_min" : 448832,
        "bw_max" : 608736,
        "bw_agg" : 99.115730,
        "bw_mean" : 509546.666667,
        "bw_dev" : 45686.402353,
        "bw_samples" : 9,
        "iops_min" : 28052,
        "iops_max" : 38046,
        "iops_mean" : 31846.666667,
        "iops_stddev" : 2855.400147,
        "iops_samples" : 9
      },
      "write" : {
        "io_bytes" : 0,
        "io_kbytes" : 0,
        "bw_bytes" : 0,
        "bw" : 0,
        "iops" : 0.000000,
        "runtime" : 0,
        "total_ios" : 0,
        "short_ios" : 0,
        "drop_ios" : 0,
        "slat_ns" : {
          "min" : 0,
          "max" : 0,
          "mean" : 0.000000,
          "stddev" : 0.000000,
          "N" : 0
        },
        "clat_ns" : {
          "min" : 0,
          "max" : 0,
          "mean" : 0.000000,
          "stddev" : 0.000000,
          "N" : 0
        },
        "lat_ns" : {
          "min" : 0,
          "max" : 0,
          "mean" : 0.000000,
          "stddev" : 0.000000,
          "N" : 0
        },
        "bw_min" : 0,
        "bw_max" : 0,
        "bw_agg" : 0.000000,
        "bw_mean" : 0.000000,
        "bw_dev" : 0.000000,
        "bw_samples" : 0,
        "iops_min" : 0,
        "iops_max" : 0,
        "iops_mean" : 0.000000,
        "iops_stddev" : 0.000000,
        "iops_samples" : 0
      },
      "trim" : {
        "io_bytes" : 0,
        "io_kbytes" : 0,
        "bw_bytes" : 0,
        "bw" : 0,
        "iops" : 0.000000,
        "runtime" : 0,
        "total_ios" : 0,
        "short_ios" : 0,
        "drop_ios" : 0,
        "slat_ns" : {
          "min" : 0,
          "max" : 0,
          "mean" : 0.000000,
          "stddev" : 0.000000,
          "N" : 0
        },
        "clat_ns" : {
          "min" : 0,
          "max" : 0,
          "mean" : 0.000000,
          "stddev" : 0.000000,
          "N" : 0
        },
        "lat_ns" : {
          "min" : 0,
          "max" : 0,
          "mean" : 0.000000,
          "stddev" : 0.000000,
          "N" : 0
        },
        "bw_min" : 0,
        "bw_max" : 0,
        "bw_agg" : 0.000000,
        "bw_mean" : 0.000000,
        "bw_dev" : 0.000000,
        "bw_samples" : 0,
        "iops_min" : 0,
        "iops_max" : 0,
        "iops_mean" : 0.000000,
        "iops_stddev" : 0.000000,
        "iops_samples" : 0
      },
      "sync" : {
        "total_ios" : 0,
        "lat_ns" : {
          "min" : 0,
          "max" : 0,
          "mean" : 0.000000,
          "stddev" : 0.000000,
          "N" : 0
        }
      },
      "job_runtime" : 5001,
      "usr_cpu" : 1.259748,
      "sys_cpu" : 7.718456,
      "ctx" : 142449,
      "majf" : 0,
      "minf" : 138,
      "iodepth_level" : {
        "1" : 0.100000,
        "2" : 0.100000,
        "4" : 0.100000,
        "8" : 0.100000,
        "16" : 0.100000,
        "32" : 99.980712,
        ">=64" : 0.000000
      },
      "iodepth_submit" : {
        "0" : 0.000000,
        "4" : 100.000000,
        "8" : 0.000000,
        "16" : 0.000000,
        "32" : 0.000000,
        "64" : 0.000000,
        ">=64" : 0.000000
      },
      "iodepth_complete" : {
        "0" : 0.000000,
        "4" : 99.999378,
        "8" : 0.000000,
        "16" : 0.000000,
        "32" : 0.100000,
        "64" : 0.000000,
        ">=64" : 0.000000
      },
      "latency_ns" : {
        "2" : 0.000000,
        "4" : 0.000000,
        "10" : 0.000000,
        "20" : 0.000000,
        "50" : 0.000000,
        "100" : 0.000000,
        "250" : 0.000000,
        "500" : 0.000000,
        "750" : 0.000000,
        "1000" : 0.000000
      },
      "latency_us" : {
        "2" : 0.000000,
        "4" : 0.000000,
        "10" : 0.000000,
        "20" : 0.000000,
        "50" : 0.000000,
        "100" : 1.709827,
        "250" : 11.271917,
        "500" : 21.110268,
        "750" : 10.914148,
        "1000" : 6.721089
      },
      "latency_ms" : {
        "2" : 43.319354,
        "4" : 4.953397,
        "10" : 0.000000,
        "20" : 0.000000,
        "50" : 0.000000,
        "100" : 0.000000,
        "250" : 0.000000,
        "500" : 0.000000,
        "750" : 0.000000,
        "1000" : 0.000000,
        "2000" : 0.000000,
        ">=2000" : 0.000000
      },
      "latency_depth" : 32,
      "latency_target" : 0,
      "latency_percentile" : 100.000000,
      "latency_window" : 0
    }
  ],
  "disk_util" : [
    {
      "name" : "nvme3n1",
      "read_ios" : 157772,
      "write_ios" : 0,
      "read_sectors" : 5048704,
      "write_sectors" : 0,
      "read_merges" : 0,
      "write_merges" : 0,
      "read_ticks" : 156366,
      "write_ticks" : 0,
      "in_queue" : 156366,
      "util" : 98.119248
    }
  ]
}
