{
  "fio version" : "fio-3.42-31-g6a66",
  "timestamp" : 1781281465,
  "timestamp_ms" : 1781281465038,
  "time" : "Fri Jun 12 16:24:25 2026",
  "jobs" : [
    {
      "jobname" : "sequentialread_16k_128",
      "groupid" : 0,
      "job_start" : 1781281459889,
      "error" : 0,
      "eta" : 0,
      "elapsed" : 6,
      "job options" : {
        "name" : "sequentialread_16k_128",
        "filename" : "/dev/nvme2n1",
        "ioengine" : "io_uring",
        "direct" : "1",
        "group_reporting" : "",
        "rw" : "read",
        "bs" : "16k",
        "iodepth" : "128",
        "size" : "3G",
        "time_based" : "",
        "runtime" : "5"
      },
      "read" : {
        "io_bytes" : 2872950784,
        "io_kbytes" : 2805616,
        "bw_bytes" : 573901475,
        "bw" : 560450,
        "iops" : 35028.166201,
        "runtime" : 5006,
        "total_ios" : 175351,
        "short_ios" : 0,
        "drop_ios" : 0,
        "slat_ns" : {
          "min" : 782,
          "max" : 26592,
          "mean" : 1063.163147,
          "stddev" : 576.621181,
          "N" : 175351
        },
        "clat_ns" : {
          "min" : 72574,
          "max" : 10885050,
          "mean" : 3652016.010014,
          "stddev" : 1727783.361178,
          "N" : 175351,
          "percentile" : {
            "1.000000" : 651264,
            "5.000000" : 1138688,
            "10.000000" : 1400832,
            "20.000000" : 1925120,
            "30.000000" : 2473984,
            "40.000000" : 3031040,
            "50.000000" : 3620864,
            "60.000000" : 4112384,
            "70.000000" : 4620288,
            "80.000000" : 5210112,
            "90.000000" : 5996544,
            "95.000000" : 6717440,
            "99.000000" : 7438336,
            "99.500000" : 7634944,
            "99.900000" : 8093696,
            "99.950000" : 8355840,
            "99.990000" : 10420224
          }
        },
        "lat_ns" : {
          "min" : 74136,
          "max" : 10885940,
          "mean" : 3653079.173161,
          "stddev" : 1727772.648116,
          "N" : 175351
        },
        "bw_min" : 500544,
        "bw_max" : 661184,
        "bw_agg" : 100.000000,
        "bw_mean" : 560716.800000,
        "bw_dev" : 52103.543434,
        "bw_samples" : 10,
        "iops_min" : 31284,
        "iops_max" : 41324,
        "iops_mean" : 35044.800000,
        "iops_stddev" : 3256.556491,
        "iops_samples" : 10
      },
      "write" : {
        "io_bytes" : 0,
        "io_kbytes" : 0,
        "bw_bytes" : 0,
        "bw" : 0,
        "iops" : 0.000000,
        "runtime" : 0,
        "total_ios" : 0,
        "short_ios" : 0,
        "drop_ios" : 0,
        "slat_ns" : {
          "min" : 0,
          "max" : 0,
          "mean" : 0.000000,
          "stddev" : 0.000000,
          "N" : 0
        },
        "clat_ns" : {
          "min" : 0,
          "max" : 0,
          "mean" : 0.000000,
          "stddev" : 0.000000,
          "N" : 0
        },
        "lat_ns" : {
          "min" : 0,
          "max" : 0,
          "mean" : 0.000000,
          "stddev" : 0.000000,
          "N" : 0
        },
        "bw_min" : 0,
        "bw_max" : 0,
        "bw_agg" : 0.000000,
        "bw_mean" : 0.000000,
        "bw_dev" : 0.000000,
        "bw_samples" : 0,
        "iops_min" : 0,
        "iops_max" : 0,
        "iops_mean" : 0.000000,
        "iops_stddev" : 0.000000,
        "iops_samples" : 0
      },
      "trim" : {
        "io_bytes" : 0,
        "io_kbytes" : 0,
        "bw_bytes" : 0,
        "bw" : 0,
        "iops" : 0.000000,
        "runtime" : 0,
        "total_ios" : 0,
        "short_ios" : 0,
        "drop_ios" : 0,
        "slat_ns" : {
          "min" : 0,
          "max" : 0,
          "mean" : 0.000000,
          "stddev" : 0.000000,
          "N" : 0
        },
        "clat_ns" : {
          "min" : 0,
          "max" : 0,
          "mean" : 0.000000,
          "stddev" : 0.000000,
          "N" : 0
        },
        "lat_ns" : {
          "min" : 0,
          "max" : 0,
          "mean" : 0.000000,
          "stddev" : 0.000000,
          "N" : 0
        },
        "bw_min" : 0,
        "bw_max" : 0,
        "bw_agg" : 0.000000,
        "bw_mean" : 0.000000,
        "bw_dev" : 0.000000,
        "bw_samples" : 0,
        "iops_min" : 0,
        "iops_max" : 0,
        "iops_mean" : 0.000000,
        "iops_stddev" : 0.000000,
        "iops_samples" : 0
      },
      "sync" : {
        "total_ios" : 0,
        "lat_ns" : {
          "min" : 0,
          "max" : 0,
          "mean" : 0.000000,
          "stddev" : 0.000000,
          "N" : 0
        }
      },
      "job_runtime" : 5005,
      "usr_cpu" : 1.698302,
      "sys_cpu" : 7.912088,
      "ctx" : 145760,
      "majf" : 0,
      "minf" : 521,
      "iodepth_level" : {
        "1" : 0.100000,
        "2" : 0.100000,
        "4" : 0.100000,
        "8" : 0.100000,
        "16" : 0.100000,
        "32" : 0.100000,
        ">=64" : 99.964072
      },
      "iodepth_submit" : {
        "0" : 0.000000,
        "4" : 100.000000,
        "8" : 0.000000,
        "16" : 0.000000,
        "32" : 0.000000,
        "64" : 0.000000,
        ">=64" : 0.000000
      },
      "iodepth_complete" : {
        "0" : 0.000000,
        "4" : 99.999429,
        "8" : 0.000000,
        "16" : 0.000000,
        "32" : 0.000000,
        "64" : 0.000000,
        ">=64" : 0.100000
      },
      "latency_ns" : {
        "2" : 0.000000,
        "4" : 0.000000,
        "10" : 0.000000,
        "20" : 0.000000,
        "50" : 0.000000,
        "100" : 0.000000,
        "250" : 0.000000,
        "500" : 0.000000,
        "750" : 0.000000,
        "1000" : 0.000000
      },
      "latency_us" : {
        "2" : 0.000000,
        "4" : 0.000000,
        "10" : 0.000000,
        "20" : 0.000000,
        "50" : 0.000000,
        "100" : 0.037639,
        "250" : 0.211576,
        "500" : 0.335327,
        "750" : 0.829764,
        "1000" : 1.901900
      },
      "latency_ms" : {
        "2" : 17.999327,
        "4" : 36.182286,
        "10" : 42.487924,
        "20" : 0.014257,
        "50" : 0.000000,
        "100" : 0.000000,
        "250" : 0.000000,
        "500" : 0.000000,
        "750" : 0.000000,
        "1000" : 0.000000,
        "2000" : 0.000000,
        ">=2000" : 0.000000
      },
      "latency_depth" : 128,
      "latency_target" : 0,
      "latency_target_ns" : 0,
      "latency_percentile" : 100.000000,
      "latency_window" : 0,
      "latency_window_us" : 0
    }
  ],
  "disk_util" : [
    {
      "name" : "nvme2n1",
      "read_ios" : 172478,
      "write_ios" : 0,
      "read_sectors" : 5519296,
      "write_sectors" : 0,
      "read_merges" : 0,
      "write_merges" : 0,
      "read_ticks" : 626013,
      "write_ticks" : 0,
      "in_queue" : 626013,
      "util" : 98.158527
    }
  ]
}
