{
  "fio version" : "fio-3.36",
  "timestamp" : 1781330799,
  "timestamp_ms" : 1781330799607,
  "time" : "Sat Jun 13 06:06:39 2026",
  "jobs" : [
    {
      "jobname" : "sequentialread_16k_128",
      "groupid" : 0,
      "job_start" : 1781330794588,
      "error" : 0,
      "eta" : 0,
      "elapsed" : 6,
      "job options" : {
        "name" : "sequentialread_16k_128",
        "filename" : "/dev/nvme3n1",
        "ioengine" : "io_uring",
        "direct" : "1",
        "rw" : "read",
        "bs" : "16k",
        "iodepth" : "128",
        "size" : "3G",
        "runtime" : "5"
      },
      "read" : {
        "io_bytes" : 2875441152,
        "io_kbytes" : 2808048,
        "bw_bytes" : 574628527,
        "bw" : 561160,
        "iops" : 35072.541966,
        "runtime" : 5004,
        "total_ios" : 175503,
        "short_ios" : 0,
        "drop_ios" : 0,
        "slat_ns" : {
          "min" : 921,
          "max" : 83858,
          "mean" : 1459.478436,
          "stddev" : 462.530796,
          "N" : 175503
        },
        "clat_ns" : {
          "min" : 65723,
          "max" : 8287891,
          "mean" : 3647133.443445,
          "stddev" : 1732459.757399,
          "N" : 175503,
          "percentile" : {
            "1.000000" : 684032,
            "5.000000" : 1171456,
            "10.000000" : 1417216,
            "20.000000" : 1908736,
            "30.000000" : 2473984,
            "40.000000" : 3031040,
            "50.000000" : 3555328,
            "60.000000" : 4079616,
            "70.000000" : 4554752,
            "80.000000" : 5210112,
            "90.000000" : 6062080,
            "95.000000" : 6782976,
            "99.000000" : 7438336,
            "99.500000" : 7569408,
            "99.900000" : 7962624,
            "99.950000" : 8093696,
            "99.990000" : 8224768
          }
        },
        "lat_ns" : {
          "min" : 67207,
          "max" : 8289200,
          "mean" : 3648592.921882,
          "stddev" : 1732458.021455,
          "N" : 175503
        },
        "bw_min" : 485024,
        "bw_max" : 652832,
        "bw_agg" : 100.000000,
        "bw_mean" : 561203.200000,
        "bw_dev" : 54692.665713,
        "bw_samples" : 10,
        "iops_min" : 30314,
        "iops_max" : 40802,
        "iops_mean" : 35075.200000,
        "iops_stddev" : 3418.291607,
        "iops_samples" : 10
      },
      "write" : {
        "io_bytes" : 0,
        "io_kbytes" : 0,
        "bw_bytes" : 0,
        "bw" : 0,
        "iops" : 0.000000,
        "runtime" : 0,
        "total_ios" : 0,
        "short_ios" : 0,
        "drop_ios" : 0,
        "slat_ns" : {
          "min" : 0,
          "max" : 0,
          "mean" : 0.000000,
          "stddev" : 0.000000,
          "N" : 0
        },
        "clat_ns" : {
          "min" : 0,
          "max" : 0,
          "mean" : 0.000000,
          "stddev" : 0.000000,
          "N" : 0
        },
        "lat_ns" : {
          "min" : 0,
          "max" : 0,
          "mean" : 0.000000,
          "stddev" : 0.000000,
          "N" : 0
        },
        "bw_min" : 0,
        "bw_max" : 0,
        "bw_agg" : 0.000000,
        "bw_mean" : 0.000000,
        "bw_dev" : 0.000000,
        "bw_samples" : 0,
        "iops_min" : 0,
        "iops_max" : 0,
        "iops_mean" : 0.000000,
        "iops_stddev" : 0.000000,
        "iops_samples" : 0
      },
      "trim" : {
        "io_bytes" : 0,
        "io_kbytes" : 0,
        "bw_bytes" : 0,
        "bw" : 0,
        "iops" : 0.000000,
        "runtime" : 0,
        "total_ios" : 0,
        "short_ios" : 0,
        "drop_ios" : 0,
        "slat_ns" : {
          "min" : 0,
          "max" : 0,
          "mean" : 0.000000,
          "stddev" : 0.000000,
          "N" : 0
        },
        "clat_ns" : {
          "min" : 0,
          "max" : 0,
          "mean" : 0.000000,
          "stddev" : 0.000000,
          "N" : 0
        },
        "lat_ns" : {
          "min" : 0,
          "max" : 0,
          "mean" : 0.000000,
          "stddev" : 0.000000,
          "N" : 0
        },
        "bw_min" : 0,
        "bw_max" : 0,
        "bw_agg" : 0.000000,
        "bw_mean" : 0.000000,
        "bw_dev" : 0.000000,
        "bw_samples" : 0,
        "iops_min" : 0,
        "iops_max" : 0,
        "iops_mean" : 0.000000,
        "iops_stddev" : 0.000000,
        "iops_samples" : 0
      },
      "sync" : {
        "total_ios" : 0,
        "lat_ns" : {
          "min" : 0,
          "max" : 0,
          "mean" : 0.000000,
          "stddev" : 0.000000,
          "N" : 0
        }
      },
      "job_runtime" : 5003,
      "usr_cpu" : 1.738957,
      "sys_cpu" : 7.875275,
      "ctx" : 152897,
      "majf" : 0,
      "minf" : 523,
      "iodepth_level" : {
        "1" : 0.100000,
        "2" : 0.100000,
        "4" : 0.100000,
        "8" : 0.100000,
        "16" : 0.100000,
        "32" : 0.100000,
        ">=64" : 99.964103
      },
      "iodepth_submit" : {
        "0" : 0.000000,
        "4" : 100.000000,
        "8" : 0.000000,
        "16" : 0.000000,
        "32" : 0.000000,
        "64" : 0.000000,
        ">=64" : 0.000000
      },
      "iodepth_complete" : {
        "0" : 0.000000,
        "4" : 99.999430,
        "8" : 0.000000,
        "16" : 0.000000,
        "32" : 0.000000,
        "64" : 0.000000,
        ">=64" : 0.100000
      },
      "latency_ns" : {
        "2" : 0.000000,
        "4" : 0.000000,
        "10" : 0.000000,
        "20" : 0.000000,
        "50" : 0.000000,
        "100" : 0.000000,
        "250" : 0.000000,
        "500" : 0.000000,
        "750" : 0.000000,
        "1000" : 0.000000
      },
      "latency_us" : {
        "2" : 0.000000,
        "4" : 0.000000,
        "10" : 0.000000,
        "20" : 0.000000,
        "50" : 0.000000,
        "100" : 0.031338,
        "250" : 0.214811,
        "500" : 0.294012,
        "750" : 0.715657,
        "1000" : 1.777747
      },
      "latency_ms" : {
        "2" : 18.502818,
        "4" : 36.969169,
        "10" : 41.494447,
        "20" : 0.000000,
        "50" : 0.000000,
        "100" : 0.000000,
        "250" : 0.000000,
        "500" : 0.000000,
        "750" : 0.000000,
        "1000" : 0.000000,
        "2000" : 0.000000,
        ">=2000" : 0.000000
      },
      "latency_depth" : 128,
      "latency_target" : 0,
      "latency_percentile" : 100.000000,
      "latency_window" : 0
    }
  ],
  "disk_util" : [
    {
      "name" : "nvme3n1",
      "read_ios" : 170405,
      "write_ios" : 0,
      "read_sectors" : 5452960,
      "write_sectors" : 0,
      "read_merges" : 0,
      "write_merges" : 0,
      "read_ticks" : 626265,
      "write_ticks" : 0,
      "in_queue" : 626265,
      "util" : 98.138883
    }
  ]
}
