{
  "fio version" : "fio-3.42-31-g6a66",
  "timestamp" : 1781281454,
  "timestamp_ms" : 1781281454263,
  "time" : "Fri Jun 12 16:24:14 2026",
  "jobs" : [
    {
      "jobname" : "sequentialread_16k_32",
      "groupid" : 0,
      "job_start" : 1781281449114,
      "error" : 0,
      "eta" : 0,
      "elapsed" : 6,
      "job options" : {
        "name" : "sequentialread_16k_32",
        "filename" : "/dev/nvme2n1",
        "ioengine" : "io_uring",
        "direct" : "1",
        "group_reporting" : "",
        "rw" : "read",
        "bs" : "16k",
        "iodepth" : "32",
        "size" : "3G",
        "time_based" : "",
        "runtime" : "5"
      },
      "read" : {
        "io_bytes" : 2696183808,
        "io_kbytes" : 2632992,
        "bw_bytes" : 539021153,
        "bw" : 526387,
        "iops" : 32899.240304,
        "runtime" : 5002,
        "total_ios" : 164562,
        "short_ios" : 0,
        "drop_ios" : 0,
        "slat_ns" : {
          "min" : 770,
          "max" : 25976,
          "mean" : 991.868396,
          "stddev" : 516.987835,
          "N" : 164562
        },
        "clat_ns" : {
          "min" : 64159,
          "max" : 3911861,
          "mean" : 971456.383005,
          "stddev" : 643831.949799,
          "N" : 164562,
          "percentile" : {
            "1.000000" : 81408,
            "5.000000" : 146432,
            "10.000000" : 209920,
            "20.000000" : 313344,
            "30.000000" : 419840,
            "40.000000" : 577536,
            "50.000000" : 864256,
            "60.000000" : 1220608,
            "70.000000" : 1466368,
            "80.000000" : 1662976,
            "90.000000" : 1859584,
            "95.000000" : 2007040,
            "99.000000" : 2211840,
            "99.500000" : 2310144,
            "99.900000" : 2473984,
            "99.950000" : 2506752,
            "99.990000" : 2768896
          }
        },
        "lat_ns" : {
          "min" : 65306,
          "max" : 3912958,
          "mean" : 972448.251401,
          "stddev" : 643826.195852,
          "N" : 164562
        },
        "bw_min" : 426976,
        "bw_max" : 604416,
        "bw_agg" : 100.000000,
        "bw_mean" : 526497.900000,
        "bw_dev" : 49980.585747,
        "bw_samples" : 10,
        "iops_min" : 26686,
        "iops_max" : 37776,
        "iops_mean" : 32906.100000,
        "iops_stddev" : 3123.796780,
        "iops_samples" : 10
      },
      "write" : {
        "io_bytes" : 0,
        "io_kbytes" : 0,
        "bw_bytes" : 0,
        "bw" : 0,
        "iops" : 0.000000,
        "runtime" : 0,
        "total_ios" : 0,
        "short_ios" : 0,
        "drop_ios" : 0,
        "slat_ns" : {
          "min" : 0,
          "max" : 0,
          "mean" : 0.000000,
          "stddev" : 0.000000,
          "N" : 0
        },
        "clat_ns" : {
          "min" : 0,
          "max" : 0,
          "mean" : 0.000000,
          "stddev" : 0.000000,
          "N" : 0
        },
        "lat_ns" : {
          "min" : 0,
          "max" : 0,
          "mean" : 0.000000,
          "stddev" : 0.000000,
          "N" : 0
        },
        "bw_min" : 0,
        "bw_max" : 0,
        "bw_agg" : 0.000000,
        "bw_mean" : 0.000000,
        "bw_dev" : 0.000000,
        "bw_samples" : 0,
        "iops_min" : 0,
        "iops_max" : 0,
        "iops_mean" : 0.000000,
        "iops_stddev" : 0.000000,
        "iops_samples" : 0
      },
      "trim" : {
        "io_bytes" : 0,
        "io_kbytes" : 0,
        "bw_bytes" : 0,
        "bw" : 0,
        "iops" : 0.000000,
        "runtime" : 0,
        "total_ios" : 0,
        "short_ios" : 0,
        "drop_ios" : 0,
        "slat_ns" : {
          "min" : 0,
          "max" : 0,
          "mean" : 0.000000,
          "stddev" : 0.000000,
          "N" : 0
        },
        "clat_ns" : {
          "min" : 0,
          "max" : 0,
          "mean" : 0.000000,
          "stddev" : 0.000000,
          "N" : 0
        },
        "lat_ns" : {
          "min" : 0,
          "max" : 0,
          "mean" : 0.000000,
          "stddev" : 0.000000,
          "N" : 0
        },
        "bw_min" : 0,
        "bw_max" : 0,
        "bw_agg" : 0.000000,
        "bw_mean" : 0.000000,
        "bw_dev" : 0.000000,
        "bw_samples" : 0,
        "iops_min" : 0,
        "iops_max" : 0,
        "iops_mean" : 0.000000,
        "iops_stddev" : 0.000000,
        "iops_samples" : 0
      },
      "sync" : {
        "total_ios" : 0,
        "lat_ns" : {
          "min" : 0,
          "max" : 0,
          "mean" : 0.000000,
          "stddev" : 0.000000,
          "N" : 0
        }
      },
      "job_runtime" : 5001,
      "usr_cpu" : 1.839632,
      "sys_cpu" : 6.618676,
      "ctx" : 143636,
      "majf" : 0,
      "minf" : 136,
      "iodepth_level" : {
        "1" : 0.100000,
        "2" : 0.100000,
        "4" : 0.100000,
        "8" : 0.100000,
        "16" : 0.100000,
        "32" : 99.981162,
        ">=64" : 0.000000
      },
      "iodepth_submit" : {
        "0" : 0.000000,
        "4" : 100.000000,
        "8" : 0.000000,
        "16" : 0.000000,
        "32" : 0.000000,
        "64" : 0.000000,
        ">=64" : 0.000000
      },
      "iodepth_complete" : {
        "0" : 0.000000,
        "4" : 99.999392,
        "8" : 0.000000,
        "16" : 0.000000,
        "32" : 0.100000,
        "64" : 0.000000,
        ">=64" : 0.000000
      },
      "latency_ns" : {
        "2" : 0.000000,
        "4" : 0.000000,
        "10" : 0.000000,
        "20" : 0.000000,
        "50" : 0.000000,
        "100" : 0.000000,
        "250" : 0.000000,
        "500" : 0.000000,
        "750" : 0.000000,
        "1000" : 0.000000
      },
      "latency_us" : {
        "2" : 0.000000,
        "4" : 0.000000,
        "10" : 0.000000,
        "20" : 0.000000,
        "50" : 0.000000,
        "100" : 1.760431,
        "250" : 11.850245,
        "500" : 21.965581,
        "750" : 11.288147,
        "1000" : 6.664358
      },
      "latency_ms" : {
        "2" : 41.462792,
        "4" : 5.008447,
        "10" : 0.000000,
        "20" : 0.000000,
        "50" : 0.000000,
        "100" : 0.000000,
        "250" : 0.000000,
        "500" : 0.000000,
        "750" : 0.000000,
        "1000" : 0.000000,
        "2000" : 0.000000,
        ">=2000" : 0.000000
      },
      "latency_depth" : 32,
      "latency_target" : 0,
      "latency_target_ns" : 0,
      "latency_percentile" : 100.000000,
      "latency_window" : 0,
      "latency_window_us" : 0
    }
  ],
  "disk_util" : [
    {
      "name" : "nvme2n1",
      "read_ios" : 160656,
      "write_ios" : 0,
      "read_sectors" : 5140992,
      "write_sectors" : 0,
      "read_merges" : 0,
      "write_merges" : 0,
      "read_ticks" : 156374,
      "write_ticks" : 0,
      "in_queue" : 156373,
      "util" : 98.078463
    }
  ]
}
