{
  "fio version" : "fio-3.36",
  "timestamp" : 1781330773,
  "timestamp_ms" : 1781330773285,
  "time" : "Sat Jun 13 06:06:13 2026",
  "jobs" : [
    {
      "jobname" : "sequentialread_16k_4",
      "groupid" : 0,
      "job_start" : 1781330768266,
      "error" : 0,
      "eta" : 0,
      "elapsed" : 6,
      "job options" : {
        "name" : "sequentialread_16k_4",
        "filename" : "/dev/nvme3n1",
        "ioengine" : "io_uring",
        "direct" : "1",
        "rw" : "read",
        "bs" : "16k",
        "iodepth" : "4",
        "size" : "3G",
        "runtime" : "5"
      },
      "read" : {
        "io_bytes" : 1687339008,
        "io_kbytes" : 1647792,
        "bw_bytes" : 337400321,
        "bw" : 329492,
        "iops" : 20593.281344,
        "runtime" : 5001,
        "total_ios" : 102987,
        "short_ios" : 0,
        "drop_ios" : 0,
        "slat_ns" : {
          "min" : 926,
          "max" : 18055,
          "mean" : 1359.975444,
          "stddev" : 281.791689,
          "N" : 102987
        },
        "clat_ns" : {
          "min" : 63086,
          "max" : 1022561,
          "mean" : 192675.862585,
          "stddev" : 84779.312456,
          "N" : 102987,
          "percentile" : {
            "1.000000" : 71168,
            "5.000000" : 71168,
            "10.000000" : 75264,
            "20.000000" : 118272,
            "30.000000" : 138240,
            "40.000000" : 168960,
            "50.000000" : 185344,
            "60.000000" : 185344,
            "70.000000" : 224256,
            "80.000000" : 276480,
            "90.000000" : 321536,
            "95.000000" : 358400,
            "99.000000" : 370688,
            "99.500000" : 387072,
            "99.900000" : 440320,
            "99.950000" : 452608,
            "99.990000" : 684032
          }
        },
        "lat_ns" : {
          "min" : 64358,
          "max" : 1023834,
          "mean" : 194035.838028,
          "stddev" : 84792.522309,
          "N" : 102987
        },
        "bw_min" : 313920,
        "bw_max" : 345312,
        "bw_agg" : 100.000000,
        "bw_mean" : 329898.666667,
        "bw_dev" : 11673.104814,
        "bw_samples" : 9,
        "iops_min" : 19620,
        "iops_max" : 21582,
        "iops_mean" : 20618.666667,
        "iops_stddev" : 729.569051,
        "iops_samples" : 9
      },
      "write" : {
        "io_bytes" : 0,
        "io_kbytes" : 0,
        "bw_bytes" : 0,
        "bw" : 0,
        "iops" : 0.000000,
        "runtime" : 0,
        "total_ios" : 0,
        "short_ios" : 0,
        "drop_ios" : 0,
        "slat_ns" : {
          "min" : 0,
          "max" : 0,
          "mean" : 0.000000,
          "stddev" : 0.000000,
          "N" : 0
        },
        "clat_ns" : {
          "min" : 0,
          "max" : 0,
          "mean" : 0.000000,
          "stddev" : 0.000000,
          "N" : 0
        },
        "lat_ns" : {
          "min" : 0,
          "max" : 0,
          "mean" : 0.000000,
          "stddev" : 0.000000,
          "N" : 0
        },
        "bw_min" : 0,
        "bw_max" : 0,
        "bw_agg" : 0.000000,
        "bw_mean" : 0.000000,
        "bw_dev" : 0.000000,
        "bw_samples" : 0,
        "iops_min" : 0,
        "iops_max" : 0,
        "iops_mean" : 0.000000,
        "iops_stddev" : 0.000000,
        "iops_samples" : 0
      },
      "trim" : {
        "io_bytes" : 0,
        "io_kbytes" : 0,
        "bw_bytes" : 0,
        "bw" : 0,
        "iops" : 0.000000,
        "runtime" : 0,
        "total_ios" : 0,
        "short_ios" : 0,
        "drop_ios" : 0,
        "slat_ns" : {
          "min" : 0,
          "max" : 0,
          "mean" : 0.000000,
          "stddev" : 0.000000,
          "N" : 0
        },
        "clat_ns" : {
          "min" : 0,
          "max" : 0,
          "mean" : 0.000000,
          "stddev" : 0.000000,
          "N" : 0
        },
        "lat_ns" : {
          "min" : 0,
          "max" : 0,
          "mean" : 0.000000,
          "stddev" : 0.000000,
          "N" : 0
        },
        "bw_min" : 0,
        "bw_max" : 0,
        "bw_agg" : 0.000000,
        "bw_mean" : 0.000000,
        "bw_dev" : 0.000000,
        "bw_samples" : 0,
        "iops_min" : 0,
        "iops_max" : 0,
        "iops_mean" : 0.000000,
        "iops_stddev" : 0.000000,
        "iops_samples" : 0
      },
      "sync" : {
        "total_ios" : 0,
        "lat_ns" : {
          "min" : 0,
          "max" : 0,
          "mean" : 0.000000,
          "stddev" : 0.000000,
          "N" : 0
        }
      },
      "job_runtime" : 5000,
      "usr_cpu" : 1.020000,
      "sys_cpu" : 4.820000,
      "ctx" : 102190,
      "majf" : 0,
      "minf" : 25,
      "iodepth_level" : {
        "1" : 0.100000,
        "2" : 0.100000,
        "4" : 99.997087,
        "8" : 0.000000,
        "16" : 0.000000,
        "32" : 0.000000,
        ">=64" : 0.000000
      },
      "iodepth_submit" : {
        "0" : 0.000000,
        "4" : 100.000000,
        "8" : 0.000000,
        "16" : 0.000000,
        "32" : 0.000000,
        "64" : 0.000000,
        ">=64" : 0.000000
      },
      "iodepth_complete" : {
        "0" : 0.000000,
        "4" : 100.000000,
        "8" : 0.000000,
        "16" : 0.000000,
        "32" : 0.000000,
        "64" : 0.000000,
        ">=64" : 0.000000
      },
      "latency_ns" : {
        "2" : 0.000000,
        "4" : 0.000000,
        "10" : 0.000000,
        "20" : 0.000000,
        "50" : 0.000000,
        "100" : 0.000000,
        "250" : 0.000000,
        "500" : 0.000000,
        "750" : 0.000000,
        "1000" : 0.000000
      },
      "latency_us" : {
        "2" : 0.000000,
        "4" : 0.000000,
        "10" : 0.000000,
        "20" : 0.000000,
        "50" : 0.000000,
        "100" : 16.794353,
        "250" : 58.614194,
        "500" : 24.578830,
        "750" : 0.010000,
        "1000" : 0.010000
      },
      "latency_ms" : {
        "2" : 0.010000,
        "4" : 0.000000,
        "10" : 0.000000,
        "20" : 0.000000,
        "50" : 0.000000,
        "100" : 0.000000,
        "250" : 0.000000,
        "500" : 0.000000,
        "750" : 0.000000,
        "1000" : 0.000000,
        "2000" : 0.000000,
        ">=2000" : 0.000000
      },
      "latency_depth" : 4,
      "latency_target" : 0,
      "latency_percentile" : 100.000000,
      "latency_window" : 0
    }
  ],
  "disk_util" : [
    {
      "name" : "nvme3n1",
      "read_ios" : 100880,
      "write_ios" : 0,
      "read_sectors" : 3228160,
      "write_sectors" : 0,
      "read_merges" : 0,
      "write_merges" : 0,
      "read_ticks" : 19371,
      "write_ticks" : 0,
      "in_queue" : 19371,
      "util" : 98.039216
    }
  ]
}
