{
  "fio version" : "fio-3.42-31-g6a66",
  "timestamp" : 1781281621,
  "timestamp_ms" : 1781281621240,
  "time" : "Fri Jun 12 16:27:01 2026",
  "jobs" : [
    {
      "jobname" : "sequentialread_256k_1",
      "groupid" : 0,
      "job_start" : 1781281616091,
      "error" : 0,
      "eta" : 0,
      "elapsed" : 6,
      "job options" : {
        "name" : "sequentialread_256k_1",
        "filename" : "/dev/nvme2n1",
        "ioengine" : "io_uring",
        "direct" : "1",
        "group_reporting" : "",
        "rw" : "read",
        "bs" : "256k",
        "iodepth" : "1",
        "size" : "3G",
        "time_based" : "",
        "runtime" : "5"
      },
      "read" : {
        "io_bytes" : 1292107776,
        "io_kbytes" : 1261824,
        "bw_bytes" : 258318227,
        "bw" : 252263,
        "iops" : 985.405838,
        "runtime" : 5002,
        "total_ios" : 4929,
        "short_ios" : 0,
        "drop_ios" : 0,
        "slat_ns" : {
          "min" : 3230,
          "max" : 45998,
          "mean" : 6879.142828,
          "stddev" : 5652.833954,
          "N" : 4929
        },
        "clat_ns" : {
          "min" : 155278,
          "max" : 3196198,
          "mean" : 1007344.701156,
          "stddev" : 985535.292128,
          "N" : 4929,
          "percentile" : {
            "1.000000" : 154624,
            "5.000000" : 154624,
            "10.000000" : 156672,
            "20.000000" : 156672,
            "30.000000" : 160768,
            "40.000000" : 168960,
            "50.000000" : 634880,
            "60.000000" : 921600,
            "70.000000" : 1449984,
            "80.000000" : 2088960,
            "90.000000" : 2703360,
            "95.000000" : 2867200,
            "99.000000" : 3096576,
            "99.500000" : 3096576,
            "99.900000" : 3162112,
            "99.950000" : 3162112,
            "99.990000" : 3194880
          }
        },
        "lat_ns" : {
          "min" : 158675,
          "max" : 3199711,
          "mean" : 1014223.843985,
          "stddev" : 987861.862370,
          "N" : 4929
        },
        "bw_min" : 221696,
        "bw_max" : 287744,
        "bw_agg" : 100.000000,
        "bw_mean" : 252364.800000,
        "bw_dev" : 21785.852355,
        "bw_samples" : 10,
        "iops_min" : 866,
        "iops_max" : 1124,
        "iops_mean" : 985.800000,
        "iops_stddev" : 85.100986,
        "iops_samples" : 10
      },
      "write" : {
        "io_bytes" : 0,
        "io_kbytes" : 0,
        "bw_bytes" : 0,
        "bw" : 0,
        "iops" : 0.000000,
        "runtime" : 0,
        "total_ios" : 0,
        "short_ios" : 0,
        "drop_ios" : 0,
        "slat_ns" : {
          "min" : 0,
          "max" : 0,
          "mean" : 0.000000,
          "stddev" : 0.000000,
          "N" : 0
        },
        "clat_ns" : {
          "min" : 0,
          "max" : 0,
          "mean" : 0.000000,
          "stddev" : 0.000000,
          "N" : 0
        },
        "lat_ns" : {
          "min" : 0,
          "max" : 0,
          "mean" : 0.000000,
          "stddev" : 0.000000,
          "N" : 0
        },
        "bw_min" : 0,
        "bw_max" : 0,
        "bw_agg" : 0.000000,
        "bw_mean" : 0.000000,
        "bw_dev" : 0.000000,
        "bw_samples" : 0,
        "iops_min" : 0,
        "iops_max" : 0,
        "iops_mean" : 0.000000,
        "iops_stddev" : 0.000000,
        "iops_samples" : 0
      },
      "trim" : {
        "io_bytes" : 0,
        "io_kbytes" : 0,
        "bw_bytes" : 0,
        "bw" : 0,
        "iops" : 0.000000,
        "runtime" : 0,
        "total_ios" : 0,
        "short_ios" : 0,
        "drop_ios" : 0,
        "slat_ns" : {
          "min" : 0,
          "max" : 0,
          "mean" : 0.000000,
          "stddev" : 0.000000,
          "N" : 0
        },
        "clat_ns" : {
          "min" : 0,
          "max" : 0,
          "mean" : 0.000000,
          "stddev" : 0.000000,
          "N" : 0
        },
        "lat_ns" : {
          "min" : 0,
          "max" : 0,
          "mean" : 0.000000,
          "stddev" : 0.000000,
          "N" : 0
        },
        "bw_min" : 0,
        "bw_max" : 0,
        "bw_agg" : 0.000000,
        "bw_mean" : 0.000000,
        "bw_dev" : 0.000000,
        "bw_samples" : 0,
        "iops_min" : 0,
        "iops_max" : 0,
        "iops_mean" : 0.000000,
        "iops_stddev" : 0.000000,
        "iops_samples" : 0
      },
      "sync" : {
        "total_ios" : 0,
        "lat_ns" : {
          "min" : 0,
          "max" : 0,
          "mean" : 0.000000,
          "stddev" : 0.000000,
          "N" : 0
        }
      },
      "job_runtime" : 5001,
      "usr_cpu" : 0.119976,
      "sys_cpu" : 1.119776,
      "ctx" : 4929,
      "majf" : 0,
      "minf" : 73,
      "iodepth_level" : {
        "1" : 100.000000,
        "2" : 0.000000,
        "4" : 0.000000,
        "8" : 0.000000,
        "16" : 0.000000,
        "32" : 0.000000,
        ">=64" : 0.000000
      },
      "iodepth_submit" : {
        "0" : 0.000000,
        "4" : 100.000000,
        "8" : 0.000000,
        "16" : 0.000000,
        "32" : 0.000000,
        "64" : 0.000000,
        ">=64" : 0.000000
      },
      "iodepth_complete" : {
        "0" : 0.000000,
        "4" : 100.000000,
        "8" : 0.000000,
        "16" : 0.000000,
        "32" : 0.000000,
        "64" : 0.000000,
        ">=64" : 0.000000
      },
      "latency_ns" : {
        "2" : 0.000000,
        "4" : 0.000000,
        "10" : 0.000000,
        "20" : 0.000000,
        "50" : 0.000000,
        "100" : 0.000000,
        "250" : 0.000000,
        "500" : 0.000000,
        "750" : 0.000000,
        "1000" : 0.000000
      },
      "latency_us" : {
        "2" : 0.000000,
        "4" : 0.000000,
        "10" : 0.000000,
        "20" : 0.000000,
        "50" : 0.000000,
        "100" : 0.000000,
        "250" : 43.051329,
        "500" : 3.550416,
        "750" : 8.460134,
        "1000" : 6.634206
      },
      "latency_ms" : {
        "2" : 16.555082,
        "4" : 21.748833,
        "10" : 0.000000,
        "20" : 0.000000,
        "50" : 0.000000,
        "100" : 0.000000,
        "250" : 0.000000,
        "500" : 0.000000,
        "750" : 0.000000,
        "1000" : 0.000000,
        "2000" : 0.000000,
        ">=2000" : 0.000000
      },
      "latency_depth" : 1,
      "latency_target" : 0,
      "latency_target_ns" : 0,
      "latency_percentile" : 100.000000,
      "latency_window" : 0,
      "latency_window_us" : 0
    }
  ],
  "disk_util" : [
    {
      "name" : "nvme2n1",
      "read_ios" : 4817,
      "write_ios" : 0,
      "read_sectors" : 2466304,
      "write_sectors" : 0,
      "read_merges" : 0,
      "write_merges" : 0,
      "read_ticks" : 4850,
      "write_ticks" : 0,
      "in_queue" : 4850,
      "util" : 98.078463
    }
  ]
}
