{
  "fio version" : "fio-3.42-31-g6a66",
  "timestamp" : 1781281632,
  "timestamp_ms" : 1781281632013,
  "time" : "Fri Jun 12 16:27:12 2026",
  "jobs" : [
    {
      "jobname" : "sequentialread_256k_4",
      "groupid" : 0,
      "job_start" : 1781281626864,
      "error" : 0,
      "eta" : 0,
      "elapsed" : 6,
      "job options" : {
        "name" : "sequentialread_256k_4",
        "filename" : "/dev/nvme2n1",
        "ioengine" : "io_uring",
        "direct" : "1",
        "group_reporting" : "",
        "rw" : "read",
        "bs" : "256k",
        "iodepth" : "4",
        "size" : "3G",
        "time_based" : "",
        "runtime" : "5"
      },
      "read" : {
        "io_bytes" : 2849505280,
        "io_kbytes" : 2782720,
        "bw_bytes" : 569445499,
        "bw" : 556099,
        "iops" : 2172.262190,
        "runtime" : 5004,
        "total_ios" : 10870,
        "short_ios" : 0,
        "drop_ios" : 0,
        "slat_ns" : {
          "min" : 3125,
          "max" : 42106,
          "mean" : 4719.475529,
          "stddev" : 3781.205823,
          "N" : 10870
        },
        "clat_ns" : {
          "min" : 155201,
          "max" : 6328112,
          "mean" : 1835704.351702,
          "stddev" : 1346809.443140,
          "N" : 10870,
          "percentile" : {
            "1.000000" : 158720,
            "5.000000" : 175104,
            "10.000000" : 230400,
            "20.000000" : 292864,
            "30.000000" : 561152,
            "40.000000" : 1204224,
            "50.000000" : 1810432,
            "60.000000" : 2408448,
            "70.000000" : 2834432,
            "80.000000" : 3129344,
            "90.000000" : 3620864,
            "95.000000" : 4014080,
            "99.000000" : 4620288,
            "99.500000" : 4882432,
            "99.900000" : 5210112,
            "99.950000" : 5341184,
            "99.990000" : 5799936
          }
        },
        "lat_ns" : {
          "min" : 158562,
          "max" : 6331541,
          "mean" : 1840423.827231,
          "stddev" : 1347019.147337,
          "N" : 10870
        },
        "bw_min" : 493568,
        "bw_max" : 659456,
        "bw_agg" : 100.000000,
        "bw_mean" : 556544.000000,
        "bw_dev" : 55622.149257,
        "bw_samples" : 10,
        "iops_min" : 1928,
        "iops_max" : 2576,
        "iops_mean" : 2174.000000,
        "iops_stddev" : 217.274021,
        "iops_samples" : 10
      },
      "write" : {
        "io_bytes" : 0,
        "io_kbytes" : 0,
        "bw_bytes" : 0,
        "bw" : 0,
        "iops" : 0.000000,
        "runtime" : 0,
        "total_ios" : 0,
        "short_ios" : 0,
        "drop_ios" : 0,
        "slat_ns" : {
          "min" : 0,
          "max" : 0,
          "mean" : 0.000000,
          "stddev" : 0.000000,
          "N" : 0
        },
        "clat_ns" : {
          "min" : 0,
          "max" : 0,
          "mean" : 0.000000,
          "stddev" : 0.000000,
          "N" : 0
        },
        "lat_ns" : {
          "min" : 0,
          "max" : 0,
          "mean" : 0.000000,
          "stddev" : 0.000000,
          "N" : 0
        },
        "bw_min" : 0,
        "bw_max" : 0,
        "bw_agg" : 0.000000,
        "bw_mean" : 0.000000,
        "bw_dev" : 0.000000,
        "bw_samples" : 0,
        "iops_min" : 0,
        "iops_max" : 0,
        "iops_mean" : 0.000000,
        "iops_stddev" : 0.000000,
        "iops_samples" : 0
      },
      "trim" : {
        "io_bytes" : 0,
        "io_kbytes" : 0,
        "bw_bytes" : 0,
        "bw" : 0,
        "iops" : 0.000000,
        "runtime" : 0,
        "total_ios" : 0,
        "short_ios" : 0,
        "drop_ios" : 0,
        "slat_ns" : {
          "min" : 0,
          "max" : 0,
          "mean" : 0.000000,
          "stddev" : 0.000000,
          "N" : 0
        },
        "clat_ns" : {
          "min" : 0,
          "max" : 0,
          "mean" : 0.000000,
          "stddev" : 0.000000,
          "N" : 0
        },
        "lat_ns" : {
          "min" : 0,
          "max" : 0,
          "mean" : 0.000000,
          "stddev" : 0.000000,
          "N" : 0
        },
        "bw_min" : 0,
        "bw_max" : 0,
        "bw_agg" : 0.000000,
        "bw_mean" : 0.000000,
        "bw_dev" : 0.000000,
        "bw_samples" : 0,
        "iops_min" : 0,
        "iops_max" : 0,
        "iops_mean" : 0.000000,
        "iops_stddev" : 0.000000,
        "iops_samples" : 0
      },
      "sync" : {
        "total_ios" : 0,
        "lat_ns" : {
          "min" : 0,
          "max" : 0,
          "mean" : 0.000000,
          "stddev" : 0.000000,
          "N" : 0
        }
      },
      "job_runtime" : 5003,
      "usr_cpu" : 0.159904,
      "sys_cpu" : 1.678993,
      "ctx" : 10496,
      "majf" : 0,
      "minf" : 263,
      "iodepth_level" : {
        "1" : 0.100000,
        "2" : 0.100000,
        "4" : 99.972401,
        "8" : 0.000000,
        "16" : 0.000000,
        "32" : 0.000000,
        ">=64" : 0.000000
      },
      "iodepth_submit" : {
        "0" : 0.000000,
        "4" : 100.000000,
        "8" : 0.000000,
        "16" : 0.000000,
        "32" : 0.000000,
        "64" : 0.000000,
        ">=64" : 0.000000
      },
      "iodepth_complete" : {
        "0" : 0.000000,
        "4" : 100.000000,
        "8" : 0.000000,
        "16" : 0.000000,
        "32" : 0.000000,
        "64" : 0.000000,
        ">=64" : 0.000000
      },
      "latency_ns" : {
        "2" : 0.000000,
        "4" : 0.000000,
        "10" : 0.000000,
        "20" : 0.000000,
        "50" : 0.000000,
        "100" : 0.000000,
        "250" : 0.000000,
        "500" : 0.000000,
        "750" : 0.000000,
        "1000" : 0.000000
      },
      "latency_us" : {
        "2" : 0.000000,
        "4" : 0.000000,
        "10" : 0.000000,
        "20" : 0.000000,
        "50" : 0.000000,
        "100" : 0.000000,
        "250" : 12.861086,
        "500" : 16.292548,
        "750" : 3.845446,
        "1000" : 4.415823
      },
      "latency_ms" : {
        "2" : 15.151794,
        "4" : 42.345906,
        "10" : 5.087397,
        "20" : 0.000000,
        "50" : 0.000000,
        "100" : 0.000000,
        "250" : 0.000000,
        "500" : 0.000000,
        "750" : 0.000000,
        "1000" : 0.000000,
        "2000" : 0.000000,
        ">=2000" : 0.000000
      },
      "latency_depth" : 4,
      "latency_target" : 0,
      "latency_target_ns" : 0,
      "latency_percentile" : 100.000000,
      "latency_window" : 0,
      "latency_window_us" : 0
    }
  ],
  "disk_util" : [
    {
      "name" : "nvme2n1",
      "read_ios" : 10671,
      "write_ios" : 0,
      "read_sectors" : 5463552,
      "write_sectors" : 0,
      "read_merges" : 0,
      "write_merges" : 0,
      "read_ticks" : 19515,
      "write_ticks" : 0,
      "in_queue" : 19514,
      "util" : 98.158527
    }
  ]
}
