{
  "fio version" : "fio-3.42-31-g6a66",
  "timestamp" : 1781281642,
  "timestamp_ms" : 1781281642784,
  "time" : "Fri Jun 12 16:27:22 2026",
  "jobs" : [
    {
      "jobname" : "sequentialread_256k_16",
      "groupid" : 0,
      "job_start" : 1781281637636,
      "error" : 0,
      "eta" : 0,
      "elapsed" : 6,
      "job options" : {
        "name" : "sequentialread_256k_16",
        "filename" : "/dev/nvme2n1",
        "ioengine" : "io_uring",
        "direct" : "1",
        "group_reporting" : "",
        "rw" : "read",
        "bs" : "256k",
        "iodepth" : "16",
        "size" : "3G",
        "time_based" : "",
        "runtime" : "5"
      },
      "read" : {
        "io_bytes" : 3749445632,
        "io_kbytes" : 3661568,
        "bw_bytes" : 748990337,
        "bw" : 731435,
        "iops" : 2857.171394,
        "runtime" : 5006,
        "total_ios" : 14303,
        "short_ios" : 0,
        "drop_ios" : 0,
        "slat_ns" : {
          "min" : 3124,
          "max" : 42221,
          "mean" : 4172.163113,
          "stddev" : 2908.506466,
          "N" : 14303
        },
        "clat_ns" : {
          "min" : 188530,
          "max" : 14069853,
          "mean" : 5594207.887646,
          "stddev" : 2600728.850594,
          "N" : 14303,
          "percentile" : {
            "1.000000" : 618496,
            "5.000000" : 1384448,
            "10.000000" : 2211840,
            "20.000000" : 3358720,
            "30.000000" : 4145152,
            "40.000000" : 4751360,
            "50.000000" : 5472256,
            "60.000000" : 6127616,
            "70.000000" : 6914048,
            "80.000000" : 7766016,
            "90.000000" : 9109504,
            "95.000000" : 10158080,
            "99.000000" : 12124160,
            "99.500000" : 12779520,
            "99.900000" : 13172736,
            "99.950000" : 13565952,
            "99.990000" : 14090240
          }
        },
        "lat_ns" : {
          "min" : 192156,
          "max" : 14073404,
          "mean" : 5598380.050759,
          "stddev" : 2600804.239512,
          "N" : 14303
        },
        "bw_min" : 631296,
        "bw_max" : 888832,
        "bw_agg" : 100.000000,
        "bw_mean" : 731545.600000,
        "bw_dev" : 77323.414610,
        "bw_samples" : 10,
        "iops_min" : 2466,
        "iops_max" : 3472,
        "iops_mean" : 2857.600000,
        "iops_stddev" : 302.044588,
        "iops_samples" : 10
      },
      "write" : {
        "io_bytes" : 0,
        "io_kbytes" : 0,
        "bw_bytes" : 0,
        "bw" : 0,
        "iops" : 0.000000,
        "runtime" : 0,
        "total_ios" : 0,
        "short_ios" : 0,
        "drop_ios" : 0,
        "slat_ns" : {
          "min" : 0,
          "max" : 0,
          "mean" : 0.000000,
          "stddev" : 0.000000,
          "N" : 0
        },
        "clat_ns" : {
          "min" : 0,
          "max" : 0,
          "mean" : 0.000000,
          "stddev" : 0.000000,
          "N" : 0
        },
        "lat_ns" : {
          "min" : 0,
          "max" : 0,
          "mean" : 0.000000,
          "stddev" : 0.000000,
          "N" : 0
        },
        "bw_min" : 0,
        "bw_max" : 0,
        "bw_agg" : 0.000000,
        "bw_mean" : 0.000000,
        "bw_dev" : 0.000000,
        "bw_samples" : 0,
        "iops_min" : 0,
        "iops_max" : 0,
        "iops_mean" : 0.000000,
        "iops_stddev" : 0.000000,
        "iops_samples" : 0
      },
      "trim" : {
        "io_bytes" : 0,
        "io_kbytes" : 0,
        "bw_bytes" : 0,
        "bw" : 0,
        "iops" : 0.000000,
        "runtime" : 0,
        "total_ios" : 0,
        "short_ios" : 0,
        "drop_ios" : 0,
        "slat_ns" : {
          "min" : 0,
          "max" : 0,
          "mean" : 0.000000,
          "stddev" : 0.000000,
          "N" : 0
        },
        "clat_ns" : {
          "min" : 0,
          "max" : 0,
          "mean" : 0.000000,
          "stddev" : 0.000000,
          "N" : 0
        },
        "lat_ns" : {
          "min" : 0,
          "max" : 0,
          "mean" : 0.000000,
          "stddev" : 0.000000,
          "N" : 0
        },
        "bw_min" : 0,
        "bw_max" : 0,
        "bw_agg" : 0.000000,
        "bw_mean" : 0.000000,
        "bw_dev" : 0.000000,
        "bw_samples" : 0,
        "iops_min" : 0,
        "iops_max" : 0,
        "iops_mean" : 0.000000,
        "iops_stddev" : 0.000000,
        "iops_samples" : 0
      },
      "sync" : {
        "total_ios" : 0,
        "lat_ns" : {
          "min" : 0,
          "max" : 0,
          "mean" : 0.000000,
          "stddev" : 0.000000,
          "N" : 0
        }
      },
      "job_runtime" : 5005,
      "usr_cpu" : 0.199800,
      "sys_cpu" : 1.958042,
      "ctx" : 13601,
      "majf" : 0,
      "minf" : 1032,
      "iodepth_level" : {
        "1" : 0.100000,
        "2" : 0.100000,
        "4" : 0.100000,
        "8" : 0.100000,
        "16" : 99.895127,
        "32" : 0.000000,
        ">=64" : 0.000000
      },
      "iodepth_submit" : {
        "0" : 0.000000,
        "4" : 100.000000,
        "8" : 0.000000,
        "16" : 0.000000,
        "32" : 0.000000,
        "64" : 0.000000,
        ">=64" : 0.000000
      },
      "iodepth_complete" : {
        "0" : 0.000000,
        "4" : 99.993002,
        "8" : 0.000000,
        "16" : 0.100000,
        "32" : 0.000000,
        "64" : 0.000000,
        ">=64" : 0.000000
      },
      "latency_ns" : {
        "2" : 0.000000,
        "4" : 0.000000,
        "10" : 0.000000,
        "20" : 0.000000,
        "50" : 0.000000,
        "100" : 0.000000,
        "250" : 0.000000,
        "500" : 0.000000,
        "750" : 0.000000,
        "1000" : 0.000000
      },
      "latency_us" : {
        "2" : 0.000000,
        "4" : 0.000000,
        "10" : 0.000000,
        "20" : 0.000000,
        "50" : 0.000000,
        "100" : 0.000000,
        "250" : 0.048941,
        "500" : 0.412501,
        "750" : 2.090471,
        "1000" : 0.985807
      },
      "latency_ms" : {
        "2" : 4.838146,
        "4" : 19.946864,
        "10" : 66.188911,
        "20" : 5.488359,
        "50" : 0.000000,
        "100" : 0.000000,
        "250" : 0.000000,
        "500" : 0.000000,
        "750" : 0.000000,
        "1000" : 0.000000,
        "2000" : 0.000000,
        ">=2000" : 0.000000
      },
      "latency_depth" : 16,
      "latency_target" : 0,
      "latency_target_ns" : 0,
      "latency_percentile" : 100.000000,
      "latency_window" : 0,
      "latency_window_us" : 0
    }
  ],
  "disk_util" : [
    {
      "name" : "nvme2n1",
      "read_ios" : 13979,
      "write_ios" : 0,
      "read_sectors" : 7157248,
      "write_sectors" : 0,
      "read_merges" : 0,
      "write_merges" : 0,
      "read_ticks" : 78241,
      "write_ticks" : 0,
      "in_queue" : 78240,
      "util" : 98.078463
    }
  ]
}
