{
  "fio version" : "fio-3.36",
  "timestamp" : 1781330962,
  "timestamp_ms" : 1781330962884,
  "time" : "Sat Jun 13 06:09:22 2026",
  "jobs" : [
    {
      "jobname" : "sequentialread_256k_4",
      "groupid" : 0,
      "job_start" : 1781330957864,
      "error" : 0,
      "eta" : 0,
      "elapsed" : 6,
      "job options" : {
        "name" : "sequentialread_256k_4",
        "filename" : "/dev/nvme3n1",
        "ioengine" : "io_uring",
        "direct" : "1",
        "rw" : "read",
        "bs" : "256k",
        "iodepth" : "4",
        "size" : "3G",
        "runtime" : "5"
      },
      "read" : {
        "io_bytes" : 2789736448,
        "io_kbytes" : 2724352,
        "bw_bytes" : 557724199,
        "bw" : 544652,
        "iops" : 2127.548980,
        "runtime" : 5002,
        "total_ios" : 10642,
        "short_ios" : 0,
        "drop_ios" : 0,
        "slat_ns" : {
          "min" : 3799,
          "max" : 41019,
          "mean" : 5521.264142,
          "stddev" : 4343.599579,
          "N" : 10642
        },
        "clat_ns" : {
          "min" : 152356,
          "max" : 5489002,
          "mean" : 1873974.841665,
          "stddev" : 1380166.601042,
          "N" : 10642,
          "percentile" : {
            "1.000000" : 154624,
            "5.000000" : 175104,
            "10.000000" : 226304,
            "20.000000" : 292864,
            "30.000000" : 561152,
            "40.000000" : 1220608,
            "50.000000" : 1892352,
            "60.000000" : 2441216,
            "70.000000" : 2867200,
            "80.000000" : 3194880,
            "90.000000" : 3686400,
            "95.000000" : 4112384,
            "99.000000" : 4751360,
            "99.500000" : 4947968,
            "99.900000" : 5341184,
            "99.950000" : 5341184,
            "99.990000" : 5406720
          }
        },
        "lat_ns" : {
          "min" : 157319,
          "max" : 5493095,
          "mean" : 1879496.105807,
          "stddev" : 1380312.120799,
          "N" : 10642
        },
        "bw_min" : 480768,
        "bw_max" : 613376,
        "bw_agg" : 100.000000,
        "bw_mean" : 546133.333333,
        "bw_dev" : 45707.292722,
        "bw_samples" : 9,
        "iops_min" : 1878,
        "iops_max" : 2396,
        "iops_mean" : 2133.333333,
        "iops_stddev" : 178.544112,
        "iops_samples" : 9
      },
      "write" : {
        "io_bytes" : 0,
        "io_kbytes" : 0,
        "bw_bytes" : 0,
        "bw" : 0,
        "iops" : 0.000000,
        "runtime" : 0,
        "total_ios" : 0,
        "short_ios" : 0,
        "drop_ios" : 0,
        "slat_ns" : {
          "min" : 0,
          "max" : 0,
          "mean" : 0.000000,
          "stddev" : 0.000000,
          "N" : 0
        },
        "clat_ns" : {
          "min" : 0,
          "max" : 0,
          "mean" : 0.000000,
          "stddev" : 0.000000,
          "N" : 0
        },
        "lat_ns" : {
          "min" : 0,
          "max" : 0,
          "mean" : 0.000000,
          "stddev" : 0.000000,
          "N" : 0
        },
        "bw_min" : 0,
        "bw_max" : 0,
        "bw_agg" : 0.000000,
        "bw_mean" : 0.000000,
        "bw_dev" : 0.000000,
        "bw_samples" : 0,
        "iops_min" : 0,
        "iops_max" : 0,
        "iops_mean" : 0.000000,
        "iops_stddev" : 0.000000,
        "iops_samples" : 0
      },
      "trim" : {
        "io_bytes" : 0,
        "io_kbytes" : 0,
        "bw_bytes" : 0,
        "bw" : 0,
        "iops" : 0.000000,
        "runtime" : 0,
        "total_ios" : 0,
        "short_ios" : 0,
        "drop_ios" : 0,
        "slat_ns" : {
          "min" : 0,
          "max" : 0,
          "mean" : 0.000000,
          "stddev" : 0.000000,
          "N" : 0
        },
        "clat_ns" : {
          "min" : 0,
          "max" : 0,
          "mean" : 0.000000,
          "stddev" : 0.000000,
          "N" : 0
        },
        "lat_ns" : {
          "min" : 0,
          "max" : 0,
          "mean" : 0.000000,
          "stddev" : 0.000000,
          "N" : 0
        },
        "bw_min" : 0,
        "bw_max" : 0,
        "bw_agg" : 0.000000,
        "bw_mean" : 0.000000,
        "bw_dev" : 0.000000,
        "bw_samples" : 0,
        "iops_min" : 0,
        "iops_max" : 0,
        "iops_mean" : 0.000000,
        "iops_stddev" : 0.000000,
        "iops_samples" : 0
      },
      "sync" : {
        "total_ios" : 0,
        "lat_ns" : {
          "min" : 0,
          "max" : 0,
          "mean" : 0.000000,
          "stddev" : 0.000000,
          "N" : 0
        }
      },
      "job_runtime" : 5001,
      "usr_cpu" : 0.000000,
      "sys_cpu" : 1.659668,
      "ctx" : 10409,
      "majf" : 0,
      "minf" : 265,
      "iodepth_level" : {
        "1" : 0.100000,
        "2" : 0.100000,
        "4" : 99.971810,
        "8" : 0.000000,
        "16" : 0.000000,
        "32" : 0.000000,
        ">=64" : 0.000000
      },
      "iodepth_submit" : {
        "0" : 0.000000,
        "4" : 100.000000,
        "8" : 0.000000,
        "16" : 0.000000,
        "32" : 0.000000,
        "64" : 0.000000,
        ">=64" : 0.000000
      },
      "iodepth_complete" : {
        "0" : 0.000000,
        "4" : 100.000000,
        "8" : 0.000000,
        "16" : 0.000000,
        "32" : 0.000000,
        "64" : 0.000000,
        ">=64" : 0.000000
      },
      "latency_ns" : {
        "2" : 0.000000,
        "4" : 0.000000,
        "10" : 0.000000,
        "20" : 0.000000,
        "50" : 0.000000,
        "100" : 0.000000,
        "250" : 0.000000,
        "500" : 0.000000,
        "750" : 0.000000,
        "1000" : 0.000000
      },
      "latency_us" : {
        "2" : 0.000000,
        "4" : 0.000000,
        "10" : 0.000000,
        "20" : 0.000000,
        "50" : 0.000000,
        "100" : 0.000000,
        "250" : 13.446721,
        "500" : 15.955647,
        "750" : 3.570757,
        "1000" : 4.303702
      },
      "latency_ms" : {
        "2" : 14.104492,
        "4" : 42.529600,
        "10" : 6.089081,
        "20" : 0.000000,
        "50" : 0.000000,
        "100" : 0.000000,
        "250" : 0.000000,
        "500" : 0.000000,
        "750" : 0.000000,
        "1000" : 0.000000,
        "2000" : 0.000000,
        ">=2000" : 0.000000
      },
      "latency_depth" : 4,
      "latency_target" : 0,
      "latency_percentile" : 100.000000,
      "latency_window" : 0
    }
  ],
  "disk_util" : [
    {
      "name" : "nvme3n1",
      "read_ios" : 10433,
      "write_ios" : 0,
      "read_sectors" : 5341696,
      "write_sectors" : 0,
      "read_merges" : 0,
      "write_merges" : 0,
      "read_ticks" : 19531,
      "write_ticks" : 0,
      "in_queue" : 19531,
      "util" : 98.119248
    }
  ]
}
