{
  "fio version" : "fio-3.36",
  "timestamp" : 1781330983,
  "timestamp_ms" : 1781330983978,
  "time" : "Sat Jun 13 06:09:43 2026",
  "jobs" : [
    {
      "jobname" : "sequentialread_256k_64",
      "groupid" : 0,
      "job_start" : 1781330978939,
      "error" : 0,
      "eta" : 0,
      "elapsed" : 6,
      "job options" : {
        "name" : "sequentialread_256k_64",
        "filename" : "/dev/nvme3n1",
        "ioengine" : "io_uring",
        "direct" : "1",
        "rw" : "read",
        "bs" : "256k",
        "iodepth" : "64",
        "size" : "3G",
        "runtime" : "5"
      },
      "read" : {
        "io_bytes" : 4216324096,
        "io_kbytes" : 4117504,
        "bw_bytes" : 838568833,
        "bw" : 818914,
        "iops" : 3198.886237,
        "runtime" : 5028,
        "total_ios" : 16084,
        "short_ios" : 0,
        "drop_ios" : 0,
        "slat_ns" : {
          "min" : 3634,
          "max" : 143330,
          "mean" : 5635.384295,
          "stddev" : 3751.321932,
          "N" : 16084
        },
        "clat_ns" : {
          "min" : 2150668,
          "max" : 43640694,
          "mean" : 19994250.480913,
          "stddev" : 6514432.181052,
          "N" : 16084,
          "percentile" : {
            "1.000000" : 8028160,
            "5.000000" : 10158080,
            "10.000000" : 11993088,
            "20.000000" : 14221312,
            "30.000000" : 16187392,
            "40.000000" : 17956864,
            "50.000000" : 19529728,
            "60.000000" : 21102592,
            "70.000000" : 22937600,
            "80.000000" : 25034752,
            "90.000000" : 28180480,
            "95.000000" : 31850496,
            "99.000000" : 38010880,
            "99.500000" : 40632320,
            "99.900000" : 42729472,
            "99.950000" : 43253760,
            "99.990000" : 43778048
          }
        },
        "lat_ns" : {
          "min" : 2195857,
          "max" : 43645085,
          "mean" : 19999885.865208,
          "stddev" : 6514442.510117,
          "N" : 16084
        },
        "bw_min" : 714240,
        "bw_max" : 1075712,
        "bw_agg" : 100.000000,
        "bw_mean" : 820275.200000,
        "bw_dev" : 103900.389302,
        "bw_samples" : 10,
        "iops_min" : 2790,
        "iops_max" : 4202,
        "iops_mean" : 3204.200000,
        "iops_stddev" : 405.860896,
        "iops_samples" : 10
      },
      "write" : {
        "io_bytes" : 0,
        "io_kbytes" : 0,
        "bw_bytes" : 0,
        "bw" : 0,
        "iops" : 0.000000,
        "runtime" : 0,
        "total_ios" : 0,
        "short_ios" : 0,
        "drop_ios" : 0,
        "slat_ns" : {
          "min" : 0,
          "max" : 0,
          "mean" : 0.000000,
          "stddev" : 0.000000,
          "N" : 0
        },
        "clat_ns" : {
          "min" : 0,
          "max" : 0,
          "mean" : 0.000000,
          "stddev" : 0.000000,
          "N" : 0
        },
        "lat_ns" : {
          "min" : 0,
          "max" : 0,
          "mean" : 0.000000,
          "stddev" : 0.000000,
          "N" : 0
        },
        "bw_min" : 0,
        "bw_max" : 0,
        "bw_agg" : 0.000000,
        "bw_mean" : 0.000000,
        "bw_dev" : 0.000000,
        "bw_samples" : 0,
        "iops_min" : 0,
        "iops_max" : 0,
        "iops_mean" : 0.000000,
        "iops_stddev" : 0.000000,
        "iops_samples" : 0
      },
      "trim" : {
        "io_bytes" : 0,
        "io_kbytes" : 0,
        "bw_bytes" : 0,
        "bw" : 0,
        "iops" : 0.000000,
        "runtime" : 0,
        "total_ios" : 0,
        "short_ios" : 0,
        "drop_ios" : 0,
        "slat_ns" : {
          "min" : 0,
          "max" : 0,
          "mean" : 0.000000,
          "stddev" : 0.000000,
          "N" : 0
        },
        "clat_ns" : {
          "min" : 0,
          "max" : 0,
          "mean" : 0.000000,
          "stddev" : 0.000000,
          "N" : 0
        },
        "lat_ns" : {
          "min" : 0,
          "max" : 0,
          "mean" : 0.000000,
          "stddev" : 0.000000,
          "N" : 0
        },
        "bw_min" : 0,
        "bw_max" : 0,
        "bw_agg" : 0.000000,
        "bw_mean" : 0.000000,
        "bw_dev" : 0.000000,
        "bw_samples" : 0,
        "iops_min" : 0,
        "iops_max" : 0,
        "iops_mean" : 0.000000,
        "iops_stddev" : 0.000000,
        "iops_samples" : 0
      },
      "sync" : {
        "total_ios" : 0,
        "lat_ns" : {
          "min" : 0,
          "max" : 0,
          "mean" : 0.000000,
          "stddev" : 0.000000,
          "N" : 0
        }
      },
      "job_runtime" : 5027,
      "usr_cpu" : 0.318281,
      "sys_cpu" : 2.108613,
      "ctx" : 15265,
      "majf" : 0,
      "minf" : 4105,
      "iodepth_level" : {
        "1" : 0.100000,
        "2" : 0.100000,
        "4" : 0.100000,
        "8" : 0.100000,
        "16" : 0.100000,
        "32" : 0.198955,
        ">=64" : 99.608306
      },
      "iodepth_submit" : {
        "0" : 0.000000,
        "4" : 100.000000,
        "8" : 0.000000,
        "16" : 0.000000,
        "32" : 0.000000,
        "64" : 0.000000,
        ">=64" : 0.000000
      },
      "iodepth_complete" : {
        "0" : 0.000000,
        "4" : 99.993759,
        "8" : 0.000000,
        "16" : 0.000000,
        "32" : 0.000000,
        "64" : 0.100000,
        ">=64" : 0.000000
      },
      "latency_ns" : {
        "2" : 0.000000,
        "4" : 0.000000,
        "10" : 0.000000,
        "20" : 0.000000,
        "50" : 0.000000,
        "100" : 0.000000,
        "250" : 0.000000,
        "500" : 0.000000,
        "750" : 0.000000,
        "1000" : 0.000000
      },
      "latency_us" : {
        "2" : 0.000000,
        "4" : 0.000000,
        "10" : 0.000000,
        "20" : 0.000000,
        "50" : 0.000000,
        "100" : 0.000000,
        "250" : 0.000000,
        "500" : 0.000000,
        "750" : 0.000000,
        "1000" : 0.000000
      },
      "latency_ms" : {
        "2" : 0.000000,
        "4" : 0.018652,
        "10" : 4.731410,
        "20" : 47.973141,
        "50" : 47.276797,
        "100" : 0.000000,
        "250" : 0.000000,
        "500" : 0.000000,
        "750" : 0.000000,
        "1000" : 0.000000,
        "2000" : 0.000000,
        ">=2000" : 0.000000
      },
      "latency_depth" : 64,
      "latency_target" : 0,
      "latency_percentile" : 100.000000,
      "latency_window" : 0
    }
  ],
  "disk_util" : [
    {
      "name" : "nvme3n1",
      "read_ios" : 15688,
      "write_ios" : 0,
      "read_sectors" : 8032256,
      "write_sectors" : 0,
      "read_merges" : 0,
      "write_merges" : 0,
      "read_ticks" : 312546,
      "write_ticks" : 0,
      "in_queue" : 312546,
      "util" : 98.058835
    }
  ]
}
