{
  "fio version" : "fio-3.36",
  "timestamp" : 1781330994,
  "timestamp_ms" : 1781330994627,
  "time" : "Sat Jun 13 06:09:54 2026",
  "jobs" : [
    {
      "jobname" : "sequentialread_256k_256",
      "groupid" : 0,
      "job_start" : 1781330989518,
      "error" : 0,
      "eta" : 0,
      "elapsed" : 6,
      "job options" : {
        "name" : "sequentialread_256k_256",
        "filename" : "/dev/nvme3n1",
        "ioengine" : "io_uring",
        "direct" : "1",
        "rw" : "read",
        "bs" : "256k",
        "iodepth" : "256",
        "size" : "3G",
        "runtime" : "5"
      },
      "read" : {
        "io_bytes" : 4566810624,
        "io_kbytes" : 4459776,
        "bw_bytes" : 896507778,
        "bw" : 875495,
        "iops" : 3419.905771,
        "runtime" : 5094,
        "total_ios" : 17421,
        "short_ios" : 0,
        "drop_ios" : 0,
        "slat_ns" : {
          "min" : 3945,
          "max" : 57528,
          "mean" : 5925.973423,
          "stddev" : 4558.364959,
          "N" : 17421
        },
        "clat_ns" : {
          "min" : 8181496,
          "max" : 175031464,
          "mean" : 74770674.536134,
          "stddev" : 20405306.542567,
          "N" : 17421,
          "percentile" : {
            "1.000000" : 30801920,
            "5.000000" : 44826624,
            "10.000000" : 50069504,
            "20.000000" : 58458112,
            "30.000000" : 64749568,
            "40.000000" : 69730304,
            "50.000000" : 73924608,
            "60.000000" : 78118912,
            "70.000000" : 82313216,
            "80.000000" : 88604672,
            "90.000000" : 98041856,
            "95.000000" : 109576192,
            "99.000000" : 135266304,
            "99.500000" : 141557760,
            "99.900000" : 168820736,
            "99.950000" : 170917888,
            "99.990000" : 175112192
          }
        },
        "lat_ns" : {
          "min" : 8217149,
          "max" : 175036759,
          "mean" : 74776600.509558,
          "stddev" : 20404847.816710,
          "N" : 17421
        },
        "bw_min" : 765952,
        "bw_max" : 1072640,
        "bw_agg" : 100.000000,
        "bw_mean" : 878899.200000,
        "bw_dev" : 100534.748793,
        "bw_samples" : 10,
        "iops_min" : 2992,
        "iops_max" : 4190,
        "iops_mean" : 3433.200000,
        "iops_stddev" : 392.713862,
        "iops_samples" : 10
      },
      "write" : {
        "io_bytes" : 0,
        "io_kbytes" : 0,
        "bw_bytes" : 0,
        "bw" : 0,
        "iops" : 0.000000,
        "runtime" : 0,
        "total_ios" : 0,
        "short_ios" : 0,
        "drop_ios" : 0,
        "slat_ns" : {
          "min" : 0,
          "max" : 0,
          "mean" : 0.000000,
          "stddev" : 0.000000,
          "N" : 0
        },
        "clat_ns" : {
          "min" : 0,
          "max" : 0,
          "mean" : 0.000000,
          "stddev" : 0.000000,
          "N" : 0
        },
        "lat_ns" : {
          "min" : 0,
          "max" : 0,
          "mean" : 0.000000,
          "stddev" : 0.000000,
          "N" : 0
        },
        "bw_min" : 0,
        "bw_max" : 0,
        "bw_agg" : 0.000000,
        "bw_mean" : 0.000000,
        "bw_dev" : 0.000000,
        "bw_samples" : 0,
        "iops_min" : 0,
        "iops_max" : 0,
        "iops_mean" : 0.000000,
        "iops_stddev" : 0.000000,
        "iops_samples" : 0
      },
      "trim" : {
        "io_bytes" : 0,
        "io_kbytes" : 0,
        "bw_bytes" : 0,
        "bw" : 0,
        "iops" : 0.000000,
        "runtime" : 0,
        "total_ios" : 0,
        "short_ios" : 0,
        "drop_ios" : 0,
        "slat_ns" : {
          "min" : 0,
          "max" : 0,
          "mean" : 0.000000,
          "stddev" : 0.000000,
          "N" : 0
        },
        "clat_ns" : {
          "min" : 0,
          "max" : 0,
          "mean" : 0.000000,
          "stddev" : 0.000000,
          "N" : 0
        },
        "lat_ns" : {
          "min" : 0,
          "max" : 0,
          "mean" : 0.000000,
          "stddev" : 0.000000,
          "N" : 0
        },
        "bw_min" : 0,
        "bw_max" : 0,
        "bw_agg" : 0.000000,
        "bw_mean" : 0.000000,
        "bw_dev" : 0.000000,
        "bw_samples" : 0,
        "iops_min" : 0,
        "iops_max" : 0,
        "iops_mean" : 0.000000,
        "iops_stddev" : 0.000000,
        "iops_samples" : 0
      },
      "sync" : {
        "total_ios" : 0,
        "lat_ns" : {
          "min" : 0,
          "max" : 0,
          "mean" : 0.000000,
          "stddev" : 0.000000,
          "N" : 0
        }
      },
      "job_runtime" : 5093,
      "usr_cpu" : 0.215983,
      "sys_cpu" : 2.434714,
      "ctx" : 16641,
      "majf" : 0,
      "minf" : 16396,
      "iodepth_level" : {
        "1" : 0.100000,
        "2" : 0.100000,
        "4" : 0.100000,
        "8" : 0.100000,
        "16" : 0.100000,
        "32" : 0.183686,
        ">=64" : 99.638367
      },
      "iodepth_submit" : {
        "0" : 0.000000,
        "4" : 100.000000,
        "8" : 0.000000,
        "16" : 0.000000,
        "32" : 0.000000,
        "64" : 0.000000,
        ">=64" : 0.000000
      },
      "iodepth_complete" : {
        "0" : 0.000000,
        "4" : 99.994175,
        "8" : 0.000000,
        "16" : 0.000000,
        "32" : 0.000000,
        "64" : 0.000000,
        ">=64" : 0.100000
      },
      "latency_ns" : {
        "2" : 0.000000,
        "4" : 0.000000,
        "10" : 0.000000,
        "20" : 0.000000,
        "50" : 0.000000,
        "100" : 0.000000,
        "250" : 0.000000,
        "500" : 0.000000,
        "750" : 0.000000,
        "1000" : 0.000000
      },
      "latency_us" : {
        "2" : 0.000000,
        "4" : 0.000000,
        "10" : 0.000000,
        "20" : 0.000000,
        "50" : 0.000000,
        "100" : 0.000000,
        "250" : 0.000000,
        "500" : 0.000000,
        "750" : 0.000000,
        "1000" : 0.000000
      },
      "latency_ms" : {
        "2" : 0.000000,
        "4" : 0.000000,
        "10" : 0.200907,
        "20" : 0.091843,
        "50" : 9.741117,
        "100" : 80.919580,
        "250" : 9.046553,
        "500" : 0.000000,
        "750" : 0.000000,
        "1000" : 0.000000,
        "2000" : 0.000000,
        ">=2000" : 0.000000
      },
      "latency_depth" : 256,
      "latency_target" : 0,
      "latency_percentile" : 100.000000,
      "latency_window" : 0
    }
  ],
  "disk_util" : [
    {
      "name" : "nvme3n1",
      "read_ios" : 16837,
      "write_ios" : 0,
      "read_sectors" : 8620544,
      "write_sectors" : 0,
      "read_merges" : 0,
      "write_merges" : 0,
      "read_ticks" : 1243746,
      "write_ticks" : 0,
      "in_queue" : 1243745,
      "util" : 98.058835
    }
  ]
}
