{
  "fio version" : "fio-3.36",
  "timestamp" : 1781330952,
  "timestamp_ms" : 1781330952355,
  "time" : "Sat Jun 13 06:09:12 2026",
  "jobs" : [
    {
      "jobname" : "sequentialread_256k_1",
      "groupid" : 0,
      "job_start" : 1781330947336,
      "error" : 0,
      "eta" : 0,
      "elapsed" : 6,
      "job options" : {
        "name" : "sequentialread_256k_1",
        "filename" : "/dev/nvme3n1",
        "ioengine" : "io_uring",
        "direct" : "1",
        "rw" : "read",
        "bs" : "256k",
        "iodepth" : "1",
        "size" : "3G",
        "runtime" : "5"
      },
      "read" : {
        "io_bytes" : 1263271936,
        "io_kbytes" : 1233664,
        "bw_bytes" : 252553365,
        "bw" : 246634,
        "iops" : 963.414634,
        "runtime" : 5002,
        "total_ios" : 4819,
        "short_ios" : 0,
        "drop_ios" : 0,
        "slat_ns" : {
          "min" : 3786,
          "max" : 60101,
          "mean" : 7163.589956,
          "stddev" : 5790.831584,
          "N" : 4819
        },
        "clat_ns" : {
          "min" : 153603,
          "max" : 3329968,
          "mean" : 1030158.129072,
          "stddev" : 998365.694565,
          "N" : 4819,
          "percentile" : {
            "1.000000" : 154624,
            "5.000000" : 154624,
            "10.000000" : 154624,
            "20.000000" : 154624,
            "30.000000" : 158720,
            "40.000000" : 296960,
            "50.000000" : 692224,
            "60.000000" : 913408,
            "70.000000" : 1368064,
            "80.000000" : 2072576,
            "90.000000" : 2801664,
            "95.000000" : 2932736,
            "99.000000" : 3227648,
            "99.500000" : 3260416,
            "99.900000" : 3325952,
            "99.950000" : 3325952,
            "99.990000" : 3325952
          }
        },
        "lat_ns" : {
          "min" : 158520,
          "max" : 3355291,
          "mean" : 1037321.719029,
          "stddev" : 999898.224028,
          "N" : 4819
        },
        "bw_min" : 200704,
        "bw_max" : 277504,
        "bw_agg" : 100.000000,
        "bw_mean" : 247580.444444,
        "bw_dev" : 22821.522162,
        "bw_samples" : 9,
        "iops_min" : 784,
        "iops_max" : 1084,
        "iops_mean" : 967.111111,
        "iops_stddev" : 89.146571,
        "iops_samples" : 9
      },
      "write" : {
        "io_bytes" : 0,
        "io_kbytes" : 0,
        "bw_bytes" : 0,
        "bw" : 0,
        "iops" : 0.000000,
        "runtime" : 0,
        "total_ios" : 0,
        "short_ios" : 0,
        "drop_ios" : 0,
        "slat_ns" : {
          "min" : 0,
          "max" : 0,
          "mean" : 0.000000,
          "stddev" : 0.000000,
          "N" : 0
        },
        "clat_ns" : {
          "min" : 0,
          "max" : 0,
          "mean" : 0.000000,
          "stddev" : 0.000000,
          "N" : 0
        },
        "lat_ns" : {
          "min" : 0,
          "max" : 0,
          "mean" : 0.000000,
          "stddev" : 0.000000,
          "N" : 0
        },
        "bw_min" : 0,
        "bw_max" : 0,
        "bw_agg" : 0.000000,
        "bw_mean" : 0.000000,
        "bw_dev" : 0.000000,
        "bw_samples" : 0,
        "iops_min" : 0,
        "iops_max" : 0,
        "iops_mean" : 0.000000,
        "iops_stddev" : 0.000000,
        "iops_samples" : 0
      },
      "trim" : {
        "io_bytes" : 0,
        "io_kbytes" : 0,
        "bw_bytes" : 0,
        "bw" : 0,
        "iops" : 0.000000,
        "runtime" : 0,
        "total_ios" : 0,
        "short_ios" : 0,
        "drop_ios" : 0,
        "slat_ns" : {
          "min" : 0,
          "max" : 0,
          "mean" : 0.000000,
          "stddev" : 0.000000,
          "N" : 0
        },
        "clat_ns" : {
          "min" : 0,
          "max" : 0,
          "mean" : 0.000000,
          "stddev" : 0.000000,
          "N" : 0
        },
        "lat_ns" : {
          "min" : 0,
          "max" : 0,
          "mean" : 0.000000,
          "stddev" : 0.000000,
          "N" : 0
        },
        "bw_min" : 0,
        "bw_max" : 0,
        "bw_agg" : 0.000000,
        "bw_mean" : 0.000000,
        "bw_dev" : 0.000000,
        "bw_samples" : 0,
        "iops_min" : 0,
        "iops_max" : 0,
        "iops_mean" : 0.000000,
        "iops_stddev" : 0.000000,
        "iops_samples" : 0
      },
      "sync" : {
        "total_ios" : 0,
        "lat_ns" : {
          "min" : 0,
          "max" : 0,
          "mean" : 0.000000,
          "stddev" : 0.000000,
          "N" : 0
        }
      },
      "job_runtime" : 5001,
      "usr_cpu" : 0.259948,
      "sys_cpu" : 0.739852,
      "ctx" : 4824,
      "majf" : 0,
      "minf" : 74,
      "iodepth_level" : {
        "1" : 100.000000,
        "2" : 0.000000,
        "4" : 0.000000,
        "8" : 0.000000,
        "16" : 0.000000,
        "32" : 0.000000,
        ">=64" : 0.000000
      },
      "iodepth_submit" : {
        "0" : 0.000000,
        "4" : 100.000000,
        "8" : 0.000000,
        "16" : 0.000000,
        "32" : 0.000000,
        "64" : 0.000000,
        ">=64" : 0.000000
      },
      "iodepth_complete" : {
        "0" : 0.000000,
        "4" : 100.000000,
        "8" : 0.000000,
        "16" : 0.000000,
        "32" : 0.000000,
        "64" : 0.000000,
        ">=64" : 0.000000
      },
      "latency_ns" : {
        "2" : 0.000000,
        "4" : 0.000000,
        "10" : 0.000000,
        "20" : 0.000000,
        "50" : 0.000000,
        "100" : 0.000000,
        "250" : 0.000000,
        "500" : 0.000000,
        "750" : 0.000000,
        "1000" : 0.000000
      },
      "latency_us" : {
        "2" : 0.000000,
        "4" : 0.000000,
        "10" : 0.000000,
        "20" : 0.000000,
        "50" : 0.000000,
        "100" : 0.000000,
        "250" : 39.448018,
        "500" : 3.216435,
        "750" : 10.790620,
        "1000" : 9.317286
      },
      "latency_ms" : {
        "2" : 16.559452,
        "4" : 20.668188,
        "10" : 0.000000,
        "20" : 0.000000,
        "50" : 0.000000,
        "100" : 0.000000,
        "250" : 0.000000,
        "500" : 0.000000,
        "750" : 0.000000,
        "1000" : 0.000000,
        "2000" : 0.000000,
        ">=2000" : 0.000000
      },
      "latency_depth" : 1,
      "latency_target" : 0,
      "latency_percentile" : 100.000000,
      "latency_window" : 0
    }
  ],
  "disk_util" : [
    {
      "name" : "nvme3n1",
      "read_ios" : 4748,
      "write_ios" : 0,
      "read_sectors" : 2430976,
      "write_sectors" : 0,
      "read_merges" : 0,
      "write_merges" : 0,
      "read_ticks" : 4861,
      "write_ticks" : 0,
      "in_queue" : 4861,
      "util" : 98.119248
    }
  ]
}
