{
  "fio version" : "fio-3.36",
  "timestamp" : 1781330957,
  "timestamp_ms" : 1781330957619,
  "time" : "Sat Jun 13 06:09:17 2026",
  "jobs" : [
    {
      "jobname" : "sequentialread_256k_2",
      "groupid" : 0,
      "job_start" : 1781330952599,
      "error" : 0,
      "eta" : 0,
      "elapsed" : 6,
      "job options" : {
        "name" : "sequentialread_256k_2",
        "filename" : "/dev/nvme3n1",
        "ioengine" : "io_uring",
        "direct" : "1",
        "rw" : "read",
        "bs" : "256k",
        "iodepth" : "2",
        "size" : "3G",
        "runtime" : "5"
      },
      "read" : {
        "io_bytes" : 2075656192,
        "io_kbytes" : 2027008,
        "bw_bytes" : 415048228,
        "bw" : 405320,
        "iops" : 1583.283343,
        "runtime" : 5001,
        "total_ios" : 7918,
        "short_ios" : 0,
        "drop_ios" : 0,
        "slat_ns" : {
          "min" : 3759,
          "max" : 53659,
          "mean" : 6140.134125,
          "stddev" : 5501.254326,
          "N" : 7918
        },
        "clat_ns" : {
          "min" : 151748,
          "max" : 4055334,
          "mean" : 1256443.747916,
          "stddev" : 1095193.721695,
          "N" : 7918,
          "percentile" : {
            "1.000000" : 154624,
            "5.000000" : 154624,
            "10.000000" : 154624,
            "20.000000" : 158720,
            "30.000000" : 166912,
            "40.000000" : 544768,
            "50.000000" : 1036288,
            "60.000000" : 1417216,
            "70.000000" : 1925120,
            "80.000000" : 2539520,
            "90.000000" : 2899968,
            "95.000000" : 3129344,
            "99.000000" : 3522560,
            "99.500000" : 3653632,
            "99.900000" : 3883008,
            "99.950000" : 4014080,
            "99.990000" : 4046848
          }
        },
        "lat_ns" : {
          "min" : 157671,
          "max" : 4059625,
          "mean" : 1262583.882041,
          "stddev" : 1095812.877223,
          "N" : 7918
        },
        "bw_min" : 347648,
        "bw_max" : 441344,
        "bw_agg" : 99.231094,
        "bw_mean" : 402204.444444,
        "bw_dev" : 31475.625391,
        "bw_samples" : 9,
        "iops_min" : 1358,
        "iops_max" : 1724,
        "iops_mean" : 1571.111111,
        "iops_stddev" : 122.951662,
        "iops_samples" : 9
      },
      "write" : {
        "io_bytes" : 0,
        "io_kbytes" : 0,
        "bw_bytes" : 0,
        "bw" : 0,
        "iops" : 0.000000,
        "runtime" : 0,
        "total_ios" : 0,
        "short_ios" : 0,
        "drop_ios" : 0,
        "slat_ns" : {
          "min" : 0,
          "max" : 0,
          "mean" : 0.000000,
          "stddev" : 0.000000,
          "N" : 0
        },
        "clat_ns" : {
          "min" : 0,
          "max" : 0,
          "mean" : 0.000000,
          "stddev" : 0.000000,
          "N" : 0
        },
        "lat_ns" : {
          "min" : 0,
          "max" : 0,
          "mean" : 0.000000,
          "stddev" : 0.000000,
          "N" : 0
        },
        "bw_min" : 0,
        "bw_max" : 0,
        "bw_agg" : 0.000000,
        "bw_mean" : 0.000000,
        "bw_dev" : 0.000000,
        "bw_samples" : 0,
        "iops_min" : 0,
        "iops_max" : 0,
        "iops_mean" : 0.000000,
        "iops_stddev" : 0.000000,
        "iops_samples" : 0
      },
      "trim" : {
        "io_bytes" : 0,
        "io_kbytes" : 0,
        "bw_bytes" : 0,
        "bw" : 0,
        "iops" : 0.000000,
        "runtime" : 0,
        "total_ios" : 0,
        "short_ios" : 0,
        "drop_ios" : 0,
        "slat_ns" : {
          "min" : 0,
          "max" : 0,
          "mean" : 0.000000,
          "stddev" : 0.000000,
          "N" : 0
        },
        "clat_ns" : {
          "min" : 0,
          "max" : 0,
          "mean" : 0.000000,
          "stddev" : 0.000000,
          "N" : 0
        },
        "lat_ns" : {
          "min" : 0,
          "max" : 0,
          "mean" : 0.000000,
          "stddev" : 0.000000,
          "N" : 0
        },
        "bw_min" : 0,
        "bw_max" : 0,
        "bw_agg" : 0.000000,
        "bw_mean" : 0.000000,
        "bw_dev" : 0.000000,
        "bw_samples" : 0,
        "iops_min" : 0,
        "iops_max" : 0,
        "iops_mean" : 0.000000,
        "iops_stddev" : 0.000000,
        "iops_samples" : 0
      },
      "sync" : {
        "total_ios" : 0,
        "lat_ns" : {
          "min" : 0,
          "max" : 0,
          "mean" : 0.000000,
          "stddev" : 0.000000,
          "N" : 0
        }
      },
      "job_runtime" : 5000,
      "usr_cpu" : 0.080000,
      "sys_cpu" : 1.340000,
      "ctx" : 7832,
      "majf" : 0,
      "minf" : 140,
      "iodepth_level" : {
        "1" : 0.100000,
        "2" : 99.987371,
        "4" : 0.000000,
        "8" : 0.000000,
        "16" : 0.000000,
        "32" : 0.000000,
        ">=64" : 0.000000
      },
      "iodepth_submit" : {
        "0" : 0.000000,
        "4" : 100.000000,
        "8" : 0.000000,
        "16" : 0.000000,
        "32" : 0.000000,
        "64" : 0.000000,
        ">=64" : 0.000000
      },
      "iodepth_complete" : {
        "0" : 0.000000,
        "4" : 100.000000,
        "8" : 0.000000,
        "16" : 0.000000,
        "32" : 0.000000,
        "64" : 0.000000,
        ">=64" : 0.000000
      },
      "latency_ns" : {
        "2" : 0.000000,
        "4" : 0.000000,
        "10" : 0.000000,
        "20" : 0.000000,
        "50" : 0.000000,
        "100" : 0.000000,
        "250" : 0.000000,
        "500" : 0.000000,
        "750" : 0.000000,
        "1000" : 0.000000
      },
      "latency_us" : {
        "2" : 0.000000,
        "4" : 0.000000,
        "10" : 0.000000,
        "20" : 0.000000,
        "50" : 0.000000,
        "100" : 0.000000,
        "250" : 35.905532,
        "500" : 3.245769,
        "750" : 4.925486,
        "1000" : 5.165446
      },
      "latency_ms" : {
        "2" : 21.760546,
        "4" : 28.946704,
        "10" : 0.050518,
        "20" : 0.000000,
        "50" : 0.000000,
        "100" : 0.000000,
        "250" : 0.000000,
        "500" : 0.000000,
        "750" : 0.000000,
        "1000" : 0.000000,
        "2000" : 0.000000,
        ">=2000" : 0.000000
      },
      "latency_depth" : 2,
      "latency_target" : 0,
      "latency_percentile" : 100.000000,
      "latency_window" : 0
    }
  ],
  "disk_util" : [
    {
      "name" : "nvme3n1",
      "read_ios" : 7744,
      "write_ios" : 0,
      "read_sectors" : 3964928,
      "write_sectors" : 0,
      "read_merges" : 0,
      "write_merges" : 0,
      "read_ticks" : 9743,
      "write_ticks" : 0,
      "in_queue" : 9744,
      "util" : 98.039216
    }
  ]
}
