{
  "fio version" : "fio-3.36",
  "timestamp" : 1781330989,
  "timestamp_ms" : 1781330989273,
  "time" : "Sat Jun 13 06:09:49 2026",
  "jobs" : [
    {
      "jobname" : "sequentialread_256k_128",
      "groupid" : 0,
      "job_start" : 1781330984224,
      "error" : 0,
      "eta" : 0,
      "elapsed" : 6,
      "job options" : {
        "name" : "sequentialread_256k_128",
        "filename" : "/dev/nvme3n1",
        "ioengine" : "io_uring",
        "direct" : "1",
        "rw" : "read",
        "bs" : "256k",
        "iodepth" : "128",
        "size" : "3G",
        "runtime" : "5"
      },
      "read" : {
        "io_bytes" : 4390125568,
        "io_kbytes" : 4287232,
        "bw_bytes" : 871575455,
        "bw" : 851147,
        "iops" : 3324.796506,
        "runtime" : 5037,
        "total_ios" : 16747,
        "short_ios" : 0,
        "drop_ios" : 0,
        "slat_ns" : {
          "min" : 3696,
          "max" : 39755,
          "mean" : 5759.443602,
          "stddev" : 4089.780035,
          "N" : 16747
        },
        "clat_ns" : {
          "min" : 4236259,
          "max" : 78880310,
          "mean" : 38472906.605601,
          "stddev" : 10983337.270012,
          "N" : 16747,
          "percentile" : {
            "1.000000" : 16908288,
            "5.000000" : 23461888,
            "10.000000" : 25821184,
            "20.000000" : 29229056,
            "30.000000" : 32112640,
            "40.000000" : 34340864,
            "50.000000" : 36962304,
            "60.000000" : 40108032,
            "70.000000" : 43253760,
            "80.000000" : 46923776,
            "90.000000" : 52690944,
            "95.000000" : 57933824,
            "99.000000" : 68681728,
            "99.500000" : 73924608,
            "99.900000" : 78118912,
            "99.950000" : 79167488,
            "99.990000" : 79167488
          }
        },
        "lat_ns" : {
          "min" : 4268035,
          "max" : 78884952,
          "mean" : 38478666.049203,
          "stddev" : 10983252.848896,
          "N" : 16747
        },
        "bw_min" : 762368,
        "bw_max" : 1033216,
        "bw_agg" : 99.976043,
        "bw_mean" : 850944.000000,
        "bw_dev" : 91183.288605,
        "bw_samples" : 10,
        "iops_min" : 2978,
        "iops_max" : 4036,
        "iops_mean" : 3324.000000,
        "iops_stddev" : 356.184721,
        "iops_samples" : 10
      },
      "write" : {
        "io_bytes" : 0,
        "io_kbytes" : 0,
        "bw_bytes" : 0,
        "bw" : 0,
        "iops" : 0.000000,
        "runtime" : 0,
        "total_ios" : 0,
        "short_ios" : 0,
        "drop_ios" : 0,
        "slat_ns" : {
          "min" : 0,
          "max" : 0,
          "mean" : 0.000000,
          "stddev" : 0.000000,
          "N" : 0
        },
        "clat_ns" : {
          "min" : 0,
          "max" : 0,
          "mean" : 0.000000,
          "stddev" : 0.000000,
          "N" : 0
        },
        "lat_ns" : {
          "min" : 0,
          "max" : 0,
          "mean" : 0.000000,
          "stddev" : 0.000000,
          "N" : 0
        },
        "bw_min" : 0,
        "bw_max" : 0,
        "bw_agg" : 0.000000,
        "bw_mean" : 0.000000,
        "bw_dev" : 0.000000,
        "bw_samples" : 0,
        "iops_min" : 0,
        "iops_max" : 0,
        "iops_mean" : 0.000000,
        "iops_stddev" : 0.000000,
        "iops_samples" : 0
      },
      "trim" : {
        "io_bytes" : 0,
        "io_kbytes" : 0,
        "bw_bytes" : 0,
        "bw" : 0,
        "iops" : 0.000000,
        "runtime" : 0,
        "total_ios" : 0,
        "short_ios" : 0,
        "drop_ios" : 0,
        "slat_ns" : {
          "min" : 0,
          "max" : 0,
          "mean" : 0.000000,
          "stddev" : 0.000000,
          "N" : 0
        },
        "clat_ns" : {
          "min" : 0,
          "max" : 0,
          "mean" : 0.000000,
          "stddev" : 0.000000,
          "N" : 0
        },
        "lat_ns" : {
          "min" : 0,
          "max" : 0,
          "mean" : 0.000000,
          "stddev" : 0.000000,
          "N" : 0
        },
        "bw_min" : 0,
        "bw_max" : 0,
        "bw_agg" : 0.000000,
        "bw_mean" : 0.000000,
        "bw_dev" : 0.000000,
        "bw_samples" : 0,
        "iops_min" : 0,
        "iops_max" : 0,
        "iops_mean" : 0.000000,
        "iops_stddev" : 0.000000,
        "iops_samples" : 0
      },
      "sync" : {
        "total_ios" : 0,
        "lat_ns" : {
          "min" : 0,
          "max" : 0,
          "mean" : 0.000000,
          "stddev" : 0.000000,
          "N" : 0
        }
      },
      "job_runtime" : 5036,
      "usr_cpu" : 0.079428,
      "sys_cpu" : 2.521843,
      "ctx" : 15898,
      "majf" : 0,
      "minf" : 8201,
      "iodepth_level" : {
        "1" : 0.100000,
        "2" : 0.100000,
        "4" : 0.100000,
        "8" : 0.100000,
        "16" : 0.100000,
        "32" : 0.191079,
        ">=64" : 99.623813
      },
      "iodepth_submit" : {
        "0" : 0.000000,
        "4" : 100.000000,
        "8" : 0.000000,
        "16" : 0.000000,
        "32" : 0.000000,
        "64" : 0.000000,
        ">=64" : 0.000000
      },
      "iodepth_complete" : {
        "0" : 0.000000,
        "4" : 99.993984,
        "8" : 0.000000,
        "16" : 0.000000,
        "32" : 0.000000,
        "64" : 0.000000,
        ">=64" : 0.100000
      },
      "latency_ns" : {
        "2" : 0.000000,
        "4" : 0.000000,
        "10" : 0.000000,
        "20" : 0.000000,
        "50" : 0.000000,
        "100" : 0.000000,
        "250" : 0.000000,
        "500" : 0.000000,
        "750" : 0.000000,
        "1000" : 0.000000
      },
      "latency_us" : {
        "2" : 0.000000,
        "4" : 0.000000,
        "10" : 0.000000,
        "20" : 0.000000,
        "50" : 0.000000,
        "100" : 0.000000,
        "250" : 0.000000,
        "500" : 0.000000,
        "750" : 0.000000,
        "1000" : 0.000000
      },
      "latency_ms" : {
        "2" : 0.000000,
        "4" : 0.000000,
        "10" : 0.208993,
        "20" : 1.863020,
        "50" : 83.459724,
        "100" : 14.468263,
        "250" : 0.000000,
        "500" : 0.000000,
        "750" : 0.000000,
        "1000" : 0.000000,
        "2000" : 0.000000,
        ">=2000" : 0.000000
      },
      "latency_depth" : 128,
      "latency_target" : 0,
      "latency_percentile" : 100.000000,
      "latency_window" : 0
    }
  ],
  "disk_util" : [
    {
      "name" : "nvme3n1",
      "read_ios" : 16286,
      "write_ios" : 0,
      "read_sectors" : 8338432,
      "write_sectors" : 0,
      "read_merges" : 0,
      "write_merges" : 0,
      "read_ticks" : 624048,
      "write_ticks" : 0,
      "in_queue" : 624048,
      "util" : 98.058835
    }
  ]
}
