{
  "fio version" : "fio-3.42-31-g6a66",
  "timestamp" : 1781281658,
  "timestamp_ms" : 1781281658943,
  "time" : "Fri Jun 12 16:27:38 2026",
  "jobs" : [
    {
      "jobname" : "sequentialread_256k_128",
      "groupid" : 0,
      "job_start" : 1781281653795,
      "error" : 0,
      "eta" : 0,
      "elapsed" : 6,
      "job options" : {
        "name" : "sequentialread_256k_128",
        "filename" : "/dev/nvme2n1",
        "ioengine" : "io_uring",
        "direct" : "1",
        "group_reporting" : "",
        "rw" : "read",
        "bs" : "256k",
        "iodepth" : "128",
        "size" : "3G",
        "time_based" : "",
        "runtime" : "5"
      },
      "read" : {
        "io_bytes" : 4366008320,
        "io_kbytes" : 4263680,
        "bw_bytes" : 866271492,
        "bw" : 845968,
        "iops" : 3304.563492,
        "runtime" : 5040,
        "total_ios" : 16655,
        "short_ios" : 0,
        "drop_ios" : 0,
        "slat_ns" : {
          "min" : 3198,
          "max" : 52296,
          "mean" : 4653.534014,
          "stddev" : 4003.475603,
          "N" : 16655
        },
        "clat_ns" : {
          "min" : 4468663,
          "max" : 74906005,
          "mean" : 38709761.933233,
          "stddev" : 10664633.475364,
          "N" : 16655,
          "percentile" : {
            "1.000000" : 13434880,
            "5.000000" : 22151168,
            "10.000000" : 25821184,
            "20.000000" : 29753344,
            "30.000000" : 33161216,
            "40.000000" : 35913728,
            "50.000000" : 38535168,
            "60.000000" : 40632320,
            "70.000000" : 43778048,
            "80.000000" : 47448064,
            "90.000000" : 52166656,
            "95.000000" : 55836672,
            "99.000000" : 66846720,
            "99.500000" : 68681728,
            "99.900000" : 73924608,
            "99.950000" : 73924608,
            "99.990000" : 74973184
          }
        },
        "lat_ns" : {
          "min" : 4499513,
          "max" : 74909699,
          "mean" : 38714415.467247,
          "stddev" : 10664461.759959,
          "N" : 16655
        },
        "bw_min" : 722432,
        "bw_max" : 1095680,
        "bw_agg" : 100.000000,
        "bw_mean" : 846233.600000,
        "bw_dev" : 109897.884290,
        "bw_samples" : 10,
        "iops_min" : 2822,
        "iops_max" : 4280,
        "iops_mean" : 3305.600000,
        "iops_stddev" : 429.288611,
        "iops_samples" : 10
      },
      "write" : {
        "io_bytes" : 0,
        "io_kbytes" : 0,
        "bw_bytes" : 0,
        "bw" : 0,
        "iops" : 0.000000,
        "runtime" : 0,
        "total_ios" : 0,
        "short_ios" : 0,
        "drop_ios" : 0,
        "slat_ns" : {
          "min" : 0,
          "max" : 0,
          "mean" : 0.000000,
          "stddev" : 0.000000,
          "N" : 0
        },
        "clat_ns" : {
          "min" : 0,
          "max" : 0,
          "mean" : 0.000000,
          "stddev" : 0.000000,
          "N" : 0
        },
        "lat_ns" : {
          "min" : 0,
          "max" : 0,
          "mean" : 0.000000,
          "stddev" : 0.000000,
          "N" : 0
        },
        "bw_min" : 0,
        "bw_max" : 0,
        "bw_agg" : 0.000000,
        "bw_mean" : 0.000000,
        "bw_dev" : 0.000000,
        "bw_samples" : 0,
        "iops_min" : 0,
        "iops_max" : 0,
        "iops_mean" : 0.000000,
        "iops_stddev" : 0.000000,
        "iops_samples" : 0
      },
      "trim" : {
        "io_bytes" : 0,
        "io_kbytes" : 0,
        "bw_bytes" : 0,
        "bw" : 0,
        "iops" : 0.000000,
        "runtime" : 0,
        "total_ios" : 0,
        "short_ios" : 0,
        "drop_ios" : 0,
        "slat_ns" : {
          "min" : 0,
          "max" : 0,
          "mean" : 0.000000,
          "stddev" : 0.000000,
          "N" : 0
        },
        "clat_ns" : {
          "min" : 0,
          "max" : 0,
          "mean" : 0.000000,
          "stddev" : 0.000000,
          "N" : 0
        },
        "lat_ns" : {
          "min" : 0,
          "max" : 0,
          "mean" : 0.000000,
          "stddev" : 0.000000,
          "N" : 0
        },
        "bw_min" : 0,
        "bw_max" : 0,
        "bw_agg" : 0.000000,
        "bw_mean" : 0.000000,
        "bw_dev" : 0.000000,
        "bw_samples" : 0,
        "iops_min" : 0,
        "iops_max" : 0,
        "iops_mean" : 0.000000,
        "iops_stddev" : 0.000000,
        "iops_samples" : 0
      },
      "sync" : {
        "total_ios" : 0,
        "lat_ns" : {
          "min" : 0,
          "max" : 0,
          "mean" : 0.000000,
          "stddev" : 0.000000,
          "N" : 0
        }
      },
      "job_runtime" : 5039,
      "usr_cpu" : 0.000000,
      "sys_cpu" : 2.500496,
      "ctx" : 15812,
      "majf" : 0,
      "minf" : 8199,
      "iodepth_level" : {
        "1" : 0.100000,
        "2" : 0.100000,
        "4" : 0.100000,
        "8" : 0.100000,
        "16" : 0.100000,
        "32" : 0.192134,
        ">=64" : 99.621735
      },
      "iodepth_submit" : {
        "0" : 0.000000,
        "4" : 100.000000,
        "8" : 0.000000,
        "16" : 0.000000,
        "32" : 0.000000,
        "64" : 0.000000,
        ">=64" : 0.000000
      },
      "iodepth_complete" : {
        "0" : 0.000000,
        "4" : 99.993950,
        "8" : 0.000000,
        "16" : 0.000000,
        "32" : 0.000000,
        "64" : 0.000000,
        ">=64" : 0.100000
      },
      "latency_ns" : {
        "2" : 0.000000,
        "4" : 0.000000,
        "10" : 0.000000,
        "20" : 0.000000,
        "50" : 0.000000,
        "100" : 0.000000,
        "250" : 0.000000,
        "500" : 0.000000,
        "750" : 0.000000,
        "1000" : 0.000000
      },
      "latency_us" : {
        "2" : 0.000000,
        "4" : 0.000000,
        "10" : 0.000000,
        "20" : 0.000000,
        "50" : 0.000000,
        "100" : 0.000000,
        "250" : 0.000000,
        "500" : 0.000000,
        "750" : 0.000000,
        "1000" : 0.000000
      },
      "latency_ms" : {
        "2" : 0.000000,
        "4" : 0.000000,
        "10" : 0.702492,
        "20" : 2.467727,
        "50" : 82.293606,
        "100" : 14.536175,
        "250" : 0.000000,
        "500" : 0.000000,
        "750" : 0.000000,
        "1000" : 0.000000,
        "2000" : 0.000000,
        ">=2000" : 0.000000
      },
      "latency_depth" : 128,
      "latency_target" : 0,
      "latency_target_ns" : 0,
      "latency_percentile" : 100.000000,
      "latency_window" : 0,
      "latency_window_us" : 0
    }
  ],
  "disk_util" : [
    {
      "name" : "nvme2n1",
      "read_ios" : 16125,
      "write_ios" : 0,
      "read_sectors" : 8256000,
      "write_sectors" : 0,
      "read_merges" : 0,
      "write_merges" : 0,
      "read_ticks" : 623664,
      "write_ticks" : 0,
      "in_queue" : 623664,
      "util" : 98.058835
    }
  ]
}
