{
  "fio version" : "fio-3.36",
  "timestamp" : 1781330836,
  "timestamp_ms" : 1781330836457,
  "time" : "Sat Jun 13 06:07:16 2026",
  "jobs" : [
    {
      "jobname" : "sequentialread_32k_32",
      "groupid" : 0,
      "job_start" : 1781330831439,
      "error" : 0,
      "eta" : 0,
      "elapsed" : 6,
      "job options" : {
        "name" : "sequentialread_32k_32",
        "filename" : "/dev/nvme3n1",
        "ioengine" : "io_uring",
        "direct" : "1",
        "rw" : "read",
        "bs" : "32k",
        "iodepth" : "32",
        "size" : "3G",
        "runtime" : "5"
      },
      "read" : {
        "io_bytes" : 3242622976,
        "io_kbytes" : 3166624,
        "bw_bytes" : 648265289,
        "bw" : 633071,
        "iops" : 19783.486605,
        "runtime" : 5002,
        "total_ios" : 98957,
        "short_ios" : 0,
        "drop_ios" : 0,
        "slat_ns" : {
          "min" : 1110,
          "max" : 53371,
          "mean" : 1640.307265,
          "stddev" : 438.457304,
          "N" : 98957
        },
        "clat_ns" : {
          "min" : 82648,
          "max" : 4093147,
          "mean" : 1615327.282891,
          "stddev" : 1065777.915633,
          "N" : 98957,
          "percentile" : {
            "1.000000" : 102912,
            "5.000000" : 185344,
            "10.000000" : 296960,
            "20.000000" : 497664,
            "30.000000" : 716800,
            "40.000000" : 1105920,
            "50.000000" : 1515520,
            "60.000000" : 1908736,
            "70.000000" : 2375680,
            "80.000000" : 2736128,
            "90.000000" : 3162112,
            "95.000000" : 3358720,
            "99.000000" : 3588096,
            "99.500000" : 3653632,
            "99.900000" : 3817472,
            "99.950000" : 3850240,
            "99.990000" : 3981312
          }
        },
        "lat_ns" : {
          "min" : 84108,
          "max" : 4094819,
          "mean" : 1616967.590155,
          "stddev" : 1065796.063275,
          "N" : 98957
        },
        "bw_min" : 545664,
        "bw_max" : 807680,
        "bw_agg" : 98.744443,
        "bw_mean" : 625123.555556,
        "bw_dev" : 76158.286442,
        "bw_samples" : 9,
        "iops_min" : 17052,
        "iops_max" : 25240,
        "iops_mean" : 19535.111111,
        "iops_stddev" : 2379.946451,
        "iops_samples" : 9
      },
      "write" : {
        "io_bytes" : 0,
        "io_kbytes" : 0,
        "bw_bytes" : 0,
        "bw" : 0,
        "iops" : 0.000000,
        "runtime" : 0,
        "total_ios" : 0,
        "short_ios" : 0,
        "drop_ios" : 0,
        "slat_ns" : {
          "min" : 0,
          "max" : 0,
          "mean" : 0.000000,
          "stddev" : 0.000000,
          "N" : 0
        },
        "clat_ns" : {
          "min" : 0,
          "max" : 0,
          "mean" : 0.000000,
          "stddev" : 0.000000,
          "N" : 0
        },
        "lat_ns" : {
          "min" : 0,
          "max" : 0,
          "mean" : 0.000000,
          "stddev" : 0.000000,
          "N" : 0
        },
        "bw_min" : 0,
        "bw_max" : 0,
        "bw_agg" : 0.000000,
        "bw_mean" : 0.000000,
        "bw_dev" : 0.000000,
        "bw_samples" : 0,
        "iops_min" : 0,
        "iops_max" : 0,
        "iops_mean" : 0.000000,
        "iops_stddev" : 0.000000,
        "iops_samples" : 0
      },
      "trim" : {
        "io_bytes" : 0,
        "io_kbytes" : 0,
        "bw_bytes" : 0,
        "bw" : 0,
        "iops" : 0.000000,
        "runtime" : 0,
        "total_ios" : 0,
        "short_ios" : 0,
        "drop_ios" : 0,
        "slat_ns" : {
          "min" : 0,
          "max" : 0,
          "mean" : 0.000000,
          "stddev" : 0.000000,
          "N" : 0
        },
        "clat_ns" : {
          "min" : 0,
          "max" : 0,
          "mean" : 0.000000,
          "stddev" : 0.000000,
          "N" : 0
        },
        "lat_ns" : {
          "min" : 0,
          "max" : 0,
          "mean" : 0.000000,
          "stddev" : 0.000000,
          "N" : 0
        },
        "bw_min" : 0,
        "bw_max" : 0,
        "bw_agg" : 0.000000,
        "bw_mean" : 0.000000,
        "bw_dev" : 0.000000,
        "bw_samples" : 0,
        "iops_min" : 0,
        "iops_max" : 0,
        "iops_mean" : 0.000000,
        "iops_stddev" : 0.000000,
        "iops_samples" : 0
      },
      "sync" : {
        "total_ios" : 0,
        "lat_ns" : {
          "min" : 0,
          "max" : 0,
          "mean" : 0.000000,
          "stddev" : 0.000000,
          "N" : 0
        }
      },
      "job_runtime" : 5001,
      "usr_cpu" : 0.939812,
      "sys_cpu" : 5.118976,
      "ctx" : 93087,
      "majf" : 0,
      "minf" : 267,
      "iodepth_level" : {
        "1" : 0.100000,
        "2" : 0.100000,
        "4" : 0.100000,
        "8" : 0.100000,
        "16" : 0.100000,
        "32" : 99.968673,
        ">=64" : 0.000000
      },
      "iodepth_submit" : {
        "0" : 0.000000,
        "4" : 100.000000,
        "8" : 0.000000,
        "16" : 0.000000,
        "32" : 0.000000,
        "64" : 0.000000,
        ">=64" : 0.000000
      },
      "iodepth_complete" : {
        "0" : 0.000000,
        "4" : 99.998989,
        "8" : 0.000000,
        "16" : 0.000000,
        "32" : 0.100000,
        "64" : 0.000000,
        ">=64" : 0.000000
      },
      "latency_ns" : {
        "2" : 0.000000,
        "4" : 0.000000,
        "10" : 0.000000,
        "20" : 0.000000,
        "50" : 0.000000,
        "100" : 0.000000,
        "250" : 0.000000,
        "500" : 0.000000,
        "750" : 0.000000,
        "1000" : 0.000000
      },
      "latency_us" : {
        "2" : 0.000000,
        "4" : 0.000000,
        "10" : 0.000000,
        "20" : 0.000000,
        "50" : 0.000000,
        "100" : 0.842790,
        "250" : 7.390079,
        "500" : 11.998141,
        "750" : 10.756187,
        "1000" : 6.290611
      },
      "latency_ms" : {
        "2" : 24.765302,
        "4" : 37.948806,
        "10" : 0.010000,
        "20" : 0.000000,
        "50" : 0.000000,
        "100" : 0.000000,
        "250" : 0.000000,
        "500" : 0.000000,
        "750" : 0.000000,
        "1000" : 0.000000,
        "2000" : 0.000000,
        ">=2000" : 0.000000
      },
      "latency_depth" : 32,
      "latency_target" : 0,
      "latency_percentile" : 100.000000,
      "latency_window" : 0
    }
  ],
  "disk_util" : [
    {
      "name" : "nvme3n1",
      "read_ios" : 96878,
      "write_ios" : 0,
      "read_sectors" : 6200192,
      "write_sectors" : 0,
      "read_merges" : 0,
      "write_merges" : 0,
      "read_ticks" : 156472,
      "write_ticks" : 0,
      "in_queue" : 156472,
      "util" : 98.119248
    }
  ]
}
