{
  "fio version" : "fio-3.36",
  "timestamp" : 1781330841,
  "timestamp_ms" : 1781330841720,
  "time" : "Sat Jun 13 06:07:21 2026",
  "jobs" : [
    {
      "jobname" : "sequentialread_32k_64",
      "groupid" : 0,
      "job_start" : 1781330836702,
      "error" : 0,
      "eta" : 0,
      "elapsed" : 6,
      "job options" : {
        "name" : "sequentialread_32k_64",
        "filename" : "/dev/nvme3n1",
        "ioengine" : "io_uring",
        "direct" : "1",
        "rw" : "read",
        "bs" : "32k",
        "iodepth" : "64",
        "size" : "3G",
        "runtime" : "5"
      },
      "read" : {
        "io_bytes" : 3351707648,
        "io_kbytes" : 3273152,
        "bw_bytes" : 669805685,
        "bw" : 654107,
        "iops" : 20440.847322,
        "runtime" : 5004,
        "total_ios" : 102286,
        "short_ios" : 0,
        "drop_ios" : 0,
        "slat_ns" : {
          "min" : 1112,
          "max" : 151004,
          "mean" : 1681.992022,
          "stddev" : 717.911980,
          "N" : 102286
        },
        "clat_ns" : {
          "min" : 83758,
          "max" : 7533528,
          "mean" : 3128454.059295,
          "stddev" : 1723614.721369,
          "N" : 102286,
          "percentile" : {
            "1.000000" : 272384,
            "5.000000" : 675840,
            "10.000000" : 888832,
            "20.000000" : 1384448,
            "30.000000" : 1941504,
            "40.000000" : 2506752,
            "50.000000" : 3063808,
            "60.000000" : 3555328,
            "70.000000" : 4046848,
            "80.000000" : 4751360,
            "90.000000" : 5537792,
            "95.000000" : 6258688,
            "99.000000" : 6782976,
            "99.500000" : 6914048,
            "99.900000" : 7176192,
            "99.950000" : 7241728,
            "99.990000" : 7372800
          }
        },
        "lat_ns" : {
          "min" : 85408,
          "max" : 7535041,
          "mean" : 3130136.051317,
          "stddev" : 1723635.144673,
          "N" : 102286
        },
        "bw_min" : 568960,
        "bw_max" : 762688,
        "bw_agg" : 100.000000,
        "bw_mean" : 654227.200000,
        "bw_dev" : 62979.555817,
        "bw_samples" : 10,
        "iops_min" : 17780,
        "iops_max" : 23834,
        "iops_mean" : 20444.600000,
        "iops_stddev" : 1968.111119,
        "iops_samples" : 10
      },
      "write" : {
        "io_bytes" : 0,
        "io_kbytes" : 0,
        "bw_bytes" : 0,
        "bw" : 0,
        "iops" : 0.000000,
        "runtime" : 0,
        "total_ios" : 0,
        "short_ios" : 0,
        "drop_ios" : 0,
        "slat_ns" : {
          "min" : 0,
          "max" : 0,
          "mean" : 0.000000,
          "stddev" : 0.000000,
          "N" : 0
        },
        "clat_ns" : {
          "min" : 0,
          "max" : 0,
          "mean" : 0.000000,
          "stddev" : 0.000000,
          "N" : 0
        },
        "lat_ns" : {
          "min" : 0,
          "max" : 0,
          "mean" : 0.000000,
          "stddev" : 0.000000,
          "N" : 0
        },
        "bw_min" : 0,
        "bw_max" : 0,
        "bw_agg" : 0.000000,
        "bw_mean" : 0.000000,
        "bw_dev" : 0.000000,
        "bw_samples" : 0,
        "iops_min" : 0,
        "iops_max" : 0,
        "iops_mean" : 0.000000,
        "iops_stddev" : 0.000000,
        "iops_samples" : 0
      },
      "trim" : {
        "io_bytes" : 0,
        "io_kbytes" : 0,
        "bw_bytes" : 0,
        "bw" : 0,
        "iops" : 0.000000,
        "runtime" : 0,
        "total_ios" : 0,
        "short_ios" : 0,
        "drop_ios" : 0,
        "slat_ns" : {
          "min" : 0,
          "max" : 0,
          "mean" : 0.000000,
          "stddev" : 0.000000,
          "N" : 0
        },
        "clat_ns" : {
          "min" : 0,
          "max" : 0,
          "mean" : 0.000000,
          "stddev" : 0.000000,
          "N" : 0
        },
        "lat_ns" : {
          "min" : 0,
          "max" : 0,
          "mean" : 0.000000,
          "stddev" : 0.000000,
          "N" : 0
        },
        "bw_min" : 0,
        "bw_max" : 0,
        "bw_agg" : 0.000000,
        "bw_mean" : 0.000000,
        "bw_dev" : 0.000000,
        "bw_samples" : 0,
        "iops_min" : 0,
        "iops_max" : 0,
        "iops_mean" : 0.000000,
        "iops_stddev" : 0.000000,
        "iops_samples" : 0
      },
      "sync" : {
        "total_ios" : 0,
        "lat_ns" : {
          "min" : 0,
          "max" : 0,
          "mean" : 0.000000,
          "stddev" : 0.000000,
          "N" : 0
        }
      },
      "job_runtime" : 5003,
      "usr_cpu" : 0.979412,
      "sys_cpu" : 5.276834,
      "ctx" : 96186,
      "majf" : 0,
      "minf" : 523,
      "iodepth_level" : {
        "1" : 0.100000,
        "2" : 0.100000,
        "4" : 0.100000,
        "8" : 0.100000,
        "16" : 0.100000,
        "32" : 0.100000,
        ">=64" : 99.938408
      },
      "iodepth_submit" : {
        "0" : 0.000000,
        "4" : 100.000000,
        "8" : 0.000000,
        "16" : 0.000000,
        "32" : 0.000000,
        "64" : 0.000000,
        ">=64" : 0.000000
      },
      "iodepth_complete" : {
        "0" : 0.000000,
        "4" : 99.999022,
        "8" : 0.000000,
        "16" : 0.000000,
        "32" : 0.000000,
        "64" : 0.100000,
        ">=64" : 0.000000
      },
      "latency_ns" : {
        "2" : 0.000000,
        "4" : 0.000000,
        "10" : 0.000000,
        "20" : 0.000000,
        "50" : 0.000000,
        "100" : 0.000000,
        "250" : 0.000000,
        "500" : 0.000000,
        "750" : 0.000000,
        "1000" : 0.000000
      },
      "latency_us" : {
        "2" : 0.000000,
        "4" : 0.000000,
        "10" : 0.000000,
        "20" : 0.000000,
        "50" : 0.000000,
        "100" : 0.094832,
        "250" : 0.806562,
        "500" : 1.936726,
        "750" : 3.730716,
        "1000" : 6.495513
      },
      "latency_ms" : {
        "2" : 17.891989,
        "4" : 37.960229,
        "10" : 31.083433,
        "20" : 0.000000,
        "50" : 0.000000,
        "100" : 0.000000,
        "250" : 0.000000,
        "500" : 0.000000,
        "750" : 0.000000,
        "1000" : 0.000000,
        "2000" : 0.000000,
        ">=2000" : 0.000000
      },
      "latency_depth" : 64,
      "latency_target" : 0,
      "latency_percentile" : 100.000000,
      "latency_window" : 0
    }
  ],
  "disk_util" : [
    {
      "name" : "nvme3n1",
      "read_ios" : 100565,
      "write_ios" : 0,
      "read_sectors" : 6436160,
      "write_sectors" : 0,
      "read_merges" : 0,
      "write_merges" : 0,
      "read_ticks" : 313047,
      "write_ticks" : 0,
      "in_queue" : 313047,
      "util" : 98.039216
    }
  ]
}
