{
  "fio version" : "fio-3.36",
  "timestamp" : 1781330852,
  "timestamp_ms" : 1781330852258,
  "time" : "Sat Jun 13 06:07:32 2026",
  "jobs" : [
    {
      "jobname" : "sequentialread_32k_256",
      "groupid" : 0,
      "job_start" : 1781330847229,
      "error" : 0,
      "eta" : 0,
      "elapsed" : 6,
      "job options" : {
        "name" : "sequentialread_32k_256",
        "filename" : "/dev/nvme3n1",
        "ioengine" : "io_uring",
        "direct" : "1",
        "rw" : "read",
        "bs" : "32k",
        "iodepth" : "256",
        "size" : "3G",
        "runtime" : "5"
      },
      "read" : {
        "io_bytes" : 3649929216,
        "io_kbytes" : 3564384,
        "bw_bytes" : 727512301,
        "bw" : 710461,
        "iops" : 22201.913494,
        "runtime" : 5017,
        "total_ios" : 111387,
        "short_ios" : 0,
        "drop_ios" : 0,
        "slat_ns" : {
          "min" : 1117,
          "max" : 129787,
          "mean" : 1854.759873,
          "stddev" : 640.244030,
          "N" : 111387
        },
        "clat_ns" : {
          "min" : 888528,
          "max" : 30081672,
          "mean" : 11524075.011752,
          "stddev" : 4095534.212832,
          "N" : 111387,
          "percentile" : {
            "1.000000" : 3981312,
            "5.000000" : 5537792,
            "10.000000" : 6586368,
            "20.000000" : 7897088,
            "30.000000" : 8978432,
            "40.000000" : 10027008,
            "50.000000" : 11206656,
            "60.000000" : 12255232,
            "70.000000" : 13434880,
            "80.000000" : 14745600,
            "90.000000" : 16711680,
            "95.000000" : 19267584,
            "99.000000" : 22675456,
            "99.500000" : 23986176,
            "99.900000" : 26083328,
            "99.950000" : 26607616,
            "99.990000" : 29229056
          }
        },
        "lat_ns" : {
          "min" : 890139,
          "max" : 30083240,
          "mean" : 11525929.771625,
          "stddev" : 4095539.215085,
          "N" : 111387
        },
        "bw_min" : 617088,
        "bw_max" : 925248,
        "bw_agg" : 100.000000,
        "bw_mean" : 711244.800000,
        "bw_dev" : 84756.148259,
        "bw_samples" : 10,
        "iops_min" : 19284,
        "iops_max" : 28914,
        "iops_mean" : 22226.400000,
        "iops_stddev" : 2648.629633,
        "iops_samples" : 10
      },
      "write" : {
        "io_bytes" : 0,
        "io_kbytes" : 0,
        "bw_bytes" : 0,
        "bw" : 0,
        "iops" : 0.000000,
        "runtime" : 0,
        "total_ios" : 0,
        "short_ios" : 0,
        "drop_ios" : 0,
        "slat_ns" : {
          "min" : 0,
          "max" : 0,
          "mean" : 0.000000,
          "stddev" : 0.000000,
          "N" : 0
        },
        "clat_ns" : {
          "min" : 0,
          "max" : 0,
          "mean" : 0.000000,
          "stddev" : 0.000000,
          "N" : 0
        },
        "lat_ns" : {
          "min" : 0,
          "max" : 0,
          "mean" : 0.000000,
          "stddev" : 0.000000,
          "N" : 0
        },
        "bw_min" : 0,
        "bw_max" : 0,
        "bw_agg" : 0.000000,
        "bw_mean" : 0.000000,
        "bw_dev" : 0.000000,
        "bw_samples" : 0,
        "iops_min" : 0,
        "iops_max" : 0,
        "iops_mean" : 0.000000,
        "iops_stddev" : 0.000000,
        "iops_samples" : 0
      },
      "trim" : {
        "io_bytes" : 0,
        "io_kbytes" : 0,
        "bw_bytes" : 0,
        "bw" : 0,
        "iops" : 0.000000,
        "runtime" : 0,
        "total_ios" : 0,
        "short_ios" : 0,
        "drop_ios" : 0,
        "slat_ns" : {
          "min" : 0,
          "max" : 0,
          "mean" : 0.000000,
          "stddev" : 0.000000,
          "N" : 0
        },
        "clat_ns" : {
          "min" : 0,
          "max" : 0,
          "mean" : 0.000000,
          "stddev" : 0.000000,
          "N" : 0
        },
        "lat_ns" : {
          "min" : 0,
          "max" : 0,
          "mean" : 0.000000,
          "stddev" : 0.000000,
          "N" : 0
        },
        "bw_min" : 0,
        "bw_max" : 0,
        "bw_agg" : 0.000000,
        "bw_mean" : 0.000000,
        "bw_dev" : 0.000000,
        "bw_samples" : 0,
        "iops_min" : 0,
        "iops_max" : 0,
        "iops_mean" : 0.000000,
        "iops_stddev" : 0.000000,
        "iops_samples" : 0
      },
      "sync" : {
        "total_ios" : 0,
        "lat_ns" : {
          "min" : 0,
          "max" : 0,
          "mean" : 0.000000,
          "stddev" : 0.000000,
          "N" : 0
        }
      },
      "job_runtime" : 5016,
      "usr_cpu" : 0.937002,
      "sys_cpu" : 6.399522,
      "ctx" : 106619,
      "majf" : 0,
      "minf" : 2059,
      "iodepth_level" : {
        "1" : 0.100000,
        "2" : 0.100000,
        "4" : 0.100000,
        "8" : 0.100000,
        "16" : 0.100000,
        "32" : 0.100000,
        ">=64" : 99.943440
      },
      "iodepth_submit" : {
        "0" : 0.000000,
        "4" : 100.000000,
        "8" : 0.000000,
        "16" : 0.000000,
        "32" : 0.000000,
        "64" : 0.000000,
        ">=64" : 0.000000
      },
      "iodepth_complete" : {
        "0" : 0.000000,
        "4" : 99.999100,
        "8" : 0.000000,
        "16" : 0.000000,
        "32" : 0.000000,
        "64" : 0.000000,
        ">=64" : 0.100000
      },
      "latency_ns" : {
        "2" : 0.000000,
        "4" : 0.000000,
        "10" : 0.000000,
        "20" : 0.000000,
        "50" : 0.000000,
        "100" : 0.000000,
        "250" : 0.000000,
        "500" : 0.000000,
        "750" : 0.000000,
        "1000" : 0.000000
      },
      "latency_us" : {
        "2" : 0.000000,
        "4" : 0.000000,
        "10" : 0.000000,
        "20" : 0.000000,
        "50" : 0.000000,
        "100" : 0.000000,
        "250" : 0.000000,
        "500" : 0.000000,
        "750" : 0.000000,
        "1000" : 0.010000
      },
      "latency_ms" : {
        "2" : 0.085288,
        "4" : 0.915726,
        "10" : 38.207331,
        "20" : 56.863009,
        "50" : 3.925054,
        "100" : 0.000000,
        "250" : 0.000000,
        "500" : 0.000000,
        "750" : 0.000000,
        "1000" : 0.000000,
        "2000" : 0.000000,
        ">=2000" : 0.000000
      },
      "latency_depth" : 256,
      "latency_target" : 0,
      "latency_percentile" : 100.000000,
      "latency_window" : 0
    }
  ],
  "disk_util" : [
    {
      "name" : "nvme3n1",
      "read_ios" : 108814,
      "write_ios" : 0,
      "read_sectors" : 6964096,
      "write_sectors" : 0,
      "read_merges" : 0,
      "write_merges" : 0,
      "read_ticks" : 1251609,
      "write_ticks" : 0,
      "in_queue" : 1251609,
      "util" : 98.058835
    }
  ]
}
