{
  "fio version" : "fio-3.36",
  "timestamp" : 1781330820,
  "timestamp_ms" : 1781330820667,
  "time" : "Sat Jun 13 06:07:00 2026",
  "jobs" : [
    {
      "jobname" : "sequentialread_32k_4",
      "groupid" : 0,
      "job_start" : 1781330815650,
      "error" : 0,
      "eta" : 0,
      "elapsed" : 6,
      "job options" : {
        "name" : "sequentialread_32k_4",
        "filename" : "/dev/nvme3n1",
        "ioengine" : "io_uring",
        "direct" : "1",
        "rw" : "read",
        "bs" : "32k",
        "iodepth" : "4",
        "size" : "3G",
        "runtime" : "5"
      },
      "read" : {
        "io_bytes" : 2391408640,
        "io_kbytes" : 2335360,
        "bw_bytes" : 478186090,
        "bw" : 466978,
        "iops" : 14593.081384,
        "runtime" : 5001,
        "total_ios" : 72980,
        "short_ios" : 0,
        "drop_ios" : 0,
        "slat_ns" : {
          "min" : 1155,
          "max" : 52674,
          "mean" : 1541.690929,
          "stddev" : 348.706343,
          "N" : 72980
        },
        "clat_ns" : {
          "min" : 81610,
          "max" : 854078,
          "mean" : 272337.981378,
          "stddev" : 162808.878676,
          "N" : 72980,
          "percentile" : {
            "1.000000" : 86528,
            "5.000000" : 90624,
            "10.000000" : 94720,
            "20.000000" : 109056,
            "30.000000" : 136192,
            "40.000000" : 152576,
            "50.000000" : 246784,
            "60.000000" : 325632,
            "70.000000" : 387072,
            "80.000000" : 436224,
            "90.000000" : 497664,
            "95.000000" : 544768,
            "99.000000" : 634880,
            "99.500000" : 675840,
            "99.900000" : 757760,
            "99.950000" : 774144,
            "99.990000" : 831488
          }
        },
        "lat_ns" : {
          "min" : 83468,
          "max" : 855600,
          "mean" : 273879.672307,
          "stddev" : 162815.037764,
          "N" : 72980
        },
        "bw_min" : 423168,
        "bw_max" : 496640,
        "bw_agg" : 98.143897,
        "bw_mean" : 458311.111111,
        "bw_dev" : 22863.847601,
        "bw_samples" : 9,
        "iops_min" : 13224,
        "iops_max" : 15520,
        "iops_mean" : 14322.222222,
        "iops_stddev" : 714.495238,
        "iops_samples" : 9
      },
      "write" : {
        "io_bytes" : 0,
        "io_kbytes" : 0,
        "bw_bytes" : 0,
        "bw" : 0,
        "iops" : 0.000000,
        "runtime" : 0,
        "total_ios" : 0,
        "short_ios" : 0,
        "drop_ios" : 0,
        "slat_ns" : {
          "min" : 0,
          "max" : 0,
          "mean" : 0.000000,
          "stddev" : 0.000000,
          "N" : 0
        },
        "clat_ns" : {
          "min" : 0,
          "max" : 0,
          "mean" : 0.000000,
          "stddev" : 0.000000,
          "N" : 0
        },
        "lat_ns" : {
          "min" : 0,
          "max" : 0,
          "mean" : 0.000000,
          "stddev" : 0.000000,
          "N" : 0
        },
        "bw_min" : 0,
        "bw_max" : 0,
        "bw_agg" : 0.000000,
        "bw_mean" : 0.000000,
        "bw_dev" : 0.000000,
        "bw_samples" : 0,
        "iops_min" : 0,
        "iops_max" : 0,
        "iops_mean" : 0.000000,
        "iops_stddev" : 0.000000,
        "iops_samples" : 0
      },
      "trim" : {
        "io_bytes" : 0,
        "io_kbytes" : 0,
        "bw_bytes" : 0,
        "bw" : 0,
        "iops" : 0.000000,
        "runtime" : 0,
        "total_ios" : 0,
        "short_ios" : 0,
        "drop_ios" : 0,
        "slat_ns" : {
          "min" : 0,
          "max" : 0,
          "mean" : 0.000000,
          "stddev" : 0.000000,
          "N" : 0
        },
        "clat_ns" : {
          "min" : 0,
          "max" : 0,
          "mean" : 0.000000,
          "stddev" : 0.000000,
          "N" : 0
        },
        "lat_ns" : {
          "min" : 0,
          "max" : 0,
          "mean" : 0.000000,
          "stddev" : 0.000000,
          "N" : 0
        },
        "bw_min" : 0,
        "bw_max" : 0,
        "bw_agg" : 0.000000,
        "bw_mean" : 0.000000,
        "bw_dev" : 0.000000,
        "bw_samples" : 0,
        "iops_min" : 0,
        "iops_max" : 0,
        "iops_mean" : 0.000000,
        "iops_stddev" : 0.000000,
        "iops_samples" : 0
      },
      "sync" : {
        "total_ios" : 0,
        "lat_ns" : {
          "min" : 0,
          "max" : 0,
          "mean" : 0.000000,
          "stddev" : 0.000000,
          "N" : 0
        }
      },
      "job_runtime" : 5000,
      "usr_cpu" : 0.820000,
      "sys_cpu" : 3.500000,
      "ctx" : 71714,
      "majf" : 0,
      "minf" : 42,
      "iodepth_level" : {
        "1" : 0.100000,
        "2" : 0.100000,
        "4" : 99.995889,
        "8" : 0.000000,
        "16" : 0.000000,
        "32" : 0.000000,
        ">=64" : 0.000000
      },
      "iodepth_submit" : {
        "0" : 0.000000,
        "4" : 100.000000,
        "8" : 0.000000,
        "16" : 0.000000,
        "32" : 0.000000,
        "64" : 0.000000,
        ">=64" : 0.000000
      },
      "iodepth_complete" : {
        "0" : 0.000000,
        "4" : 100.000000,
        "8" : 0.000000,
        "16" : 0.000000,
        "32" : 0.000000,
        "64" : 0.000000,
        ">=64" : 0.000000
      },
      "latency_ns" : {
        "2" : 0.000000,
        "4" : 0.000000,
        "10" : 0.000000,
        "20" : 0.000000,
        "50" : 0.000000,
        "100" : 0.000000,
        "250" : 0.000000,
        "500" : 0.000000,
        "750" : 0.000000,
        "1000" : 0.000000
      },
      "latency_us" : {
        "2" : 0.000000,
        "4" : 0.000000,
        "10" : 0.000000,
        "20" : 0.000000,
        "50" : 0.000000,
        "100" : 12.996711,
        "250" : 37.419841,
        "500" : 39.665662,
        "750" : 9.801315,
        "1000" : 0.116470
      },
      "latency_ms" : {
        "2" : 0.000000,
        "4" : 0.000000,
        "10" : 0.000000,
        "20" : 0.000000,
        "50" : 0.000000,
        "100" : 0.000000,
        "250" : 0.000000,
        "500" : 0.000000,
        "750" : 0.000000,
        "1000" : 0.000000,
        "2000" : 0.000000,
        ">=2000" : 0.000000
      },
      "latency_depth" : 4,
      "latency_target" : 0,
      "latency_percentile" : 100.000000,
      "latency_window" : 0
    }
  ],
  "disk_util" : [
    {
      "name" : "nvme3n1",
      "read_ios" : 71450,
      "write_ios" : 0,
      "read_sectors" : 4572800,
      "write_sectors" : 0,
      "read_merges" : 0,
      "write_merges" : 0,
      "read_ticks" : 19435,
      "write_ticks" : 0,
      "in_queue" : 19435,
      "util" : 98.119248
    }
  ]
}
