{
  "fio version" : "fio-3.42-31-g6a66",
  "timestamp" : 1781281518,
  "timestamp_ms" : 1781281518901,
  "time" : "Fri Jun 12 16:25:18 2026",
  "jobs" : [
    {
      "jobname" : "sequentialread_32k_256",
      "groupid" : 0,
      "job_start" : 1781281513753,
      "error" : 0,
      "eta" : 0,
      "elapsed" : 6,
      "job options" : {
        "name" : "sequentialread_32k_256",
        "filename" : "/dev/nvme2n1",
        "ioengine" : "io_uring",
        "direct" : "1",
        "group_reporting" : "",
        "rw" : "read",
        "bs" : "32k",
        "iodepth" : "256",
        "size" : "3G",
        "time_based" : "",
        "runtime" : "5"
      },
      "read" : {
        "io_bytes" : 3621486592,
        "io_kbytes" : 3536608,
        "bw_bytes" : 722130925,
        "bw" : 705205,
        "iops" : 22037.686939,
        "runtime" : 5015,
        "total_ios" : 110519,
        "short_ios" : 0,
        "drop_ios" : 0,
        "slat_ns" : {
          "min" : 958,
          "max" : 24453,
          "mean" : 1278.174676,
          "stddev" : 503.522782,
          "N" : 110519
        },
        "clat_ns" : {
          "min" : 1081598,
          "max" : 30230331,
          "mean" : 11611788.730227,
          "stddev" : 4088936.633154,
          "N" : 110519,
          "percentile" : {
            "1.000000" : 3522560,
            "5.000000" : 5275648,
            "10.000000" : 6455296,
            "20.000000" : 8093696,
            "30.000000" : 9240576,
            "40.000000" : 10289152,
            "50.000000" : 11337728,
            "60.000000" : 12386304,
            "70.000000" : 13565952,
            "80.000000" : 15007744,
            "90.000000" : 16908288,
            "95.000000" : 19005440,
            "99.000000" : 22151168,
            "99.500000" : 23461888,
            "99.900000" : 26083328,
            "99.950000" : 26083328,
            "99.990000" : 29229056
          }
        },
        "lat_ns" : {
          "min" : 1082677,
          "max" : 30231525,
          "mean" : 11613066.904903,
          "stddev" : 4088933.279439,
          "N" : 110519
        },
        "bw_min" : 651200,
        "bw_max" : 862016,
        "bw_agg" : 100.000000,
        "bw_mean" : 705689.600000,
        "bw_dev" : 66027.670946,
        "bw_samples" : 10,
        "iops_min" : 20350,
        "iops_max" : 26938,
        "iops_mean" : 22052.800000,
        "iops_stddev" : 2063.364717,
        "iops_samples" : 10
      },
      "write" : {
        "io_bytes" : 0,
        "io_kbytes" : 0,
        "bw_bytes" : 0,
        "bw" : 0,
        "iops" : 0.000000,
        "runtime" : 0,
        "total_ios" : 0,
        "short_ios" : 0,
        "drop_ios" : 0,
        "slat_ns" : {
          "min" : 0,
          "max" : 0,
          "mean" : 0.000000,
          "stddev" : 0.000000,
          "N" : 0
        },
        "clat_ns" : {
          "min" : 0,
          "max" : 0,
          "mean" : 0.000000,
          "stddev" : 0.000000,
          "N" : 0
        },
        "lat_ns" : {
          "min" : 0,
          "max" : 0,
          "mean" : 0.000000,
          "stddev" : 0.000000,
          "N" : 0
        },
        "bw_min" : 0,
        "bw_max" : 0,
        "bw_agg" : 0.000000,
        "bw_mean" : 0.000000,
        "bw_dev" : 0.000000,
        "bw_samples" : 0,
        "iops_min" : 0,
        "iops_max" : 0,
        "iops_mean" : 0.000000,
        "iops_stddev" : 0.000000,
        "iops_samples" : 0
      },
      "trim" : {
        "io_bytes" : 0,
        "io_kbytes" : 0,
        "bw_bytes" : 0,
        "bw" : 0,
        "iops" : 0.000000,
        "runtime" : 0,
        "total_ios" : 0,
        "short_ios" : 0,
        "drop_ios" : 0,
        "slat_ns" : {
          "min" : 0,
          "max" : 0,
          "mean" : 0.000000,
          "stddev" : 0.000000,
          "N" : 0
        },
        "clat_ns" : {
          "min" : 0,
          "max" : 0,
          "mean" : 0.000000,
          "stddev" : 0.000000,
          "N" : 0
        },
        "lat_ns" : {
          "min" : 0,
          "max" : 0,
          "mean" : 0.000000,
          "stddev" : 0.000000,
          "N" : 0
        },
        "bw_min" : 0,
        "bw_max" : 0,
        "bw_agg" : 0.000000,
        "bw_mean" : 0.000000,
        "bw_dev" : 0.000000,
        "bw_samples" : 0,
        "iops_min" : 0,
        "iops_max" : 0,
        "iops_mean" : 0.000000,
        "iops_stddev" : 0.000000,
        "iops_samples" : 0
      },
      "sync" : {
        "total_ios" : 0,
        "lat_ns" : {
          "min" : 0,
          "max" : 0,
          "mean" : 0.000000,
          "stddev" : 0.000000,
          "N" : 0
        }
      },
      "job_runtime" : 5014,
      "usr_cpu" : 1.017152,
      "sys_cpu" : 5.225369,
      "ctx" : 91558,
      "majf" : 0,
      "minf" : 2054,
      "iodepth_level" : {
        "1" : 0.100000,
        "2" : 0.100000,
        "4" : 0.100000,
        "8" : 0.100000,
        "16" : 0.100000,
        "32" : 0.100000,
        ">=64" : 99.942996
      },
      "iodepth_submit" : {
        "0" : 0.000000,
        "4" : 100.000000,
        "8" : 0.000000,
        "16" : 0.000000,
        "32" : 0.000000,
        "64" : 0.000000,
        ">=64" : 0.000000
      },
      "iodepth_complete" : {
        "0" : 0.000000,
        "4" : 99.999093,
        "8" : 0.000000,
        "16" : 0.000000,
        "32" : 0.000000,
        "64" : 0.000000,
        ">=64" : 0.100000
      },
      "latency_ns" : {
        "2" : 0.000000,
        "4" : 0.000000,
        "10" : 0.000000,
        "20" : 0.000000,
        "50" : 0.000000,
        "100" : 0.000000,
        "250" : 0.000000,
        "500" : 0.000000,
        "750" : 0.000000,
        "1000" : 0.000000
      },
      "latency_us" : {
        "2" : 0.000000,
        "4" : 0.000000,
        "10" : 0.000000,
        "20" : 0.000000,
        "50" : 0.000000,
        "100" : 0.000000,
        "250" : 0.000000,
        "500" : 0.000000,
        "750" : 0.000000,
        "1000" : 0.000000
      },
      "latency_ms" : {
        "2" : 0.075100,
        "4" : 1.611488,
        "10" : 35.070893,
        "20" : 60.352519,
        "50" : 2.890001,
        "100" : 0.000000,
        "250" : 0.000000,
        "500" : 0.000000,
        "750" : 0.000000,
        "1000" : 0.000000,
        "2000" : 0.000000,
        ">=2000" : 0.000000
      },
      "latency_depth" : 256,
      "latency_target" : 0,
      "latency_target_ns" : 0,
      "latency_percentile" : 100.000000,
      "latency_window" : 0,
      "latency_window_us" : 0
    }
  ],
  "disk_util" : [
    {
      "name" : "nvme2n1",
      "read_ios" : 108431,
      "write_ios" : 0,
      "read_sectors" : 6939584,
      "write_sectors" : 0,
      "read_merges" : 0,
      "write_merges" : 0,
      "read_ticks" : 1251079,
      "write_ticks" : 0,
      "in_queue" : 1251079,
      "util" : 98.158527
    }
  ]
}
