{
  "fio version" : "fio-3.42-31-g6a66",
  "timestamp" : 1781281368,
  "timestamp_ms" : 1781281368078,
  "time" : "Fri Jun 12 16:22:48 2026",
  "jobs" : [
    {
      "jobname" : "sequentialread_4k_128",
      "groupid" : 0,
      "job_start" : 1781281362930,
      "error" : 0,
      "eta" : 0,
      "elapsed" : 6,
      "job options" : {
        "name" : "sequentialread_4k_128",
        "filename" : "/dev/nvme2n1",
        "ioengine" : "io_uring",
        "direct" : "1",
        "group_reporting" : "",
        "rw" : "read",
        "bs" : "4k",
        "iodepth" : "128",
        "size" : "3G",
        "time_based" : "",
        "runtime" : "5"
      },
      "read" : {
        "io_bytes" : 2948497408,
        "io_kbytes" : 2879392,
        "bw_bytes" : 589345874,
        "bw" : 575533,
        "iops" : 143883.270038,
        "runtime" : 5003,
        "total_ios" : 719848,
        "short_ios" : 0,
        "drop_ios" : 0,
        "slat_ns" : {
          "min" : 520,
          "max" : 31100,
          "mean" : 801.471648,
          "stddev" : 513.721726,
          "N" : 719848
        },
        "clat_ns" : {
          "min" : 46663,
          "max" : 7369227,
          "mean" : 888559.624451,
          "stddev" : 1179930.047080,
          "N" : 719848,
          "percentile" : {
            "1.000000" : 63232,
            "5.000000" : 66048,
            "10.000000" : 76288,
            "20.000000" : 104960,
            "30.000000" : 140288,
            "40.000000" : 191488,
            "50.000000" : 280576,
            "60.000000" : 552960,
            "70.000000" : 987136,
            "80.000000" : 1597440,
            "90.000000" : 2572288,
            "95.000000" : 3489792,
            "99.000000" : 5275648,
            "99.500000" : 5734400,
            "99.900000" : 6848512,
            "99.950000" : 7045120,
            "99.990000" : 7241728
          }
        },
        "lat_ns" : {
          "min" : 59111,
          "max" : 7369931,
          "mean" : 889361.096099,
          "stddev" : 1179931.528929,
          "N" : 719848
        },
        "bw_min" : 487432,
        "bw_max" : 683296,
        "bw_agg" : 100.000000,
        "bw_mean" : 575878.400000,
        "bw_dev" : 56888.682919,
        "bw_samples" : 10,
        "iops_min" : 121858,
        "iops_max" : 170824,
        "iops_mean" : 143969.600000,
        "iops_stddev" : 14222.170730,
        "iops_samples" : 10
      },
      "write" : {
        "io_bytes" : 0,
        "io_kbytes" : 0,
        "bw_bytes" : 0,
        "bw" : 0,
        "iops" : 0.000000,
        "runtime" : 0,
        "total_ios" : 0,
        "short_ios" : 0,
        "drop_ios" : 0,
        "slat_ns" : {
          "min" : 0,
          "max" : 0,
          "mean" : 0.000000,
          "stddev" : 0.000000,
          "N" : 0
        },
        "clat_ns" : {
          "min" : 0,
          "max" : 0,
          "mean" : 0.000000,
          "stddev" : 0.000000,
          "N" : 0
        },
        "lat_ns" : {
          "min" : 0,
          "max" : 0,
          "mean" : 0.000000,
          "stddev" : 0.000000,
          "N" : 0
        },
        "bw_min" : 0,
        "bw_max" : 0,
        "bw_agg" : 0.000000,
        "bw_mean" : 0.000000,
        "bw_dev" : 0.000000,
        "bw_samples" : 0,
        "iops_min" : 0,
        "iops_max" : 0,
        "iops_mean" : 0.000000,
        "iops_stddev" : 0.000000,
        "iops_samples" : 0
      },
      "trim" : {
        "io_bytes" : 0,
        "io_kbytes" : 0,
        "bw_bytes" : 0,
        "bw" : 0,
        "iops" : 0.000000,
        "runtime" : 0,
        "total_ios" : 0,
        "short_ios" : 0,
        "drop_ios" : 0,
        "slat_ns" : {
          "min" : 0,
          "max" : 0,
          "mean" : 0.000000,
          "stddev" : 0.000000,
          "N" : 0
        },
        "clat_ns" : {
          "min" : 0,
          "max" : 0,
          "mean" : 0.000000,
          "stddev" : 0.000000,
          "N" : 0
        },
        "lat_ns" : {
          "min" : 0,
          "max" : 0,
          "mean" : 0.000000,
          "stddev" : 0.000000,
          "N" : 0
        },
        "bw_min" : 0,
        "bw_max" : 0,
        "bw_agg" : 0.000000,
        "bw_mean" : 0.000000,
        "bw_dev" : 0.000000,
        "bw_samples" : 0,
        "iops_min" : 0,
        "iops_max" : 0,
        "iops_mean" : 0.000000,
        "iops_stddev" : 0.000000,
        "iops_samples" : 0
      },
      "sync" : {
        "total_ios" : 0,
        "lat_ns" : {
          "min" : 0,
          "max" : 0,
          "mean" : 0.000000,
          "stddev" : 0.000000,
          "N" : 0
        }
      },
      "job_runtime" : 5002,
      "usr_cpu" : 5.517793,
      "sys_cpu" : 22.011196,
      "ctx" : 381199,
      "majf" : 0,
      "minf" : 136,
      "iodepth_level" : {
        "1" : 0.100000,
        "2" : 0.100000,
        "4" : 0.100000,
        "8" : 0.100000,
        "16" : 0.100000,
        "32" : 0.100000,
        ">=64" : 99.991248
      },
      "iodepth_submit" : {
        "0" : 0.000000,
        "4" : 100.000000,
        "8" : 0.000000,
        "16" : 0.000000,
        "32" : 0.000000,
        "64" : 0.000000,
        ">=64" : 0.000000
      },
      "iodepth_complete" : {
        "0" : 0.000000,
        "4" : 99.999861,
        "8" : 0.000000,
        "16" : 0.000000,
        "32" : 0.000000,
        "64" : 0.000000,
        ">=64" : 0.100000
      },
      "latency_ns" : {
        "2" : 0.000000,
        "4" : 0.000000,
        "10" : 0.000000,
        "20" : 0.000000,
        "50" : 0.000000,
        "100" : 0.000000,
        "250" : 0.000000,
        "500" : 0.000000,
        "750" : 0.000000,
        "1000" : 0.000000
      },
      "latency_us" : {
        "2" : 0.000000,
        "4" : 0.000000,
        "10" : 0.000000,
        "20" : 0.000000,
        "50" : 0.010000,
        "100" : 18.214540,
        "250" : 29.271735,
        "500" : 11.114152,
        "750" : 6.432052,
        "1000" : 5.251109
      },
      "latency_ms" : {
        "2" : 14.553211,
        "4" : 11.918072,
        "10" : 3.244991,
        "20" : 0.000000,
        "50" : 0.000000,
        "100" : 0.000000,
        "250" : 0.000000,
        "500" : 0.000000,
        "750" : 0.000000,
        "1000" : 0.000000,
        "2000" : 0.000000,
        ">=2000" : 0.000000
      },
      "latency_depth" : 128,
      "latency_target" : 0,
      "latency_target_ns" : 0,
      "latency_percentile" : 100.000000,
      "latency_window" : 0,
      "latency_window_us" : 0
    }
  ],
  "disk_util" : [
    {
      "name" : "nvme2n1",
      "read_ios" : 706580,
      "write_ios" : 0,
      "read_sectors" : 5652640,
      "write_sectors" : 0,
      "read_merges" : 0,
      "write_merges" : 0,
      "read_ticks" : 624680,
      "write_ticks" : 0,
      "in_queue" : 624680,
      "util" : 98.078463
    }
  ]
}
