{
  "fio version" : "fio-3.36",
  "timestamp" : 1781330704,
  "timestamp_ms" : 1781330704852,
  "time" : "Sat Jun 13 06:05:04 2026",
  "jobs" : [
    {
      "jobname" : "sequentialread_4k_128",
      "groupid" : 0,
      "job_start" : 1781330699831,
      "error" : 0,
      "eta" : 0,
      "elapsed" : 6,
      "job options" : {
        "name" : "sequentialread_4k_128",
        "filename" : "/dev/nvme3n1",
        "ioengine" : "io_uring",
        "direct" : "1",
        "rw" : "read",
        "bs" : "4k",
        "iodepth" : "128",
        "size" : "3G",
        "runtime" : "5"
      },
      "read" : {
        "io_bytes" : 2979622912,
        "io_kbytes" : 2909788,
        "bw_bytes" : 595567242,
        "bw" : 581608,
        "iops" : 145402.158705,
        "runtime" : 5003,
        "total_ios" : 727447,
        "short_ios" : 0,
        "drop_ios" : 0,
        "slat_ns" : {
          "min" : 604,
          "max" : 15994,
          "mean" : 902.749470,
          "stddev" : 198.997824,
          "N" : 727447
        },
        "clat_ns" : {
          "min" : 56107,
          "max" : 7538278,
          "mean" : 879233.937875,
          "stddev" : 1167186.238249,
          "N" : 727447,
          "percentile" : {
            "1.000000" : 60672,
            "5.000000" : 64256,
            "10.000000" : 74240,
            "20.000000" : 104960,
            "30.000000" : 142336,
            "40.000000" : 197632,
            "50.000000" : 288768,
            "60.000000" : 569344,
            "70.000000" : 970752,
            "80.000000" : 1548288,
            "90.000000" : 2506752,
            "95.000000" : 3391488,
            "99.000000" : 5406720,
            "99.500000" : 5931008,
            "99.900000" : 6914048,
            "99.950000" : 7045120,
            "99.990000" : 7307264
          }
        },
        "lat_ns" : {
          "min" : 60384,
          "max" : 7539151,
          "mean" : 880136.687345,
          "stddev" : 1167185.881045,
          "N" : 727447
        },
        "bw_min" : 497416,
        "bw_max" : 677296,
        "bw_agg" : 100.000000,
        "bw_mean" : 581856.000000,
        "bw_dev" : 53291.883359,
        "bw_samples" : 10,
        "iops_min" : 124354,
        "iops_max" : 169324,
        "iops_mean" : 145464.000000,
        "iops_stddev" : 13322.970840,
        "iops_samples" : 10
      },
      "write" : {
        "io_bytes" : 0,
        "io_kbytes" : 0,
        "bw_bytes" : 0,
        "bw" : 0,
        "iops" : 0.000000,
        "runtime" : 0,
        "total_ios" : 0,
        "short_ios" : 0,
        "drop_ios" : 0,
        "slat_ns" : {
          "min" : 0,
          "max" : 0,
          "mean" : 0.000000,
          "stddev" : 0.000000,
          "N" : 0
        },
        "clat_ns" : {
          "min" : 0,
          "max" : 0,
          "mean" : 0.000000,
          "stddev" : 0.000000,
          "N" : 0
        },
        "lat_ns" : {
          "min" : 0,
          "max" : 0,
          "mean" : 0.000000,
          "stddev" : 0.000000,
          "N" : 0
        },
        "bw_min" : 0,
        "bw_max" : 0,
        "bw_agg" : 0.000000,
        "bw_mean" : 0.000000,
        "bw_dev" : 0.000000,
        "bw_samples" : 0,
        "iops_min" : 0,
        "iops_max" : 0,
        "iops_mean" : 0.000000,
        "iops_stddev" : 0.000000,
        "iops_samples" : 0
      },
      "trim" : {
        "io_bytes" : 0,
        "io_kbytes" : 0,
        "bw_bytes" : 0,
        "bw" : 0,
        "iops" : 0.000000,
        "runtime" : 0,
        "total_ios" : 0,
        "short_ios" : 0,
        "drop_ios" : 0,
        "slat_ns" : {
          "min" : 0,
          "max" : 0,
          "mean" : 0.000000,
          "stddev" : 0.000000,
          "N" : 0
        },
        "clat_ns" : {
          "min" : 0,
          "max" : 0,
          "mean" : 0.000000,
          "stddev" : 0.000000,
          "N" : 0
        },
        "lat_ns" : {
          "min" : 0,
          "max" : 0,
          "mean" : 0.000000,
          "stddev" : 0.000000,
          "N" : 0
        },
        "bw_min" : 0,
        "bw_max" : 0,
        "bw_agg" : 0.000000,
        "bw_mean" : 0.000000,
        "bw_dev" : 0.000000,
        "bw_samples" : 0,
        "iops_min" : 0,
        "iops_max" : 0,
        "iops_mean" : 0.000000,
        "iops_stddev" : 0.000000,
        "iops_samples" : 0
      },
      "sync" : {
        "total_ios" : 0,
        "lat_ns" : {
          "min" : 0,
          "max" : 0,
          "mean" : 0.000000,
          "stddev" : 0.000000,
          "N" : 0
        }
      },
      "job_runtime" : 5002,
      "usr_cpu" : 5.237905,
      "sys_cpu" : 21.831267,
      "ctx" : 533417,
      "majf" : 0,
      "minf" : 138,
      "iodepth_level" : {
        "1" : 0.100000,
        "2" : 0.100000,
        "4" : 0.100000,
        "8" : 0.100000,
        "16" : 0.100000,
        "32" : 0.100000,
        ">=64" : 99.991340
      },
      "iodepth_submit" : {
        "0" : 0.000000,
        "4" : 100.000000,
        "8" : 0.000000,
        "16" : 0.000000,
        "32" : 0.000000,
        "64" : 0.000000,
        ">=64" : 0.000000
      },
      "iodepth_complete" : {
        "0" : 0.000000,
        "4" : 99.999863,
        "8" : 0.000000,
        "16" : 0.000000,
        "32" : 0.000000,
        "64" : 0.000000,
        ">=64" : 0.100000
      },
      "latency_ns" : {
        "2" : 0.000000,
        "4" : 0.000000,
        "10" : 0.000000,
        "20" : 0.000000,
        "50" : 0.000000,
        "100" : 0.000000,
        "250" : 0.000000,
        "500" : 0.000000,
        "750" : 0.000000,
        "1000" : 0.000000
      },
      "latency_us" : {
        "2" : 0.000000,
        "4" : 0.000000,
        "10" : 0.000000,
        "20" : 0.000000,
        "50" : 0.000000,
        "100" : 18.233493,
        "250" : 28.413204,
        "500" : 11.325774,
        "750" : 6.768878,
        "1000" : 5.787638
      },
      "latency_ms" : {
        "2" : 14.881084,
        "4" : 11.508742,
        "10" : 3.081187,
        "20" : 0.000000,
        "50" : 0.000000,
        "100" : 0.000000,
        "250" : 0.000000,
        "500" : 0.000000,
        "750" : 0.000000,
        "1000" : 0.000000,
        "2000" : 0.000000,
        ">=2000" : 0.000000
      },
      "latency_depth" : 128,
      "latency_target" : 0,
      "latency_percentile" : 100.000000,
      "latency_window" : 0
    }
  ],
  "disk_util" : [
    {
      "name" : "nvme3n1",
      "read_ios" : 710045,
      "write_ios" : 0,
      "read_sectors" : 5680360,
      "write_sectors" : 0,
      "read_merges" : 0,
      "write_merges" : 0,
      "read_ticks" : 625363,
      "write_ticks" : 0,
      "in_queue" : 625363,
      "util" : 98.138883
    }
  ]
}
