{
  "fio version" : "fio-3.42-31-g6a66",
  "timestamp" : 1781281351,
  "timestamp_ms" : 1781281351918,
  "time" : "Fri Jun 12 16:22:31 2026",
  "jobs" : [
    {
      "jobname" : "sequentialread_4k_16",
      "groupid" : 0,
      "job_start" : 1781281346770,
      "error" : 0,
      "eta" : 0,
      "elapsed" : 6,
      "job options" : {
        "name" : "sequentialread_4k_16",
        "filename" : "/dev/nvme2n1",
        "ioengine" : "io_uring",
        "direct" : "1",
        "group_reporting" : "",
        "rw" : "read",
        "bs" : "4k",
        "iodepth" : "16",
        "size" : "3G",
        "time_based" : "",
        "runtime" : "5"
      },
      "read" : {
        "io_bytes" : 2048798720,
        "io_kbytes" : 2000780,
        "bw_bytes" : 409677808,
        "bw" : 400075,
        "iops" : 100018.996201,
        "runtime" : 5001,
        "total_ios" : 500195,
        "short_ios" : 0,
        "drop_ios" : 0,
        "slat_ns" : {
          "min" : 527,
          "max" : 27332,
          "mean" : 757.350651,
          "stddev" : 527.333019,
          "N" : 500195
        },
        "clat_ns" : {
          "min" : 48763,
          "max" : 1106790,
          "mean" : 159039.445814,
          "stddev" : 131968.160353,
          "N" : 500195,
          "percentile" : {
            "1.000000" : 60160,
            "5.000000" : 60672,
            "10.000000" : 61696,
            "20.000000" : 73216,
            "30.000000" : 85504,
            "40.000000" : 97792,
            "50.000000" : 109056,
            "60.000000" : 127488,
            "70.000000" : 158720,
            "80.000000" : 199680,
            "90.000000" : 333824,
            "95.000000" : 464896,
            "99.000000" : 692224,
            "99.500000" : 749568,
            "99.900000" : 839680,
            "99.950000" : 872448,
            "99.990000" : 921600
          }
        },
        "lat_ns" : {
          "min" : 59452,
          "max" : 1107562,
          "mean" : 159796.796465,
          "stddev" : 131966.889418,
          "N" : 500195
        },
        "bw_min" : 361880,
        "bw_max" : 414392,
        "bw_agg" : 100.000000,
        "bw_mean" : 400154.400000,
        "bw_dev" : 15682.069727,
        "bw_samples" : 10,
        "iops_min" : 90470,
        "iops_max" : 103598,
        "iops_mean" : 100039.000000,
        "iops_stddev" : 3920.328926,
        "iops_samples" : 10
      },
      "write" : {
        "io_bytes" : 0,
        "io_kbytes" : 0,
        "bw_bytes" : 0,
        "bw" : 0,
        "iops" : 0.000000,
        "runtime" : 0,
        "total_ios" : 0,
        "short_ios" : 0,
        "drop_ios" : 0,
        "slat_ns" : {
          "min" : 0,
          "max" : 0,
          "mean" : 0.000000,
          "stddev" : 0.000000,
          "N" : 0
        },
        "clat_ns" : {
          "min" : 0,
          "max" : 0,
          "mean" : 0.000000,
          "stddev" : 0.000000,
          "N" : 0
        },
        "lat_ns" : {
          "min" : 0,
          "max" : 0,
          "mean" : 0.000000,
          "stddev" : 0.000000,
          "N" : 0
        },
        "bw_min" : 0,
        "bw_max" : 0,
        "bw_agg" : 0.000000,
        "bw_mean" : 0.000000,
        "bw_dev" : 0.000000,
        "bw_samples" : 0,
        "iops_min" : 0,
        "iops_max" : 0,
        "iops_mean" : 0.000000,
        "iops_stddev" : 0.000000,
        "iops_samples" : 0
      },
      "trim" : {
        "io_bytes" : 0,
        "io_kbytes" : 0,
        "bw_bytes" : 0,
        "bw" : 0,
        "iops" : 0.000000,
        "runtime" : 0,
        "total_ios" : 0,
        "short_ios" : 0,
        "drop_ios" : 0,
        "slat_ns" : {
          "min" : 0,
          "max" : 0,
          "mean" : 0.000000,
          "stddev" : 0.000000,
          "N" : 0
        },
        "clat_ns" : {
          "min" : 0,
          "max" : 0,
          "mean" : 0.000000,
          "stddev" : 0.000000,
          "N" : 0
        },
        "lat_ns" : {
          "min" : 0,
          "max" : 0,
          "mean" : 0.000000,
          "stddev" : 0.000000,
          "N" : 0
        },
        "bw_min" : 0,
        "bw_max" : 0,
        "bw_agg" : 0.000000,
        "bw_mean" : 0.000000,
        "bw_dev" : 0.000000,
        "bw_samples" : 0,
        "iops_min" : 0,
        "iops_max" : 0,
        "iops_mean" : 0.000000,
        "iops_stddev" : 0.000000,
        "iops_samples" : 0
      },
      "sync" : {
        "total_ios" : 0,
        "lat_ns" : {
          "min" : 0,
          "max" : 0,
          "mean" : 0.000000,
          "stddev" : 0.000000,
          "N" : 0
        }
      },
      "job_runtime" : 5000,
      "usr_cpu" : 4.440000,
      "sys_cpu" : 17.920000,
      "ctx" : 365808,
      "majf" : 0,
      "minf" : 23,
      "iodepth_level" : {
        "1" : 0.100000,
        "2" : 0.100000,
        "4" : 0.100000,
        "8" : 0.100000,
        "16" : 99.997001,
        "32" : 0.000000,
        ">=64" : 0.000000
      },
      "iodepth_submit" : {
        "0" : 0.000000,
        "4" : 100.000000,
        "8" : 0.000000,
        "16" : 0.000000,
        "32" : 0.000000,
        "64" : 0.000000,
        ">=64" : 0.000000
      },
      "iodepth_complete" : {
        "0" : 0.000000,
        "4" : 99.999800,
        "8" : 0.000000,
        "16" : 0.100000,
        "32" : 0.000000,
        "64" : 0.000000,
        ">=64" : 0.000000
      },
      "latency_ns" : {
        "2" : 0.000000,
        "4" : 0.000000,
        "10" : 0.000000,
        "20" : 0.000000,
        "50" : 0.000000,
        "100" : 0.000000,
        "250" : 0.000000,
        "500" : 0.000000,
        "750" : 0.000000,
        "1000" : 0.000000
      },
      "latency_us" : {
        "2" : 0.000000,
        "4" : 0.000000,
        "10" : 0.000000,
        "20" : 0.000000,
        "50" : 0.010000,
        "100" : 40.809284,
        "250" : 44.683773,
        "500" : 10.531693,
        "750" : 3.477244,
        "1000" : 0.494207
      },
      "latency_ms" : {
        "2" : 0.010000,
        "4" : 0.000000,
        "10" : 0.000000,
        "20" : 0.000000,
        "50" : 0.000000,
        "100" : 0.000000,
        "250" : 0.000000,
        "500" : 0.000000,
        "750" : 0.000000,
        "1000" : 0.000000,
        "2000" : 0.000000,
        ">=2000" : 0.000000
      },
      "latency_depth" : 16,
      "latency_target" : 0,
      "latency_target_ns" : 0,
      "latency_percentile" : 100.000000,
      "latency_window" : 0,
      "latency_window_us" : 0
    }
  ],
  "disk_util" : [
    {
      "name" : "nvme2n1",
      "read_ios" : 489431,
      "write_ios" : 0,
      "read_sectors" : 3915448,
      "write_sectors" : 0,
      "read_merges" : 0,
      "write_merges" : 0,
      "read_ticks" : 77247,
      "write_ticks" : 0,
      "in_queue" : 77247,
      "util" : 98.058835
    }
  ]
}
