{
  "fio version" : "fio-3.42-31-g6a66",
  "timestamp" : 1781281357,
  "timestamp_ms" : 1781281357305,
  "time" : "Fri Jun 12 16:22:37 2026",
  "jobs" : [
    {
      "jobname" : "sequentialread_4k_32",
      "groupid" : 0,
      "job_start" : 1781281352156,
      "error" : 0,
      "eta" : 0,
      "elapsed" : 6,
      "job options" : {
        "name" : "sequentialread_4k_32",
        "filename" : "/dev/nvme2n1",
        "ioengine" : "io_uring",
        "direct" : "1",
        "group_reporting" : "",
        "rw" : "read",
        "bs" : "4k",
        "iodepth" : "32",
        "size" : "3G",
        "time_based" : "",
        "runtime" : "5"
      },
      "read" : {
        "io_bytes" : 2510295040,
        "io_kbytes" : 2451460,
        "bw_bytes" : 501958616,
        "bw" : 490193,
        "iops" : 122548.490302,
        "runtime" : 5001,
        "total_ios" : 612865,
        "short_ios" : 0,
        "drop_ios" : 0,
        "slat_ns" : {
          "min" : 525,
          "max" : 44777,
          "mean" : 760.647356,
          "stddev" : 534.987704,
          "N" : 612865
        },
        "clat_ns" : {
          "min" : 49263,
          "max" : 2008267,
          "mean" : 260185.531670,
          "stddev" : 297791.074693,
          "N" : 612865,
          "percentile" : {
            "1.000000" : 60672,
            "5.000000" : 61696,
            "10.000000" : 68096,
            "20.000000" : 80384,
            "30.000000" : 98816,
            "40.000000" : 119296,
            "50.000000" : 142336,
            "60.000000" : 175104,
            "70.000000" : 226304,
            "80.000000" : 333824,
            "90.000000" : 667648,
            "95.000000" : 970752,
            "99.000000" : 1433600,
            "99.500000" : 1548288,
            "99.900000" : 1712128,
            "99.950000" : 1794048,
            "99.990000" : 1875968
          }
        },
        "lat_ns" : {
          "min" : 59435,
          "max" : 2009031,
          "mean" : 260946.179026,
          "stddev" : 297783.172311,
          "N" : 612865
        },
        "bw_min" : 414944,
        "bw_max" : 533384,
        "bw_agg" : 100.000000,
        "bw_mean" : 490292.000000,
        "bw_dev" : 34119.232765,
        "bw_samples" : 10,
        "iops_min" : 103736,
        "iops_max" : 133346,
        "iops_mean" : 122573.000000,
        "iops_stddev" : 8529.808191,
        "iops_samples" : 10
      },
      "write" : {
        "io_bytes" : 0,
        "io_kbytes" : 0,
        "bw_bytes" : 0,
        "bw" : 0,
        "iops" : 0.000000,
        "runtime" : 0,
        "total_ios" : 0,
        "short_ios" : 0,
        "drop_ios" : 0,
        "slat_ns" : {
          "min" : 0,
          "max" : 0,
          "mean" : 0.000000,
          "stddev" : 0.000000,
          "N" : 0
        },
        "clat_ns" : {
          "min" : 0,
          "max" : 0,
          "mean" : 0.000000,
          "stddev" : 0.000000,
          "N" : 0
        },
        "lat_ns" : {
          "min" : 0,
          "max" : 0,
          "mean" : 0.000000,
          "stddev" : 0.000000,
          "N" : 0
        },
        "bw_min" : 0,
        "bw_max" : 0,
        "bw_agg" : 0.000000,
        "bw_mean" : 0.000000,
        "bw_dev" : 0.000000,
        "bw_samples" : 0,
        "iops_min" : 0,
        "iops_max" : 0,
        "iops_mean" : 0.000000,
        "iops_stddev" : 0.000000,
        "iops_samples" : 0
      },
      "trim" : {
        "io_bytes" : 0,
        "io_kbytes" : 0,
        "bw_bytes" : 0,
        "bw" : 0,
        "iops" : 0.000000,
        "runtime" : 0,
        "total_ios" : 0,
        "short_ios" : 0,
        "drop_ios" : 0,
        "slat_ns" : {
          "min" : 0,
          "max" : 0,
          "mean" : 0.000000,
          "stddev" : 0.000000,
          "N" : 0
        },
        "clat_ns" : {
          "min" : 0,
          "max" : 0,
          "mean" : 0.000000,
          "stddev" : 0.000000,
          "N" : 0
        },
        "lat_ns" : {
          "min" : 0,
          "max" : 0,
          "mean" : 0.000000,
          "stddev" : 0.000000,
          "N" : 0
        },
        "bw_min" : 0,
        "bw_max" : 0,
        "bw_agg" : 0.000000,
        "bw_mean" : 0.000000,
        "bw_dev" : 0.000000,
        "bw_samples" : 0,
        "iops_min" : 0,
        "iops_max" : 0,
        "iops_mean" : 0.000000,
        "iops_stddev" : 0.000000,
        "iops_samples" : 0
      },
      "sync" : {
        "total_ios" : 0,
        "lat_ns" : {
          "min" : 0,
          "max" : 0,
          "mean" : 0.000000,
          "stddev" : 0.000000,
          "N" : 0
        }
      },
      "job_runtime" : 5000,
      "usr_cpu" : 5.800000,
      "sys_cpu" : 18.840000,
      "ctx" : 392224,
      "majf" : 0,
      "minf" : 39,
      "iodepth_level" : {
        "1" : 0.100000,
        "2" : 0.100000,
        "4" : 0.100000,
        "8" : 0.100000,
        "16" : 0.100000,
        "32" : 99.994942,
        ">=64" : 0.000000
      },
      "iodepth_submit" : {
        "0" : 0.000000,
        "4" : 100.000000,
        "8" : 0.000000,
        "16" : 0.000000,
        "32" : 0.000000,
        "64" : 0.000000,
        ">=64" : 0.000000
      },
      "iodepth_complete" : {
        "0" : 0.000000,
        "4" : 99.999837,
        "8" : 0.000000,
        "16" : 0.000000,
        "32" : 0.100000,
        "64" : 0.000000,
        ">=64" : 0.000000
      },
      "latency_ns" : {
        "2" : 0.000000,
        "4" : 0.000000,
        "10" : 0.000000,
        "20" : 0.000000,
        "50" : 0.000000,
        "100" : 0.000000,
        "250" : 0.000000,
        "500" : 0.000000,
        "750" : 0.000000,
        "1000" : 0.000000
      },
      "latency_us" : {
        "2" : 0.000000,
        "4" : 0.000000,
        "10" : 0.000000,
        "20" : 0.000000,
        "50" : 0.010000,
        "100" : 30.386464,
        "250" : 43.169213,
        "500" : 12.243643,
        "750" : 5.944866,
        "1000" : 3.575176
      },
      "latency_ms" : {
        "2" : 4.680150,
        "4" : 0.010000,
        "10" : 0.000000,
        "20" : 0.000000,
        "50" : 0.000000,
        "100" : 0.000000,
        "250" : 0.000000,
        "500" : 0.000000,
        "750" : 0.000000,
        "1000" : 0.000000,
        "2000" : 0.000000,
        ">=2000" : 0.000000
      },
      "latency_depth" : 32,
      "latency_target" : 0,
      "latency_target_ns" : 0,
      "latency_percentile" : 100.000000,
      "latency_window" : 0,
      "latency_window_us" : 0
    }
  ],
  "disk_util" : [
    {
      "name" : "nvme2n1",
      "read_ios" : 598304,
      "write_ios" : 0,
      "read_sectors" : 4786432,
      "write_sectors" : 0,
      "read_merges" : 0,
      "write_merges" : 0,
      "read_ticks" : 155269,
      "write_ticks" : 0,
      "in_queue" : 155269,
      "util" : 98.138883
    }
  ]
}
