{
  "fio version" : "fio-3.36",
  "timestamp" : 1781330699,
  "timestamp_ms" : 1781330699586,
  "time" : "Sat Jun 13 06:04:59 2026",
  "jobs" : [
    {
      "jobname" : "sequentialread_4k_64",
      "groupid" : 0,
      "job_start" : 1781330694567,
      "error" : 0,
      "eta" : 0,
      "elapsed" : 6,
      "job options" : {
        "name" : "sequentialread_4k_64",
        "filename" : "/dev/nvme3n1",
        "ioengine" : "io_uring",
        "direct" : "1",
        "rw" : "read",
        "bs" : "4k",
        "iodepth" : "64",
        "size" : "3G",
        "runtime" : "5"
      },
      "read" : {
        "io_bytes" : 2778120192,
        "io_kbytes" : 2713008,
        "bw_bytes" : 555401877,
        "bw" : 542384,
        "iops" : 135596.161535,
        "runtime" : 5002,
        "total_ios" : 678252,
        "short_ios" : 0,
        "drop_ios" : 0,
        "slat_ns" : {
          "min" : 603,
          "max" : 115464,
          "mean" : 1021.520837,
          "stddev" : 321.787419,
          "N" : 678252
        },
        "clat_ns" : {
          "min" : 53858,
          "max" : 3941635,
          "mean" : 470756.145273,
          "stddev" : 625793.374224,
          "N" : 678252,
          "percentile" : {
            "1.000000" : 60160,
            "5.000000" : 60672,
            "10.000000" : 72192,
            "20.000000" : 91648,
            "30.000000" : 115200,
            "40.000000" : 148480,
            "50.000000" : 191488,
            "60.000000" : 254976,
            "70.000000" : 407552,
            "80.000000" : 741376,
            "90.000000" : 1351680,
            "95.000000" : 1892352,
            "99.000000" : 2932736,
            "99.500000" : 3227648,
            "99.900000" : 3457024,
            "99.950000" : 3489792,
            "99.990000" : 3620864
          }
        },
        "lat_ns" : {
          "min" : 59844,
          "max" : 3942574,
          "mean" : 471777.666111,
          "stddev" : 625786.928761,
          "N" : 678252
        },
        "bw_min" : 475608,
        "bw_max" : 646040,
        "bw_agg" : 100.000000,
        "bw_mean" : 544444.444444,
        "bw_dev" : 56589.857906,
        "bw_samples" : 9,
        "iops_min" : 118902,
        "iops_max" : 161510,
        "iops_mean" : 136111.111111,
        "iops_stddev" : 14147.464476,
        "iops_samples" : 9
      },
      "write" : {
        "io_bytes" : 0,
        "io_kbytes" : 0,
        "bw_bytes" : 0,
        "bw" : 0,
        "iops" : 0.000000,
        "runtime" : 0,
        "total_ios" : 0,
        "short_ios" : 0,
        "drop_ios" : 0,
        "slat_ns" : {
          "min" : 0,
          "max" : 0,
          "mean" : 0.000000,
          "stddev" : 0.000000,
          "N" : 0
        },
        "clat_ns" : {
          "min" : 0,
          "max" : 0,
          "mean" : 0.000000,
          "stddev" : 0.000000,
          "N" : 0
        },
        "lat_ns" : {
          "min" : 0,
          "max" : 0,
          "mean" : 0.000000,
          "stddev" : 0.000000,
          "N" : 0
        },
        "bw_min" : 0,
        "bw_max" : 0,
        "bw_agg" : 0.000000,
        "bw_mean" : 0.000000,
        "bw_dev" : 0.000000,
        "bw_samples" : 0,
        "iops_min" : 0,
        "iops_max" : 0,
        "iops_mean" : 0.000000,
        "iops_stddev" : 0.000000,
        "iops_samples" : 0
      },
      "trim" : {
        "io_bytes" : 0,
        "io_kbytes" : 0,
        "bw_bytes" : 0,
        "bw" : 0,
        "iops" : 0.000000,
        "runtime" : 0,
        "total_ios" : 0,
        "short_ios" : 0,
        "drop_ios" : 0,
        "slat_ns" : {
          "min" : 0,
          "max" : 0,
          "mean" : 0.000000,
          "stddev" : 0.000000,
          "N" : 0
        },
        "clat_ns" : {
          "min" : 0,
          "max" : 0,
          "mean" : 0.000000,
          "stddev" : 0.000000,
          "N" : 0
        },
        "lat_ns" : {
          "min" : 0,
          "max" : 0,
          "mean" : 0.000000,
          "stddev" : 0.000000,
          "N" : 0
        },
        "bw_min" : 0,
        "bw_max" : 0,
        "bw_agg" : 0.000000,
        "bw_mean" : 0.000000,
        "bw_dev" : 0.000000,
        "bw_samples" : 0,
        "iops_min" : 0,
        "iops_max" : 0,
        "iops_mean" : 0.000000,
        "iops_stddev" : 0.000000,
        "iops_samples" : 0
      },
      "sync" : {
        "total_ios" : 0,
        "lat_ns" : {
          "min" : 0,
          "max" : 0,
          "mean" : 0.000000,
          "stddev" : 0.000000,
          "N" : 0
        }
      },
      "job_runtime" : 5001,
      "usr_cpu" : 4.999000,
      "sys_cpu" : 21.235753,
      "ctx" : 453996,
      "majf" : 0,
      "minf" : 74,
      "iodepth_level" : {
        "1" : 0.100000,
        "2" : 0.100000,
        "4" : 0.100000,
        "8" : 0.100000,
        "16" : 0.100000,
        "32" : 0.100000,
        ">=64" : 99.990711
      },
      "iodepth_submit" : {
        "0" : 0.000000,
        "4" : 100.000000,
        "8" : 0.000000,
        "16" : 0.000000,
        "32" : 0.000000,
        "64" : 0.000000,
        ">=64" : 0.000000
      },
      "iodepth_complete" : {
        "0" : 0.000000,
        "4" : 99.999853,
        "8" : 0.000000,
        "16" : 0.000000,
        "32" : 0.000000,
        "64" : 0.100000,
        ">=64" : 0.000000
      },
      "latency_ns" : {
        "2" : 0.000000,
        "4" : 0.000000,
        "10" : 0.000000,
        "20" : 0.000000,
        "50" : 0.000000,
        "100" : 0.000000,
        "250" : 0.000000,
        "500" : 0.000000,
        "750" : 0.000000,
        "1000" : 0.000000
      },
      "latency_us" : {
        "2" : 0.000000,
        "4" : 0.000000,
        "10" : 0.000000,
        "20" : 0.000000,
        "50" : 0.000000,
        "100" : 23.609809,
        "250" : 35.909220,
        "500" : 13.769661,
        "750" : 7.012143,
        "1000" : 4.821512
      },
      "latency_ms" : {
        "2" : 10.484894,
        "4" : 4.392763,
        "10" : 0.000000,
        "20" : 0.000000,
        "50" : 0.000000,
        "100" : 0.000000,
        "250" : 0.000000,
        "500" : 0.000000,
        "750" : 0.000000,
        "1000" : 0.000000,
        "2000" : 0.000000,
        ">=2000" : 0.000000
      },
      "latency_depth" : 64,
      "latency_target" : 0,
      "latency_percentile" : 100.000000,
      "latency_window" : 0
    }
  ],
  "disk_util" : [
    {
      "name" : "nvme3n1",
      "read_ios" : 666106,
      "write_ios" : 0,
      "read_sectors" : 5328848,
      "write_sectors" : 0,
      "read_merges" : 0,
      "write_merges" : 0,
      "read_ticks" : 311934,
      "write_ticks" : 0,
      "in_queue" : 311934,
      "util" : 98.078463
    }
  ]
}
