{
  "fio version" : "fio-3.42-31-g6a66",
  "timestamp" : 1781281346,
  "timestamp_ms" : 1781281346532,
  "time" : "Fri Jun 12 16:22:26 2026",
  "jobs" : [
    {
      "jobname" : "sequentialread_4k_8",
      "groupid" : 0,
      "job_start" : 1781281341384,
      "error" : 0,
      "eta" : 0,
      "elapsed" : 6,
      "job options" : {
        "name" : "sequentialread_4k_8",
        "filename" : "/dev/nvme2n1",
        "ioengine" : "io_uring",
        "direct" : "1",
        "group_reporting" : "",
        "rw" : "read",
        "bs" : "4k",
        "iodepth" : "8",
        "size" : "3G",
        "time_based" : "",
        "runtime" : "5"
      },
      "read" : {
        "io_bytes" : 1635012608,
        "io_kbytes" : 1596692,
        "bw_bytes" : 326937134,
        "bw" : 319274,
        "iops" : 79818.636273,
        "runtime" : 5001,
        "total_ios" : 399173,
        "short_ios" : 0,
        "drop_ios" : 0,
        "slat_ns" : {
          "min" : 535,
          "max" : 27602,
          "mean" : 743.697186,
          "stddev" : 487.993171,
          "N" : 399173
        },
        "clat_ns" : {
          "min" : 57670,
          "max" : 535040,
          "mean" : 99313.775957,
          "stddev" : 49749.178235,
          "N" : 399173,
          "percentile" : {
            "1.000000" : 59648,
            "5.000000" : 60160,
            "10.000000" : 60160,
            "20.000000" : 61184,
            "30.000000" : 68096,
            "40.000000" : 73216,
            "50.000000" : 91648,
            "60.000000" : 95744,
            "70.000000" : 107008,
            "80.000000" : 118272,
            "90.000000" : 146432,
            "95.000000" : 203776,
            "99.000000" : 309248,
            "99.500000" : 342016,
            "99.900000" : 407552,
            "99.950000" : 432128,
            "99.990000" : 464896
          }
        },
        "lat_ns" : {
          "min" : 59543,
          "max" : 535632,
          "mean" : 100057.473143,
          "stddev" : 49751.678129,
          "N" : 399173
        },
        "bw_min" : 296656,
        "bw_max" : 331560,
        "bw_agg" : 100.000000,
        "bw_mean" : 319338.400000,
        "bw_dev" : 9408.369645,
        "bw_samples" : 10,
        "iops_min" : 74164,
        "iops_max" : 82890,
        "iops_mean" : 79834.600000,
        "iops_stddev" : 2352.092411,
        "iops_samples" : 10
      },
      "write" : {
        "io_bytes" : 0,
        "io_kbytes" : 0,
        "bw_bytes" : 0,
        "bw" : 0,
        "iops" : 0.000000,
        "runtime" : 0,
        "total_ios" : 0,
        "short_ios" : 0,
        "drop_ios" : 0,
        "slat_ns" : {
          "min" : 0,
          "max" : 0,
          "mean" : 0.000000,
          "stddev" : 0.000000,
          "N" : 0
        },
        "clat_ns" : {
          "min" : 0,
          "max" : 0,
          "mean" : 0.000000,
          "stddev" : 0.000000,
          "N" : 0
        },
        "lat_ns" : {
          "min" : 0,
          "max" : 0,
          "mean" : 0.000000,
          "stddev" : 0.000000,
          "N" : 0
        },
        "bw_min" : 0,
        "bw_max" : 0,
        "bw_agg" : 0.000000,
        "bw_mean" : 0.000000,
        "bw_dev" : 0.000000,
        "bw_samples" : 0,
        "iops_min" : 0,
        "iops_max" : 0,
        "iops_mean" : 0.000000,
        "iops_stddev" : 0.000000,
        "iops_samples" : 0
      },
      "trim" : {
        "io_bytes" : 0,
        "io_kbytes" : 0,
        "bw_bytes" : 0,
        "bw" : 0,
        "iops" : 0.000000,
        "runtime" : 0,
        "total_ios" : 0,
        "short_ios" : 0,
        "drop_ios" : 0,
        "slat_ns" : {
          "min" : 0,
          "max" : 0,
          "mean" : 0.000000,
          "stddev" : 0.000000,
          "N" : 0
        },
        "clat_ns" : {
          "min" : 0,
          "max" : 0,
          "mean" : 0.000000,
          "stddev" : 0.000000,
          "N" : 0
        },
        "lat_ns" : {
          "min" : 0,
          "max" : 0,
          "mean" : 0.000000,
          "stddev" : 0.000000,
          "N" : 0
        },
        "bw_min" : 0,
        "bw_max" : 0,
        "bw_agg" : 0.000000,
        "bw_mean" : 0.000000,
        "bw_dev" : 0.000000,
        "bw_samples" : 0,
        "iops_min" : 0,
        "iops_max" : 0,
        "iops_mean" : 0.000000,
        "iops_stddev" : 0.000000,
        "iops_samples" : 0
      },
      "sync" : {
        "total_ios" : 0,
        "lat_ns" : {
          "min" : 0,
          "max" : 0,
          "mean" : 0.000000,
          "stddev" : 0.000000,
          "N" : 0
        }
      },
      "job_runtime" : 5000,
      "usr_cpu" : 5.000000,
      "sys_cpu" : 13.160000,
      "ctx" : 328718,
      "majf" : 0,
      "minf" : 16,
      "iodepth_level" : {
        "1" : 0.100000,
        "2" : 0.100000,
        "4" : 0.100000,
        "8" : 99.998246,
        "16" : 0.000000,
        "32" : 0.000000,
        ">=64" : 0.000000
      },
      "iodepth_submit" : {
        "0" : 0.000000,
        "4" : 100.000000,
        "8" : 0.000000,
        "16" : 0.000000,
        "32" : 0.000000,
        "64" : 0.000000,
        ">=64" : 0.000000
      },
      "iodepth_complete" : {
        "0" : 0.000000,
        "4" : 99.999749,
        "8" : 0.100000,
        "16" : 0.000000,
        "32" : 0.000000,
        "64" : 0.000000,
        ">=64" : 0.000000
      },
      "latency_ns" : {
        "2" : 0.000000,
        "4" : 0.000000,
        "10" : 0.000000,
        "20" : 0.000000,
        "50" : 0.000000,
        "100" : 0.000000,
        "250" : 0.000000,
        "500" : 0.000000,
        "750" : 0.000000,
        "1000" : 0.000000
      },
      "latency_us" : {
        "2" : 0.000000,
        "4" : 0.000000,
        "10" : 0.000000,
        "20" : 0.000000,
        "50" : 0.000000,
        "100" : 63.280583,
        "250" : 34.132820,
        "500" : 2.586347,
        "750" : 0.010000,
        "1000" : 0.000000
      },
      "latency_ms" : {
        "2" : 0.000000,
        "4" : 0.000000,
        "10" : 0.000000,
        "20" : 0.000000,
        "50" : 0.000000,
        "100" : 0.000000,
        "250" : 0.000000,
        "500" : 0.000000,
        "750" : 0.000000,
        "1000" : 0.000000,
        "2000" : 0.000000,
        ">=2000" : 0.000000
      },
      "latency_depth" : 8,
      "latency_target" : 0,
      "latency_target_ns" : 0,
      "latency_percentile" : 100.000000,
      "latency_window" : 0,
      "latency_window_us" : 0
    }
  ],
  "disk_util" : [
    {
      "name" : "nvme2n1",
      "read_ios" : 390888,
      "write_ios" : 0,
      "read_sectors" : 3127104,
      "write_sectors" : 0,
      "read_merges" : 0,
      "write_merges" : 0,
      "read_ticks" : 38372,
      "write_ticks" : 0,
      "in_queue" : 38372,
      "util" : 98.138883
    }
  ]
}
