{
  "fio version" : "fio-3.42-31-g6a66",
  "timestamp" : 1781281556,
  "timestamp_ms" : 1781281556604,
  "time" : "Fri Jun 12 16:25:56 2026",
  "jobs" : [
    {
      "jobname" : "sequentialread_64k_64",
      "groupid" : 0,
      "job_start" : 1781281551456,
      "error" : 0,
      "eta" : 0,
      "elapsed" : 6,
      "job options" : {
        "name" : "sequentialread_64k_64",
        "filename" : "/dev/nvme2n1",
        "ioengine" : "io_uring",
        "direct" : "1",
        "group_reporting" : "",
        "rw" : "read",
        "bs" : "64k",
        "iodepth" : "64",
        "size" : "3G",
        "time_based" : "",
        "runtime" : "5"
      },
      "read" : {
        "io_bytes" : 3789225984,
        "io_kbytes" : 3700416,
        "bw_bytes" : 756634581,
        "bw" : 738900,
        "iops" : 11545.327476,
        "runtime" : 5008,
        "total_ios" : 57819,
        "short_ios" : 0,
        "drop_ios" : 0,
        "slat_ns" : {
          "min" : 1274,
          "max" : 25085,
          "mean" : 1577.985852,
          "stddev" : 616.935230,
          "N" : 57819
        },
        "clat_ns" : {
          "min" : 100946,
          "max" : 13544646,
          "mean" : 5540564.375707,
          "stddev" : 2587898.206707,
          "N" : 57819,
          "percentile" : {
            "1.000000" : 733184,
            "5.000000" : 1417216,
            "10.000000" : 2146304,
            "20.000000" : 3260416,
            "30.000000" : 4079616,
            "40.000000" : 4751360,
            "50.000000" : 5406720,
            "60.000000" : 6062080,
            "70.000000" : 6848512,
            "80.000000" : 7766016,
            "90.000000" : 9109504,
            "95.000000" : 10027008,
            "99.000000" : 12124160,
            "99.500000" : 12648448,
            "99.900000" : 13172736,
            "99.950000" : 13172736,
            "99.990000" : 13434880
          }
        },
        "lat_ns" : {
          "min" : 102422,
          "max" : 13546151,
          "mean" : 5542142.361559,
          "stddev" : 2587891.783705,
          "N" : 57819
        },
        "bw_min" : 620672,
        "bw_max" : 886784,
        "bw_agg" : 100.000000,
        "bw_mean" : 739276.800000,
        "bw_dev" : 80586.280802,
        "bw_samples" : 10,
        "iops_min" : 9698,
        "iops_max" : 13856,
        "iops_mean" : 11551.200000,
        "iops_stddev" : 1259.160638,
        "iops_samples" : 10
      },
      "write" : {
        "io_bytes" : 0,
        "io_kbytes" : 0,
        "bw_bytes" : 0,
        "bw" : 0,
        "iops" : 0.000000,
        "runtime" : 0,
        "total_ios" : 0,
        "short_ios" : 0,
        "drop_ios" : 0,
        "slat_ns" : {
          "min" : 0,
          "max" : 0,
          "mean" : 0.000000,
          "stddev" : 0.000000,
          "N" : 0
        },
        "clat_ns" : {
          "min" : 0,
          "max" : 0,
          "mean" : 0.000000,
          "stddev" : 0.000000,
          "N" : 0
        },
        "lat_ns" : {
          "min" : 0,
          "max" : 0,
          "mean" : 0.000000,
          "stddev" : 0.000000,
          "N" : 0
        },
        "bw_min" : 0,
        "bw_max" : 0,
        "bw_agg" : 0.000000,
        "bw_mean" : 0.000000,
        "bw_dev" : 0.000000,
        "bw_samples" : 0,
        "iops_min" : 0,
        "iops_max" : 0,
        "iops_mean" : 0.000000,
        "iops_stddev" : 0.000000,
        "iops_samples" : 0
      },
      "trim" : {
        "io_bytes" : 0,
        "io_kbytes" : 0,
        "bw_bytes" : 0,
        "bw" : 0,
        "iops" : 0.000000,
        "runtime" : 0,
        "total_ios" : 0,
        "short_ios" : 0,
        "drop_ios" : 0,
        "slat_ns" : {
          "min" : 0,
          "max" : 0,
          "mean" : 0.000000,
          "stddev" : 0.000000,
          "N" : 0
        },
        "clat_ns" : {
          "min" : 0,
          "max" : 0,
          "mean" : 0.000000,
          "stddev" : 0.000000,
          "N" : 0
        },
        "lat_ns" : {
          "min" : 0,
          "max" : 0,
          "mean" : 0.000000,
          "stddev" : 0.000000,
          "N" : 0
        },
        "bw_min" : 0,
        "bw_max" : 0,
        "bw_agg" : 0.000000,
        "bw_mean" : 0.000000,
        "bw_dev" : 0.000000,
        "bw_samples" : 0,
        "iops_min" : 0,
        "iops_max" : 0,
        "iops_mean" : 0.000000,
        "iops_stddev" : 0.000000,
        "iops_samples" : 0
      },
      "sync" : {
        "total_ios" : 0,
        "lat_ns" : {
          "min" : 0,
          "max" : 0,
          "mean" : 0.000000,
          "stddev" : 0.000000,
          "N" : 0
        }
      },
      "job_runtime" : 5007,
      "usr_cpu" : 0.878770,
      "sys_cpu" : 3.015778,
      "ctx" : 53939,
      "majf" : 0,
      "minf" : 1032,
      "iodepth_level" : {
        "1" : 0.100000,
        "2" : 0.100000,
        "4" : 0.100000,
        "8" : 0.100000,
        "16" : 0.100000,
        "32" : 0.100000,
        ">=64" : 99.891039
      },
      "iodepth_submit" : {
        "0" : 0.000000,
        "4" : 100.000000,
        "8" : 0.000000,
        "16" : 0.000000,
        "32" : 0.000000,
        "64" : 0.000000,
        ">=64" : 0.000000
      },
      "iodepth_complete" : {
        "0" : 0.000000,
        "4" : 99.998269,
        "8" : 0.000000,
        "16" : 0.000000,
        "32" : 0.000000,
        "64" : 0.100000,
        ">=64" : 0.000000
      },
      "latency_ns" : {
        "2" : 0.000000,
        "4" : 0.000000,
        "10" : 0.000000,
        "20" : 0.000000,
        "50" : 0.000000,
        "100" : 0.000000,
        "250" : 0.000000,
        "500" : 0.000000,
        "750" : 0.000000,
        "1000" : 0.000000
      },
      "latency_us" : {
        "2" : 0.000000,
        "4" : 0.000000,
        "10" : 0.000000,
        "20" : 0.000000,
        "50" : 0.000000,
        "100" : 0.000000,
        "250" : 0.209274,
        "500" : 0.190249,
        "750" : 0.698732,
        "1000" : 1.259102
      },
      "latency_ms" : {
        "2" : 6.528996,
        "4" : 20.149086,
        "10" : 65.834760,
        "20" : 5.129802,
        "50" : 0.000000,
        "100" : 0.000000,
        "250" : 0.000000,
        "500" : 0.000000,
        "750" : 0.000000,
        "1000" : 0.000000,
        "2000" : 0.000000,
        ">=2000" : 0.000000
      },
      "latency_depth" : 64,
      "latency_target" : 0,
      "latency_target_ns" : 0,
      "latency_percentile" : 100.000000,
      "latency_window" : 0,
      "latency_window_us" : 0
    }
  ],
  "disk_util" : [
    {
      "name" : "nvme2n1",
      "read_ios" : 56321,
      "write_ios" : 0,
      "read_sectors" : 7209088,
      "write_sectors" : 0,
      "read_merges" : 0,
      "write_merges" : 0,
      "read_ticks" : 312982,
      "write_ticks" : 0,
      "in_queue" : 312983,
      "util" : 98.138883
    }
  ]
}
