{
  "fio version" : "fio-3.42-31-g6a66",
  "timestamp" : 1781281529,
  "timestamp_ms" : 1781281529673,
  "time" : "Fri Jun 12 16:25:29 2026",
  "jobs" : [
    {
      "jobname" : "sequentialread_64k_2",
      "groupid" : 0,
      "job_start" : 1781281524525,
      "error" : 0,
      "eta" : 0,
      "elapsed" : 6,
      "job options" : {
        "name" : "sequentialread_64k_2",
        "filename" : "/dev/nvme2n1",
        "ioengine" : "io_uring",
        "direct" : "1",
        "group_reporting" : "",
        "rw" : "read",
        "bs" : "64k",
        "iodepth" : "2",
        "size" : "3G",
        "time_based" : "",
        "runtime" : "5"
      },
      "read" : {
        "io_bytes" : 1965162496,
        "io_kbytes" : 1919104,
        "bw_bytes" : 392953908,
        "bw" : 383744,
        "iops" : 5996.000800,
        "runtime" : 5001,
        "total_ios" : 29986,
        "short_ios" : 0,
        "drop_ios" : 0,
        "slat_ns" : {
          "min" : 1241,
          "max" : 21338,
          "mean" : 1499.627426,
          "stddev" : 533.357317,
          "N" : 29986
        },
        "clat_ns" : {
          "min" : 98551,
          "max" : 1006426,
          "mean" : 331815.755119,
          "stddev" : 249642.205411,
          "N" : 29986,
          "percentile" : {
            "1.000000" : 99840,
            "5.000000" : 99840,
            "10.000000" : 100864,
            "20.000000" : 103936,
            "30.000000" : 108032,
            "40.000000" : 110080,
            "50.000000" : 272384,
            "60.000000" : 378880,
            "70.000000" : 452608,
            "80.000000" : 602112,
            "90.000000" : 741376,
            "95.000000" : 790528,
            "99.000000" : 839680,
            "99.500000" : 880640,
            "99.900000" : 970752,
            "99.950000" : 987136,
            "99.990000" : 1003520
          }
        },
        "lat_ns" : {
          "min" : 100672,
          "max" : 1007876,
          "mean" : 333315.382545,
          "stddev" : 249655.903250,
          "N" : 29986
        },
        "bw_min" : 335104,
        "bw_max" : 420992,
        "bw_agg" : 98.851044,
        "bw_mean" : 379335.111111,
        "bw_dev" : 29040.920218,
        "bw_samples" : 9,
        "iops_min" : 5236,
        "iops_max" : 6578,
        "iops_mean" : 5927.111111,
        "iops_stddev" : 453.764378,
        "iops_samples" : 9
      },
      "write" : {
        "io_bytes" : 0,
        "io_kbytes" : 0,
        "bw_bytes" : 0,
        "bw" : 0,
        "iops" : 0.000000,
        "runtime" : 0,
        "total_ios" : 0,
        "short_ios" : 0,
        "drop_ios" : 0,
        "slat_ns" : {
          "min" : 0,
          "max" : 0,
          "mean" : 0.000000,
          "stddev" : 0.000000,
          "N" : 0
        },
        "clat_ns" : {
          "min" : 0,
          "max" : 0,
          "mean" : 0.000000,
          "stddev" : 0.000000,
          "N" : 0
        },
        "lat_ns" : {
          "min" : 0,
          "max" : 0,
          "mean" : 0.000000,
          "stddev" : 0.000000,
          "N" : 0
        },
        "bw_min" : 0,
        "bw_max" : 0,
        "bw_agg" : 0.000000,
        "bw_mean" : 0.000000,
        "bw_dev" : 0.000000,
        "bw_samples" : 0,
        "iops_min" : 0,
        "iops_max" : 0,
        "iops_mean" : 0.000000,
        "iops_stddev" : 0.000000,
        "iops_samples" : 0
      },
      "trim" : {
        "io_bytes" : 0,
        "io_kbytes" : 0,
        "bw_bytes" : 0,
        "bw" : 0,
        "iops" : 0.000000,
        "runtime" : 0,
        "total_ios" : 0,
        "short_ios" : 0,
        "drop_ios" : 0,
        "slat_ns" : {
          "min" : 0,
          "max" : 0,
          "mean" : 0.000000,
          "stddev" : 0.000000,
          "N" : 0
        },
        "clat_ns" : {
          "min" : 0,
          "max" : 0,
          "mean" : 0.000000,
          "stddev" : 0.000000,
          "N" : 0
        },
        "lat_ns" : {
          "min" : 0,
          "max" : 0,
          "mean" : 0.000000,
          "stddev" : 0.000000,
          "N" : 0
        },
        "bw_min" : 0,
        "bw_max" : 0,
        "bw_agg" : 0.000000,
        "bw_mean" : 0.000000,
        "bw_dev" : 0.000000,
        "bw_samples" : 0,
        "iops_min" : 0,
        "iops_max" : 0,
        "iops_mean" : 0.000000,
        "iops_stddev" : 0.000000,
        "iops_samples" : 0
      },
      "sync" : {
        "total_ios" : 0,
        "lat_ns" : {
          "min" : 0,
          "max" : 0,
          "mean" : 0.000000,
          "stddev" : 0.000000,
          "N" : 0
        }
      },
      "job_runtime" : 5000,
      "usr_cpu" : 0.380000,
      "sys_cpu" : 1.880000,
      "ctx" : 29862,
      "majf" : 0,
      "minf" : 40,
      "iodepth_level" : {
        "1" : 0.100000,
        "2" : 99.996665,
        "4" : 0.000000,
        "8" : 0.000000,
        "16" : 0.000000,
        "32" : 0.000000,
        ">=64" : 0.000000
      },
      "iodepth_submit" : {
        "0" : 0.000000,
        "4" : 100.000000,
        "8" : 0.000000,
        "16" : 0.000000,
        "32" : 0.000000,
        "64" : 0.000000,
        ">=64" : 0.000000
      },
      "iodepth_complete" : {
        "0" : 0.000000,
        "4" : 100.000000,
        "8" : 0.000000,
        "16" : 0.000000,
        "32" : 0.000000,
        "64" : 0.000000,
        ">=64" : 0.000000
      },
      "latency_ns" : {
        "2" : 0.000000,
        "4" : 0.000000,
        "10" : 0.000000,
        "20" : 0.000000,
        "50" : 0.000000,
        "100" : 0.000000,
        "250" : 0.000000,
        "500" : 0.000000,
        "750" : 0.000000,
        "1000" : 0.000000
      },
      "latency_us" : {
        "2" : 0.000000,
        "4" : 0.000000,
        "10" : 0.000000,
        "20" : 0.000000,
        "50" : 0.000000,
        "100" : 4.518775,
        "250" : 44.554125,
        "500" : 24.411392,
        "750" : 17.771627,
        "1000" : 8.727406
      },
      "latency_ms" : {
        "2" : 0.016674,
        "4" : 0.000000,
        "10" : 0.000000,
        "20" : 0.000000,
        "50" : 0.000000,
        "100" : 0.000000,
        "250" : 0.000000,
        "500" : 0.000000,
        "750" : 0.000000,
        "1000" : 0.000000,
        "2000" : 0.000000,
        ">=2000" : 0.000000
      },
      "latency_depth" : 2,
      "latency_target" : 0,
      "latency_target_ns" : 0,
      "latency_percentile" : 100.000000,
      "latency_window" : 0,
      "latency_window_us" : 0
    }
  ],
  "disk_util" : [
    {
      "name" : "nvme2n1",
      "read_ios" : 29358,
      "write_ios" : 0,
      "read_sectors" : 3757824,
      "write_sectors" : 0,
      "read_merges" : 0,
      "write_merges" : 0,
      "read_ticks" : 9712,
      "write_ticks" : 0,
      "in_queue" : 9713,
      "util" : 98.158527
    }
  ]
}
