{
  "fio version" : "fio-3.36",
  "timestamp" : 1781330883,
  "timestamp_ms" : 1781330883829,
  "time" : "Sat Jun 13 06:08:03 2026",
  "jobs" : [
    {
      "jobname" : "sequentialread_64k_32",
      "groupid" : 0,
      "job_start" : 1781330878810,
      "error" : 0,
      "eta" : 0,
      "elapsed" : 6,
      "job options" : {
        "name" : "sequentialread_64k_32",
        "filename" : "/dev/nvme3n1",
        "ioengine" : "io_uring",
        "direct" : "1",
        "rw" : "read",
        "bs" : "64k",
        "iodepth" : "32",
        "size" : "3G",
        "runtime" : "5"
      },
      "read" : {
        "io_bytes" : 3603300352,
        "io_kbytes" : 3518848,
        "bw_bytes" : 720227933,
        "bw" : 703347,
        "iops" : 10989.806116,
        "runtime" : 5003,
        "total_ios" : 54982,
        "short_ios" : 0,
        "drop_ios" : 0,
        "slat_ns" : {
          "min" : 1498,
          "max" : 67620,
          "mean" : 2213.887181,
          "stddev" : 777.514026,
          "N" : 54982
        },
        "clat_ns" : {
          "min" : 99257,
          "max" : 7202900,
          "mean" : 2908917.507166,
          "stddev" : 1729517.091380,
          "N" : 54982,
          "percentile" : {
            "1.000000" : 173056,
            "5.000000" : 423936,
            "10.000000" : 602112,
            "20.000000" : 1155072,
            "30.000000" : 1712128,
            "40.000000" : 2310144,
            "50.000000" : 2867200,
            "60.000000" : 3358720,
            "70.000000" : 3850240,
            "80.000000" : 4554752,
            "90.000000" : 5341184,
            "95.000000" : 6062080,
            "99.000000" : 6520832,
            "99.500000" : 6651904,
            "99.900000" : 6914048,
            "99.950000" : 7045120,
            "99.990000" : 7110656
          }
        },
        "lat_ns" : {
          "min" : 101143,
          "max" : 7205103,
          "mean" : 2911131.394347,
          "stddev" : 1729535.035447,
          "N" : 54982
        },
        "bw_min" : 629888,
        "bw_max" : 861696,
        "bw_agg" : 100.000000,
        "bw_mean" : 703372.800000,
        "bw_dev" : 77997.944789,
        "bw_samples" : 10,
        "iops_min" : 9842,
        "iops_max" : 13464,
        "iops_mean" : 10990.200000,
        "iops_stddev" : 1218.717887,
        "iops_samples" : 10
      },
      "write" : {
        "io_bytes" : 0,
        "io_kbytes" : 0,
        "bw_bytes" : 0,
        "bw" : 0,
        "iops" : 0.000000,
        "runtime" : 0,
        "total_ios" : 0,
        "short_ios" : 0,
        "drop_ios" : 0,
        "slat_ns" : {
          "min" : 0,
          "max" : 0,
          "mean" : 0.000000,
          "stddev" : 0.000000,
          "N" : 0
        },
        "clat_ns" : {
          "min" : 0,
          "max" : 0,
          "mean" : 0.000000,
          "stddev" : 0.000000,
          "N" : 0
        },
        "lat_ns" : {
          "min" : 0,
          "max" : 0,
          "mean" : 0.000000,
          "stddev" : 0.000000,
          "N" : 0
        },
        "bw_min" : 0,
        "bw_max" : 0,
        "bw_agg" : 0.000000,
        "bw_mean" : 0.000000,
        "bw_dev" : 0.000000,
        "bw_samples" : 0,
        "iops_min" : 0,
        "iops_max" : 0,
        "iops_mean" : 0.000000,
        "iops_stddev" : 0.000000,
        "iops_samples" : 0
      },
      "trim" : {
        "io_bytes" : 0,
        "io_kbytes" : 0,
        "bw_bytes" : 0,
        "bw" : 0,
        "iops" : 0.000000,
        "runtime" : 0,
        "total_ios" : 0,
        "short_ios" : 0,
        "drop_ios" : 0,
        "slat_ns" : {
          "min" : 0,
          "max" : 0,
          "mean" : 0.000000,
          "stddev" : 0.000000,
          "N" : 0
        },
        "clat_ns" : {
          "min" : 0,
          "max" : 0,
          "mean" : 0.000000,
          "stddev" : 0.000000,
          "N" : 0
        },
        "lat_ns" : {
          "min" : 0,
          "max" : 0,
          "mean" : 0.000000,
          "stddev" : 0.000000,
          "N" : 0
        },
        "bw_min" : 0,
        "bw_max" : 0,
        "bw_agg" : 0.000000,
        "bw_mean" : 0.000000,
        "bw_dev" : 0.000000,
        "bw_samples" : 0,
        "iops_min" : 0,
        "iops_max" : 0,
        "iops_mean" : 0.000000,
        "iops_stddev" : 0.000000,
        "iops_samples" : 0
      },
      "sync" : {
        "total_ios" : 0,
        "lat_ns" : {
          "min" : 0,
          "max" : 0,
          "mean" : 0.000000,
          "stddev" : 0.000000,
          "N" : 0
        }
      },
      "job_runtime" : 5002,
      "usr_cpu" : 0.559776,
      "sys_cpu" : 3.618553,
      "ctx" : 52154,
      "majf" : 0,
      "minf" : 521,
      "iodepth_level" : {
        "1" : 0.100000,
        "2" : 0.100000,
        "4" : 0.100000,
        "8" : 0.100000,
        "16" : 0.100000,
        "32" : 99.943618,
        ">=64" : 0.000000
      },
      "iodepth_submit" : {
        "0" : 0.000000,
        "4" : 100.000000,
        "8" : 0.000000,
        "16" : 0.000000,
        "32" : 0.000000,
        "64" : 0.000000,
        ">=64" : 0.000000
      },
      "iodepth_complete" : {
        "0" : 0.000000,
        "4" : 99.998180,
        "8" : 0.000000,
        "16" : 0.000000,
        "32" : 0.100000,
        "64" : 0.000000,
        ">=64" : 0.000000
      },
      "latency_ns" : {
        "2" : 0.000000,
        "4" : 0.000000,
        "10" : 0.000000,
        "20" : 0.000000,
        "50" : 0.000000,
        "100" : 0.000000,
        "250" : 0.000000,
        "500" : 0.000000,
        "750" : 0.000000,
        "1000" : 0.000000
      },
      "latency_us" : {
        "2" : 0.000000,
        "4" : 0.000000,
        "10" : 0.000000,
        "20" : 0.000000,
        "50" : 0.000000,
        "100" : 0.014550,
        "250" : 1.995198,
        "500" : 4.834309,
        "750" : 6.769488,
        "1000" : 4.032229
      },
      "latency_ms" : {
        "2" : 17.367502,
        "4" : 37.674148,
        "10" : 27.312575,
        "20" : 0.000000,
        "50" : 0.000000,
        "100" : 0.000000,
        "250" : 0.000000,
        "500" : 0.000000,
        "750" : 0.000000,
        "1000" : 0.000000,
        "2000" : 0.000000,
        ">=2000" : 0.000000
      },
      "latency_depth" : 32,
      "latency_target" : 0,
      "latency_percentile" : 100.000000,
      "latency_window" : 0
    }
  ],
  "disk_util" : [
    {
      "name" : "nvme3n1",
      "read_ios" : 53769,
      "write_ios" : 0,
      "read_sectors" : 6882432,
      "write_sectors" : 0,
      "read_merges" : 0,
      "write_merges" : 0,
      "read_ticks" : 156511,
      "write_ticks" : 0,
      "in_queue" : 156511,
      "util" : 98.058835
    }
  ]
}
