{
  "fio version" : "fio-3.36",
  "timestamp" : 1781330899,
  "timestamp_ms" : 1781330899650,
  "time" : "Sat Jun 13 06:08:19 2026",
  "jobs" : [
    {
      "jobname" : "sequentialread_64k_256",
      "groupid" : 0,
      "job_start" : 1781330894611,
      "error" : 0,
      "eta" : 0,
      "elapsed" : 6,
      "job options" : {
        "name" : "sequentialread_64k_256",
        "filename" : "/dev/nvme3n1",
        "ioengine" : "io_uring",
        "direct" : "1",
        "rw" : "read",
        "bs" : "64k",
        "iodepth" : "256",
        "size" : "3G",
        "runtime" : "5"
      },
      "read" : {
        "io_bytes" : 4092133376,
        "io_kbytes" : 3996224,
        "bw_bytes" : 814354900,
        "bw" : 795268,
        "iops" : 12426.069652,
        "runtime" : 5025,
        "total_ios" : 62441,
        "short_ios" : 0,
        "drop_ios" : 0,
        "slat_ns" : {
          "min" : 1442,
          "max" : 95274,
          "mean" : 2204.392418,
          "stddev" : 871.573857,
          "N" : 62441
        },
        "clat_ns" : {
          "min" : 2490318,
          "max" : 50852852,
          "mean" : 20592565.965359,
          "stddev" : 6574425.821948,
          "N" : 62441,
          "percentile" : {
            "1.000000" : 8585216,
            "5.000000" : 10944512,
            "10.000000" : 12779520,
            "20.000000" : 14876672,
            "30.000000" : 16711680,
            "40.000000" : 18481152,
            "50.000000" : 20054016,
            "60.000000" : 21889024,
            "70.000000" : 23461888,
            "80.000000" : 25559040,
            "90.000000" : 28704768,
            "95.000000" : 32374784,
            "99.000000" : 39059456,
            "99.500000" : 41680896,
            "99.900000" : 47448064,
            "99.950000" : 48496640,
            "99.990000" : 50593792
          }
        },
        "lat_ns" : {
          "min" : 2497481,
          "max" : 50855890,
          "mean" : 20594770.357778,
          "stddev" : 6574404.838933,
          "N" : 62441
        },
        "bw_min" : 686080,
        "bw_max" : 991872,
        "bw_agg" : 100.000000,
        "bw_mean" : 795980.800000,
        "bw_dev" : 86211.971467,
        "bw_samples" : 10,
        "iops_min" : 10720,
        "iops_max" : 15498,
        "iops_mean" : 12437.200000,
        "iops_stddev" : 1347.062054,
        "iops_samples" : 10
      },
      "write" : {
        "io_bytes" : 0,
        "io_kbytes" : 0,
        "bw_bytes" : 0,
        "bw" : 0,
        "iops" : 0.000000,
        "runtime" : 0,
        "total_ios" : 0,
        "short_ios" : 0,
        "drop_ios" : 0,
        "slat_ns" : {
          "min" : 0,
          "max" : 0,
          "mean" : 0.000000,
          "stddev" : 0.000000,
          "N" : 0
        },
        "clat_ns" : {
          "min" : 0,
          "max" : 0,
          "mean" : 0.000000,
          "stddev" : 0.000000,
          "N" : 0
        },
        "lat_ns" : {
          "min" : 0,
          "max" : 0,
          "mean" : 0.000000,
          "stddev" : 0.000000,
          "N" : 0
        },
        "bw_min" : 0,
        "bw_max" : 0,
        "bw_agg" : 0.000000,
        "bw_mean" : 0.000000,
        "bw_dev" : 0.000000,
        "bw_samples" : 0,
        "iops_min" : 0,
        "iops_max" : 0,
        "iops_mean" : 0.000000,
        "iops_stddev" : 0.000000,
        "iops_samples" : 0
      },
      "trim" : {
        "io_bytes" : 0,
        "io_kbytes" : 0,
        "bw_bytes" : 0,
        "bw" : 0,
        "iops" : 0.000000,
        "runtime" : 0,
        "total_ios" : 0,
        "short_ios" : 0,
        "drop_ios" : 0,
        "slat_ns" : {
          "min" : 0,
          "max" : 0,
          "mean" : 0.000000,
          "stddev" : 0.000000,
          "N" : 0
        },
        "clat_ns" : {
          "min" : 0,
          "max" : 0,
          "mean" : 0.000000,
          "stddev" : 0.000000,
          "N" : 0
        },
        "lat_ns" : {
          "min" : 0,
          "max" : 0,
          "mean" : 0.000000,
          "stddev" : 0.000000,
          "N" : 0
        },
        "bw_min" : 0,
        "bw_max" : 0,
        "bw_agg" : 0.000000,
        "bw_mean" : 0.000000,
        "bw_dev" : 0.000000,
        "bw_samples" : 0,
        "iops_min" : 0,
        "iops_max" : 0,
        "iops_mean" : 0.000000,
        "iops_stddev" : 0.000000,
        "iops_samples" : 0
      },
      "sync" : {
        "total_ios" : 0,
        "lat_ns" : {
          "min" : 0,
          "max" : 0,
          "mean" : 0.000000,
          "stddev" : 0.000000,
          "N" : 0
        }
      },
      "job_runtime" : 5024,
      "usr_cpu" : 0.179140,
      "sys_cpu" : 4.378981,
      "ctx" : 60614,
      "majf" : 0,
      "minf" : 4104,
      "iodepth_level" : {
        "1" : 0.100000,
        "2" : 0.100000,
        "4" : 0.100000,
        "8" : 0.100000,
        "16" : 0.100000,
        "32" : 0.100000,
        ">=64" : 99.899105
      },
      "iodepth_submit" : {
        "0" : 0.000000,
        "4" : 100.000000,
        "8" : 0.000000,
        "16" : 0.000000,
        "32" : 0.000000,
        "64" : 0.000000,
        ">=64" : 0.000000
      },
      "iodepth_complete" : {
        "0" : 0.000000,
        "4" : 99.998392,
        "8" : 0.000000,
        "16" : 0.000000,
        "32" : 0.000000,
        "64" : 0.000000,
        ">=64" : 0.100000
      },
      "latency_ns" : {
        "2" : 0.000000,
        "4" : 0.000000,
        "10" : 0.000000,
        "20" : 0.000000,
        "50" : 0.000000,
        "100" : 0.000000,
        "250" : 0.000000,
        "500" : 0.000000,
        "750" : 0.000000,
        "1000" : 0.000000
      },
      "latency_us" : {
        "2" : 0.000000,
        "4" : 0.000000,
        "10" : 0.000000,
        "20" : 0.000000,
        "50" : 0.000000,
        "100" : 0.000000,
        "250" : 0.000000,
        "500" : 0.000000,
        "750" : 0.000000,
        "1000" : 0.000000
      },
      "latency_ms" : {
        "2" : 0.000000,
        "4" : 0.089685,
        "10" : 3.062091,
        "20" : 46.515911,
        "50" : 50.313096,
        "100" : 0.019218,
        "250" : 0.000000,
        "500" : 0.000000,
        "750" : 0.000000,
        "1000" : 0.000000,
        "2000" : 0.000000,
        ">=2000" : 0.000000
      },
      "latency_depth" : 256,
      "latency_target" : 0,
      "latency_percentile" : 100.000000,
      "latency_window" : 0
    }
  ],
  "disk_util" : [
    {
      "name" : "nvme3n1",
      "read_ios" : 61344,
      "write_ios" : 0,
      "read_sectors" : 7852032,
      "write_sectors" : 0,
      "read_merges" : 0,
      "write_merges" : 0,
      "read_ticks" : 1251115,
      "write_ticks" : 0,
      "in_queue" : 1251116,
      "util" : 98.138883
    }
  ]
}
