{
  "fio version" : "fio-3.42-31-g6a66",
  "timestamp" : 1781281524,
  "timestamp_ms" : 1781281524287,
  "time" : "Fri Jun 12 16:25:24 2026",
  "jobs" : [
    {
      "jobname" : "sequentialread_64k_1",
      "groupid" : 0,
      "job_start" : 1781281519139,
      "error" : 0,
      "eta" : 0,
      "elapsed" : 6,
      "job options" : {
        "name" : "sequentialread_64k_1",
        "filename" : "/dev/nvme2n1",
        "ioengine" : "io_uring",
        "direct" : "1",
        "group_reporting" : "",
        "rw" : "read",
        "bs" : "64k",
        "iodepth" : "1",
        "size" : "3G",
        "time_based" : "",
        "runtime" : "5"
      },
      "read" : {
        "io_bytes" : 1058209792,
        "io_kbytes" : 1033408,
        "bw_bytes" : 211599638,
        "bw" : 206640,
        "iops" : 3228.754249,
        "runtime" : 5001,
        "total_ios" : 16147,
        "short_ios" : 0,
        "drop_ios" : 0,
        "slat_ns" : {
          "min" : 1351,
          "max" : 39313,
          "mean" : 1586.963770,
          "stddev" : 862.341067,
          "N" : 16147
        },
        "clat_ns" : {
          "min" : 99291,
          "max" : 836974,
          "mean" : 307879.324457,
          "stddev" : 239144.152940,
          "N" : 16147,
          "percentile" : {
            "1.000000" : 99840,
            "5.000000" : 99840,
            "10.000000" : 99840,
            "20.000000" : 103936,
            "30.000000" : 104960,
            "40.000000" : 108032,
            "50.000000" : 228352,
            "60.000000" : 292864,
            "70.000000" : 428032,
            "80.000000" : 569344,
            "90.000000" : 700416,
            "95.000000" : 749568,
            "99.000000" : 798720,
            "99.500000" : 798720,
            "99.900000" : 798720,
            "99.950000" : 815104,
            "99.990000" : 831488
          }
        },
        "lat_ns" : {
          "min" : 100690,
          "max" : 838456,
          "mean" : 309466.288227,
          "stddev" : 239202.875725,
          "N" : 16147
        },
        "bw_min" : 172800,
        "bw_max" : 242048,
        "bw_agg" : 100.000000,
        "bw_mean" : 206681.600000,
        "bw_dev" : 18949.097212,
        "bw_samples" : 10,
        "iops_min" : 2700,
        "iops_max" : 3782,
        "iops_mean" : 3229.400000,
        "iops_stddev" : 296.079644,
        "iops_samples" : 10
      },
      "write" : {
        "io_bytes" : 0,
        "io_kbytes" : 0,
        "bw_bytes" : 0,
        "bw" : 0,
        "iops" : 0.000000,
        "runtime" : 0,
        "total_ios" : 0,
        "short_ios" : 0,
        "drop_ios" : 0,
        "slat_ns" : {
          "min" : 0,
          "max" : 0,
          "mean" : 0.000000,
          "stddev" : 0.000000,
          "N" : 0
        },
        "clat_ns" : {
          "min" : 0,
          "max" : 0,
          "mean" : 0.000000,
          "stddev" : 0.000000,
          "N" : 0
        },
        "lat_ns" : {
          "min" : 0,
          "max" : 0,
          "mean" : 0.000000,
          "stddev" : 0.000000,
          "N" : 0
        },
        "bw_min" : 0,
        "bw_max" : 0,
        "bw_agg" : 0.000000,
        "bw_mean" : 0.000000,
        "bw_dev" : 0.000000,
        "bw_samples" : 0,
        "iops_min" : 0,
        "iops_max" : 0,
        "iops_mean" : 0.000000,
        "iops_stddev" : 0.000000,
        "iops_samples" : 0
      },
      "trim" : {
        "io_bytes" : 0,
        "io_kbytes" : 0,
        "bw_bytes" : 0,
        "bw" : 0,
        "iops" : 0.000000,
        "runtime" : 0,
        "total_ios" : 0,
        "short_ios" : 0,
        "drop_ios" : 0,
        "slat_ns" : {
          "min" : 0,
          "max" : 0,
          "mean" : 0.000000,
          "stddev" : 0.000000,
          "N" : 0
        },
        "clat_ns" : {
          "min" : 0,
          "max" : 0,
          "mean" : 0.000000,
          "stddev" : 0.000000,
          "N" : 0
        },
        "lat_ns" : {
          "min" : 0,
          "max" : 0,
          "mean" : 0.000000,
          "stddev" : 0.000000,
          "N" : 0
        },
        "bw_min" : 0,
        "bw_max" : 0,
        "bw_agg" : 0.000000,
        "bw_mean" : 0.000000,
        "bw_dev" : 0.000000,
        "bw_samples" : 0,
        "iops_min" : 0,
        "iops_max" : 0,
        "iops_mean" : 0.000000,
        "iops_stddev" : 0.000000,
        "iops_samples" : 0
      },
      "sync" : {
        "total_ios" : 0,
        "lat_ns" : {
          "min" : 0,
          "max" : 0,
          "mean" : 0.000000,
          "stddev" : 0.000000,
          "N" : 0
        }
      },
      "job_runtime" : 5000,
      "usr_cpu" : 0.340000,
      "sys_cpu" : 0.800000,
      "ctx" : 16148,
      "majf" : 0,
      "minf" : 25,
      "iodepth_level" : {
        "1" : 100.000000,
        "2" : 0.000000,
        "4" : 0.000000,
        "8" : 0.000000,
        "16" : 0.000000,
        "32" : 0.000000,
        ">=64" : 0.000000
      },
      "iodepth_submit" : {
        "0" : 0.000000,
        "4" : 100.000000,
        "8" : 0.000000,
        "16" : 0.000000,
        "32" : 0.000000,
        "64" : 0.000000,
        ">=64" : 0.000000
      },
      "iodepth_complete" : {
        "0" : 0.000000,
        "4" : 100.000000,
        "8" : 0.000000,
        "16" : 0.000000,
        "32" : 0.000000,
        "64" : 0.000000,
        ">=64" : 0.000000
      },
      "latency_ns" : {
        "2" : 0.000000,
        "4" : 0.000000,
        "10" : 0.000000,
        "20" : 0.000000,
        "50" : 0.000000,
        "100" : 0.000000,
        "250" : 0.000000,
        "500" : 0.000000,
        "750" : 0.000000,
        "1000" : 0.000000
      },
      "latency_us" : {
        "2" : 0.000000,
        "4" : 0.000000,
        "10" : 0.000000,
        "20" : 0.000000,
        "50" : 0.000000,
        "100" : 8.354493,
        "250" : 47.767387,
        "500" : 18.653620,
        "750" : 19.031399,
        "1000" : 6.193101
      },
      "latency_ms" : {
        "2" : 0.000000,
        "4" : 0.000000,
        "10" : 0.000000,
        "20" : 0.000000,
        "50" : 0.000000,
        "100" : 0.000000,
        "250" : 0.000000,
        "500" : 0.000000,
        "750" : 0.000000,
        "1000" : 0.000000,
        "2000" : 0.000000,
        ">=2000" : 0.000000
      },
      "latency_depth" : 1,
      "latency_target" : 0,
      "latency_target_ns" : 0,
      "latency_percentile" : 100.000000,
      "latency_window" : 0,
      "latency_window_us" : 0
    }
  ],
  "disk_util" : [
    {
      "name" : "nvme2n1",
      "read_ios" : 15770,
      "write_ios" : 0,
      "read_sectors" : 2018560,
      "write_sectors" : 0,
      "read_merges" : 0,
      "write_merges" : 0,
      "read_ticks" : 4859,
      "write_ticks" : 0,
      "in_queue" : 4859,
      "util" : 98.058835
    }
  ]
}
