{
  "fio version" : "fio-3.42-31-g6a66",
  "timestamp" : 1781281540,
  "timestamp_ms" : 1781281540446,
  "time" : "Fri Jun 12 16:25:40 2026",
  "jobs" : [
    {
      "jobname" : "sequentialread_64k_8",
      "groupid" : 0,
      "job_start" : 1781281535298,
      "error" : 0,
      "eta" : 0,
      "elapsed" : 6,
      "job options" : {
        "name" : "sequentialread_64k_8",
        "filename" : "/dev/nvme2n1",
        "ioengine" : "io_uring",
        "direct" : "1",
        "group_reporting" : "",
        "rw" : "read",
        "bs" : "64k",
        "iodepth" : "8",
        "size" : "3G",
        "time_based" : "",
        "runtime" : "5"
      },
      "read" : {
        "io_bytes" : 3244621824,
        "io_kbytes" : 3168576,
        "bw_bytes" : 648664898,
        "bw" : 633461,
        "iops" : 9897.840864,
        "runtime" : 5002,
        "total_ios" : 49509,
        "short_ios" : 0,
        "drop_ios" : 0,
        "slat_ns" : {
          "min" : 1221,
          "max" : 24171,
          "mean" : 1496.164718,
          "stddev" : 567.475055,
          "N" : 49509
        },
        "clat_ns" : {
          "min" : 97219,
          "max" : 2744150,
          "mean" : 806441.041669,
          "stddev" : 621120.169409,
          "N" : 49509,
          "percentile" : {
            "1.000000" : 103936,
            "5.000000" : 116224,
            "10.000000" : 132096,
            "20.000000" : 148480,
            "30.000000" : 162816,
            "40.000000" : 358400,
            "50.000000" : 741376,
            "60.000000" : 1089536,
            "70.000000" : 1286144,
            "80.000000" : 1482752,
            "90.000000" : 1646592,
            "95.000000" : 1744896,
            "99.000000" : 1990656,
            "99.500000" : 2056192,
            "99.900000" : 2211840,
            "99.950000" : 2244608,
            "99.990000" : 2310144
          }
        },
        "lat_ns" : {
          "min" : 98626,
          "max" : 2745554,
          "mean" : 807937.206387,
          "stddev" : 621117.810884,
          "N" : 49509
        },
        "bw_min" : 518784,
        "bw_max" : 740736,
        "bw_agg" : 100.000000,
        "bw_mean" : 633715.200000,
        "bw_dev" : 66133.813676,
        "bw_samples" : 10,
        "iops_min" : 8106,
        "iops_max" : 11574,
        "iops_mean" : 9901.800000,
        "iops_stddev" : 1033.340839,
        "iops_samples" : 10
      },
      "write" : {
        "io_bytes" : 0,
        "io_kbytes" : 0,
        "bw_bytes" : 0,
        "bw" : 0,
        "iops" : 0.000000,
        "runtime" : 0,
        "total_ios" : 0,
        "short_ios" : 0,
        "drop_ios" : 0,
        "slat_ns" : {
          "min" : 0,
          "max" : 0,
          "mean" : 0.000000,
          "stddev" : 0.000000,
          "N" : 0
        },
        "clat_ns" : {
          "min" : 0,
          "max" : 0,
          "mean" : 0.000000,
          "stddev" : 0.000000,
          "N" : 0
        },
        "lat_ns" : {
          "min" : 0,
          "max" : 0,
          "mean" : 0.000000,
          "stddev" : 0.000000,
          "N" : 0
        },
        "bw_min" : 0,
        "bw_max" : 0,
        "bw_agg" : 0.000000,
        "bw_mean" : 0.000000,
        "bw_dev" : 0.000000,
        "bw_samples" : 0,
        "iops_min" : 0,
        "iops_max" : 0,
        "iops_mean" : 0.000000,
        "iops_stddev" : 0.000000,
        "iops_samples" : 0
      },
      "trim" : {
        "io_bytes" : 0,
        "io_kbytes" : 0,
        "bw_bytes" : 0,
        "bw" : 0,
        "iops" : 0.000000,
        "runtime" : 0,
        "total_ios" : 0,
        "short_ios" : 0,
        "drop_ios" : 0,
        "slat_ns" : {
          "min" : 0,
          "max" : 0,
          "mean" : 0.000000,
          "stddev" : 0.000000,
          "N" : 0
        },
        "clat_ns" : {
          "min" : 0,
          "max" : 0,
          "mean" : 0.000000,
          "stddev" : 0.000000,
          "N" : 0
        },
        "lat_ns" : {
          "min" : 0,
          "max" : 0,
          "mean" : 0.000000,
          "stddev" : 0.000000,
          "N" : 0
        },
        "bw_min" : 0,
        "bw_max" : 0,
        "bw_agg" : 0.000000,
        "bw_mean" : 0.000000,
        "bw_dev" : 0.000000,
        "bw_samples" : 0,
        "iops_min" : 0,
        "iops_max" : 0,
        "iops_mean" : 0.000000,
        "iops_stddev" : 0.000000,
        "iops_samples" : 0
      },
      "sync" : {
        "total_ios" : 0,
        "lat_ns" : {
          "min" : 0,
          "max" : 0,
          "mean" : 0.000000,
          "stddev" : 0.000000,
          "N" : 0
        }
      },
      "job_runtime" : 5001,
      "usr_cpu" : 0.299940,
      "sys_cpu" : 3.139372,
      "ctx" : 47154,
      "majf" : 0,
      "minf" : 135,
      "iodepth_level" : {
        "1" : 0.100000,
        "2" : 0.100000,
        "4" : 0.100000,
        "8" : 99.985861,
        "16" : 0.000000,
        "32" : 0.000000,
        ">=64" : 0.000000
      },
      "iodepth_submit" : {
        "0" : 0.000000,
        "4" : 100.000000,
        "8" : 0.000000,
        "16" : 0.000000,
        "32" : 0.000000,
        "64" : 0.000000,
        ">=64" : 0.000000
      },
      "iodepth_complete" : {
        "0" : 0.000000,
        "4" : 99.997980,
        "8" : 0.100000,
        "16" : 0.000000,
        "32" : 0.000000,
        "64" : 0.000000,
        ">=64" : 0.000000
      },
      "latency_ns" : {
        "2" : 0.000000,
        "4" : 0.000000,
        "10" : 0.000000,
        "20" : 0.000000,
        "50" : 0.000000,
        "100" : 0.000000,
        "250" : 0.000000,
        "500" : 0.000000,
        "750" : 0.000000,
        "1000" : 0.000000
      },
      "latency_us" : {
        "2" : 0.000000,
        "4" : 0.000000,
        "10" : 0.000000,
        "20" : 0.000000,
        "50" : 0.000000,
        "100" : 0.222182,
        "250" : 35.924781,
        "500" : 8.174271,
        "750" : 5.928215,
        "1000" : 6.457412
      },
      "latency_ms" : {
        "2" : 42.341796,
        "4" : 0.951342,
        "10" : 0.000000,
        "20" : 0.000000,
        "50" : 0.000000,
        "100" : 0.000000,
        "250" : 0.000000,
        "500" : 0.000000,
        "750" : 0.000000,
        "1000" : 0.000000,
        "2000" : 0.000000,
        ">=2000" : 0.000000
      },
      "latency_depth" : 8,
      "latency_target" : 0,
      "latency_target_ns" : 0,
      "latency_percentile" : 100.000000,
      "latency_window" : 0,
      "latency_window_us" : 0
    }
  ],
  "disk_util" : [
    {
      "name" : "nvme2n1",
      "read_ios" : 48431,
      "write_ios" : 0,
      "read_sectors" : 6199168,
      "write_sectors" : 0,
      "read_merges" : 0,
      "write_merges" : 0,
      "read_ticks" : 39052,
      "write_ticks" : 0,
      "in_queue" : 39052,
      "util" : 98.078463
    }
  ]
}
