{
  "fio version" : "fio-3.36",
  "timestamp" : 1781330868,
  "timestamp_ms" : 1781330868039,
  "time" : "Sat Jun 13 06:07:48 2026",
  "jobs" : [
    {
      "jobname" : "sequentialread_64k_4",
      "groupid" : 0,
      "job_start" : 1781330863021,
      "error" : 0,
      "eta" : 0,
      "elapsed" : 6,
      "job options" : {
        "name" : "sequentialread_64k_4",
        "filename" : "/dev/nvme3n1",
        "ioengine" : "io_uring",
        "direct" : "1",
        "rw" : "read",
        "bs" : "64k",
        "iodepth" : "4",
        "size" : "3G",
        "runtime" : "5"
      },
      "read" : {
        "io_bytes" : 2906980352,
        "io_kbytes" : 2838848,
        "bw_bytes" : 581279814,
        "bw" : 567656,
        "iops" : 8869.626075,
        "runtime" : 5001,
        "total_ios" : 44357,
        "short_ios" : 0,
        "drop_ios" : 0,
        "slat_ns" : {
          "min" : 1530,
          "max" : 20872,
          "mean" : 1933.345650,
          "stddev" : 449.276836,
          "N" : 44357
        },
        "clat_ns" : {
          "min" : 96674,
          "max" : 1520262,
          "mean" : 448801.608855,
          "stddev" : 347161.792962,
          "N" : 44357,
          "percentile" : {
            "1.000000" : 98816,
            "5.000000" : 102912,
            "10.000000" : 107008,
            "20.000000" : 115200,
            "30.000000" : 119296,
            "40.000000" : 132096,
            "50.000000" : 399360,
            "60.000000" : 577536,
            "70.000000" : 684032,
            "80.000000" : 798720,
            "90.000000" : 905216,
            "95.000000" : 1056768,
            "99.000000" : 1253376,
            "99.500000" : 1318912,
            "99.900000" : 1400832,
            "99.950000" : 1433600,
            "99.990000" : 1515520
          }
        },
        "lat_ns" : {
          "min" : 98577,
          "max" : 1522320,
          "mean" : 450734.954505,
          "stddev" : 347177.597075,
          "N" : 44357
        },
        "bw_min" : 499584,
        "bw_max" : 659840,
        "bw_agg" : 99.392754,
        "bw_mean" : 564209.777778,
        "bw_dev" : 51084.287021,
        "bw_samples" : 9,
        "iops_min" : 7806,
        "iops_max" : 10310,
        "iops_mean" : 8815.777778,
        "iops_stddev" : 798.191985,
        "iops_samples" : 9
      },
      "write" : {
        "io_bytes" : 0,
        "io_kbytes" : 0,
        "bw_bytes" : 0,
        "bw" : 0,
        "iops" : 0.000000,
        "runtime" : 0,
        "total_ios" : 0,
        "short_ios" : 0,
        "drop_ios" : 0,
        "slat_ns" : {
          "min" : 0,
          "max" : 0,
          "mean" : 0.000000,
          "stddev" : 0.000000,
          "N" : 0
        },
        "clat_ns" : {
          "min" : 0,
          "max" : 0,
          "mean" : 0.000000,
          "stddev" : 0.000000,
          "N" : 0
        },
        "lat_ns" : {
          "min" : 0,
          "max" : 0,
          "mean" : 0.000000,
          "stddev" : 0.000000,
          "N" : 0
        },
        "bw_min" : 0,
        "bw_max" : 0,
        "bw_agg" : 0.000000,
        "bw_mean" : 0.000000,
        "bw_dev" : 0.000000,
        "bw_samples" : 0,
        "iops_min" : 0,
        "iops_max" : 0,
        "iops_mean" : 0.000000,
        "iops_stddev" : 0.000000,
        "iops_samples" : 0
      },
      "trim" : {
        "io_bytes" : 0,
        "io_kbytes" : 0,
        "bw_bytes" : 0,
        "bw" : 0,
        "iops" : 0.000000,
        "runtime" : 0,
        "total_ios" : 0,
        "short_ios" : 0,
        "drop_ios" : 0,
        "slat_ns" : {
          "min" : 0,
          "max" : 0,
          "mean" : 0.000000,
          "stddev" : 0.000000,
          "N" : 0
        },
        "clat_ns" : {
          "min" : 0,
          "max" : 0,
          "mean" : 0.000000,
          "stddev" : 0.000000,
          "N" : 0
        },
        "lat_ns" : {
          "min" : 0,
          "max" : 0,
          "mean" : 0.000000,
          "stddev" : 0.000000,
          "N" : 0
        },
        "bw_min" : 0,
        "bw_max" : 0,
        "bw_agg" : 0.000000,
        "bw_mean" : 0.000000,
        "bw_dev" : 0.000000,
        "bw_samples" : 0,
        "iops_min" : 0,
        "iops_max" : 0,
        "iops_mean" : 0.000000,
        "iops_stddev" : 0.000000,
        "iops_samples" : 0
      },
      "sync" : {
        "total_ios" : 0,
        "lat_ns" : {
          "min" : 0,
          "max" : 0,
          "mean" : 0.000000,
          "stddev" : 0.000000,
          "N" : 0
        }
      },
      "job_runtime" : 5000,
      "usr_cpu" : 0.720000,
      "sys_cpu" : 2.240000,
      "ctx" : 43337,
      "majf" : 0,
      "minf" : 74,
      "iodepth_level" : {
        "1" : 0.100000,
        "2" : 0.100000,
        "4" : 99.993237,
        "8" : 0.000000,
        "16" : 0.000000,
        "32" : 0.000000,
        ">=64" : 0.000000
      },
      "iodepth_submit" : {
        "0" : 0.000000,
        "4" : 100.000000,
        "8" : 0.000000,
        "16" : 0.000000,
        "32" : 0.000000,
        "64" : 0.000000,
        ">=64" : 0.000000
      },
      "iodepth_complete" : {
        "0" : 0.000000,
        "4" : 100.000000,
        "8" : 0.000000,
        "16" : 0.000000,
        "32" : 0.000000,
        "64" : 0.000000,
        ">=64" : 0.000000
      },
      "latency_ns" : {
        "2" : 0.000000,
        "4" : 0.000000,
        "10" : 0.000000,
        "20" : 0.000000,
        "50" : 0.000000,
        "100" : 0.000000,
        "250" : 0.000000,
        "500" : 0.000000,
        "750" : 0.000000,
        "1000" : 0.000000
      },
      "latency_us" : {
        "2" : 0.000000,
        "4" : 0.000000,
        "10" : 0.000000,
        "20" : 0.000000,
        "50" : 0.000000,
        "100" : 2.207092,
        "250" : 43.801429,
        "500" : 9.123701,
        "750" : 19.798453,
        "1000" : 18.596839
      },
      "latency_ms" : {
        "2" : 6.472485,
        "4" : 0.000000,
        "10" : 0.000000,
        "20" : 0.000000,
        "50" : 0.000000,
        "100" : 0.000000,
        "250" : 0.000000,
        "500" : 0.000000,
        "750" : 0.000000,
        "1000" : 0.000000,
        "2000" : 0.000000,
        ">=2000" : 0.000000
      },
      "latency_depth" : 4,
      "latency_target" : 0,
      "latency_percentile" : 100.000000,
      "latency_window" : 0
    }
  ],
  "disk_util" : [
    {
      "name" : "nvme3n1",
      "read_ios" : 43240,
      "write_ios" : 0,
      "read_sectors" : 5534720,
      "write_sectors" : 0,
      "read_merges" : 0,
      "write_merges" : 0,
      "read_ticks" : 19488,
      "write_ticks" : 0,
      "in_queue" : 19488,
      "util" : 98.039216
    }
  ]
}
