{
  "fio version" : "fio-3.36",
  "timestamp" : 1781330889,
  "timestamp_ms" : 1781330889093,
  "time" : "Sat Jun 13 06:08:09 2026",
  "jobs" : [
    {
      "jobname" : "sequentialread_64k_64",
      "groupid" : 0,
      "job_start" : 1781330884075,
      "error" : 0,
      "eta" : 0,
      "elapsed" : 6,
      "job options" : {
        "name" : "sequentialread_64k_64",
        "filename" : "/dev/nvme3n1",
        "ioengine" : "io_uring",
        "direct" : "1",
        "rw" : "read",
        "bs" : "64k",
        "iodepth" : "64",
        "size" : "3G",
        "runtime" : "5"
      },
      "read" : {
        "io_bytes" : 3793551360,
        "io_kbytes" : 3704640,
        "bw_bytes" : 757800910,
        "bw" : 740039,
        "iops" : 11563.124251,
        "runtime" : 5006,
        "total_ios" : 57885,
        "short_ios" : 0,
        "drop_ios" : 0,
        "slat_ns" : {
          "min" : 1460,
          "max" : 21761,
          "mean" : 2153.083839,
          "stddev" : 678.184442,
          "N" : 57885
        },
        "clat_ns" : {
          "min" : 99842,
          "max" : 13630387,
          "mean" : 5531825.334318,
          "stddev" : 2676532.906255,
          "N" : 57885,
          "percentile" : {
            "1.000000" : 798720,
            "5.000000" : 1482752,
            "10.000000" : 2179072,
            "20.000000" : 3194880,
            "30.000000" : 3915776,
            "40.000000" : 4554752,
            "50.000000" : 5275648,
            "60.000000" : 5996544,
            "70.000000" : 6782976,
            "80.000000" : 7831552,
            "90.000000" : 9371648,
            "95.000000" : 10289152,
            "99.000000" : 12517376,
            "99.500000" : 13041664,
            "99.900000" : 13303808,
            "99.950000" : 13434880,
            "99.990000" : 13565952
          }
        },
        "lat_ns" : {
          "min" : 101702,
          "max" : 13632927,
          "mean" : 5533978.418157,
          "stddev" : 2676588.875491,
          "N" : 57885
        },
        "bw_min" : 653184,
        "bw_max" : 874496,
        "bw_agg" : 100.000000,
        "bw_mean" : 740121.600000,
        "bw_dev" : 75181.954979,
        "bw_samples" : 10,
        "iops_min" : 10206,
        "iops_max" : 13664,
        "iops_mean" : 11564.400000,
        "iops_stddev" : 1174.718047,
        "iops_samples" : 10
      },
      "write" : {
        "io_bytes" : 0,
        "io_kbytes" : 0,
        "bw_bytes" : 0,
        "bw" : 0,
        "iops" : 0.000000,
        "runtime" : 0,
        "total_ios" : 0,
        "short_ios" : 0,
        "drop_ios" : 0,
        "slat_ns" : {
          "min" : 0,
          "max" : 0,
          "mean" : 0.000000,
          "stddev" : 0.000000,
          "N" : 0
        },
        "clat_ns" : {
          "min" : 0,
          "max" : 0,
          "mean" : 0.000000,
          "stddev" : 0.000000,
          "N" : 0
        },
        "lat_ns" : {
          "min" : 0,
          "max" : 0,
          "mean" : 0.000000,
          "stddev" : 0.000000,
          "N" : 0
        },
        "bw_min" : 0,
        "bw_max" : 0,
        "bw_agg" : 0.000000,
        "bw_mean" : 0.000000,
        "bw_dev" : 0.000000,
        "bw_samples" : 0,
        "iops_min" : 0,
        "iops_max" : 0,
        "iops_mean" : 0.000000,
        "iops_stddev" : 0.000000,
        "iops_samples" : 0
      },
      "trim" : {
        "io_bytes" : 0,
        "io_kbytes" : 0,
        "bw_bytes" : 0,
        "bw" : 0,
        "iops" : 0.000000,
        "runtime" : 0,
        "total_ios" : 0,
        "short_ios" : 0,
        "drop_ios" : 0,
        "slat_ns" : {
          "min" : 0,
          "max" : 0,
          "mean" : 0.000000,
          "stddev" : 0.000000,
          "N" : 0
        },
        "clat_ns" : {
          "min" : 0,
          "max" : 0,
          "mean" : 0.000000,
          "stddev" : 0.000000,
          "N" : 0
        },
        "lat_ns" : {
          "min" : 0,
          "max" : 0,
          "mean" : 0.000000,
          "stddev" : 0.000000,
          "N" : 0
        },
        "bw_min" : 0,
        "bw_max" : 0,
        "bw_agg" : 0.000000,
        "bw_mean" : 0.000000,
        "bw_dev" : 0.000000,
        "bw_samples" : 0,
        "iops_min" : 0,
        "iops_max" : 0,
        "iops_mean" : 0.000000,
        "iops_stddev" : 0.000000,
        "iops_samples" : 0
      },
      "sync" : {
        "total_ios" : 0,
        "lat_ns" : {
          "min" : 0,
          "max" : 0,
          "mean" : 0.000000,
          "stddev" : 0.000000,
          "N" : 0
        }
      },
      "job_runtime" : 5005,
      "usr_cpu" : 0.239760,
      "sys_cpu" : 3.856144,
      "ctx" : 55061,
      "majf" : 0,
      "minf" : 1035,
      "iodepth_level" : {
        "1" : 0.100000,
        "2" : 0.100000,
        "4" : 0.100000,
        "8" : 0.100000,
        "16" : 0.100000,
        "32" : 0.100000,
        ">=64" : 99.891164
      },
      "iodepth_submit" : {
        "0" : 0.000000,
        "4" : 100.000000,
        "8" : 0.000000,
        "16" : 0.000000,
        "32" : 0.000000,
        "64" : 0.000000,
        ">=64" : 0.000000
      },
      "iodepth_complete" : {
        "0" : 0.000000,
        "4" : 99.998271,
        "8" : 0.000000,
        "16" : 0.000000,
        "32" : 0.000000,
        "64" : 0.100000,
        ">=64" : 0.000000
      },
      "latency_ns" : {
        "2" : 0.000000,
        "4" : 0.000000,
        "10" : 0.000000,
        "20" : 0.000000,
        "50" : 0.000000,
        "100" : 0.000000,
        "250" : 0.000000,
        "500" : 0.000000,
        "750" : 0.000000,
        "1000" : 0.000000
      },
      "latency_us" : {
        "2" : 0.000000,
        "4" : 0.000000,
        "10" : 0.000000,
        "20" : 0.000000,
        "50" : 0.000000,
        "100" : 0.010000,
        "250" : 0.095016,
        "500" : 0.177939,
        "750" : 0.525179,
        "1000" : 1.273214
      },
      "latency_ms" : {
        "2" : 6.417898,
        "4" : 22.781377,
        "10" : 62.643172,
        "20" : 6.084478,
        "50" : 0.000000,
        "100" : 0.000000,
        "250" : 0.000000,
        "500" : 0.000000,
        "750" : 0.000000,
        "1000" : 0.000000,
        "2000" : 0.000000,
        ">=2000" : 0.000000
      },
      "latency_depth" : 64,
      "latency_target" : 0,
      "latency_percentile" : 100.000000,
      "latency_window" : 0
    }
  ],
  "disk_util" : [
    {
      "name" : "nvme3n1",
      "read_ios" : 56578,
      "write_ios" : 0,
      "read_sectors" : 7241984,
      "write_sectors" : 0,
      "read_merges" : 0,
      "write_merges" : 0,
      "read_ticks" : 313040,
      "write_ticks" : 0,
      "in_queue" : 313040,
      "util" : 98.119248
    }
  ]
}
