{
  "fio version" : "fio-3.36",
  "timestamp" : 1781330878,
  "timestamp_ms" : 1781330878565,
  "time" : "Sat Jun 13 06:07:58 2026",
  "jobs" : [
    {
      "jobname" : "sequentialread_64k_16",
      "groupid" : 0,
      "job_start" : 1781330873548,
      "error" : 0,
      "eta" : 0,
      "elapsed" : 6,
      "job options" : {
        "name" : "sequentialread_64k_16",
        "filename" : "/dev/nvme3n1",
        "ioengine" : "io_uring",
        "direct" : "1",
        "rw" : "read",
        "bs" : "64k",
        "iodepth" : "16",
        "size" : "3G",
        "runtime" : "5"
      },
      "read" : {
        "io_bytes" : 3399221248,
        "io_kbytes" : 3319552,
        "bw_bytes" : 679300808,
        "bw" : 663379,
        "iops" : 10365.307754,
        "runtime" : 5004,
        "total_ios" : 51868,
        "short_ios" : 0,
        "drop_ios" : 0,
        "slat_ns" : {
          "min" : 1457,
          "max" : 57743,
          "mean" : 2028.670336,
          "stddev" : 534.840702,
          "N" : 51868
        },
        "clat_ns" : {
          "min" : 96628,
          "max" : 5666694,
          "mean" : 1541113.481318,
          "stddev" : 1075050.107279,
          "N" : 51868,
          "percentile" : {
            "1.000000" : 111104,
            "5.000000" : 160768,
            "10.000000" : 220160,
            "20.000000" : 325632,
            "30.000000" : 618496,
            "40.000000" : 1056768,
            "50.000000" : 1433600,
            "60.000000" : 1859584,
            "70.000000" : 2310144,
            "80.000000" : 2703360,
            "90.000000" : 3096576,
            "95.000000" : 3260416,
            "99.000000" : 3489792,
            "99.500000" : 3620864,
            "99.900000" : 3817472,
            "99.950000" : 3850240,
            "99.990000" : 5275648
          }
        },
        "lat_ns" : {
          "min" : 98842,
          "max" : 5669369,
          "mean" : 1543142.151654,
          "stddev" : 1075069.479197,
          "N" : 51868
        },
        "bw_min" : 577920,
        "bw_max" : 772608,
        "bw_agg" : 100.000000,
        "bw_mean" : 663718.400000,
        "bw_dev" : 70808.030962,
        "bw_samples" : 10,
        "iops_min" : 9030,
        "iops_max" : 12072,
        "iops_mean" : 10370.600000,
        "iops_stddev" : 1106.375484,
        "iops_samples" : 10
      },
      "write" : {
        "io_bytes" : 0,
        "io_kbytes" : 0,
        "bw_bytes" : 0,
        "bw" : 0,
        "iops" : 0.000000,
        "runtime" : 0,
        "total_ios" : 0,
        "short_ios" : 0,
        "drop_ios" : 0,
        "slat_ns" : {
          "min" : 0,
          "max" : 0,
          "mean" : 0.000000,
          "stddev" : 0.000000,
          "N" : 0
        },
        "clat_ns" : {
          "min" : 0,
          "max" : 0,
          "mean" : 0.000000,
          "stddev" : 0.000000,
          "N" : 0
        },
        "lat_ns" : {
          "min" : 0,
          "max" : 0,
          "mean" : 0.000000,
          "stddev" : 0.000000,
          "N" : 0
        },
        "bw_min" : 0,
        "bw_max" : 0,
        "bw_agg" : 0.000000,
        "bw_mean" : 0.000000,
        "bw_dev" : 0.000000,
        "bw_samples" : 0,
        "iops_min" : 0,
        "iops_max" : 0,
        "iops_mean" : 0.000000,
        "iops_stddev" : 0.000000,
        "iops_samples" : 0
      },
      "trim" : {
        "io_bytes" : 0,
        "io_kbytes" : 0,
        "bw_bytes" : 0,
        "bw" : 0,
        "iops" : 0.000000,
        "runtime" : 0,
        "total_ios" : 0,
        "short_ios" : 0,
        "drop_ios" : 0,
        "slat_ns" : {
          "min" : 0,
          "max" : 0,
          "mean" : 0.000000,
          "stddev" : 0.000000,
          "N" : 0
        },
        "clat_ns" : {
          "min" : 0,
          "max" : 0,
          "mean" : 0.000000,
          "stddev" : 0.000000,
          "N" : 0
        },
        "lat_ns" : {
          "min" : 0,
          "max" : 0,
          "mean" : 0.000000,
          "stddev" : 0.000000,
          "N" : 0
        },
        "bw_min" : 0,
        "bw_max" : 0,
        "bw_agg" : 0.000000,
        "bw_mean" : 0.000000,
        "bw_dev" : 0.000000,
        "bw_samples" : 0,
        "iops_min" : 0,
        "iops_max" : 0,
        "iops_mean" : 0.000000,
        "iops_stddev" : 0.000000,
        "iops_samples" : 0
      },
      "sync" : {
        "total_ios" : 0,
        "lat_ns" : {
          "min" : 0,
          "max" : 0,
          "mean" : 0.000000,
          "stddev" : 0.000000,
          "N" : 0
        }
      },
      "job_runtime" : 5003,
      "usr_cpu" : 0.539676,
      "sys_cpu" : 3.078153,
      "ctx" : 49896,
      "majf" : 0,
      "minf" : 266,
      "iodepth_level" : {
        "1" : 0.100000,
        "2" : 0.100000,
        "4" : 0.100000,
        "8" : 0.100000,
        "16" : 99.971080,
        "32" : 0.000000,
        ">=64" : 0.000000
      },
      "iodepth_submit" : {
        "0" : 0.000000,
        "4" : 100.000000,
        "8" : 0.000000,
        "16" : 0.000000,
        "32" : 0.000000,
        "64" : 0.000000,
        ">=64" : 0.000000
      },
      "iodepth_complete" : {
        "0" : 0.000000,
        "4" : 99.998072,
        "8" : 0.000000,
        "16" : 0.100000,
        "32" : 0.000000,
        "64" : 0.000000,
        ">=64" : 0.000000
      },
      "latency_ns" : {
        "2" : 0.000000,
        "4" : 0.000000,
        "10" : 0.000000,
        "20" : 0.000000,
        "50" : 0.000000,
        "100" : 0.000000,
        "250" : 0.000000,
        "500" : 0.000000,
        "750" : 0.000000,
        "1000" : 0.000000
      },
      "latency_us" : {
        "2" : 0.000000,
        "4" : 0.000000,
        "10" : 0.000000,
        "20" : 0.000000,
        "50" : 0.000000,
        "100" : 0.171589,
        "250" : 12.300455,
        "500" : 14.770186,
        "750" : 5.618108,
        "1000" : 5.612324
      },
      "latency_ms" : {
        "2" : 24.417753,
        "4" : 37.084522,
        "10" : 0.025064,
        "20" : 0.000000,
        "50" : 0.000000,
        "100" : 0.000000,
        "250" : 0.000000,
        "500" : 0.000000,
        "750" : 0.000000,
        "1000" : 0.000000,
        "2000" : 0.000000,
        ">=2000" : 0.000000
      },
      "latency_depth" : 16,
      "latency_target" : 0,
      "latency_percentile" : 100.000000,
      "latency_window" : 0
    }
  ],
  "disk_util" : [
    {
      "name" : "nvme3n1",
      "read_ios" : 50872,
      "write_ios" : 0,
      "read_sectors" : 6511616,
      "write_sectors" : 0,
      "read_merges" : 0,
      "write_merges" : 0,
      "read_ticks" : 78228,
      "write_ticks" : 0,
      "in_queue" : 78228,
      "util" : 98.119248
    }
  ]
}
