{
  "fio version" : "fio-3.42-31-g6a66",
  "timestamp" : 1781281416,
  "timestamp_ms" : 1781281416557,
  "time" : "Fri Jun 12 16:23:36 2026",
  "jobs" : [
    {
      "jobname" : "sequentialread_8k_128",
      "groupid" : 0,
      "job_start" : 1781281411409,
      "error" : 0,
      "eta" : 0,
      "elapsed" : 6,
      "job options" : {
        "name" : "sequentialread_8k_128",
        "filename" : "/dev/nvme2n1",
        "ioengine" : "io_uring",
        "direct" : "1",
        "group_reporting" : "",
        "rw" : "read",
        "bs" : "8k",
        "iodepth" : "128",
        "size" : "3G",
        "time_based" : "",
        "runtime" : "5"
      },
      "read" : {
        "io_bytes" : 2926788608,
        "io_kbytes" : 2858192,
        "bw_bytes" : 584772948,
        "bw" : 571067,
        "iops" : 71383.416583,
        "runtime" : 5005,
        "total_ios" : 357274,
        "short_ios" : 0,
        "drop_ios" : 0,
        "slat_ns" : {
          "min" : 602,
          "max" : 172017,
          "mean" : 938.633195,
          "stddev" : 663.885428,
          "N" : 357274
        },
        "clat_ns" : {
          "min" : 59333,
          "max" : 7657997,
          "mean" : 1791590.564989,
          "stddev" : 1530819.728800,
          "N" : 357274,
          "percentile" : {
            "1.000000" : 68096,
            "5.000000" : 93696,
            "10.000000" : 144384,
            "20.000000" : 296960,
            "30.000000" : 659456,
            "40.000000" : 1056768,
            "50.000000" : 1449984,
            "60.000000" : 1875968,
            "70.000000" : 2408448,
            "80.000000" : 3063808,
            "90.000000" : 4014080,
            "95.000000" : 4751360,
            "99.000000" : 6324224,
            "99.500000" : 6782976,
            "99.900000" : 7241728,
            "99.950000" : 7372800,
            "99.990000" : 7569408
          }
        },
        "lat_ns" : {
          "min" : 60216,
          "max" : 7658844,
          "mean" : 1792529.198184,
          "stddev" : 1530809.244500,
          "N" : 357274
        },
        "bw_min" : 470624,
        "bw_max" : 681712,
        "bw_agg" : 100.000000,
        "bw_mean" : 571435.200000,
        "bw_dev" : 61146.513412,
        "bw_samples" : 10,
        "iops_min" : 58828,
        "iops_max" : 85214,
        "iops_mean" : 71429.400000,
        "iops_stddev" : 7643.314176,
        "iops_samples" : 10
      },
      "write" : {
        "io_bytes" : 0,
        "io_kbytes" : 0,
        "bw_bytes" : 0,
        "bw" : 0,
        "iops" : 0.000000,
        "runtime" : 0,
        "total_ios" : 0,
        "short_ios" : 0,
        "drop_ios" : 0,
        "slat_ns" : {
          "min" : 0,
          "max" : 0,
          "mean" : 0.000000,
          "stddev" : 0.000000,
          "N" : 0
        },
        "clat_ns" : {
          "min" : 0,
          "max" : 0,
          "mean" : 0.000000,
          "stddev" : 0.000000,
          "N" : 0
        },
        "lat_ns" : {
          "min" : 0,
          "max" : 0,
          "mean" : 0.000000,
          "stddev" : 0.000000,
          "N" : 0
        },
        "bw_min" : 0,
        "bw_max" : 0,
        "bw_agg" : 0.000000,
        "bw_mean" : 0.000000,
        "bw_dev" : 0.000000,
        "bw_samples" : 0,
        "iops_min" : 0,
        "iops_max" : 0,
        "iops_mean" : 0.000000,
        "iops_stddev" : 0.000000,
        "iops_samples" : 0
      },
      "trim" : {
        "io_bytes" : 0,
        "io_kbytes" : 0,
        "bw_bytes" : 0,
        "bw" : 0,
        "iops" : 0.000000,
        "runtime" : 0,
        "total_ios" : 0,
        "short_ios" : 0,
        "drop_ios" : 0,
        "slat_ns" : {
          "min" : 0,
          "max" : 0,
          "mean" : 0.000000,
          "stddev" : 0.000000,
          "N" : 0
        },
        "clat_ns" : {
          "min" : 0,
          "max" : 0,
          "mean" : 0.000000,
          "stddev" : 0.000000,
          "N" : 0
        },
        "lat_ns" : {
          "min" : 0,
          "max" : 0,
          "mean" : 0.000000,
          "stddev" : 0.000000,
          "N" : 0
        },
        "bw_min" : 0,
        "bw_max" : 0,
        "bw_agg" : 0.000000,
        "bw_mean" : 0.000000,
        "bw_dev" : 0.000000,
        "bw_samples" : 0,
        "iops_min" : 0,
        "iops_max" : 0,
        "iops_mean" : 0.000000,
        "iops_stddev" : 0.000000,
        "iops_samples" : 0
      },
      "sync" : {
        "total_ios" : 0,
        "lat_ns" : {
          "min" : 0,
          "max" : 0,
          "mean" : 0.000000,
          "stddev" : 0.000000,
          "N" : 0
        }
      },
      "job_runtime" : 5004,
      "usr_cpu" : 4.116707,
      "sys_cpu" : 12.609912,
      "ctx" : 251379,
      "majf" : 0,
      "minf" : 264,
      "iodepth_level" : {
        "1" : 0.100000,
        "2" : 0.100000,
        "4" : 0.100000,
        "8" : 0.100000,
        "16" : 0.100000,
        "32" : 0.100000,
        ">=64" : 99.982366
      },
      "iodepth_submit" : {
        "0" : 0.000000,
        "4" : 100.000000,
        "8" : 0.000000,
        "16" : 0.000000,
        "32" : 0.000000,
        "64" : 0.000000,
        ">=64" : 0.000000
      },
      "iodepth_complete" : {
        "0" : 0.000000,
        "4" : 99.999720,
        "8" : 0.000000,
        "16" : 0.000000,
        "32" : 0.000000,
        "64" : 0.000000,
        ">=64" : 0.100000
      },
      "latency_ns" : {
        "2" : 0.000000,
        "4" : 0.000000,
        "10" : 0.000000,
        "20" : 0.000000,
        "50" : 0.000000,
        "100" : 0.000000,
        "250" : 0.000000,
        "500" : 0.000000,
        "750" : 0.000000,
        "1000" : 0.000000
      },
      "latency_us" : {
        "2" : 0.000000,
        "4" : 0.000000,
        "10" : 0.000000,
        "20" : 0.000000,
        "50" : 0.000000,
        "100" : 5.620896,
        "250" : 11.945454,
        "500" : 8.261446,
        "750" : 6.324278,
        "1000" : 6.435677
      },
      "latency_ms" : {
        "2" : 23.932052,
        "4" : 27.346238,
        "10" : 10.133959,
        "20" : 0.000000,
        "50" : 0.000000,
        "100" : 0.000000,
        "250" : 0.000000,
        "500" : 0.000000,
        "750" : 0.000000,
        "1000" : 0.000000,
        "2000" : 0.000000,
        ">=2000" : 0.000000
      },
      "latency_depth" : 128,
      "latency_target" : 0,
      "latency_target_ns" : 0,
      "latency_percentile" : 100.000000,
      "latency_window" : 0,
      "latency_window_us" : 0
    }
  ],
  "disk_util" : [
    {
      "name" : "nvme2n1",
      "read_ios" : 350916,
      "write_ios" : 0,
      "read_sectors" : 5614656,
      "write_sectors" : 0,
      "read_merges" : 0,
      "write_merges" : 0,
      "read_ticks" : 625687,
      "write_ticks" : 0,
      "in_queue" : 625687,
      "util" : 98.138883
    }
  ]
}
