{
  "fio version" : "fio-3.36",
  "timestamp" : 1781330736,
  "timestamp_ms" : 1781330736437,
  "time" : "Sat Jun 13 06:05:36 2026",
  "jobs" : [
    {
      "jobname" : "sequentialread_8k_16",
      "groupid" : 0,
      "job_start" : 1781330731417,
      "error" : 0,
      "eta" : 0,
      "elapsed" : 6,
      "job options" : {
        "name" : "sequentialread_8k_16",
        "filename" : "/dev/nvme3n1",
        "ioengine" : "io_uring",
        "direct" : "1",
        "rw" : "read",
        "bs" : "8k",
        "iodepth" : "16",
        "size" : "3G",
        "runtime" : "5"
      },
      "read" : {
        "io_bytes" : 2299764736,
        "io_kbytes" : 2245864,
        "bw_bytes" : 459860975,
        "bw" : 449082,
        "iops" : 56135.372925,
        "runtime" : 5001,
        "total_ios" : 280733,
        "short_ios" : 0,
        "drop_ios" : 0,
        "slat_ns" : {
          "min" : 764,
          "max" : 168883,
          "mean" : 1159.861099,
          "stddev" : 498.862978,
          "N" : 280733
        },
        "clat_ns" : {
          "min" : 17004,
          "max" : 1397879,
          "mean" : 283704.679991,
          "stddev" : 229749.956692,
          "N" : 280733,
          "percentile" : {
            "1.000000" : 59648,
            "5.000000" : 71168,
            "10.000000" : 72192,
            "20.000000" : 98816,
            "30.000000" : 128512,
            "40.000000" : 156672,
            "50.000000" : 191488,
            "60.000000" : 236544,
            "70.000000" : 325632,
            "80.000000" : 481280,
            "90.000000" : 651264,
            "95.000000" : 782336,
            "99.000000" : 954368,
            "99.500000" : 1011712,
            "99.900000" : 1089536,
            "99.950000" : 1155072,
            "99.990000" : 1253376
          }
        },
        "lat_ns" : {
          "min" : 59672,
          "max" : 1398894,
          "mean" : 284864.541091,
          "stddev" : 229743.128517,
          "N" : 280733
        },
        "bw_min" : 406048,
        "bw_max" : 468464,
        "bw_agg" : 98.329711,
        "bw_mean" : 441582.222222,
        "bw_dev" : 21003.153202,
        "bw_samples" : 9,
        "iops_min" : 50756,
        "iops_max" : 58558,
        "iops_mean" : 55197.777778,
        "iops_stddev" : 2625.394150,
        "iops_samples" : 9
      },
      "write" : {
        "io_bytes" : 0,
        "io_kbytes" : 0,
        "bw_bytes" : 0,
        "bw" : 0,
        "iops" : 0.000000,
        "runtime" : 0,
        "total_ios" : 0,
        "short_ios" : 0,
        "drop_ios" : 0,
        "slat_ns" : {
          "min" : 0,
          "max" : 0,
          "mean" : 0.000000,
          "stddev" : 0.000000,
          "N" : 0
        },
        "clat_ns" : {
          "min" : 0,
          "max" : 0,
          "mean" : 0.000000,
          "stddev" : 0.000000,
          "N" : 0
        },
        "lat_ns" : {
          "min" : 0,
          "max" : 0,
          "mean" : 0.000000,
          "stddev" : 0.000000,
          "N" : 0
        },
        "bw_min" : 0,
        "bw_max" : 0,
        "bw_agg" : 0.000000,
        "bw_mean" : 0.000000,
        "bw_dev" : 0.000000,
        "bw_samples" : 0,
        "iops_min" : 0,
        "iops_max" : 0,
        "iops_mean" : 0.000000,
        "iops_stddev" : 0.000000,
        "iops_samples" : 0
      },
      "trim" : {
        "io_bytes" : 0,
        "io_kbytes" : 0,
        "bw_bytes" : 0,
        "bw" : 0,
        "iops" : 0.000000,
        "runtime" : 0,
        "total_ios" : 0,
        "short_ios" : 0,
        "drop_ios" : 0,
        "slat_ns" : {
          "min" : 0,
          "max" : 0,
          "mean" : 0.000000,
          "stddev" : 0.000000,
          "N" : 0
        },
        "clat_ns" : {
          "min" : 0,
          "max" : 0,
          "mean" : 0.000000,
          "stddev" : 0.000000,
          "N" : 0
        },
        "lat_ns" : {
          "min" : 0,
          "max" : 0,
          "mean" : 0.000000,
          "stddev" : 0.000000,
          "N" : 0
        },
        "bw_min" : 0,
        "bw_max" : 0,
        "bw_agg" : 0.000000,
        "bw_mean" : 0.000000,
        "bw_dev" : 0.000000,
        "bw_samples" : 0,
        "iops_min" : 0,
        "iops_max" : 0,
        "iops_mean" : 0.000000,
        "iops_stddev" : 0.000000,
        "iops_samples" : 0
      },
      "sync" : {
        "total_ios" : 0,
        "lat_ns" : {
          "min" : 0,
          "max" : 0,
          "mean" : 0.000000,
          "stddev" : 0.000000,
          "N" : 0
        }
      },
      "job_runtime" : 5000,
      "usr_cpu" : 1.540000,
      "sys_cpu" : 11.380000,
      "ctx" : 242739,
      "majf" : 0,
      "minf" : 43,
      "iodepth_level" : {
        "1" : 0.100000,
        "2" : 0.100000,
        "4" : 0.100000,
        "8" : 0.100000,
        "16" : 99.994657,
        "32" : 0.000000,
        ">=64" : 0.000000
      },
      "iodepth_submit" : {
        "0" : 0.000000,
        "4" : 100.000000,
        "8" : 0.000000,
        "16" : 0.000000,
        "32" : 0.000000,
        "64" : 0.000000,
        ">=64" : 0.000000
      },
      "iodepth_complete" : {
        "0" : 0.000000,
        "4" : 99.999644,
        "8" : 0.000000,
        "16" : 0.100000,
        "32" : 0.000000,
        "64" : 0.000000,
        ">=64" : 0.000000
      },
      "latency_ns" : {
        "2" : 0.000000,
        "4" : 0.000000,
        "10" : 0.000000,
        "20" : 0.000000,
        "50" : 0.000000,
        "100" : 0.000000,
        "250" : 0.000000,
        "500" : 0.000000,
        "750" : 0.000000,
        "1000" : 0.000000
      },
      "latency_us" : {
        "2" : 0.000000,
        "4" : 0.000000,
        "10" : 0.000000,
        "20" : 0.010000,
        "50" : 0.000000,
        "100" : 20.533389,
        "250" : 41.408028,
        "500" : 19.339372,
        "750" : 12.801844,
        "1000" : 5.366665
      },
      "latency_ms" : {
        "2" : 0.550345,
        "4" : 0.000000,
        "10" : 0.000000,
        "20" : 0.000000,
        "50" : 0.000000,
        "100" : 0.000000,
        "250" : 0.000000,
        "500" : 0.000000,
        "750" : 0.000000,
        "1000" : 0.000000,
        "2000" : 0.000000,
        ">=2000" : 0.000000
      },
      "latency_depth" : 16,
      "latency_target" : 0,
      "latency_percentile" : 100.000000,
      "latency_window" : 0
    }
  ],
  "disk_util" : [
    {
      "name" : "nvme3n1",
      "read_ios" : 273656,
      "write_ios" : 0,
      "read_sectors" : 4378496,
      "write_sectors" : 0,
      "read_merges" : 0,
      "write_merges" : 0,
      "read_ticks" : 77792,
      "write_ticks" : 0,
      "in_queue" : 77791,
      "util" : 98.039216
    }
  ]
}
