{
  "fio version" : "fio-3.42-31-g6a66",
  "timestamp" : 1781281400,
  "timestamp_ms" : 1781281400397,
  "time" : "Fri Jun 12 16:23:20 2026",
  "jobs" : [
    {
      "jobname" : "sequentialread_8k_16",
      "groupid" : 0,
      "job_start" : 1781281395249,
      "error" : 0,
      "eta" : 0,
      "elapsed" : 6,
      "job options" : {
        "name" : "sequentialread_8k_16",
        "filename" : "/dev/nvme2n1",
        "ioengine" : "io_uring",
        "direct" : "1",
        "group_reporting" : "",
        "rw" : "read",
        "bs" : "8k",
        "iodepth" : "16",
        "size" : "3G",
        "time_based" : "",
        "runtime" : "5"
      },
      "read" : {
        "io_bytes" : 2325053440,
        "io_kbytes" : 2270560,
        "bw_bytes" : 464917704,
        "bw" : 454021,
        "iops" : 56752.649470,
        "runtime" : 5001,
        "total_ios" : 283820,
        "short_ios" : 0,
        "drop_ios" : 0,
        "slat_ns" : {
          "min" : 655,
          "max" : 203990,
          "mean" : 902.627475,
          "stddev" : 668.720494,
          "N" : 283820
        },
        "clat_ns" : {
          "min" : 58524,
          "max" : 1397711,
          "mean" : 280823.892069,
          "stddev" : 224368.719037,
          "N" : 283820,
          "percentile" : {
            "1.000000" : 61184,
            "5.000000" : 72192,
            "10.000000" : 75264,
            "20.000000" : 103936,
            "30.000000" : 132096,
            "40.000000" : 160768,
            "50.000000" : 193536,
            "60.000000" : 232448,
            "70.000000" : 305152,
            "80.000000" : 464896,
            "90.000000" : 643072,
            "95.000000" : 765952,
            "99.000000" : 954368,
            "99.500000" : 995328,
            "99.900000" : 1105920,
            "99.950000" : 1155072,
            "99.990000" : 1253376
          }
        },
        "lat_ns" : {
          "min" : 60096,
          "max" : 1398560,
          "mean" : 281726.519544,
          "stddev" : 224362.906237,
          "N" : 283820
        },
        "bw_min" : 403200,
        "bw_max" : 507056,
        "bw_agg" : 100.000000,
        "bw_mean" : 454112.000000,
        "bw_dev" : 28078.860882,
        "bw_samples" : 10,
        "iops_min" : 50400,
        "iops_max" : 63382,
        "iops_mean" : 56764.000000,
        "iops_stddev" : 3509.716165,
        "iops_samples" : 10
      },
      "write" : {
        "io_bytes" : 0,
        "io_kbytes" : 0,
        "bw_bytes" : 0,
        "bw" : 0,
        "iops" : 0.000000,
        "runtime" : 0,
        "total_ios" : 0,
        "short_ios" : 0,
        "drop_ios" : 0,
        "slat_ns" : {
          "min" : 0,
          "max" : 0,
          "mean" : 0.000000,
          "stddev" : 0.000000,
          "N" : 0
        },
        "clat_ns" : {
          "min" : 0,
          "max" : 0,
          "mean" : 0.000000,
          "stddev" : 0.000000,
          "N" : 0
        },
        "lat_ns" : {
          "min" : 0,
          "max" : 0,
          "mean" : 0.000000,
          "stddev" : 0.000000,
          "N" : 0
        },
        "bw_min" : 0,
        "bw_max" : 0,
        "bw_agg" : 0.000000,
        "bw_mean" : 0.000000,
        "bw_dev" : 0.000000,
        "bw_samples" : 0,
        "iops_min" : 0,
        "iops_max" : 0,
        "iops_mean" : 0.000000,
        "iops_stddev" : 0.000000,
        "iops_samples" : 0
      },
      "trim" : {
        "io_bytes" : 0,
        "io_kbytes" : 0,
        "bw_bytes" : 0,
        "bw" : 0,
        "iops" : 0.000000,
        "runtime" : 0,
        "total_ios" : 0,
        "short_ios" : 0,
        "drop_ios" : 0,
        "slat_ns" : {
          "min" : 0,
          "max" : 0,
          "mean" : 0.000000,
          "stddev" : 0.000000,
          "N" : 0
        },
        "clat_ns" : {
          "min" : 0,
          "max" : 0,
          "mean" : 0.000000,
          "stddev" : 0.000000,
          "N" : 0
        },
        "lat_ns" : {
          "min" : 0,
          "max" : 0,
          "mean" : 0.000000,
          "stddev" : 0.000000,
          "N" : 0
        },
        "bw_min" : 0,
        "bw_max" : 0,
        "bw_agg" : 0.000000,
        "bw_mean" : 0.000000,
        "bw_dev" : 0.000000,
        "bw_samples" : 0,
        "iops_min" : 0,
        "iops_max" : 0,
        "iops_mean" : 0.000000,
        "iops_stddev" : 0.000000,
        "iops_samples" : 0
      },
      "sync" : {
        "total_ios" : 0,
        "lat_ns" : {
          "min" : 0,
          "max" : 0,
          "mean" : 0.000000,
          "stddev" : 0.000000,
          "N" : 0
        }
      },
      "job_runtime" : 5000,
      "usr_cpu" : 2.660000,
      "sys_cpu" : 11.880000,
      "ctx" : 235227,
      "majf" : 0,
      "minf" : 40,
      "iodepth_level" : {
        "1" : 0.100000,
        "2" : 0.100000,
        "4" : 0.100000,
        "8" : 0.100000,
        "16" : 99.994715,
        "32" : 0.000000,
        ">=64" : 0.000000
      },
      "iodepth_submit" : {
        "0" : 0.000000,
        "4" : 100.000000,
        "8" : 0.000000,
        "16" : 0.000000,
        "32" : 0.000000,
        "64" : 0.000000,
        ">=64" : 0.000000
      },
      "iodepth_complete" : {
        "0" : 0.000000,
        "4" : 99.999648,
        "8" : 0.000000,
        "16" : 0.100000,
        "32" : 0.000000,
        "64" : 0.000000,
        ">=64" : 0.000000
      },
      "latency_ns" : {
        "2" : 0.000000,
        "4" : 0.000000,
        "10" : 0.000000,
        "20" : 0.000000,
        "50" : 0.000000,
        "100" : 0.000000,
        "250" : 0.000000,
        "500" : 0.000000,
        "750" : 0.000000,
        "1000" : 0.000000
      },
      "latency_us" : {
        "2" : 0.000000,
        "4" : 0.000000,
        "10" : 0.000000,
        "20" : 0.000000,
        "50" : 0.000000,
        "100" : 17.988162,
        "250" : 44.529279,
        "500" : 19.627581,
        "750" : 12.276090,
        "1000" : 5.084561
      },
      "latency_ms" : {
        "2" : 0.494327,
        "4" : 0.000000,
        "10" : 0.000000,
        "20" : 0.000000,
        "50" : 0.000000,
        "100" : 0.000000,
        "250" : 0.000000,
        "500" : 0.000000,
        "750" : 0.000000,
        "1000" : 0.000000,
        "2000" : 0.000000,
        ">=2000" : 0.000000
      },
      "latency_depth" : 16,
      "latency_target" : 0,
      "latency_target_ns" : 0,
      "latency_percentile" : 100.000000,
      "latency_window" : 0,
      "latency_window_us" : 0
    }
  ],
  "disk_util" : [
    {
      "name" : "nvme2n1",
      "read_ios" : 277061,
      "write_ios" : 0,
      "read_sectors" : 4432976,
      "write_sectors" : 0,
      "read_merges" : 0,
      "write_merges" : 0,
      "read_ticks" : 77718,
      "write_ticks" : 0,
      "in_queue" : 77719,
      "util" : 98.158527
    }
  ]
}
