{
  "fio version" : "fio-3.36",
  "timestamp" : 1781330741,
  "timestamp_ms" : 1781330741700,
  "time" : "Sat Jun 13 06:05:41 2026",
  "jobs" : [
    {
      "jobname" : "sequentialread_8k_32",
      "groupid" : 0,
      "job_start" : 1781330736681,
      "error" : 0,
      "eta" : 0,
      "elapsed" : 6,
      "job options" : {
        "name" : "sequentialread_8k_32",
        "filename" : "/dev/nvme3n1",
        "ioengine" : "io_uring",
        "direct" : "1",
        "rw" : "read",
        "bs" : "8k",
        "iodepth" : "32",
        "size" : "3G",
        "runtime" : "5"
      },
      "read" : {
        "io_bytes" : 2635767808,
        "io_kbytes" : 2573992,
        "bw_bytes" : 526942784,
        "bw" : 514592,
        "iops" : 64324.070372,
        "runtime" : 5002,
        "total_ios" : 321749,
        "short_ios" : 0,
        "drop_ios" : 0,
        "slat_ns" : {
          "min" : 761,
          "max" : 176702,
          "mean" : 1226.289048,
          "stddev" : 416.164660,
          "N" : 321749
        },
        "clat_ns" : {
          "min" : 58626,
          "max" : 3030159,
          "mean" : 496048.637360,
          "stddev" : 473029.263209,
          "N" : 321749,
          "percentile" : {
            "1.000000" : 60160,
            "5.000000" : 72192,
            "10.000000" : 82432,
            "20.000000" : 123392,
            "30.000000" : 166912,
            "40.000000" : 214016,
            "50.000000" : 276480,
            "60.000000" : 378880,
            "70.000000" : 618496,
            "80.000000" : 913408,
            "90.000000" : 1286144,
            "95.000000" : 1515520,
            "99.000000" : 1794048,
            "99.500000" : 1859584,
            "99.900000" : 2039808,
            "99.950000" : 2088960,
            "99.990000" : 2179072
          }
        },
        "lat_ns" : {
          "min" : 59919,
          "max" : 3031327,
          "mean" : 497274.926408,
          "stddev" : 473022.165100,
          "N" : 321749
        },
        "bw_min" : 450890,
        "bw_max" : 602768,
        "bw_agg" : 99.229961,
        "bw_mean" : 510630.444444,
        "bw_dev" : 43371.029015,
        "bw_samples" : 9,
        "iops_min" : 56361,
        "iops_max" : 75346,
        "iops_mean" : 63828.777778,
        "iops_stddev" : 5421.421672,
        "iops_samples" : 9
      },
      "write" : {
        "io_bytes" : 0,
        "io_kbytes" : 0,
        "bw_bytes" : 0,
        "bw" : 0,
        "iops" : 0.000000,
        "runtime" : 0,
        "total_ios" : 0,
        "short_ios" : 0,
        "drop_ios" : 0,
        "slat_ns" : {
          "min" : 0,
          "max" : 0,
          "mean" : 0.000000,
          "stddev" : 0.000000,
          "N" : 0
        },
        "clat_ns" : {
          "min" : 0,
          "max" : 0,
          "mean" : 0.000000,
          "stddev" : 0.000000,
          "N" : 0
        },
        "lat_ns" : {
          "min" : 0,
          "max" : 0,
          "mean" : 0.000000,
          "stddev" : 0.000000,
          "N" : 0
        },
        "bw_min" : 0,
        "bw_max" : 0,
        "bw_agg" : 0.000000,
        "bw_mean" : 0.000000,
        "bw_dev" : 0.000000,
        "bw_samples" : 0,
        "iops_min" : 0,
        "iops_max" : 0,
        "iops_mean" : 0.000000,
        "iops_stddev" : 0.000000,
        "iops_samples" : 0
      },
      "trim" : {
        "io_bytes" : 0,
        "io_kbytes" : 0,
        "bw_bytes" : 0,
        "bw" : 0,
        "iops" : 0.000000,
        "runtime" : 0,
        "total_ios" : 0,
        "short_ios" : 0,
        "drop_ios" : 0,
        "slat_ns" : {
          "min" : 0,
          "max" : 0,
          "mean" : 0.000000,
          "stddev" : 0.000000,
          "N" : 0
        },
        "clat_ns" : {
          "min" : 0,
          "max" : 0,
          "mean" : 0.000000,
          "stddev" : 0.000000,
          "N" : 0
        },
        "lat_ns" : {
          "min" : 0,
          "max" : 0,
          "mean" : 0.000000,
          "stddev" : 0.000000,
          "N" : 0
        },
        "bw_min" : 0,
        "bw_max" : 0,
        "bw_agg" : 0.000000,
        "bw_mean" : 0.000000,
        "bw_dev" : 0.000000,
        "bw_samples" : 0,
        "iops_min" : 0,
        "iops_max" : 0,
        "iops_mean" : 0.000000,
        "iops_stddev" : 0.000000,
        "iops_samples" : 0
      },
      "sync" : {
        "total_ios" : 0,
        "lat_ns" : {
          "min" : 0,
          "max" : 0,
          "mean" : 0.000000,
          "stddev" : 0.000000,
          "N" : 0
        }
      },
      "job_runtime" : 5001,
      "usr_cpu" : 2.879424,
      "sys_cpu" : 11.997600,
      "ctx" : 259498,
      "majf" : 0,
      "minf" : 74,
      "iodepth_level" : {
        "1" : 0.100000,
        "2" : 0.100000,
        "4" : 0.100000,
        "8" : 0.100000,
        "16" : 0.100000,
        "32" : 99.990365,
        ">=64" : 0.000000
      },
      "iodepth_submit" : {
        "0" : 0.000000,
        "4" : 100.000000,
        "8" : 0.000000,
        "16" : 0.000000,
        "32" : 0.000000,
        "64" : 0.000000,
        ">=64" : 0.000000
      },
      "iodepth_complete" : {
        "0" : 0.000000,
        "4" : 99.999689,
        "8" : 0.000000,
        "16" : 0.000000,
        "32" : 0.100000,
        "64" : 0.000000,
        ">=64" : 0.000000
      },
      "latency_ns" : {
        "2" : 0.000000,
        "4" : 0.000000,
        "10" : 0.000000,
        "20" : 0.000000,
        "50" : 0.000000,
        "100" : 0.000000,
        "250" : 0.000000,
        "500" : 0.000000,
        "750" : 0.000000,
        "1000" : 0.000000
      },
      "latency_us" : {
        "2" : 0.000000,
        "4" : 0.000000,
        "10" : 0.000000,
        "20" : 0.000000,
        "50" : 0.000000,
        "100" : 13.933532,
        "250" : 32.596838,
        "500" : 18.829895,
        "750" : 9.374388,
        "1000" : 7.841827
      },
      "latency_ms" : {
        "2" : 17.262835,
        "4" : 0.160684,
        "10" : 0.000000,
        "20" : 0.000000,
        "50" : 0.000000,
        "100" : 0.000000,
        "250" : 0.000000,
        "500" : 0.000000,
        "750" : 0.000000,
        "1000" : 0.000000,
        "2000" : 0.000000,
        ">=2000" : 0.000000
      },
      "latency_depth" : 32,
      "latency_target" : 0,
      "latency_percentile" : 100.000000,
      "latency_window" : 0
    }
  ],
  "disk_util" : [
    {
      "name" : "nvme3n1",
      "read_ios" : 316024,
      "write_ios" : 0,
      "read_sectors" : 5056384,
      "write_sectors" : 0,
      "read_merges" : 0,
      "write_merges" : 0,
      "read_ticks" : 155978,
      "write_ticks" : 0,
      "in_queue" : 155978,
      "util" : 98.039216
    }
  ]
}
