{
  "fio version" : "fio-3.36",
  "timestamp" : 1781330725,
  "timestamp_ms" : 1781330725908,
  "time" : "Sat Jun 13 06:05:25 2026",
  "jobs" : [
    {
      "jobname" : "sequentialread_8k_4",
      "groupid" : 0,
      "job_start" : 1781330720888,
      "error" : 0,
      "eta" : 0,
      "elapsed" : 6,
      "job options" : {
        "name" : "sequentialread_8k_4",
        "filename" : "/dev/nvme3n1",
        "ioengine" : "io_uring",
        "direct" : "1",
        "rw" : "read",
        "bs" : "8k",
        "iodepth" : "4",
        "size" : "3G",
        "runtime" : "5"
      },
      "read" : {
        "io_bytes" : 1471881216,
        "io_kbytes" : 1437384,
        "bw_bytes" : 294317379,
        "bw" : 287419,
        "iops" : 35927.414517,
        "runtime" : 5001,
        "total_ios" : 179673,
        "short_ios" : 0,
        "drop_ios" : 0,
        "slat_ns" : {
          "min" : 767,
          "max" : 38635,
          "mean" : 1152.990622,
          "stddev" : 298.904813,
          "N" : 179673
        },
        "clat_ns" : {
          "min" : 55763,
          "max" : 413740,
          "mean" : 110004.979413,
          "stddev" : 44395.966535,
          "N" : 179673,
          "percentile" : {
            "1.000000" : 59648,
            "5.000000" : 59648,
            "10.000000" : 67072,
            "20.000000" : 71168,
            "30.000000" : 78336,
            "40.000000" : 91648,
            "50.000000" : 92672,
            "60.000000" : 105984,
            "70.000000" : 126464,
            "80.000000" : 146432,
            "90.000000" : 164864,
            "95.000000" : 195584,
            "99.000000" : 254976,
            "99.500000" : 276480,
            "99.900000" : 301056,
            "99.950000" : 309248,
            "99.990000" : 313344
          }
        },
        "lat_ns" : {
          "min" : 59557,
          "max" : 414759,
          "mean" : 111157.970034,
          "stddev" : 44397.278434,
          "N" : 179673
        },
        "bw_min" : 273792,
        "bw_max" : 294800,
        "bw_agg" : 99.905603,
        "bw_mean" : 287148.444444,
        "bw_dev" : 7765.156134,
        "bw_samples" : 9,
        "iops_min" : 34224,
        "iops_max" : 36850,
        "iops_mean" : 35893.555556,
        "iops_stddev" : 970.644517,
        "iops_samples" : 9
      },
      "write" : {
        "io_bytes" : 0,
        "io_kbytes" : 0,
        "bw_bytes" : 0,
        "bw" : 0,
        "iops" : 0.000000,
        "runtime" : 0,
        "total_ios" : 0,
        "short_ios" : 0,
        "drop_ios" : 0,
        "slat_ns" : {
          "min" : 0,
          "max" : 0,
          "mean" : 0.000000,
          "stddev" : 0.000000,
          "N" : 0
        },
        "clat_ns" : {
          "min" : 0,
          "max" : 0,
          "mean" : 0.000000,
          "stddev" : 0.000000,
          "N" : 0
        },
        "lat_ns" : {
          "min" : 0,
          "max" : 0,
          "mean" : 0.000000,
          "stddev" : 0.000000,
          "N" : 0
        },
        "bw_min" : 0,
        "bw_max" : 0,
        "bw_agg" : 0.000000,
        "bw_mean" : 0.000000,
        "bw_dev" : 0.000000,
        "bw_samples" : 0,
        "iops_min" : 0,
        "iops_max" : 0,
        "iops_mean" : 0.000000,
        "iops_stddev" : 0.000000,
        "iops_samples" : 0
      },
      "trim" : {
        "io_bytes" : 0,
        "io_kbytes" : 0,
        "bw_bytes" : 0,
        "bw" : 0,
        "iops" : 0.000000,
        "runtime" : 0,
        "total_ios" : 0,
        "short_ios" : 0,
        "drop_ios" : 0,
        "slat_ns" : {
          "min" : 0,
          "max" : 0,
          "mean" : 0.000000,
          "stddev" : 0.000000,
          "N" : 0
        },
        "clat_ns" : {
          "min" : 0,
          "max" : 0,
          "mean" : 0.000000,
          "stddev" : 0.000000,
          "N" : 0
        },
        "lat_ns" : {
          "min" : 0,
          "max" : 0,
          "mean" : 0.000000,
          "stddev" : 0.000000,
          "N" : 0
        },
        "bw_min" : 0,
        "bw_max" : 0,
        "bw_agg" : 0.000000,
        "bw_mean" : 0.000000,
        "bw_dev" : 0.000000,
        "bw_samples" : 0,
        "iops_min" : 0,
        "iops_max" : 0,
        "iops_mean" : 0.000000,
        "iops_stddev" : 0.000000,
        "iops_samples" : 0
      },
      "sync" : {
        "total_ios" : 0,
        "lat_ns" : {
          "min" : 0,
          "max" : 0,
          "mean" : 0.000000,
          "stddev" : 0.000000,
          "N" : 0
        }
      },
      "job_runtime" : 5000,
      "usr_cpu" : 1.640000,
      "sys_cpu" : 7.300000,
      "ctx" : 171867,
      "majf" : 0,
      "minf" : 16,
      "iodepth_level" : {
        "1" : 0.100000,
        "2" : 0.100000,
        "4" : 99.998330,
        "8" : 0.000000,
        "16" : 0.000000,
        "32" : 0.000000,
        ">=64" : 0.000000
      },
      "iodepth_submit" : {
        "0" : 0.000000,
        "4" : 100.000000,
        "8" : 0.000000,
        "16" : 0.000000,
        "32" : 0.000000,
        "64" : 0.000000,
        ">=64" : 0.000000
      },
      "iodepth_complete" : {
        "0" : 0.000000,
        "4" : 100.000000,
        "8" : 0.000000,
        "16" : 0.000000,
        "32" : 0.000000,
        "64" : 0.000000,
        ">=64" : 0.000000
      },
      "latency_ns" : {
        "2" : 0.000000,
        "4" : 0.000000,
        "10" : 0.000000,
        "20" : 0.000000,
        "50" : 0.000000,
        "100" : 0.000000,
        "250" : 0.000000,
        "500" : 0.000000,
        "750" : 0.000000,
        "1000" : 0.000000
      },
      "latency_us" : {
        "2" : 0.000000,
        "4" : 0.000000,
        "10" : 0.000000,
        "20" : 0.000000,
        "50" : 0.000000,
        "100" : 55.652769,
        "250" : 43.118332,
        "500" : 1.228899,
        "750" : 0.000000,
        "1000" : 0.000000
      },
      "latency_ms" : {
        "2" : 0.000000,
        "4" : 0.000000,
        "10" : 0.000000,
        "20" : 0.000000,
        "50" : 0.000000,
        "100" : 0.000000,
        "250" : 0.000000,
        "500" : 0.000000,
        "750" : 0.000000,
        "1000" : 0.000000,
        "2000" : 0.000000,
        ">=2000" : 0.000000
      },
      "latency_depth" : 4,
      "latency_target" : 0,
      "latency_percentile" : 100.000000,
      "latency_window" : 0
    }
  ],
  "disk_util" : [
    {
      "name" : "nvme3n1",
      "read_ios" : 175886,
      "write_ios" : 0,
      "read_sectors" : 2814176,
      "write_sectors" : 0,
      "read_merges" : 0,
      "write_merges" : 0,
      "read_ticks" : 19229,
      "write_ticks" : 0,
      "in_queue" : 19229,
      "util" : 98.119248
    }
  ]
}
