{
  "fio version" : "fio-3.36",
  "timestamp" : 1781330746,
  "timestamp_ms" : 1781330746964,
  "time" : "Sat Jun 13 06:05:46 2026",
  "jobs" : [
    {
      "jobname" : "sequentialread_8k_64",
      "groupid" : 0,
      "job_start" : 1781330741944,
      "error" : 0,
      "eta" : 0,
      "elapsed" : 6,
      "job options" : {
        "name" : "sequentialread_8k_64",
        "filename" : "/dev/nvme3n1",
        "ioengine" : "io_uring",
        "direct" : "1",
        "rw" : "read",
        "bs" : "8k",
        "iodepth" : "64",
        "size" : "3G",
        "runtime" : "5"
      },
      "read" : {
        "io_bytes" : 2783068160,
        "io_kbytes" : 2717840,
        "bw_bytes" : 556168697,
        "bw" : 543133,
        "iops" : 67891.686651,
        "runtime" : 5004,
        "total_ios" : 339730,
        "short_ios" : 0,
        "drop_ios" : 0,
        "slat_ns" : {
          "min" : 737,
          "max" : 166650,
          "mean" : 1267.379275,
          "stddev" : 409.861331,
          "N" : 339730
        },
        "clat_ns" : {
          "min" : 59217,
          "max" : 5320344,
          "mean" : 941057.738769,
          "stddev" : 891703.524969,
          "N" : 339730,
          "percentile" : {
            "1.000000" : 60672,
            "5.000000" : 73216,
            "10.000000" : 102912,
            "20.000000" : 166912,
            "30.000000" : 250880,
            "40.000000" : 403456,
            "50.000000" : 634880,
            "60.000000" : 888832,
            "70.000000" : 1253376,
            "80.000000" : 1695744,
            "90.000000" : 2310144,
            "95.000000" : 2834432,
            "99.000000" : 3489792,
            "99.500000" : 3588096,
            "99.900000" : 3784704,
            "99.950000" : 3883008,
            "99.990000" : 4177920
          }
        },
        "lat_ns" : {
          "min" : 60304,
          "max" : 5321331,
          "mean" : 942325.118044,
          "stddev" : 891701.094767,
          "N" : 339730
        },
        "bw_min" : 472656,
        "bw_max" : 650896,
        "bw_agg" : 100.000000,
        "bw_mean" : 543467.200000,
        "bw_dev" : 56753.519912,
        "bw_samples" : 10,
        "iops_min" : 59082,
        "iops_max" : 81362,
        "iops_mean" : 67933.400000,
        "iops_stddev" : 7094.189989,
        "iops_samples" : 10
      },
      "write" : {
        "io_bytes" : 0,
        "io_kbytes" : 0,
        "bw_bytes" : 0,
        "bw" : 0,
        "iops" : 0.000000,
        "runtime" : 0,
        "total_ios" : 0,
        "short_ios" : 0,
        "drop_ios" : 0,
        "slat_ns" : {
          "min" : 0,
          "max" : 0,
          "mean" : 0.000000,
          "stddev" : 0.000000,
          "N" : 0
        },
        "clat_ns" : {
          "min" : 0,
          "max" : 0,
          "mean" : 0.000000,
          "stddev" : 0.000000,
          "N" : 0
        },
        "lat_ns" : {
          "min" : 0,
          "max" : 0,
          "mean" : 0.000000,
          "stddev" : 0.000000,
          "N" : 0
        },
        "bw_min" : 0,
        "bw_max" : 0,
        "bw_agg" : 0.000000,
        "bw_mean" : 0.000000,
        "bw_dev" : 0.000000,
        "bw_samples" : 0,
        "iops_min" : 0,
        "iops_max" : 0,
        "iops_mean" : 0.000000,
        "iops_stddev" : 0.000000,
        "iops_samples" : 0
      },
      "trim" : {
        "io_bytes" : 0,
        "io_kbytes" : 0,
        "bw_bytes" : 0,
        "bw" : 0,
        "iops" : 0.000000,
        "runtime" : 0,
        "total_ios" : 0,
        "short_ios" : 0,
        "drop_ios" : 0,
        "slat_ns" : {
          "min" : 0,
          "max" : 0,
          "mean" : 0.000000,
          "stddev" : 0.000000,
          "N" : 0
        },
        "clat_ns" : {
          "min" : 0,
          "max" : 0,
          "mean" : 0.000000,
          "stddev" : 0.000000,
          "N" : 0
        },
        "lat_ns" : {
          "min" : 0,
          "max" : 0,
          "mean" : 0.000000,
          "stddev" : 0.000000,
          "N" : 0
        },
        "bw_min" : 0,
        "bw_max" : 0,
        "bw_agg" : 0.000000,
        "bw_mean" : 0.000000,
        "bw_dev" : 0.000000,
        "bw_samples" : 0,
        "iops_min" : 0,
        "iops_max" : 0,
        "iops_mean" : 0.000000,
        "iops_stddev" : 0.000000,
        "iops_samples" : 0
      },
      "sync" : {
        "total_ios" : 0,
        "lat_ns" : {
          "min" : 0,
          "max" : 0,
          "mean" : 0.000000,
          "stddev" : 0.000000,
          "N" : 0
        }
      },
      "job_runtime" : 5003,
      "usr_cpu" : 2.798321,
      "sys_cpu" : 13.292025,
      "ctx" : 271203,
      "majf" : 0,
      "minf" : 137,
      "iodepth_level" : {
        "1" : 0.100000,
        "2" : 0.100000,
        "4" : 0.100000,
        "8" : 0.100000,
        "16" : 0.100000,
        "32" : 0.100000,
        ">=64" : 99.981456
      },
      "iodepth_submit" : {
        "0" : 0.000000,
        "4" : 100.000000,
        "8" : 0.000000,
        "16" : 0.000000,
        "32" : 0.000000,
        "64" : 0.000000,
        ">=64" : 0.000000
      },
      "iodepth_complete" : {
        "0" : 0.000000,
        "4" : 99.999706,
        "8" : 0.000000,
        "16" : 0.000000,
        "32" : 0.000000,
        "64" : 0.100000,
        ">=64" : 0.000000
      },
      "latency_ns" : {
        "2" : 0.000000,
        "4" : 0.000000,
        "10" : 0.000000,
        "20" : 0.000000,
        "50" : 0.000000,
        "100" : 0.000000,
        "250" : 0.000000,
        "500" : 0.000000,
        "750" : 0.000000,
        "1000" : 0.000000
      },
      "latency_us" : {
        "2" : 0.000000,
        "4" : 0.000000,
        "10" : 0.000000,
        "20" : 0.000000,
        "50" : 0.000000,
        "100" : 9.497837,
        "250" : 20.349984,
        "500" : 14.197451,
        "750" : 11.052306,
        "1000" : 8.289524
      },
      "latency_ms" : {
        "2" : 22.091072,
        "4" : 14.503871,
        "10" : 0.017955,
        "20" : 0.000000,
        "50" : 0.000000,
        "100" : 0.000000,
        "250" : 0.000000,
        "500" : 0.000000,
        "750" : 0.000000,
        "1000" : 0.000000,
        "2000" : 0.000000,
        ">=2000" : 0.000000
      },
      "latency_depth" : 64,
      "latency_target" : 0,
      "latency_percentile" : 100.000000,
      "latency_window" : 0
    }
  ],
  "disk_util" : [
    {
      "name" : "nvme3n1",
      "read_ios" : 333452,
      "write_ios" : 0,
      "read_sectors" : 5335232,
      "write_sectors" : 0,
      "read_merges" : 0,
      "write_merges" : 0,
      "read_ticks" : 312619,
      "write_ticks" : 0,
      "in_queue" : 312619,
      "util" : 98.119248
    }
  ]
}
