{
  "fio version" : "fio-3.36",
  "timestamp" : 1781330731,
  "timestamp_ms" : 1781330731173,
  "time" : "Sat Jun 13 06:05:31 2026",
  "jobs" : [
    {
      "jobname" : "sequentialread_8k_8",
      "groupid" : 0,
      "job_start" : 1781330726153,
      "error" : 0,
      "eta" : 0,
      "elapsed" : 6,
      "job options" : {
        "name" : "sequentialread_8k_8",
        "filename" : "/dev/nvme3n1",
        "ioengine" : "io_uring",
        "direct" : "1",
        "rw" : "read",
        "bs" : "8k",
        "iodepth" : "8",
        "size" : "3G",
        "runtime" : "5"
      },
      "read" : {
        "io_bytes" : 1882488832,
        "io_kbytes" : 1838368,
        "bw_bytes" : 376422481,
        "bw" : 367600,
        "iops" : 45950.009998,
        "runtime" : 5001,
        "total_ios" : 229796,
        "short_ios" : 0,
        "drop_ios" : 0,
        "slat_ns" : {
          "min" : 786,
          "max" : 24044,
          "mean" : 1171.616486,
          "stddev" : 261.508958,
          "N" : 229796
        },
        "clat_ns" : {
          "min" : 52869,
          "max" : 962441,
          "mean" : 172733.355685,
          "stddev" : 104205.633049,
          "N" : 229796,
          "percentile" : {
            "1.000000" : 59648,
            "5.000000" : 66048,
            "10.000000" : 71168,
            "20.000000" : 83456,
            "30.000000" : 102912,
            "40.000000" : 125440,
            "50.000000" : 142336,
            "60.000000" : 171008,
            "70.000000" : 185344,
            "80.000000" : 240640,
            "90.000000" : 325632,
            "95.000000" : 395264,
            "99.000000" : 509952,
            "99.500000" : 552960,
            "99.900000" : 618496,
            "99.950000" : 634880,
            "99.990000" : 659456
          }
        },
        "lat_ns" : {
          "min" : 59575,
          "max" : 963622,
          "mean" : 173904.972171,
          "stddev" : 104205.598754,
          "N" : 229796
        },
        "bw_min" : 349952,
        "bw_max" : 382352,
        "bw_agg" : 99.443123,
        "bw_mean" : 365553.777778,
        "bw_dev" : 9557.504091,
        "bw_samples" : 9,
        "iops_min" : 43744,
        "iops_max" : 47794,
        "iops_mean" : 45694.222222,
        "iops_stddev" : 1194.688011,
        "iops_samples" : 9
      },
      "write" : {
        "io_bytes" : 0,
        "io_kbytes" : 0,
        "bw_bytes" : 0,
        "bw" : 0,
        "iops" : 0.000000,
        "runtime" : 0,
        "total_ios" : 0,
        "short_ios" : 0,
        "drop_ios" : 0,
        "slat_ns" : {
          "min" : 0,
          "max" : 0,
          "mean" : 0.000000,
          "stddev" : 0.000000,
          "N" : 0
        },
        "clat_ns" : {
          "min" : 0,
          "max" : 0,
          "mean" : 0.000000,
          "stddev" : 0.000000,
          "N" : 0
        },
        "lat_ns" : {
          "min" : 0,
          "max" : 0,
          "mean" : 0.000000,
          "stddev" : 0.000000,
          "N" : 0
        },
        "bw_min" : 0,
        "bw_max" : 0,
        "bw_agg" : 0.000000,
        "bw_mean" : 0.000000,
        "bw_dev" : 0.000000,
        "bw_samples" : 0,
        "iops_min" : 0,
        "iops_max" : 0,
        "iops_mean" : 0.000000,
        "iops_stddev" : 0.000000,
        "iops_samples" : 0
      },
      "trim" : {
        "io_bytes" : 0,
        "io_kbytes" : 0,
        "bw_bytes" : 0,
        "bw" : 0,
        "iops" : 0.000000,
        "runtime" : 0,
        "total_ios" : 0,
        "short_ios" : 0,
        "drop_ios" : 0,
        "slat_ns" : {
          "min" : 0,
          "max" : 0,
          "mean" : 0.000000,
          "stddev" : 0.000000,
          "N" : 0
        },
        "clat_ns" : {
          "min" : 0,
          "max" : 0,
          "mean" : 0.000000,
          "stddev" : 0.000000,
          "N" : 0
        },
        "lat_ns" : {
          "min" : 0,
          "max" : 0,
          "mean" : 0.000000,
          "stddev" : 0.000000,
          "N" : 0
        },
        "bw_min" : 0,
        "bw_max" : 0,
        "bw_agg" : 0.000000,
        "bw_mean" : 0.000000,
        "bw_dev" : 0.000000,
        "bw_samples" : 0,
        "iops_min" : 0,
        "iops_max" : 0,
        "iops_mean" : 0.000000,
        "iops_stddev" : 0.000000,
        "iops_samples" : 0
      },
      "sync" : {
        "total_ios" : 0,
        "lat_ns" : {
          "min" : 0,
          "max" : 0,
          "mean" : 0.000000,
          "stddev" : 0.000000,
          "N" : 0
        }
      },
      "job_runtime" : 5000,
      "usr_cpu" : 1.820000,
      "sys_cpu" : 9.560000,
      "ctx" : 210062,
      "majf" : 0,
      "minf" : 27,
      "iodepth_level" : {
        "1" : 0.100000,
        "2" : 0.100000,
        "4" : 0.100000,
        "8" : 99.996954,
        "16" : 0.000000,
        "32" : 0.000000,
        ">=64" : 0.000000
      },
      "iodepth_submit" : {
        "0" : 0.000000,
        "4" : 100.000000,
        "8" : 0.000000,
        "16" : 0.000000,
        "32" : 0.000000,
        "64" : 0.000000,
        ">=64" : 0.000000
      },
      "iodepth_complete" : {
        "0" : 0.000000,
        "4" : 99.999565,
        "8" : 0.100000,
        "16" : 0.000000,
        "32" : 0.000000,
        "64" : 0.000000,
        ">=64" : 0.000000
      },
      "latency_ns" : {
        "2" : 0.000000,
        "4" : 0.000000,
        "10" : 0.000000,
        "20" : 0.000000,
        "50" : 0.000000,
        "100" : 0.000000,
        "250" : 0.000000,
        "500" : 0.000000,
        "750" : 0.000000,
        "1000" : 0.000000
      },
      "latency_us" : {
        "2" : 0.000000,
        "4" : 0.000000,
        "10" : 0.000000,
        "20" : 0.000000,
        "50" : 0.000000,
        "100" : 28.585354,
        "250" : 52.731988,
        "500" : 17.513360,
        "750" : 1.166252,
        "1000" : 0.010000
      },
      "latency_ms" : {
        "2" : 0.000000,
        "4" : 0.000000,
        "10" : 0.000000,
        "20" : 0.000000,
        "50" : 0.000000,
        "100" : 0.000000,
        "250" : 0.000000,
        "500" : 0.000000,
        "750" : 0.000000,
        "1000" : 0.000000,
        "2000" : 0.000000,
        ">=2000" : 0.000000
      },
      "latency_depth" : 8,
      "latency_target" : 0,
      "latency_percentile" : 100.000000,
      "latency_window" : 0
    }
  ],
  "disk_util" : [
    {
      "name" : "nvme3n1",
      "read_ios" : 224471,
      "write_ios" : 0,
      "read_sectors" : 3591536,
      "write_sectors" : 0,
      "read_merges" : 0,
      "write_merges" : 0,
      "read_ticks" : 38720,
      "write_ticks" : 0,
      "in_queue" : 38720,
      "util" : 98.119248
    }
  ]
}
