{
  "fio version" : "fio-3.42-31-g6a66",
  "timestamp" : 1781281395,
  "timestamp_ms" : 1781281395011,
  "time" : "Fri Jun 12 16:23:15 2026",
  "jobs" : [
    {
      "jobname" : "sequentialread_8k_8",
      "groupid" : 0,
      "job_start" : 1781281389863,
      "error" : 0,
      "eta" : 0,
      "elapsed" : 6,
      "job options" : {
        "name" : "sequentialread_8k_8",
        "filename" : "/dev/nvme2n1",
        "ioengine" : "io_uring",
        "direct" : "1",
        "group_reporting" : "",
        "rw" : "read",
        "bs" : "8k",
        "iodepth" : "8",
        "size" : "3G",
        "time_based" : "",
        "runtime" : "5"
      },
      "read" : {
        "io_bytes" : 1885437952,
        "io_kbytes" : 1841248,
        "bw_bytes" : 377012187,
        "bw" : 368175,
        "iops" : 46021.995601,
        "runtime" : 5001,
        "total_ios" : 230156,
        "short_ios" : 0,
        "drop_ios" : 0,
        "slat_ns" : {
          "min" : 648,
          "max" : 25743,
          "mean" : 874.158458,
          "stddev" : 504.058830,
          "N" : 230156
        },
        "clat_ns" : {
          "min" : 58160,
          "max" : 686225,
          "mean" : 172775.247875,
          "stddev" : 102579.590136,
          "N" : 230156,
          "percentile" : {
            "1.000000" : 60160,
            "5.000000" : 68096,
            "10.000000" : 72192,
            "20.000000" : 89600,
            "30.000000" : 104960,
            "40.000000" : 128512,
            "50.000000" : 142336,
            "60.000000" : 171008,
            "70.000000" : 185344,
            "80.000000" : 238592,
            "90.000000" : 325632,
            "95.000000" : 395264,
            "99.000000" : 509952,
            "99.500000" : 552960,
            "99.900000" : 610304,
            "99.950000" : 634880,
            "99.990000" : 651264
          }
        },
        "lat_ns" : {
          "min" : 59912,
          "max" : 687119,
          "mean" : 173649.406333,
          "stddev" : 102575.002910,
          "N" : 230156
        },
        "bw_min" : 332352,
        "bw_max" : 386448,
        "bw_agg" : 99.999738,
        "bw_mean" : 368175.200000,
        "bw_dev" : 14188.222697,
        "bw_samples" : 10,
        "iops_min" : 41544,
        "iops_max" : 48306,
        "iops_mean" : 46021.900000,
        "iops_stddev" : 1773.527837,
        "iops_samples" : 10
      },
      "write" : {
        "io_bytes" : 0,
        "io_kbytes" : 0,
        "bw_bytes" : 0,
        "bw" : 0,
        "iops" : 0.000000,
        "runtime" : 0,
        "total_ios" : 0,
        "short_ios" : 0,
        "drop_ios" : 0,
        "slat_ns" : {
          "min" : 0,
          "max" : 0,
          "mean" : 0.000000,
          "stddev" : 0.000000,
          "N" : 0
        },
        "clat_ns" : {
          "min" : 0,
          "max" : 0,
          "mean" : 0.000000,
          "stddev" : 0.000000,
          "N" : 0
        },
        "lat_ns" : {
          "min" : 0,
          "max" : 0,
          "mean" : 0.000000,
          "stddev" : 0.000000,
          "N" : 0
        },
        "bw_min" : 0,
        "bw_max" : 0,
        "bw_agg" : 0.000000,
        "bw_mean" : 0.000000,
        "bw_dev" : 0.000000,
        "bw_samples" : 0,
        "iops_min" : 0,
        "iops_max" : 0,
        "iops_mean" : 0.000000,
        "iops_stddev" : 0.000000,
        "iops_samples" : 0
      },
      "trim" : {
        "io_bytes" : 0,
        "io_kbytes" : 0,
        "bw_bytes" : 0,
        "bw" : 0,
        "iops" : 0.000000,
        "runtime" : 0,
        "total_ios" : 0,
        "short_ios" : 0,
        "drop_ios" : 0,
        "slat_ns" : {
          "min" : 0,
          "max" : 0,
          "mean" : 0.000000,
          "stddev" : 0.000000,
          "N" : 0
        },
        "clat_ns" : {
          "min" : 0,
          "max" : 0,
          "mean" : 0.000000,
          "stddev" : 0.000000,
          "N" : 0
        },
        "lat_ns" : {
          "min" : 0,
          "max" : 0,
          "mean" : 0.000000,
          "stddev" : 0.000000,
          "N" : 0
        },
        "bw_min" : 0,
        "bw_max" : 0,
        "bw_agg" : 0.000000,
        "bw_mean" : 0.000000,
        "bw_dev" : 0.000000,
        "bw_samples" : 0,
        "iops_min" : 0,
        "iops_max" : 0,
        "iops_mean" : 0.000000,
        "iops_stddev" : 0.000000,
        "iops_samples" : 0
      },
      "sync" : {
        "total_ios" : 0,
        "lat_ns" : {
          "min" : 0,
          "max" : 0,
          "mean" : 0.000000,
          "stddev" : 0.000000,
          "N" : 0
        }
      },
      "job_runtime" : 5000,
      "usr_cpu" : 2.120000,
      "sys_cpu" : 9.380000,
      "ctx" : 207009,
      "majf" : 0,
      "minf" : 24,
      "iodepth_level" : {
        "1" : 0.100000,
        "2" : 0.100000,
        "4" : 0.100000,
        "8" : 99.996959,
        "16" : 0.000000,
        "32" : 0.000000,
        ">=64" : 0.000000
      },
      "iodepth_submit" : {
        "0" : 0.000000,
        "4" : 100.000000,
        "8" : 0.000000,
        "16" : 0.000000,
        "32" : 0.000000,
        "64" : 0.000000,
        ">=64" : 0.000000
      },
      "iodepth_complete" : {
        "0" : 0.000000,
        "4" : 99.999566,
        "8" : 0.100000,
        "16" : 0.000000,
        "32" : 0.000000,
        "64" : 0.000000,
        ">=64" : 0.000000
      },
      "latency_ns" : {
        "2" : 0.000000,
        "4" : 0.000000,
        "10" : 0.000000,
        "20" : 0.000000,
        "50" : 0.000000,
        "100" : 0.000000,
        "250" : 0.000000,
        "500" : 0.000000,
        "750" : 0.000000,
        "1000" : 0.000000
      },
      "latency_us" : {
        "2" : 0.000000,
        "4" : 0.000000,
        "10" : 0.000000,
        "20" : 0.000000,
        "50" : 0.000000,
        "100" : 27.246737,
        "250" : 54.544309,
        "500" : 17.045830,
        "750" : 1.163124,
        "1000" : 0.000000
      },
      "latency_ms" : {
        "2" : 0.000000,
        "4" : 0.000000,
        "10" : 0.000000,
        "20" : 0.000000,
        "50" : 0.000000,
        "100" : 0.000000,
        "250" : 0.000000,
        "500" : 0.000000,
        "750" : 0.000000,
        "1000" : 0.000000,
        "2000" : 0.000000,
        ">=2000" : 0.000000
      },
      "latency_depth" : 8,
      "latency_target" : 0,
      "latency_target_ns" : 0,
      "latency_percentile" : 100.000000,
      "latency_window" : 0,
      "latency_window_us" : 0
    }
  ],
  "disk_util" : [
    {
      "name" : "nvme2n1",
      "read_ios" : 224956,
      "write_ios" : 0,
      "read_sectors" : 3599312,
      "write_sectors" : 0,
      "read_merges" : 0,
      "write_merges" : 0,
      "read_ticks" : 38736,
      "write_ticks" : 0,
      "in_queue" : 38736,
      "util" : 98.138883
    }
  ]
}
