{
  "fio version" : "fio-3.42-31-g6a66",
  "timestamp" : 1781280935,
  "timestamp_ms" : 1781280935063,
  "time" : "Fri Jun 12 16:15:35 2026",
  "jobs" : [
    {
      "jobname" : "sequentialwrite_128k_256",
      "groupid" : 0,
      "job_start" : 1781280929921,
      "error" : 0,
      "eta" : 0,
      "elapsed" : 6,
      "job options" : {
        "name" : "sequentialwrite_128k_256",
        "filename" : "/dev/nvme2n1",
        "ioengine" : "io_uring",
        "direct" : "1",
        "group_reporting" : "",
        "rw" : "write",
        "bs" : "128k",
        "iodepth" : "256",
        "size" : "3G",
        "time_based" : "",
        "runtime" : "5"
      },
      "read" : {
        "io_bytes" : 0,
        "io_kbytes" : 0,
        "bw_bytes" : 0,
        "bw" : 0,
        "iops" : 0.000000,
        "runtime" : 0,
        "total_ios" : 0,
        "short_ios" : 0,
        "drop_ios" : 0,
        "slat_ns" : {
          "min" : 0,
          "max" : 0,
          "mean" : 0.000000,
          "stddev" : 0.000000,
          "N" : 0
        },
        "clat_ns" : {
          "min" : 0,
          "max" : 0,
          "mean" : 0.000000,
          "stddev" : 0.000000,
          "N" : 0
        },
        "lat_ns" : {
          "min" : 0,
          "max" : 0,
          "mean" : 0.000000,
          "stddev" : 0.000000,
          "N" : 0
        },
        "bw_min" : 0,
        "bw_max" : 0,
        "bw_agg" : 0.000000,
        "bw_mean" : 0.000000,
        "bw_dev" : 0.000000,
        "bw_samples" : 0,
        "iops_min" : 0,
        "iops_max" : 0,
        "iops_mean" : 0.000000,
        "iops_stddev" : 0.000000,
        "iops_samples" : 0
      },
      "write" : {
        "io_bytes" : 7420379136,
        "io_kbytes" : 7246464,
        "bw_bytes" : 1474638143,
        "bw" : 1440076,
        "iops" : 11250.596184,
        "runtime" : 5032,
        "total_ios" : 56613,
        "short_ios" : 0,
        "drop_ios" : 0,
        "slat_ns" : {
          "min" : 2290,
          "max" : 32314,
          "mean" : 4498.870401,
          "stddev" : 1813.703508,
          "N" : 56613
        },
        "clat_ns" : {
          "min" : 2772168,
          "max" : 108282829,
          "mean" : 22741487.897285,
          "stddev" : 18720968.557090,
          "N" : 56613,
          "percentile" : {
            "1.000000" : 7241728,
            "5.000000" : 9502720,
            "10.000000" : 10944512,
            "20.000000" : 12517376,
            "30.000000" : 13434880,
            "40.000000" : 14221312,
            "50.000000" : 14876672,
            "60.000000" : 16908288,
            "70.000000" : 19267584,
            "80.000000" : 28704768,
            "90.000000" : 45350912,
            "95.000000" : 67633152,
            "99.000000" : 99090432,
            "99.500000" : 102236160,
            "99.900000" : 104333312,
            "99.950000" : 104333312,
            "99.990000" : 105381888
          }
        },
        "lat_ns" : {
          "min" : 2781089,
          "max" : 108288083,
          "mean" : 22745986.767686,
          "stddev" : 18721269.683511,
          "N" : 56613
        },
        "bw_min" : 1008896,
        "bw_max" : 2059264,
        "bw_agg" : 100.000000,
        "bw_mean" : 1442764.800000,
        "bw_dev" : 397075.958292,
        "bw_samples" : 10,
        "iops_min" : 7882,
        "iops_max" : 16088,
        "iops_mean" : 11271.600000,
        "iops_stddev" : 3102.155924,
        "iops_samples" : 10
      },
      "trim" : {
        "io_bytes" : 0,
        "io_kbytes" : 0,
        "bw_bytes" : 0,
        "bw" : 0,
        "iops" : 0.000000,
        "runtime" : 0,
        "total_ios" : 0,
        "short_ios" : 0,
        "drop_ios" : 0,
        "slat_ns" : {
          "min" : 0,
          "max" : 0,
          "mean" : 0.000000,
          "stddev" : 0.000000,
          "N" : 0
        },
        "clat_ns" : {
          "min" : 0,
          "max" : 0,
          "mean" : 0.000000,
          "stddev" : 0.000000,
          "N" : 0
        },
        "lat_ns" : {
          "min" : 0,
          "max" : 0,
          "mean" : 0.000000,
          "stddev" : 0.000000,
          "N" : 0
        },
        "bw_min" : 0,
        "bw_max" : 0,
        "bw_agg" : 0.000000,
        "bw_mean" : 0.000000,
        "bw_dev" : 0.000000,
        "bw_samples" : 0,
        "iops_min" : 0,
        "iops_max" : 0,
        "iops_mean" : 0.000000,
        "iops_stddev" : 0.000000,
        "iops_samples" : 0
      },
      "sync" : {
        "total_ios" : 0,
        "lat_ns" : {
          "min" : 0,
          "max" : 0,
          "mean" : 0.000000,
          "stddev" : 0.000000,
          "N" : 0
        }
      },
      "job_runtime" : 5031,
      "usr_cpu" : 3.577818,
      "sys_cpu" : 3.955476,
      "ctx" : 35459,
      "majf" : 0,
      "minf" : 7,
      "iodepth_level" : {
        "1" : 0.100000,
        "2" : 0.100000,
        "4" : 0.100000,
        "8" : 0.100000,
        "16" : 0.100000,
        "32" : 0.100000,
        ">=64" : 99.888718
      },
      "iodepth_submit" : {
        "0" : 0.000000,
        "4" : 100.000000,
        "8" : 0.000000,
        "16" : 0.000000,
        "32" : 0.000000,
        "64" : 0.000000,
        ">=64" : 0.000000
      },
      "iodepth_complete" : {
        "0" : 0.000000,
        "4" : 99.998226,
        "8" : 0.000000,
        "16" : 0.000000,
        "32" : 0.000000,
        "64" : 0.000000,
        ">=64" : 0.100000
      },
      "latency_ns" : {
        "2" : 0.000000,
        "4" : 0.000000,
        "10" : 0.000000,
        "20" : 0.000000,
        "50" : 0.000000,
        "100" : 0.000000,
        "250" : 0.000000,
        "500" : 0.000000,
        "750" : 0.000000,
        "1000" : 0.000000
      },
      "latency_us" : {
        "2" : 0.000000,
        "4" : 0.000000,
        "10" : 0.000000,
        "20" : 0.000000,
        "50" : 0.000000,
        "100" : 0.000000,
        "250" : 0.000000,
        "500" : 0.000000,
        "750" : 0.000000,
        "1000" : 0.000000
      },
      "latency_ms" : {
        "2" : 0.000000,
        "4" : 0.109515,
        "10" : 6.124035,
        "20" : 65.500857,
        "50" : 19.537915,
        "100" : 7.837423,
        "250" : 0.890255,
        "500" : 0.000000,
        "750" : 0.000000,
        "1000" : 0.000000,
        "2000" : 0.000000,
        ">=2000" : 0.000000
      },
      "latency_depth" : 256,
      "latency_target" : 0,
      "latency_target_ns" : 0,
      "latency_percentile" : 100.000000,
      "latency_window" : 0,
      "latency_window_us" : 0
    }
  ],
  "disk_util" : [
    {
      "name" : "nvme2n1",
      "read_ios" : 48,
      "write_ios" : 56072,
      "read_sectors" : 2088,
      "write_sectors" : 14354432,
      "read_merges" : 0,
      "write_merges" : 0,
      "read_ticks" : 1,
      "write_ticks" : 1241096,
      "in_queue" : 1241097,
      "util" : 98.078463
    }
  ]
}
