{
  "fio version" : "fio-3.36",
  "timestamp" : 1781330244,
  "timestamp_ms" : 1781330244157,
  "time" : "Sat Jun 13 05:57:24 2026",
  "jobs" : [
    {
      "jobname" : "sequentialwrite_128k_2",
      "groupid" : 0,
      "job_start" : 1781330239138,
      "error" : 0,
      "eta" : 0,
      "elapsed" : 6,
      "job options" : {
        "name" : "sequentialwrite_128k_2",
        "filename" : "/dev/nvme3n1",
        "ioengine" : "io_uring",
        "direct" : "1",
        "rw" : "write",
        "bs" : "128k",
        "iodepth" : "2",
        "size" : "3G",
        "runtime" : "5"
      },
      "read" : {
        "io_bytes" : 0,
        "io_kbytes" : 0,
        "bw_bytes" : 0,
        "bw" : 0,
        "iops" : 0.000000,
        "runtime" : 0,
        "total_ios" : 0,
        "short_ios" : 0,
        "drop_ios" : 0,
        "slat_ns" : {
          "min" : 0,
          "max" : 0,
          "mean" : 0.000000,
          "stddev" : 0.000000,
          "N" : 0
        },
        "clat_ns" : {
          "min" : 0,
          "max" : 0,
          "mean" : 0.000000,
          "stddev" : 0.000000,
          "N" : 0
        },
        "lat_ns" : {
          "min" : 0,
          "max" : 0,
          "mean" : 0.000000,
          "stddev" : 0.000000,
          "N" : 0
        },
        "bw_min" : 0,
        "bw_max" : 0,
        "bw_agg" : 0.000000,
        "bw_mean" : 0.000000,
        "bw_dev" : 0.000000,
        "bw_samples" : 0,
        "iops_min" : 0,
        "iops_max" : 0,
        "iops_mean" : 0.000000,
        "iops_stddev" : 0.000000,
        "iops_samples" : 0
      },
      "write" : {
        "io_bytes" : 3988258816,
        "io_kbytes" : 3894784,
        "bw_bytes" : 797492264,
        "bw" : 778801,
        "iops" : 6084.383123,
        "runtime" : 5001,
        "total_ios" : 30428,
        "short_ios" : 0,
        "drop_ios" : 0,
        "slat_ns" : {
          "min" : 2904,
          "max" : 28434,
          "mean" : 3978.431543,
          "stddev" : 1040.180699,
          "N" : 30428
        },
        "clat_ns" : {
          "min" : 280079,
          "max" : 3237035,
          "mean" : 324466.696694,
          "stddev" : 190820.431604,
          "N" : 30428,
          "percentile" : {
            "1.000000" : 280576,
            "5.000000" : 280576,
            "10.000000" : 280576,
            "20.000000" : 280576,
            "30.000000" : 280576,
            "40.000000" : 280576,
            "50.000000" : 280576,
            "60.000000" : 280576,
            "70.000000" : 284672,
            "80.000000" : 296960,
            "90.000000" : 423936,
            "95.000000" : 468992,
            "99.000000" : 544768,
            "99.500000" : 2146304,
            "99.900000" : 2899968,
            "99.950000" : 2932736,
            "99.990000" : 3194880
          }
        },
        "lat_ns" : {
          "min" : 285030,
          "max" : 3240662,
          "mean" : 328445.128237,
          "stddev" : 191179.549826,
          "N" : 30428
        },
        "bw_min" : 621824,
        "bw_max" : 819712,
        "bw_agg" : 99.474957,
        "bw_mean" : 774712.888889,
        "bw_dev" : 62132.072548,
        "bw_samples" : 9,
        "iops_min" : 4858,
        "iops_max" : 6404,
        "iops_mean" : 6052.444444,
        "iops_stddev" : 485.406817,
        "iops_samples" : 9
      },
      "trim" : {
        "io_bytes" : 0,
        "io_kbytes" : 0,
        "bw_bytes" : 0,
        "bw" : 0,
        "iops" : 0.000000,
        "runtime" : 0,
        "total_ios" : 0,
        "short_ios" : 0,
        "drop_ios" : 0,
        "slat_ns" : {
          "min" : 0,
          "max" : 0,
          "mean" : 0.000000,
          "stddev" : 0.000000,
          "N" : 0
        },
        "clat_ns" : {
          "min" : 0,
          "max" : 0,
          "mean" : 0.000000,
          "stddev" : 0.000000,
          "N" : 0
        },
        "lat_ns" : {
          "min" : 0,
          "max" : 0,
          "mean" : 0.000000,
          "stddev" : 0.000000,
          "N" : 0
        },
        "bw_min" : 0,
        "bw_max" : 0,
        "bw_agg" : 0.000000,
        "bw_mean" : 0.000000,
        "bw_dev" : 0.000000,
        "bw_samples" : 0,
        "iops_min" : 0,
        "iops_max" : 0,
        "iops_mean" : 0.000000,
        "iops_stddev" : 0.000000,
        "iops_samples" : 0
      },
      "sync" : {
        "total_ios" : 0,
        "lat_ns" : {
          "min" : 0,
          "max" : 0,
          "mean" : 0.000000,
          "stddev" : 0.000000,
          "N" : 0
        }
      },
      "job_runtime" : 5000,
      "usr_cpu" : 1.240000,
      "sys_cpu" : 2.220000,
      "ctx" : 29452,
      "majf" : 0,
      "minf" : 10,
      "iodepth_level" : {
        "1" : 0.100000,
        "2" : 99.996714,
        "4" : 0.000000,
        "8" : 0.000000,
        "16" : 0.000000,
        "32" : 0.000000,
        ">=64" : 0.000000
      },
      "iodepth_submit" : {
        "0" : 0.000000,
        "4" : 100.000000,
        "8" : 0.000000,
        "16" : 0.000000,
        "32" : 0.000000,
        "64" : 0.000000,
        ">=64" : 0.000000
      },
      "iodepth_complete" : {
        "0" : 0.000000,
        "4" : 100.000000,
        "8" : 0.000000,
        "16" : 0.000000,
        "32" : 0.000000,
        "64" : 0.000000,
        ">=64" : 0.000000
      },
      "latency_ns" : {
        "2" : 0.000000,
        "4" : 0.000000,
        "10" : 0.000000,
        "20" : 0.000000,
        "50" : 0.000000,
        "100" : 0.000000,
        "250" : 0.000000,
        "500" : 0.000000,
        "750" : 0.000000,
        "1000" : 0.000000
      },
      "latency_us" : {
        "2" : 0.000000,
        "4" : 0.000000,
        "10" : 0.000000,
        "20" : 0.000000,
        "50" : 0.000000,
        "100" : 0.000000,
        "250" : 0.000000,
        "500" : 98.169449,
        "750" : 1.048376,
        "1000" : 0.000000
      },
      "latency_ms" : {
        "2" : 0.098593,
        "4" : 0.683581,
        "10" : 0.000000,
        "20" : 0.000000,
        "50" : 0.000000,
        "100" : 0.000000,
        "250" : 0.000000,
        "500" : 0.000000,
        "750" : 0.000000,
        "1000" : 0.000000,
        "2000" : 0.000000,
        ">=2000" : 0.000000
      },
      "latency_depth" : 2,
      "latency_target" : 0,
      "latency_percentile" : 100.000000,
      "latency_window" : 0
    }
  ],
  "disk_util" : [
    {
      "name" : "nvme3n1",
      "read_ios" : 48,
      "write_ios" : 29775,
      "read_sectors" : 2088,
      "write_sectors" : 7622400,
      "read_merges" : 0,
      "write_merges" : 0,
      "read_ticks" : 1,
      "write_ticks" : 9663,
      "in_queue" : 9665,
      "util" : 98.119248
    }
  ]
}
