{
  "fio version" : "fio-3.42-31-g6a66",
  "timestamp" : 1781280924,
  "timestamp_ms" : 1781280924290,
  "time" : "Fri Jun 12 16:15:24 2026",
  "jobs" : [
    {
      "jobname" : "sequentialwrite_128k_64",
      "groupid" : 0,
      "job_start" : 1781280919143,
      "error" : 0,
      "eta" : 0,
      "elapsed" : 6,
      "job options" : {
        "name" : "sequentialwrite_128k_64",
        "filename" : "/dev/nvme2n1",
        "ioengine" : "io_uring",
        "direct" : "1",
        "group_reporting" : "",
        "rw" : "write",
        "bs" : "128k",
        "iodepth" : "64",
        "size" : "3G",
        "time_based" : "",
        "runtime" : "5"
      },
      "read" : {
        "io_bytes" : 0,
        "io_kbytes" : 0,
        "bw_bytes" : 0,
        "bw" : 0,
        "iops" : 0.000000,
        "runtime" : 0,
        "total_ios" : 0,
        "short_ios" : 0,
        "drop_ios" : 0,
        "slat_ns" : {
          "min" : 0,
          "max" : 0,
          "mean" : 0.000000,
          "stddev" : 0.000000,
          "N" : 0
        },
        "clat_ns" : {
          "min" : 0,
          "max" : 0,
          "mean" : 0.000000,
          "stddev" : 0.000000,
          "N" : 0
        },
        "lat_ns" : {
          "min" : 0,
          "max" : 0,
          "mean" : 0.000000,
          "stddev" : 0.000000,
          "N" : 0
        },
        "bw_min" : 0,
        "bw_max" : 0,
        "bw_agg" : 0.000000,
        "bw_mean" : 0.000000,
        "bw_dev" : 0.000000,
        "bw_samples" : 0,
        "iops_min" : 0,
        "iops_max" : 0,
        "iops_mean" : 0.000000,
        "iops_stddev" : 0.000000,
        "iops_samples" : 0
      },
      "write" : {
        "io_bytes" : 9919004672,
        "io_kbytes" : 9686528,
        "bw_bytes" : 1981027495,
        "bw" : 1934597,
        "iops" : 15114.040344,
        "runtime" : 5007,
        "total_ios" : 75676,
        "short_ios" : 0,
        "drop_ios" : 0,
        "slat_ns" : {
          "min" : 2036,
          "max" : 36419,
          "mean" : 3203.064789,
          "stddev" : 1113.005139,
          "N" : 75676
        },
        "clat_ns" : {
          "min" : 284462,
          "max" : 49948420,
          "mean" : 4230146.166750,
          "stddev" : 5614497.840499,
          "N" : 75676,
          "percentile" : {
            "1.000000" : 288768,
            "5.000000" : 296960,
            "10.000000" : 321536,
            "20.000000" : 403456,
            "30.000000" : 481280,
            "40.000000" : 716800,
            "50.000000" : 1777664,
            "60.000000" : 2834432,
            "70.000000" : 3948544,
            "80.000000" : 8028160,
            "90.000000" : 14221312,
            "95.000000" : 14483456,
            "99.000000" : 17694720,
            "99.500000" : 34340864,
            "99.900000" : 43253760,
            "99.950000" : 45350912,
            "99.990000" : 48496640
          }
        },
        "lat_ns" : {
          "min" : 287319,
          "max" : 49951337,
          "mean" : 4233349.231540,
          "stddev" : 5614552.488458,
          "N" : 75676
        },
        "bw_min" : 1661440,
        "bw_max" : 2112512,
        "bw_agg" : 100.000000,
        "bw_mean" : 1935291.900000,
        "bw_dev" : 145235.659842,
        "bw_samples" : 10,
        "iops_min" : 12980,
        "iops_max" : 16504,
        "iops_mean" : 15119.400000,
        "iops_stddev" : 1134.617723,
        "iops_samples" : 10
      },
      "trim" : {
        "io_bytes" : 0,
        "io_kbytes" : 0,
        "bw_bytes" : 0,
        "bw" : 0,
        "iops" : 0.000000,
        "runtime" : 0,
        "total_ios" : 0,
        "short_ios" : 0,
        "drop_ios" : 0,
        "slat_ns" : {
          "min" : 0,
          "max" : 0,
          "mean" : 0.000000,
          "stddev" : 0.000000,
          "N" : 0
        },
        "clat_ns" : {
          "min" : 0,
          "max" : 0,
          "mean" : 0.000000,
          "stddev" : 0.000000,
          "N" : 0
        },
        "lat_ns" : {
          "min" : 0,
          "max" : 0,
          "mean" : 0.000000,
          "stddev" : 0.000000,
          "N" : 0
        },
        "bw_min" : 0,
        "bw_max" : 0,
        "bw_agg" : 0.000000,
        "bw_mean" : 0.000000,
        "bw_dev" : 0.000000,
        "bw_samples" : 0,
        "iops_min" : 0,
        "iops_max" : 0,
        "iops_mean" : 0.000000,
        "iops_stddev" : 0.000000,
        "iops_samples" : 0
      },
      "sync" : {
        "total_ios" : 0,
        "lat_ns" : {
          "min" : 0,
          "max" : 0,
          "mean" : 0.000000,
          "stddev" : 0.000000,
          "N" : 0
        }
      },
      "job_runtime" : 5006,
      "usr_cpu" : 3.495805,
      "sys_cpu" : 4.015182,
      "ctx" : 67234,
      "majf" : 0,
      "minf" : 9,
      "iodepth_level" : {
        "1" : 0.100000,
        "2" : 0.100000,
        "4" : 0.100000,
        "8" : 0.100000,
        "16" : 0.100000,
        "32" : 0.100000,
        ">=64" : 99.916750
      },
      "iodepth_submit" : {
        "0" : 0.000000,
        "4" : 100.000000,
        "8" : 0.000000,
        "16" : 0.000000,
        "32" : 0.000000,
        "64" : 0.000000,
        ">=64" : 0.000000
      },
      "iodepth_complete" : {
        "0" : 0.000000,
        "4" : 99.998677,
        "8" : 0.000000,
        "16" : 0.000000,
        "32" : 0.000000,
        "64" : 0.100000,
        ">=64" : 0.000000
      },
      "latency_ns" : {
        "2" : 0.000000,
        "4" : 0.000000,
        "10" : 0.000000,
        "20" : 0.000000,
        "50" : 0.000000,
        "100" : 0.000000,
        "250" : 0.000000,
        "500" : 0.000000,
        "750" : 0.000000,
        "1000" : 0.000000
      },
      "latency_us" : {
        "2" : 0.000000,
        "4" : 0.000000,
        "10" : 0.000000,
        "20" : 0.000000,
        "50" : 0.000000,
        "100" : 0.000000,
        "250" : 0.000000,
        "500" : 33.297214,
        "750" : 7.179291,
        "1000" : 2.657381
      },
      "latency_ms" : {
        "2" : 8.828426,
        "4" : 18.425921,
        "10" : 11.818806,
        "20" : 16.943285,
        "50" : 0.849675,
        "100" : 0.000000,
        "250" : 0.000000,
        "500" : 0.000000,
        "750" : 0.000000,
        "1000" : 0.000000,
        "2000" : 0.000000,
        ">=2000" : 0.000000
      },
      "latency_depth" : 64,
      "latency_target" : 0,
      "latency_target_ns" : 0,
      "latency_percentile" : 100.000000,
      "latency_window" : 0,
      "latency_window_us" : 0
    }
  ],
  "disk_util" : [
    {
      "name" : "nvme2n1",
      "read_ios" : 48,
      "write_ios" : 74417,
      "read_sectors" : 2088,
      "write_sectors" : 19050752,
      "read_merges" : 0,
      "write_merges" : 0,
      "read_ticks" : 2,
      "write_ticks" : 312892,
      "in_queue" : 312893,
      "util" : 98.158527
    }
  ]
}
