{
  "fio version" : "fio-3.36",
  "timestamp" : 1781330259,
  "timestamp_ms" : 1781330259950,
  "time" : "Sat Jun 13 05:57:39 2026",
  "jobs" : [
    {
      "jobname" : "sequentialwrite_128k_16",
      "groupid" : 0,
      "job_start" : 1781330254931,
      "error" : 0,
      "eta" : 0,
      "elapsed" : 6,
      "job options" : {
        "name" : "sequentialwrite_128k_16",
        "filename" : "/dev/nvme3n1",
        "ioengine" : "io_uring",
        "direct" : "1",
        "rw" : "write",
        "bs" : "128k",
        "iodepth" : "16",
        "size" : "3G",
        "runtime" : "5"
      },
      "read" : {
        "io_bytes" : 0,
        "io_kbytes" : 0,
        "bw_bytes" : 0,
        "bw" : 0,
        "iops" : 0.000000,
        "runtime" : 0,
        "total_ios" : 0,
        "short_ios" : 0,
        "drop_ios" : 0,
        "slat_ns" : {
          "min" : 0,
          "max" : 0,
          "mean" : 0.000000,
          "stddev" : 0.000000,
          "N" : 0
        },
        "clat_ns" : {
          "min" : 0,
          "max" : 0,
          "mean" : 0.000000,
          "stddev" : 0.000000,
          "N" : 0
        },
        "lat_ns" : {
          "min" : 0,
          "max" : 0,
          "mean" : 0.000000,
          "stddev" : 0.000000,
          "N" : 0
        },
        "bw_min" : 0,
        "bw_max" : 0,
        "bw_agg" : 0.000000,
        "bw_mean" : 0.000000,
        "bw_dev" : 0.000000,
        "bw_samples" : 0,
        "iops_min" : 0,
        "iops_max" : 0,
        "iops_mean" : 0.000000,
        "iops_stddev" : 0.000000,
        "iops_samples" : 0
      },
      "write" : {
        "io_bytes" : 9380036608,
        "io_kbytes" : 9160192,
        "bw_bytes" : 1874882392,
        "bw" : 1830939,
        "iops" : 14304.217470,
        "runtime" : 5003,
        "total_ios" : 71564,
        "short_ios" : 0,
        "drop_ios" : 0,
        "slat_ns" : {
          "min" : 2401,
          "max" : 179858,
          "mean" : 3593.059094,
          "stddev" : 1210.119547,
          "N" : 71564
        },
        "clat_ns" : {
          "min" : 281777,
          "max" : 23234835,
          "mean" : 1114589.738095,
          "stddev" : 1858464.226554,
          "N" : 71564,
          "percentile" : {
            "1.000000" : 284672,
            "5.000000" : 284672,
            "10.000000" : 292864,
            "20.000000" : 342016,
            "30.000000" : 407552,
            "40.000000" : 444416,
            "50.000000" : 477184,
            "60.000000" : 528384,
            "70.000000" : 757760,
            "80.000000" : 2310144,
            "90.000000" : 2605056,
            "95.000000" : 2932736,
            "99.000000" : 3555328,
            "99.500000" : 17170432,
            "99.900000" : 22937600,
            "99.950000" : 22937600,
            "99.990000" : 23199744
          }
        },
        "lat_ns" : {
          "min" : 285239,
          "max" : 23237862,
          "mean" : 1118182.797189,
          "stddev" : 1858802.842416,
          "N" : 71564
        },
        "bw_min" : 1239296,
        "bw_max" : 2097152,
        "bw_agg" : 100.000000,
        "bw_mean" : 1831654.400000,
        "bw_dev" : 329185.330108,
        "bw_samples" : 10,
        "iops_min" : 9682,
        "iops_max" : 16384,
        "iops_mean" : 14309.800000,
        "iops_stddev" : 2571.760391,
        "iops_samples" : 10
      },
      "trim" : {
        "io_bytes" : 0,
        "io_kbytes" : 0,
        "bw_bytes" : 0,
        "bw" : 0,
        "iops" : 0.000000,
        "runtime" : 0,
        "total_ios" : 0,
        "short_ios" : 0,
        "drop_ios" : 0,
        "slat_ns" : {
          "min" : 0,
          "max" : 0,
          "mean" : 0.000000,
          "stddev" : 0.000000,
          "N" : 0
        },
        "clat_ns" : {
          "min" : 0,
          "max" : 0,
          "mean" : 0.000000,
          "stddev" : 0.000000,
          "N" : 0
        },
        "lat_ns" : {
          "min" : 0,
          "max" : 0,
          "mean" : 0.000000,
          "stddev" : 0.000000,
          "N" : 0
        },
        "bw_min" : 0,
        "bw_max" : 0,
        "bw_agg" : 0.000000,
        "bw_mean" : 0.000000,
        "bw_dev" : 0.000000,
        "bw_samples" : 0,
        "iops_min" : 0,
        "iops_max" : 0,
        "iops_mean" : 0.000000,
        "iops_stddev" : 0.000000,
        "iops_samples" : 0
      },
      "sync" : {
        "total_ios" : 0,
        "lat_ns" : {
          "min" : 0,
          "max" : 0,
          "mean" : 0.000000,
          "stddev" : 0.000000,
          "N" : 0
        }
      },
      "job_runtime" : 5002,
      "usr_cpu" : 2.459016,
      "sys_cpu" : 4.678129,
      "ctx" : 68124,
      "majf" : 0,
      "minf" : 8,
      "iodepth_level" : {
        "1" : 0.100000,
        "2" : 0.100000,
        "4" : 0.100000,
        "8" : 0.100000,
        "16" : 99.979040,
        "32" : 0.000000,
        ">=64" : 0.000000
      },
      "iodepth_submit" : {
        "0" : 0.000000,
        "4" : 100.000000,
        "8" : 0.000000,
        "16" : 0.000000,
        "32" : 0.000000,
        "64" : 0.000000,
        ">=64" : 0.000000
      },
      "iodepth_complete" : {
        "0" : 0.000000,
        "4" : 99.998602,
        "8" : 0.000000,
        "16" : 0.100000,
        "32" : 0.000000,
        "64" : 0.000000,
        ">=64" : 0.000000
      },
      "latency_ns" : {
        "2" : 0.000000,
        "4" : 0.000000,
        "10" : 0.000000,
        "20" : 0.000000,
        "50" : 0.000000,
        "100" : 0.000000,
        "250" : 0.000000,
        "500" : 0.000000,
        "750" : 0.000000,
        "1000" : 0.000000
      },
      "latency_us" : {
        "2" : 0.000000,
        "4" : 0.000000,
        "10" : 0.000000,
        "20" : 0.000000,
        "50" : 0.000000,
        "100" : 0.000000,
        "250" : 0.000000,
        "500" : 57.691018,
        "750" : 12.134593,
        "1000" : 2.488681
      },
      "latency_ms" : {
        "2" : 5.066793,
        "4" : 21.751160,
        "10" : 0.192834,
        "20" : 0.247331,
        "50" : 0.427589,
        "100" : 0.000000,
        "250" : 0.000000,
        "500" : 0.000000,
        "750" : 0.000000,
        "1000" : 0.000000,
        "2000" : 0.000000,
        ">=2000" : 0.000000
      },
      "latency_depth" : 16,
      "latency_target" : 0,
      "latency_percentile" : 100.000000,
      "latency_window" : 0
    }
  ],
  "disk_util" : [
    {
      "name" : "nvme3n1",
      "read_ios" : 48,
      "write_ios" : 69883,
      "read_sectors" : 2088,
      "write_sectors" : 17890048,
      "read_merges" : 0,
      "write_merges" : 0,
      "read_ticks" : 2,
      "write_ticks" : 78069,
      "in_queue" : 78071,
      "util" : 98.199280
    }
  ]
}
