{
  "fio version" : "fio-3.36",
  "timestamp" : 1781330238,
  "timestamp_ms" : 1781330238893,
  "time" : "Sat Jun 13 05:57:18 2026",
  "jobs" : [
    {
      "jobname" : "sequentialwrite_128k_1",
      "groupid" : 0,
      "job_start" : 1781330233874,
      "error" : 0,
      "eta" : 0,
      "elapsed" : 6,
      "job options" : {
        "name" : "sequentialwrite_128k_1",
        "filename" : "/dev/nvme3n1",
        "ioengine" : "io_uring",
        "direct" : "1",
        "rw" : "write",
        "bs" : "128k",
        "iodepth" : "1",
        "size" : "3G",
        "runtime" : "5"
      },
      "read" : {
        "io_bytes" : 0,
        "io_kbytes" : 0,
        "bw_bytes" : 0,
        "bw" : 0,
        "iops" : 0.000000,
        "runtime" : 0,
        "total_ios" : 0,
        "short_ios" : 0,
        "drop_ios" : 0,
        "slat_ns" : {
          "min" : 0,
          "max" : 0,
          "mean" : 0.000000,
          "stddev" : 0.000000,
          "N" : 0
        },
        "clat_ns" : {
          "min" : 0,
          "max" : 0,
          "mean" : 0.000000,
          "stddev" : 0.000000,
          "N" : 0
        },
        "lat_ns" : {
          "min" : 0,
          "max" : 0,
          "mean" : 0.000000,
          "stddev" : 0.000000,
          "N" : 0
        },
        "bw_min" : 0,
        "bw_max" : 0,
        "bw_agg" : 0.000000,
        "bw_mean" : 0.000000,
        "bw_dev" : 0.000000,
        "bw_samples" : 0,
        "iops_min" : 0,
        "iops_max" : 0,
        "iops_mean" : 0.000000,
        "iops_stddev" : 0.000000,
        "iops_samples" : 0
      },
      "write" : {
        "io_bytes" : 2101739520,
        "io_kbytes" : 2052480,
        "bw_bytes" : 420263851,
        "bw" : 410413,
        "iops" : 3206.358728,
        "runtime" : 5001,
        "total_ios" : 16035,
        "short_ios" : 0,
        "drop_ios" : 0,
        "slat_ns" : {
          "min" : 2908,
          "max" : 25750,
          "mean" : 4069.495728,
          "stddev" : 1280.515455,
          "N" : 16035
        },
        "clat_ns" : {
          "min" : 279143,
          "max" : 2471290,
          "mean" : 307494.082819,
          "stddev" : 93833.117196,
          "N" : 16035,
          "percentile" : {
            "1.000000" : 280576,
            "5.000000" : 280576,
            "10.000000" : 280576,
            "20.000000" : 280576,
            "30.000000" : 280576,
            "40.000000" : 280576,
            "50.000000" : 280576,
            "60.000000" : 280576,
            "70.000000" : 280576,
            "80.000000" : 284672,
            "90.000000" : 419840,
            "95.000000" : 468992,
            "99.000000" : 473088,
            "99.500000" : 473088,
            "99.900000" : 1777664,
            "99.950000" : 1794048,
            "99.990000" : 1974272
          }
        },
        "lat_ns" : {
          "min" : 284967,
          "max" : 2476177,
          "mean" : 311563.578547,
          "stddev" : 94033.932281,
          "N" : 16035
        },
        "bw_min" : 381696,
        "bw_max" : 417024,
        "bw_agg" : 99.884771,
        "bw_mean" : 409941.333333,
        "bw_dev" : 12303.989597,
        "bw_samples" : 9,
        "iops_min" : 2982,
        "iops_max" : 3258,
        "iops_mean" : 3202.666667,
        "iops_stddev" : 96.124919,
        "iops_samples" : 9
      },
      "trim" : {
        "io_bytes" : 0,
        "io_kbytes" : 0,
        "bw_bytes" : 0,
        "bw" : 0,
        "iops" : 0.000000,
        "runtime" : 0,
        "total_ios" : 0,
        "short_ios" : 0,
        "drop_ios" : 0,
        "slat_ns" : {
          "min" : 0,
          "max" : 0,
          "mean" : 0.000000,
          "stddev" : 0.000000,
          "N" : 0
        },
        "clat_ns" : {
          "min" : 0,
          "max" : 0,
          "mean" : 0.000000,
          "stddev" : 0.000000,
          "N" : 0
        },
        "lat_ns" : {
          "min" : 0,
          "max" : 0,
          "mean" : 0.000000,
          "stddev" : 0.000000,
          "N" : 0
        },
        "bw_min" : 0,
        "bw_max" : 0,
        "bw_agg" : 0.000000,
        "bw_mean" : 0.000000,
        "bw_dev" : 0.000000,
        "bw_samples" : 0,
        "iops_min" : 0,
        "iops_max" : 0,
        "iops_mean" : 0.000000,
        "iops_stddev" : 0.000000,
        "iops_samples" : 0
      },
      "sync" : {
        "total_ios" : 0,
        "lat_ns" : {
          "min" : 0,
          "max" : 0,
          "mean" : 0.000000,
          "stddev" : 0.000000,
          "N" : 0
        }
      },
      "job_runtime" : 5000,
      "usr_cpu" : 0.600000,
      "sys_cpu" : 1.380000,
      "ctx" : 16043,
      "majf" : 0,
      "minf" : 9,
      "iodepth_level" : {
        "1" : 100.000000,
        "2" : 0.000000,
        "4" : 0.000000,
        "8" : 0.000000,
        "16" : 0.000000,
        "32" : 0.000000,
        ">=64" : 0.000000
      },
      "iodepth_submit" : {
        "0" : 0.000000,
        "4" : 100.000000,
        "8" : 0.000000,
        "16" : 0.000000,
        "32" : 0.000000,
        "64" : 0.000000,
        ">=64" : 0.000000
      },
      "iodepth_complete" : {
        "0" : 0.000000,
        "4" : 100.000000,
        "8" : 0.000000,
        "16" : 0.000000,
        "32" : 0.000000,
        "64" : 0.000000,
        ">=64" : 0.000000
      },
      "latency_ns" : {
        "2" : 0.000000,
        "4" : 0.000000,
        "10" : 0.000000,
        "20" : 0.000000,
        "50" : 0.000000,
        "100" : 0.000000,
        "250" : 0.000000,
        "500" : 0.000000,
        "750" : 0.000000,
        "1000" : 0.000000
      },
      "latency_us" : {
        "2" : 0.000000,
        "4" : 0.000000,
        "10" : 0.000000,
        "20" : 0.000000,
        "50" : 0.000000,
        "100" : 0.000000,
        "250" : 0.000000,
        "500" : 99.644528,
        "750" : 0.031182,
        "1000" : 0.012473
      },
      "latency_ms" : {
        "2" : 0.305582,
        "4" : 0.010000,
        "10" : 0.000000,
        "20" : 0.000000,
        "50" : 0.000000,
        "100" : 0.000000,
        "250" : 0.000000,
        "500" : 0.000000,
        "750" : 0.000000,
        "1000" : 0.000000,
        "2000" : 0.000000,
        ">=2000" : 0.000000
      },
      "latency_depth" : 1,
      "latency_target" : 0,
      "latency_percentile" : 100.000000,
      "latency_window" : 0
    }
  ],
  "disk_util" : [
    {
      "name" : "nvme3n1",
      "read_ios" : 48,
      "write_ios" : 15706,
      "read_sectors" : 2088,
      "write_sectors" : 4020736,
      "read_merges" : 0,
      "write_merges" : 0,
      "read_ticks" : 2,
      "write_ticks" : 4824,
      "in_queue" : 4826,
      "util" : 98.199280
    }
  ]
}
