{
  "fio version" : "fio-3.36",
  "timestamp" : 1781330275,
  "timestamp_ms" : 1781330275776,
  "time" : "Sat Jun 13 05:57:55 2026",
  "jobs" : [
    {
      "jobname" : "sequentialwrite_128k_128",
      "groupid" : 0,
      "job_start" : 1781330270737,
      "error" : 0,
      "eta" : 0,
      "elapsed" : 6,
      "job options" : {
        "name" : "sequentialwrite_128k_128",
        "filename" : "/dev/nvme3n1",
        "ioengine" : "io_uring",
        "direct" : "1",
        "rw" : "write",
        "bs" : "128k",
        "iodepth" : "128",
        "size" : "3G",
        "runtime" : "5"
      },
      "read" : {
        "io_bytes" : 0,
        "io_kbytes" : 0,
        "bw_bytes" : 0,
        "bw" : 0,
        "iops" : 0.000000,
        "runtime" : 0,
        "total_ios" : 0,
        "short_ios" : 0,
        "drop_ios" : 0,
        "slat_ns" : {
          "min" : 0,
          "max" : 0,
          "mean" : 0.000000,
          "stddev" : 0.000000,
          "N" : 0
        },
        "clat_ns" : {
          "min" : 0,
          "max" : 0,
          "mean" : 0.000000,
          "stddev" : 0.000000,
          "N" : 0
        },
        "lat_ns" : {
          "min" : 0,
          "max" : 0,
          "mean" : 0.000000,
          "stddev" : 0.000000,
          "N" : 0
        },
        "bw_min" : 0,
        "bw_max" : 0,
        "bw_agg" : 0.000000,
        "bw_mean" : 0.000000,
        "bw_dev" : 0.000000,
        "bw_samples" : 0,
        "iops_min" : 0,
        "iops_max" : 0,
        "iops_mean" : 0.000000,
        "iops_stddev" : 0.000000,
        "iops_samples" : 0
      },
      "write" : {
        "io_bytes" : 10627973120,
        "io_kbytes" : 10378880,
        "bw_bytes" : 2115440509,
        "bw" : 2065859,
        "iops" : 16139.530255,
        "runtime" : 5024,
        "total_ios" : 81085,
        "short_ios" : 0,
        "drop_ios" : 0,
        "slat_ns" : {
          "min" : 2613,
          "max" : 70392,
          "mean" : 4307.223987,
          "stddev" : 994.247824,
          "N" : 81085
        },
        "clat_ns" : {
          "min" : 287819,
          "max" : 38625914,
          "mean" : 7924438.774607,
          "stddev" : 8461006.174512,
          "N" : 81085,
          "percentile" : {
            "1.000000" : 292864,
            "5.000000" : 325632,
            "10.000000" : 387072,
            "20.000000" : 536576,
            "30.000000" : 1826816,
            "40.000000" : 3719168,
            "50.000000" : 5341184,
            "60.000000" : 6848512,
            "70.000000" : 9633792,
            "80.000000" : 13172736,
            "90.000000" : 21626880,
            "95.000000" : 29753344,
            "99.000000" : 30277632,
            "99.500000" : 30277632,
            "99.900000" : 30539776,
            "99.950000" : 31850496,
            "99.990000" : 36962304
          }
        },
        "lat_ns" : {
          "min" : 291220,
          "max" : 38629730,
          "mean" : 7928745.998594,
          "stddev" : 8460999.043539,
          "N" : 81085
        },
        "bw_min" : 1955840,
        "bw_max" : 2169344,
        "bw_agg" : 100.000000,
        "bw_mean" : 2072524.800000,
        "bw_dev" : 67035.924480,
        "bw_samples" : 10,
        "iops_min" : 15280,
        "iops_max" : 16948,
        "iops_mean" : 16191.600000,
        "iops_stddev" : 523.718160,
        "iops_samples" : 10
      },
      "trim" : {
        "io_bytes" : 0,
        "io_kbytes" : 0,
        "bw_bytes" : 0,
        "bw" : 0,
        "iops" : 0.000000,
        "runtime" : 0,
        "total_ios" : 0,
        "short_ios" : 0,
        "drop_ios" : 0,
        "slat_ns" : {
          "min" : 0,
          "max" : 0,
          "mean" : 0.000000,
          "stddev" : 0.000000,
          "N" : 0
        },
        "clat_ns" : {
          "min" : 0,
          "max" : 0,
          "mean" : 0.000000,
          "stddev" : 0.000000,
          "N" : 0
        },
        "lat_ns" : {
          "min" : 0,
          "max" : 0,
          "mean" : 0.000000,
          "stddev" : 0.000000,
          "N" : 0
        },
        "bw_min" : 0,
        "bw_max" : 0,
        "bw_agg" : 0.000000,
        "bw_mean" : 0.000000,
        "bw_dev" : 0.000000,
        "bw_samples" : 0,
        "iops_min" : 0,
        "iops_max" : 0,
        "iops_mean" : 0.000000,
        "iops_stddev" : 0.000000,
        "iops_samples" : 0
      },
      "sync" : {
        "total_ios" : 0,
        "lat_ns" : {
          "min" : 0,
          "max" : 0,
          "mean" : 0.000000,
          "stddev" : 0.000000,
          "N" : 0
        }
      },
      "job_runtime" : 5023,
      "usr_cpu" : 3.782600,
      "sys_cpu" : 5.693808,
      "ctx" : 77083,
      "majf" : 0,
      "minf" : 9,
      "iodepth_level" : {
        "1" : 0.100000,
        "2" : 0.100000,
        "4" : 0.100000,
        "8" : 0.100000,
        "16" : 0.100000,
        "32" : 0.100000,
        ">=64" : 99.922304
      },
      "iodepth_submit" : {
        "0" : 0.000000,
        "4" : 100.000000,
        "8" : 0.000000,
        "16" : 0.000000,
        "32" : 0.000000,
        "64" : 0.000000,
        ">=64" : 0.000000
      },
      "iodepth_complete" : {
        "0" : 0.000000,
        "4" : 99.998765,
        "8" : 0.000000,
        "16" : 0.000000,
        "32" : 0.000000,
        "64" : 0.000000,
        ">=64" : 0.100000
      },
      "latency_ns" : {
        "2" : 0.000000,
        "4" : 0.000000,
        "10" : 0.000000,
        "20" : 0.000000,
        "50" : 0.000000,
        "100" : 0.000000,
        "250" : 0.000000,
        "500" : 0.000000,
        "750" : 0.000000,
        "1000" : 0.000000
      },
      "latency_us" : {
        "2" : 0.000000,
        "4" : 0.000000,
        "10" : 0.000000,
        "20" : 0.000000,
        "50" : 0.000000,
        "100" : 0.000000,
        "250" : 0.000000,
        "500" : 18.711229,
        "750" : 5.568231,
        "1000" : 1.720417
      },
      "latency_ms" : {
        "2" : 4.966393,
        "4" : 10.661651,
        "10" : 30.352100,
        "20" : 16.871185,
        "50" : 11.148794,
        "100" : 0.000000,
        "250" : 0.000000,
        "500" : 0.000000,
        "750" : 0.000000,
        "1000" : 0.000000,
        "2000" : 0.000000,
        ">=2000" : 0.000000
      },
      "latency_depth" : 128,
      "latency_target" : 0,
      "latency_percentile" : 100.000000,
      "latency_window" : 0
    }
  ],
  "disk_util" : [
    {
      "name" : "nvme3n1",
      "read_ios" : 48,
      "write_ios" : 79196,
      "read_sectors" : 2088,
      "write_sectors" : 20274176,
      "read_merges" : 0,
      "write_merges" : 0,
      "read_ticks" : 2,
      "write_ticks" : 625366,
      "in_queue" : 625368,
      "util" : 98.058835
    }
  ]
}
