{
  "fio version" : "fio-3.42-31-g6a66",
  "timestamp" : 1781280902,
  "timestamp_ms" : 1781280902744,
  "time" : "Fri Jun 12 16:15:02 2026",
  "jobs" : [
    {
      "jobname" : "sequentialwrite_128k_4",
      "groupid" : 0,
      "job_start" : 1781280897596,
      "error" : 0,
      "eta" : 0,
      "elapsed" : 6,
      "job options" : {
        "name" : "sequentialwrite_128k_4",
        "filename" : "/dev/nvme2n1",
        "ioengine" : "io_uring",
        "direct" : "1",
        "group_reporting" : "",
        "rw" : "write",
        "bs" : "128k",
        "iodepth" : "4",
        "size" : "3G",
        "time_based" : "",
        "runtime" : "5"
      },
      "read" : {
        "io_bytes" : 0,
        "io_kbytes" : 0,
        "bw_bytes" : 0,
        "bw" : 0,
        "iops" : 0.000000,
        "runtime" : 0,
        "total_ios" : 0,
        "short_ios" : 0,
        "drop_ios" : 0,
        "slat_ns" : {
          "min" : 0,
          "max" : 0,
          "mean" : 0.000000,
          "stddev" : 0.000000,
          "N" : 0
        },
        "clat_ns" : {
          "min" : 0,
          "max" : 0,
          "mean" : 0.000000,
          "stddev" : 0.000000,
          "N" : 0
        },
        "lat_ns" : {
          "min" : 0,
          "max" : 0,
          "mean" : 0.000000,
          "stddev" : 0.000000,
          "N" : 0
        },
        "bw_min" : 0,
        "bw_max" : 0,
        "bw_agg" : 0.000000,
        "bw_mean" : 0.000000,
        "bw_dev" : 0.000000,
        "bw_samples" : 0,
        "iops_min" : 0,
        "iops_max" : 0,
        "iops_mean" : 0.000000,
        "iops_stddev" : 0.000000,
        "iops_samples" : 0
      },
      "write" : {
        "io_bytes" : 6906970112,
        "io_kbytes" : 6745088,
        "bw_bytes" : 1381117798,
        "bw" : 1348747,
        "iops" : 10537.092581,
        "runtime" : 5001,
        "total_ios" : 52696,
        "short_ios" : 0,
        "drop_ios" : 0,
        "slat_ns" : {
          "min" : 2312,
          "max" : 31407,
          "mean" : 3483.316779,
          "stddev" : 1247.210284,
          "N" : 52696
        },
        "clat_ns" : {
          "min" : 281662,
          "max" : 6114923,
          "mean" : 375883.351374,
          "stddev" : 419438.020488,
          "N" : 52696,
          "percentile" : {
            "1.000000" : 284672,
            "5.000000" : 284672,
            "10.000000" : 284672,
            "20.000000" : 284672,
            "30.000000" : 284672,
            "40.000000" : 292864,
            "50.000000" : 309248,
            "60.000000" : 325632,
            "70.000000" : 350208,
            "80.000000" : 403456,
            "90.000000" : 448512,
            "95.000000" : 485376,
            "99.000000" : 659456,
            "99.500000" : 4358144,
            "99.900000" : 5668864,
            "99.950000" : 5799936,
            "99.990000" : 5996544
          }
        },
        "lat_ns" : {
          "min" : 284669,
          "max" : 6117900,
          "mean" : 379366.668153,
          "stddev" : 420092.827875,
          "N" : 52696
        },
        "bw_min" : 1253888,
        "bw_max" : 1494016,
        "bw_agg" : 100.000000,
        "bw_mean" : 1349017.600000,
        "bw_dev" : 77867.047743,
        "bw_samples" : 10,
        "iops_min" : 9796,
        "iops_max" : 11672,
        "iops_mean" : 10539.200000,
        "iops_stddev" : 608.336310,
        "iops_samples" : 10
      },
      "trim" : {
        "io_bytes" : 0,
        "io_kbytes" : 0,
        "bw_bytes" : 0,
        "bw" : 0,
        "iops" : 0.000000,
        "runtime" : 0,
        "total_ios" : 0,
        "short_ios" : 0,
        "drop_ios" : 0,
        "slat_ns" : {
          "min" : 0,
          "max" : 0,
          "mean" : 0.000000,
          "stddev" : 0.000000,
          "N" : 0
        },
        "clat_ns" : {
          "min" : 0,
          "max" : 0,
          "mean" : 0.000000,
          "stddev" : 0.000000,
          "N" : 0
        },
        "lat_ns" : {
          "min" : 0,
          "max" : 0,
          "mean" : 0.000000,
          "stddev" : 0.000000,
          "N" : 0
        },
        "bw_min" : 0,
        "bw_max" : 0,
        "bw_agg" : 0.000000,
        "bw_mean" : 0.000000,
        "bw_dev" : 0.000000,
        "bw_samples" : 0,
        "iops_min" : 0,
        "iops_max" : 0,
        "iops_mean" : 0.000000,
        "iops_stddev" : 0.000000,
        "iops_samples" : 0
      },
      "sync" : {
        "total_ios" : 0,
        "lat_ns" : {
          "min" : 0,
          "max" : 0,
          "mean" : 0.000000,
          "stddev" : 0.000000,
          "N" : 0
        }
      },
      "job_runtime" : 5000,
      "usr_cpu" : 2.760000,
      "sys_cpu" : 2.940000,
      "ctx" : 48235,
      "majf" : 0,
      "minf" : 7,
      "iodepth_level" : {
        "1" : 0.100000,
        "2" : 0.100000,
        "4" : 99.994307,
        "8" : 0.000000,
        "16" : 0.000000,
        "32" : 0.000000,
        ">=64" : 0.000000
      },
      "iodepth_submit" : {
        "0" : 0.000000,
        "4" : 100.000000,
        "8" : 0.000000,
        "16" : 0.000000,
        "32" : 0.000000,
        "64" : 0.000000,
        ">=64" : 0.000000
      },
      "iodepth_complete" : {
        "0" : 0.000000,
        "4" : 100.000000,
        "8" : 0.000000,
        "16" : 0.000000,
        "32" : 0.000000,
        "64" : 0.000000,
        ">=64" : 0.000000
      },
      "latency_ns" : {
        "2" : 0.000000,
        "4" : 0.000000,
        "10" : 0.000000,
        "20" : 0.000000,
        "50" : 0.000000,
        "100" : 0.000000,
        "250" : 0.000000,
        "500" : 0.000000,
        "750" : 0.000000,
        "1000" : 0.000000
      },
      "latency_us" : {
        "2" : 0.000000,
        "4" : 0.000000,
        "10" : 0.000000,
        "20" : 0.000000,
        "50" : 0.000000,
        "100" : 0.000000,
        "250" : 0.000000,
        "500" : 96.229315,
        "750" : 2.797176,
        "1000" : 0.032261
      },
      "latency_ms" : {
        "2" : 0.102475,
        "4" : 0.100577,
        "10" : 0.738196,
        "20" : 0.000000,
        "50" : 0.000000,
        "100" : 0.000000,
        "250" : 0.000000,
        "500" : 0.000000,
        "750" : 0.000000,
        "1000" : 0.000000,
        "2000" : 0.000000,
        ">=2000" : 0.000000
      },
      "latency_depth" : 4,
      "latency_target" : 0,
      "latency_target_ns" : 0,
      "latency_percentile" : 100.000000,
      "latency_window" : 0,
      "latency_window_us" : 0
    }
  ],
  "disk_util" : [
    {
      "name" : "nvme2n1",
      "read_ios" : 48,
      "write_ios" : 51496,
      "read_sectors" : 2088,
      "write_sectors" : 13182976,
      "read_merges" : 0,
      "write_merges" : 0,
      "read_ticks" : 2,
      "write_ticks" : 19352,
      "in_queue" : 19354,
      "util" : 98.158527
    }
  ]
}
