{
  "fio version" : "fio-3.36",
  "timestamp" : 1781330270,
  "timestamp_ms" : 1781330270488,
  "time" : "Sat Jun 13 05:57:50 2026",
  "jobs" : [
    {
      "jobname" : "sequentialwrite_128k_64",
      "groupid" : 0,
      "job_start" : 1781330265461,
      "error" : 0,
      "eta" : 0,
      "elapsed" : 6,
      "job options" : {
        "name" : "sequentialwrite_128k_64",
        "filename" : "/dev/nvme3n1",
        "ioengine" : "io_uring",
        "direct" : "1",
        "rw" : "write",
        "bs" : "128k",
        "iodepth" : "64",
        "size" : "3G",
        "runtime" : "5"
      },
      "read" : {
        "io_bytes" : 0,
        "io_kbytes" : 0,
        "bw_bytes" : 0,
        "bw" : 0,
        "iops" : 0.000000,
        "runtime" : 0,
        "total_ios" : 0,
        "short_ios" : 0,
        "drop_ios" : 0,
        "slat_ns" : {
          "min" : 0,
          "max" : 0,
          "mean" : 0.000000,
          "stddev" : 0.000000,
          "N" : 0
        },
        "clat_ns" : {
          "min" : 0,
          "max" : 0,
          "mean" : 0.000000,
          "stddev" : 0.000000,
          "N" : 0
        },
        "lat_ns" : {
          "min" : 0,
          "max" : 0,
          "mean" : 0.000000,
          "stddev" : 0.000000,
          "N" : 0
        },
        "bw_min" : 0,
        "bw_max" : 0,
        "bw_agg" : 0.000000,
        "bw_mean" : 0.000000,
        "bw_dev" : 0.000000,
        "bw_samples" : 0,
        "iops_min" : 0,
        "iops_max" : 0,
        "iops_mean" : 0.000000,
        "iops_stddev" : 0.000000,
        "iops_samples" : 0
      },
      "write" : {
        "io_bytes" : 10652352512,
        "io_kbytes" : 10402688,
        "bw_bytes" : 2124098207,
        "bw" : 2074314,
        "iops" : 16205.583250,
        "runtime" : 5015,
        "total_ios" : 81271,
        "short_ios" : 0,
        "drop_ios" : 0,
        "slat_ns" : {
          "min" : 2505,
          "max" : 23364,
          "mean" : 3852.182279,
          "stddev" : 794.745510,
          "N" : 81271
        },
        "clat_ns" : {
          "min" : 281310,
          "max" : 28851829,
          "mean" : 3944599.012058,
          "stddev" : 5090516.002718,
          "N" : 81271,
          "percentile" : {
            "1.000000" : 284672,
            "5.000000" : 288768,
            "10.000000" : 296960,
            "20.000000" : 370688,
            "30.000000" : 444416,
            "40.000000" : 501760,
            "50.000000" : 790528,
            "60.000000" : 2441216,
            "70.000000" : 4227072,
            "80.000000" : 8454144,
            "90.000000" : 14221312,
            "95.000000" : 14483456,
            "99.000000" : 14745600,
            "99.500000" : 14876672,
            "99.900000" : 15532032,
            "99.950000" : 19267584,
            "99.990000" : 26869760
          }
        },
        "lat_ns" : {
          "min" : 287614,
          "max" : 28855381,
          "mean" : 3948451.194337,
          "stddev" : 5090516.366547,
          "N" : 81271
        },
        "bw_min" : 2031104,
        "bw_max" : 2112000,
        "bw_agg" : 100.000000,
        "bw_mean" : 2078899.200000,
        "bw_dev" : 31885.231345,
        "bw_samples" : 10,
        "iops_min" : 15868,
        "iops_max" : 16500,
        "iops_mean" : 16241.600000,
        "iops_stddev" : 249.226002,
        "iops_samples" : 10
      },
      "trim" : {
        "io_bytes" : 0,
        "io_kbytes" : 0,
        "bw_bytes" : 0,
        "bw" : 0,
        "iops" : 0.000000,
        "runtime" : 0,
        "total_ios" : 0,
        "short_ios" : 0,
        "drop_ios" : 0,
        "slat_ns" : {
          "min" : 0,
          "max" : 0,
          "mean" : 0.000000,
          "stddev" : 0.000000,
          "N" : 0
        },
        "clat_ns" : {
          "min" : 0,
          "max" : 0,
          "mean" : 0.000000,
          "stddev" : 0.000000,
          "N" : 0
        },
        "lat_ns" : {
          "min" : 0,
          "max" : 0,
          "mean" : 0.000000,
          "stddev" : 0.000000,
          "N" : 0
        },
        "bw_min" : 0,
        "bw_max" : 0,
        "bw_agg" : 0.000000,
        "bw_mean" : 0.000000,
        "bw_dev" : 0.000000,
        "bw_samples" : 0,
        "iops_min" : 0,
        "iops_max" : 0,
        "iops_mean" : 0.000000,
        "iops_stddev" : 0.000000,
        "iops_samples" : 0
      },
      "sync" : {
        "total_ios" : 0,
        "lat_ns" : {
          "min" : 0,
          "max" : 0,
          "mean" : 0.000000,
          "stddev" : 0.000000,
          "N" : 0
        }
      },
      "job_runtime" : 5014,
      "usr_cpu" : 3.310730,
      "sys_cpu" : 5.165536,
      "ctx" : 76001,
      "majf" : 0,
      "minf" : 11,
      "iodepth_level" : {
        "1" : 0.100000,
        "2" : 0.100000,
        "4" : 0.100000,
        "8" : 0.100000,
        "16" : 0.100000,
        "32" : 0.100000,
        ">=64" : 99.922482
      },
      "iodepth_submit" : {
        "0" : 0.000000,
        "4" : 100.000000,
        "8" : 0.000000,
        "16" : 0.000000,
        "32" : 0.000000,
        "64" : 0.000000,
        ">=64" : 0.000000
      },
      "iodepth_complete" : {
        "0" : 0.000000,
        "4" : 99.998769,
        "8" : 0.000000,
        "16" : 0.000000,
        "32" : 0.000000,
        "64" : 0.100000,
        ">=64" : 0.000000
      },
      "latency_ns" : {
        "2" : 0.000000,
        "4" : 0.000000,
        "10" : 0.000000,
        "20" : 0.000000,
        "50" : 0.000000,
        "100" : 0.000000,
        "250" : 0.000000,
        "500" : 0.000000,
        "750" : 0.000000,
        "1000" : 0.000000
      },
      "latency_us" : {
        "2" : 0.000000,
        "4" : 0.000000,
        "10" : 0.000000,
        "20" : 0.000000,
        "50" : 0.000000,
        "100" : 0.000000,
        "250" : 0.000000,
        "500" : 39.773105,
        "750" : 9.225923,
        "1000" : 2.874334
      },
      "latency_ms" : {
        "2" : 5.715446,
        "4" : 11.808640,
        "10" : 12.486619,
        "20" : 18.070406,
        "50" : 0.045527,
        "100" : 0.000000,
        "250" : 0.000000,
        "500" : 0.000000,
        "750" : 0.000000,
        "1000" : 0.000000,
        "2000" : 0.000000,
        ">=2000" : 0.000000
      },
      "latency_depth" : 64,
      "latency_target" : 0,
      "latency_percentile" : 100.000000,
      "latency_window" : 0
    }
  ],
  "disk_util" : [
    {
      "name" : "nvme3n1",
      "read_ios" : 48,
      "write_ios" : 79474,
      "read_sectors" : 2088,
      "write_sectors" : 20345344,
      "read_merges" : 0,
      "write_merges" : 0,
      "read_ticks" : 2,
      "write_ticks" : 312665,
      "in_queue" : 312668,
      "util" : 98.138883
    }
  ]
}
