{
  "fio version" : "fio-3.42-31-g6a66",
  "timestamp" : 1781280918,
  "timestamp_ms" : 1781280918904,
  "time" : "Fri Jun 12 16:15:18 2026",
  "jobs" : [
    {
      "jobname" : "sequentialwrite_128k_32",
      "groupid" : 0,
      "job_start" : 1781280913756,
      "error" : 0,
      "eta" : 0,
      "elapsed" : 6,
      "job options" : {
        "name" : "sequentialwrite_128k_32",
        "filename" : "/dev/nvme2n1",
        "ioengine" : "io_uring",
        "direct" : "1",
        "group_reporting" : "",
        "rw" : "write",
        "bs" : "128k",
        "iodepth" : "32",
        "size" : "3G",
        "time_based" : "",
        "runtime" : "5"
      },
      "read" : {
        "io_bytes" : 0,
        "io_kbytes" : 0,
        "bw_bytes" : 0,
        "bw" : 0,
        "iops" : 0.000000,
        "runtime" : 0,
        "total_ios" : 0,
        "short_ios" : 0,
        "drop_ios" : 0,
        "slat_ns" : {
          "min" : 0,
          "max" : 0,
          "mean" : 0.000000,
          "stddev" : 0.000000,
          "N" : 0
        },
        "clat_ns" : {
          "min" : 0,
          "max" : 0,
          "mean" : 0.000000,
          "stddev" : 0.000000,
          "N" : 0
        },
        "lat_ns" : {
          "min" : 0,
          "max" : 0,
          "mean" : 0.000000,
          "stddev" : 0.000000,
          "N" : 0
        },
        "bw_min" : 0,
        "bw_max" : 0,
        "bw_agg" : 0.000000,
        "bw_mean" : 0.000000,
        "bw_dev" : 0.000000,
        "bw_samples" : 0,
        "iops_min" : 0,
        "iops_max" : 0,
        "iops_mean" : 0.000000,
        "iops_stddev" : 0.000000,
        "iops_samples" : 0
      },
      "write" : {
        "io_bytes" : 9702604800,
        "io_kbytes" : 9475200,
        "bw_bytes" : 1937808028,
        "bw" : 1892390,
        "iops" : 14784.301977,
        "runtime" : 5007,
        "total_ios" : 74025,
        "short_ios" : 0,
        "drop_ios" : 0,
        "slat_ns" : {
          "min" : 2094,
          "max" : 131971,
          "mean" : 3337.008227,
          "stddev" : 1384.527790,
          "N" : 74025
        },
        "clat_ns" : {
          "min" : 284645,
          "max" : 41445898,
          "mean" : 2160795.640324,
          "stddev" : 3319634.969372,
          "N" : 74025,
          "percentile" : {
            "1.000000" : 284672,
            "5.000000" : 288768,
            "10.000000" : 292864,
            "20.000000" : 342016,
            "30.000000" : 423936,
            "40.000000" : 444416,
            "50.000000" : 485376,
            "60.000000" : 585728,
            "70.000000" : 1744896,
            "80.000000" : 5668864,
            "90.000000" : 6586368,
            "95.000000" : 6979584,
            "99.000000" : 8847360,
            "99.500000" : 21626880,
            "99.900000" : 35913728,
            "99.950000" : 38010880,
            "99.990000" : 40632320
          }
        },
        "lat_ns" : {
          "min" : 287541,
          "max" : 41448777,
          "mean" : 2164132.648551,
          "stddev" : 3319816.493492,
          "N" : 74025
        },
        "bw_min" : 1764096,
        "bw_max" : 2097920,
        "bw_agg" : 100.000000,
        "bw_mean" : 1894246.400000,
        "bw_dev" : 99262.380157,
        "bw_samples" : 10,
        "iops_min" : 13782,
        "iops_max" : 16390,
        "iops_mean" : 14798.800000,
        "iops_stddev" : 775.487345,
        "iops_samples" : 10
      },
      "trim" : {
        "io_bytes" : 0,
        "io_kbytes" : 0,
        "bw_bytes" : 0,
        "bw" : 0,
        "iops" : 0.000000,
        "runtime" : 0,
        "total_ios" : 0,
        "short_ios" : 0,
        "drop_ios" : 0,
        "slat_ns" : {
          "min" : 0,
          "max" : 0,
          "mean" : 0.000000,
          "stddev" : 0.000000,
          "N" : 0
        },
        "clat_ns" : {
          "min" : 0,
          "max" : 0,
          "mean" : 0.000000,
          "stddev" : 0.000000,
          "N" : 0
        },
        "lat_ns" : {
          "min" : 0,
          "max" : 0,
          "mean" : 0.000000,
          "stddev" : 0.000000,
          "N" : 0
        },
        "bw_min" : 0,
        "bw_max" : 0,
        "bw_agg" : 0.000000,
        "bw_mean" : 0.000000,
        "bw_dev" : 0.000000,
        "bw_samples" : 0,
        "iops_min" : 0,
        "iops_max" : 0,
        "iops_mean" : 0.000000,
        "iops_stddev" : 0.000000,
        "iops_samples" : 0
      },
      "sync" : {
        "total_ios" : 0,
        "lat_ns" : {
          "min" : 0,
          "max" : 0,
          "mean" : 0.000000,
          "stddev" : 0.000000,
          "N" : 0
        }
      },
      "job_runtime" : 5006,
      "usr_cpu" : 3.855374,
      "sys_cpu" : 3.755493,
      "ctx" : 69327,
      "majf" : 0,
      "minf" : 7,
      "iodepth_level" : {
        "1" : 0.100000,
        "2" : 0.100000,
        "4" : 0.100000,
        "8" : 0.100000,
        "16" : 0.100000,
        "32" : 99.958122,
        ">=64" : 0.000000
      },
      "iodepth_submit" : {
        "0" : 0.000000,
        "4" : 100.000000,
        "8" : 0.000000,
        "16" : 0.000000,
        "32" : 0.000000,
        "64" : 0.000000,
        ">=64" : 0.000000
      },
      "iodepth_complete" : {
        "0" : 0.000000,
        "4" : 99.998649,
        "8" : 0.000000,
        "16" : 0.000000,
        "32" : 0.100000,
        "64" : 0.000000,
        ">=64" : 0.000000
      },
      "latency_ns" : {
        "2" : 0.000000,
        "4" : 0.000000,
        "10" : 0.000000,
        "20" : 0.000000,
        "50" : 0.000000,
        "100" : 0.000000,
        "250" : 0.000000,
        "500" : 0.000000,
        "750" : 0.000000,
        "1000" : 0.000000
      },
      "latency_us" : {
        "2" : 0.000000,
        "4" : 0.000000,
        "10" : 0.000000,
        "20" : 0.000000,
        "50" : 0.000000,
        "100" : 0.000000,
        "250" : 0.000000,
        "500" : 54.154677,
        "750" : 8.988855,
        "1000" : 2.156028
      },
      "latency_ms" : {
        "2" : 5.853428,
        "4" : 5.635934,
        "10" : 22.238433,
        "20" : 0.389058,
        "50" : 0.583587,
        "100" : 0.000000,
        "250" : 0.000000,
        "500" : 0.000000,
        "750" : 0.000000,
        "1000" : 0.000000,
        "2000" : 0.000000,
        ">=2000" : 0.000000
      },
      "latency_depth" : 32,
      "latency_target" : 0,
      "latency_target_ns" : 0,
      "latency_percentile" : 100.000000,
      "latency_window" : 0,
      "latency_window_us" : 0
    }
  ],
  "disk_util" : [
    {
      "name" : "nvme2n1",
      "read_ios" : 48,
      "write_ios" : 72293,
      "read_sectors" : 2088,
      "write_sectors" : 18507008,
      "read_merges" : 0,
      "write_merges" : 0,
      "read_ticks" : 2,
      "write_ticks" : 156320,
      "in_queue" : 156322,
      "util" : 98.138883
    }
  ]
}
