{
  "fio version" : "fio-3.42-31-g6a66",
  "timestamp" : 1781280891,
  "timestamp_ms" : 1781280891972,
  "time" : "Fri Jun 12 16:14:51 2026",
  "jobs" : [
    {
      "jobname" : "sequentialwrite_128k_1",
      "groupid" : 0,
      "job_start" : 1781280886824,
      "error" : 0,
      "eta" : 0,
      "elapsed" : 6,
      "job options" : {
        "name" : "sequentialwrite_128k_1",
        "filename" : "/dev/nvme2n1",
        "ioengine" : "io_uring",
        "direct" : "1",
        "group_reporting" : "",
        "rw" : "write",
        "bs" : "128k",
        "iodepth" : "1",
        "size" : "3G",
        "time_based" : "",
        "runtime" : "5"
      },
      "read" : {
        "io_bytes" : 0,
        "io_kbytes" : 0,
        "bw_bytes" : 0,
        "bw" : 0,
        "iops" : 0.000000,
        "runtime" : 0,
        "total_ios" : 0,
        "short_ios" : 0,
        "drop_ios" : 0,
        "slat_ns" : {
          "min" : 0,
          "max" : 0,
          "mean" : 0.000000,
          "stddev" : 0.000000,
          "N" : 0
        },
        "clat_ns" : {
          "min" : 0,
          "max" : 0,
          "mean" : 0.000000,
          "stddev" : 0.000000,
          "N" : 0
        },
        "lat_ns" : {
          "min" : 0,
          "max" : 0,
          "mean" : 0.000000,
          "stddev" : 0.000000,
          "N" : 0
        },
        "bw_min" : 0,
        "bw_max" : 0,
        "bw_agg" : 0.000000,
        "bw_mean" : 0.000000,
        "bw_dev" : 0.000000,
        "bw_samples" : 0,
        "iops_min" : 0,
        "iops_max" : 0,
        "iops_mean" : 0.000000,
        "iops_stddev" : 0.000000,
        "iops_samples" : 0
      },
      "write" : {
        "io_bytes" : 1780088832,
        "io_kbytes" : 1738368,
        "bw_bytes" : 355946577,
        "bw" : 347604,
        "iops" : 2715.656869,
        "runtime" : 5001,
        "total_ios" : 13581,
        "short_ios" : 0,
        "drop_ios" : 0,
        "slat_ns" : {
          "min" : 2541,
          "max" : 37117,
          "mean" : 4263.866063,
          "stddev" : 2177.787490,
          "N" : 13581
        },
        "clat_ns" : {
          "min" : 283201,
          "max" : 4192634,
          "mean" : 363662.813563,
          "stddev" : 272290.322751,
          "N" : 13581,
          "percentile" : {
            "1.000000" : 284672,
            "5.000000" : 284672,
            "10.000000" : 284672,
            "20.000000" : 284672,
            "30.000000" : 284672,
            "40.000000" : 284672,
            "50.000000" : 284672,
            "60.000000" : 284672,
            "70.000000" : 284672,
            "80.000000" : 288768,
            "90.000000" : 468992,
            "95.000000" : 481280,
            "99.000000" : 1794048,
            "99.500000" : 1810432,
            "99.900000" : 1990656,
            "99.950000" : 1990656,
            "99.990000" : 2007040
          }
        },
        "lat_ns" : {
          "min" : 286752,
          "max" : 4196622,
          "mean" : 367926.679626,
          "stddev" : 273636.214507,
          "N" : 13581
        },
        "bw_min" : 305920,
        "bw_max" : 393472,
        "bw_agg" : 100.000000,
        "bw_mean" : 347673.600000,
        "bw_dev" : 25393.642963,
        "bw_samples" : 10,
        "iops_min" : 2390,
        "iops_max" : 3074,
        "iops_mean" : 2716.200000,
        "iops_stddev" : 198.387836,
        "iops_samples" : 10
      },
      "trim" : {
        "io_bytes" : 0,
        "io_kbytes" : 0,
        "bw_bytes" : 0,
        "bw" : 0,
        "iops" : 0.000000,
        "runtime" : 0,
        "total_ios" : 0,
        "short_ios" : 0,
        "drop_ios" : 0,
        "slat_ns" : {
          "min" : 0,
          "max" : 0,
          "mean" : 0.000000,
          "stddev" : 0.000000,
          "N" : 0
        },
        "clat_ns" : {
          "min" : 0,
          "max" : 0,
          "mean" : 0.000000,
          "stddev" : 0.000000,
          "N" : 0
        },
        "lat_ns" : {
          "min" : 0,
          "max" : 0,
          "mean" : 0.000000,
          "stddev" : 0.000000,
          "N" : 0
        },
        "bw_min" : 0,
        "bw_max" : 0,
        "bw_agg" : 0.000000,
        "bw_mean" : 0.000000,
        "bw_dev" : 0.000000,
        "bw_samples" : 0,
        "iops_min" : 0,
        "iops_max" : 0,
        "iops_mean" : 0.000000,
        "iops_stddev" : 0.000000,
        "iops_samples" : 0
      },
      "sync" : {
        "total_ios" : 0,
        "lat_ns" : {
          "min" : 0,
          "max" : 0,
          "mean" : 0.000000,
          "stddev" : 0.000000,
          "N" : 0
        }
      },
      "job_runtime" : 5000,
      "usr_cpu" : 0.900000,
      "sys_cpu" : 1.000000,
      "ctx" : 13581,
      "majf" : 0,
      "minf" : 10,
      "iodepth_level" : {
        "1" : 100.000000,
        "2" : 0.000000,
        "4" : 0.000000,
        "8" : 0.000000,
        "16" : 0.000000,
        "32" : 0.000000,
        ">=64" : 0.000000
      },
      "iodepth_submit" : {
        "0" : 0.000000,
        "4" : 100.000000,
        "8" : 0.000000,
        "16" : 0.000000,
        "32" : 0.000000,
        "64" : 0.000000,
        ">=64" : 0.000000
      },
      "iodepth_complete" : {
        "0" : 0.000000,
        "4" : 100.000000,
        "8" : 0.000000,
        "16" : 0.000000,
        "32" : 0.000000,
        "64" : 0.000000,
        ">=64" : 0.000000
      },
      "latency_ns" : {
        "2" : 0.000000,
        "4" : 0.000000,
        "10" : 0.000000,
        "20" : 0.000000,
        "50" : 0.000000,
        "100" : 0.000000,
        "250" : 0.000000,
        "500" : 0.000000,
        "750" : 0.000000,
        "1000" : 0.000000
      },
      "latency_us" : {
        "2" : 0.000000,
        "4" : 0.000000,
        "10" : 0.000000,
        "20" : 0.000000,
        "50" : 0.000000,
        "100" : 0.000000,
        "250" : 0.000000,
        "500" : 95.096090,
        "750" : 0.066269,
        "1000" : 0.603785
      },
      "latency_ms" : {
        "2" : 4.226493,
        "4" : 0.000000,
        "10" : 0.010000,
        "20" : 0.000000,
        "50" : 0.000000,
        "100" : 0.000000,
        "250" : 0.000000,
        "500" : 0.000000,
        "750" : 0.000000,
        "1000" : 0.000000,
        "2000" : 0.000000,
        ">=2000" : 0.000000
      },
      "latency_depth" : 1,
      "latency_target" : 0,
      "latency_target_ns" : 0,
      "latency_percentile" : 100.000000,
      "latency_window" : 0,
      "latency_window_us" : 0
    }
  ],
  "disk_util" : [
    {
      "name" : "nvme2n1",
      "read_ios" : 48,
      "write_ios" : 13252,
      "read_sectors" : 2088,
      "write_sectors" : 3392512,
      "read_merges" : 0,
      "write_merges" : 0,
      "read_ticks" : 2,
      "write_ticks" : 4823,
      "in_queue" : 4826,
      "util" : 98.218931
    }
  ]
}
