{
  "fio version" : "fio-3.42-31-g6a66",
  "timestamp" : 1781280929,
  "timestamp_ms" : 1781280929677,
  "time" : "Fri Jun 12 16:15:29 2026",
  "jobs" : [
    {
      "jobname" : "sequentialwrite_128k_128",
      "groupid" : 0,
      "job_start" : 1781280924532,
      "error" : 0,
      "eta" : 0,
      "elapsed" : 6,
      "job options" : {
        "name" : "sequentialwrite_128k_128",
        "filename" : "/dev/nvme2n1",
        "ioengine" : "io_uring",
        "direct" : "1",
        "group_reporting" : "",
        "rw" : "write",
        "bs" : "128k",
        "iodepth" : "128",
        "size" : "3G",
        "time_based" : "",
        "runtime" : "5"
      },
      "read" : {
        "io_bytes" : 0,
        "io_kbytes" : 0,
        "bw_bytes" : 0,
        "bw" : 0,
        "iops" : 0.000000,
        "runtime" : 0,
        "total_ios" : 0,
        "short_ios" : 0,
        "drop_ios" : 0,
        "slat_ns" : {
          "min" : 0,
          "max" : 0,
          "mean" : 0.000000,
          "stddev" : 0.000000,
          "N" : 0
        },
        "clat_ns" : {
          "min" : 0,
          "max" : 0,
          "mean" : 0.000000,
          "stddev" : 0.000000,
          "N" : 0
        },
        "lat_ns" : {
          "min" : 0,
          "max" : 0,
          "mean" : 0.000000,
          "stddev" : 0.000000,
          "N" : 0
        },
        "bw_min" : 0,
        "bw_max" : 0,
        "bw_agg" : 0.000000,
        "bw_mean" : 0.000000,
        "bw_dev" : 0.000000,
        "bw_samples" : 0,
        "iops_min" : 0,
        "iops_max" : 0,
        "iops_mean" : 0.000000,
        "iops_stddev" : 0.000000,
        "iops_samples" : 0
      },
      "write" : {
        "io_bytes" : 9441509376,
        "io_kbytes" : 9220224,
        "bw_bytes" : 1882653913,
        "bw" : 1838529,
        "iops" : 14363.509472,
        "runtime" : 5015,
        "total_ios" : 72033,
        "short_ios" : 0,
        "drop_ios" : 0,
        "slat_ns" : {
          "min" : 2048,
          "max" : 40758,
          "mean" : 3274.298447,
          "stddev" : 1315.451450,
          "N" : 72033
        },
        "clat_ns" : {
          "min" : 282520,
          "max" : 74465773,
          "mean" : 8906629.274458,
          "stddev" : 10885399.460144,
          "N" : 72033,
          "percentile" : {
            "1.000000" : 301056,
            "5.000000" : 329728,
            "10.000000" : 395264,
            "20.000000" : 497664,
            "30.000000" : 1630208,
            "40.000000" : 3850240,
            "50.000000" : 5210112,
            "60.000000" : 6586368,
            "70.000000" : 8585216,
            "80.000000" : 15269888,
            "90.000000" : 29491200,
            "95.000000" : 30015488,
            "99.000000" : 41156608,
            "99.500000" : 60030976,
            "99.900000" : 73924608,
            "99.950000" : 73924608,
            "99.990000" : 73924608
          }
        },
        "lat_ns" : {
          "min" : 286369,
          "max" : 74468871,
          "mean" : 8909903.572904,
          "stddev" : 10885535.252218,
          "N" : 72033
        },
        "bw_min" : 1397248,
        "bw_max" : 2174208,
        "bw_agg" : 100.000000,
        "bw_mean" : 1840793.600000,
        "bw_dev" : 290179.991856,
        "bw_samples" : 10,
        "iops_min" : 10916,
        "iops_max" : 16986,
        "iops_mean" : 14381.200000,
        "iops_stddev" : 2267.031186,
        "iops_samples" : 10
      },
      "trim" : {
        "io_bytes" : 0,
        "io_kbytes" : 0,
        "bw_bytes" : 0,
        "bw" : 0,
        "iops" : 0.000000,
        "runtime" : 0,
        "total_ios" : 0,
        "short_ios" : 0,
        "drop_ios" : 0,
        "slat_ns" : {
          "min" : 0,
          "max" : 0,
          "mean" : 0.000000,
          "stddev" : 0.000000,
          "N" : 0
        },
        "clat_ns" : {
          "min" : 0,
          "max" : 0,
          "mean" : 0.000000,
          "stddev" : 0.000000,
          "N" : 0
        },
        "lat_ns" : {
          "min" : 0,
          "max" : 0,
          "mean" : 0.000000,
          "stddev" : 0.000000,
          "N" : 0
        },
        "bw_min" : 0,
        "bw_max" : 0,
        "bw_agg" : 0.000000,
        "bw_mean" : 0.000000,
        "bw_dev" : 0.000000,
        "bw_samples" : 0,
        "iops_min" : 0,
        "iops_max" : 0,
        "iops_mean" : 0.000000,
        "iops_stddev" : 0.000000,
        "iops_samples" : 0
      },
      "sync" : {
        "total_ios" : 0,
        "lat_ns" : {
          "min" : 0,
          "max" : 0,
          "mean" : 0.000000,
          "stddev" : 0.000000,
          "N" : 0
        }
      },
      "job_runtime" : 5014,
      "usr_cpu" : 3.191065,
      "sys_cpu" : 4.427603,
      "ctx" : 59026,
      "majf" : 0,
      "minf" : 7,
      "iodepth_level" : {
        "1" : 0.100000,
        "2" : 0.100000,
        "4" : 0.100000,
        "8" : 0.100000,
        "16" : 0.100000,
        "32" : 0.100000,
        ">=64" : 99.912540
      },
      "iodepth_submit" : {
        "0" : 0.000000,
        "4" : 100.000000,
        "8" : 0.000000,
        "16" : 0.000000,
        "32" : 0.000000,
        "64" : 0.000000,
        ">=64" : 0.000000
      },
      "iodepth_complete" : {
        "0" : 0.000000,
        "4" : 99.998609,
        "8" : 0.000000,
        "16" : 0.000000,
        "32" : 0.000000,
        "64" : 0.000000,
        ">=64" : 0.100000
      },
      "latency_ns" : {
        "2" : 0.000000,
        "4" : 0.000000,
        "10" : 0.000000,
        "20" : 0.000000,
        "50" : 0.000000,
        "100" : 0.000000,
        "250" : 0.000000,
        "500" : 0.000000,
        "750" : 0.000000,
        "1000" : 0.000000
      },
      "latency_us" : {
        "2" : 0.000000,
        "4" : 0.000000,
        "10" : 0.000000,
        "20" : 0.000000,
        "50" : 0.000000,
        "100" : 0.000000,
        "250" : 0.000000,
        "500" : 20.314300,
        "750" : 5.400303,
        "1000" : 1.688115
      },
      "latency_ms" : {
        "2" : 4.010662,
        "4" : 9.441506,
        "10" : 33.644302,
        "20" : 9.147196,
        "50" : 15.740008,
        "100" : 0.613608,
        "250" : 0.000000,
        "500" : 0.000000,
        "750" : 0.000000,
        "1000" : 0.000000,
        "2000" : 0.000000,
        ">=2000" : 0.000000
      },
      "latency_depth" : 128,
      "latency_target" : 0,
      "latency_target_ns" : 0,
      "latency_percentile" : 100.000000,
      "latency_window" : 0,
      "latency_window_us" : 0
    }
  ],
  "disk_util" : [
    {
      "name" : "nvme2n1",
      "read_ios" : 48,
      "write_ios" : 70126,
      "read_sectors" : 2088,
      "write_sectors" : 17952256,
      "read_merges" : 0,
      "write_merges" : 0,
      "read_ticks" : 1,
      "write_ticks" : 625650,
      "in_queue" : 625651,
      "util" : 98.158527
    }
  ]
}
