{
  "fio version" : "fio-3.42-31-g6a66",
  "timestamp" : 1781280768,
  "timestamp_ms" : 1781280768094,
  "time" : "Fri Jun 12 16:12:48 2026",
  "jobs" : [
    {
      "jobname" : "sequentialwrite_16k_16",
      "groupid" : 0,
      "job_start" : 1781280762945,
      "error" : 0,
      "eta" : 0,
      "elapsed" : 6,
      "job options" : {
        "name" : "sequentialwrite_16k_16",
        "filename" : "/dev/nvme2n1",
        "ioengine" : "io_uring",
        "direct" : "1",
        "group_reporting" : "",
        "rw" : "write",
        "bs" : "16k",
        "iodepth" : "16",
        "size" : "3G",
        "time_based" : "",
        "runtime" : "5"
      },
      "read" : {
        "io_bytes" : 0,
        "io_kbytes" : 0,
        "bw_bytes" : 0,
        "bw" : 0,
        "iops" : 0.000000,
        "runtime" : 0,
        "total_ios" : 0,
        "short_ios" : 0,
        "drop_ios" : 0,
        "slat_ns" : {
          "min" : 0,
          "max" : 0,
          "mean" : 0.000000,
          "stddev" : 0.000000,
          "N" : 0
        },
        "clat_ns" : {
          "min" : 0,
          "max" : 0,
          "mean" : 0.000000,
          "stddev" : 0.000000,
          "N" : 0
        },
        "lat_ns" : {
          "min" : 0,
          "max" : 0,
          "mean" : 0.000000,
          "stddev" : 0.000000,
          "N" : 0
        },
        "bw_min" : 0,
        "bw_max" : 0,
        "bw_agg" : 0.000000,
        "bw_mean" : 0.000000,
        "bw_dev" : 0.000000,
        "bw_samples" : 0,
        "iops_min" : 0,
        "iops_max" : 0,
        "iops_mean" : 0.000000,
        "iops_stddev" : 0.000000,
        "iops_samples" : 0
      },
      "write" : {
        "io_bytes" : 10632888320,
        "io_kbytes" : 10383680,
        "bw_bytes" : 2126152433,
        "bw" : 2076320,
        "iops" : 129770.045991,
        "runtime" : 5001,
        "total_ios" : 648980,
        "short_ios" : 0,
        "drop_ios" : 0,
        "slat_ns" : {
          "min" : 760,
          "max" : 26565,
          "mean" : 1089.382710,
          "stddev" : 546.741396,
          "N" : 648980
        },
        "clat_ns" : {
          "min" : 6464,
          "max" : 7419955,
          "mean" : 122044.343656,
          "stddev" : 323594.030950,
          "N" : 648980,
          "percentile" : {
            "1.000000" : 14016,
            "5.000000" : 14528,
            "10.000000" : 14784,
            "20.000000" : 15296,
            "30.000000" : 15680,
            "40.000000" : 16192,
            "50.000000" : 16512,
            "60.000000" : 17024,
            "70.000000" : 18304,
            "80.000000" : 20352,
            "90.000000" : 675840,
            "95.000000" : 823296,
            "99.000000" : 1056768,
            "99.500000" : 1138688,
            "99.900000" : 4145152,
            "99.950000" : 5341184,
            "99.990000" : 6455296
          }
        },
        "lat_ns" : {
          "min" : 12399,
          "max" : 7421027,
          "mean" : 123133.726366,
          "stddev" : 323596.615772,
          "N" : 648980
        },
        "bw_min" : 1914784,
        "bw_max" : 2202208,
        "bw_agg" : 100.000000,
        "bw_mean" : 2076736.000000,
        "bw_dev" : 115945.828638,
        "bw_samples" : 10,
        "iops_min" : 119674,
        "iops_max" : 137638,
        "iops_mean" : 129796.000000,
        "iops_stddev" : 7246.614290,
        "iops_samples" : 10
      },
      "trim" : {
        "io_bytes" : 0,
        "io_kbytes" : 0,
        "bw_bytes" : 0,
        "bw" : 0,
        "iops" : 0.000000,
        "runtime" : 0,
        "total_ios" : 0,
        "short_ios" : 0,
        "drop_ios" : 0,
        "slat_ns" : {
          "min" : 0,
          "max" : 0,
          "mean" : 0.000000,
          "stddev" : 0.000000,
          "N" : 0
        },
        "clat_ns" : {
          "min" : 0,
          "max" : 0,
          "mean" : 0.000000,
          "stddev" : 0.000000,
          "N" : 0
        },
        "lat_ns" : {
          "min" : 0,
          "max" : 0,
          "mean" : 0.000000,
          "stddev" : 0.000000,
          "N" : 0
        },
        "bw_min" : 0,
        "bw_max" : 0,
        "bw_agg" : 0.000000,
        "bw_mean" : 0.000000,
        "bw_dev" : 0.000000,
        "bw_samples" : 0,
        "iops_min" : 0,
        "iops_max" : 0,
        "iops_mean" : 0.000000,
        "iops_stddev" : 0.000000,
        "iops_samples" : 0
      },
      "sync" : {
        "total_ios" : 0,
        "lat_ns" : {
          "min" : 0,
          "max" : 0,
          "mean" : 0.000000,
          "stddev" : 0.000000,
          "N" : 0
        }
      },
      "job_runtime" : 5000,
      "usr_cpu" : 7.660000,
      "sys_cpu" : 26.520000,
      "ctx" : 515145,
      "majf" : 0,
      "minf" : 11,
      "iodepth_level" : {
        "1" : 0.100000,
        "2" : 0.100000,
        "4" : 0.100000,
        "8" : 0.100000,
        "16" : 99.997689,
        "32" : 0.000000,
        ">=64" : 0.000000
      },
      "iodepth_submit" : {
        "0" : 0.000000,
        "4" : 100.000000,
        "8" : 0.000000,
        "16" : 0.000000,
        "32" : 0.000000,
        "64" : 0.000000,
        ">=64" : 0.000000
      },
      "iodepth_complete" : {
        "0" : 0.000000,
        "4" : 99.999846,
        "8" : 0.000000,
        "16" : 0.100000,
        "32" : 0.000000,
        "64" : 0.000000,
        ">=64" : 0.000000
      },
      "latency_ns" : {
        "2" : 0.000000,
        "4" : 0.000000,
        "10" : 0.000000,
        "20" : 0.000000,
        "50" : 0.000000,
        "100" : 0.000000,
        "250" : 0.000000,
        "500" : 0.000000,
        "750" : 0.000000,
        "1000" : 0.000000
      },
      "latency_us" : {
        "2" : 0.000000,
        "4" : 0.000000,
        "10" : 0.010000,
        "20" : 78.388856,
        "50" : 8.574841,
        "100" : 0.040525,
        "250" : 0.071805,
        "500" : 1.014823,
        "750" : 3.514130,
        "1000" : 6.825326
      },
      "latency_ms" : {
        "2" : 1.389873,
        "4" : 0.077352,
        "10" : 0.101544,
        "20" : 0.000000,
        "50" : 0.000000,
        "100" : 0.000000,
        "250" : 0.000000,
        "500" : 0.000000,
        "750" : 0.000000,
        "1000" : 0.000000,
        "2000" : 0.000000,
        ">=2000" : 0.000000
      },
      "latency_depth" : 16,
      "latency_target" : 0,
      "latency_target_ns" : 0,
      "latency_percentile" : 100.000000,
      "latency_window" : 0,
      "latency_window_us" : 0
    }
  ],
  "disk_util" : [
    {
      "name" : "nvme2n1",
      "read_ios" : 48,
      "write_ios" : 635110,
      "read_sectors" : 2088,
      "write_sectors" : 20323520,
      "read_merges" : 0,
      "write_merges" : 0,
      "read_ticks" : 2,
      "write_ticks" : 76841,
      "in_queue" : 76843,
      "util" : 98.238591
    }
  ]
}
