{
  "fio version" : "fio-3.36",
  "timestamp" : 1781330112,
  "timestamp_ms" : 1781330112516,
  "time" : "Sat Jun 13 05:55:12 2026",
  "jobs" : [
    {
      "jobname" : "sequentialwrite_16k_8",
      "groupid" : 0,
      "job_start" : 1781330107496,
      "error" : 0,
      "eta" : 0,
      "elapsed" : 6,
      "job options" : {
        "name" : "sequentialwrite_16k_8",
        "filename" : "/dev/nvme3n1",
        "ioengine" : "io_uring",
        "direct" : "1",
        "rw" : "write",
        "bs" : "16k",
        "iodepth" : "8",
        "size" : "3G",
        "runtime" : "5"
      },
      "read" : {
        "io_bytes" : 0,
        "io_kbytes" : 0,
        "bw_bytes" : 0,
        "bw" : 0,
        "iops" : 0.000000,
        "runtime" : 0,
        "total_ios" : 0,
        "short_ios" : 0,
        "drop_ios" : 0,
        "slat_ns" : {
          "min" : 0,
          "max" : 0,
          "mean" : 0.000000,
          "stddev" : 0.000000,
          "N" : 0
        },
        "clat_ns" : {
          "min" : 0,
          "max" : 0,
          "mean" : 0.000000,
          "stddev" : 0.000000,
          "N" : 0
        },
        "lat_ns" : {
          "min" : 0,
          "max" : 0,
          "mean" : 0.000000,
          "stddev" : 0.000000,
          "N" : 0
        },
        "bw_min" : 0,
        "bw_max" : 0,
        "bw_agg" : 0.000000,
        "bw_mean" : 0.000000,
        "bw_dev" : 0.000000,
        "bw_samples" : 0,
        "iops_min" : 0,
        "iops_max" : 0,
        "iops_mean" : 0.000000,
        "iops_stddev" : 0.000000,
        "iops_samples" : 0
      },
      "write" : {
        "io_bytes" : 10546397184,
        "io_kbytes" : 10299216,
        "bw_bytes" : 2108857665,
        "bw" : 2059431,
        "iops" : 128714.457109,
        "runtime" : 5001,
        "total_ios" : 643701,
        "short_ios" : 0,
        "drop_ios" : 0,
        "slat_ns" : {
          "min" : 928,
          "max" : 143520,
          "mean" : 1396.417500,
          "stddev" : 359.360137,
          "N" : 643701
        },
        "clat_ns" : {
          "min" : 1755,
          "max" : 3640898,
          "mean" : 60617.023610,
          "stddev" : 145153.539231,
          "N" : 643701,
          "percentile" : {
            "1.000000" : 12480,
            "5.000000" : 12864,
            "10.000000" : 12992,
            "20.000000" : 12992,
            "30.000000" : 13120,
            "40.000000" : 13120,
            "50.000000" : 13248,
            "60.000000" : 13376,
            "70.000000" : 13888,
            "80.000000" : 17024,
            "90.000000" : 301056,
            "95.000000" : 387072,
            "99.000000" : 468992,
            "99.500000" : 493568,
            "99.900000" : 1859584,
            "99.950000" : 2572288,
            "99.990000" : 2703360
          }
        },
        "lat_ns" : {
          "min" : 13049,
          "max" : 3642383,
          "mean" : 62013.441110,
          "stddev" : 145153.845996,
          "N" : 643701
        },
        "bw_min" : 1991328,
        "bw_max" : 2128800,
        "bw_agg" : 99.744429,
        "bw_mean" : 2054168.888889,
        "bw_dev" : 49385.535768,
        "bw_samples" : 9,
        "iops_min" : 124458,
        "iops_max" : 133050,
        "iops_mean" : 128385.555556,
        "iops_stddev" : 3086.595986,
        "iops_samples" : 9
      },
      "trim" : {
        "io_bytes" : 0,
        "io_kbytes" : 0,
        "bw_bytes" : 0,
        "bw" : 0,
        "iops" : 0.000000,
        "runtime" : 0,
        "total_ios" : 0,
        "short_ios" : 0,
        "drop_ios" : 0,
        "slat_ns" : {
          "min" : 0,
          "max" : 0,
          "mean" : 0.000000,
          "stddev" : 0.000000,
          "N" : 0
        },
        "clat_ns" : {
          "min" : 0,
          "max" : 0,
          "mean" : 0.000000,
          "stddev" : 0.000000,
          "N" : 0
        },
        "lat_ns" : {
          "min" : 0,
          "max" : 0,
          "mean" : 0.000000,
          "stddev" : 0.000000,
          "N" : 0
        },
        "bw_min" : 0,
        "bw_max" : 0,
        "bw_agg" : 0.000000,
        "bw_mean" : 0.000000,
        "bw_dev" : 0.000000,
        "bw_samples" : 0,
        "iops_min" : 0,
        "iops_max" : 0,
        "iops_mean" : 0.000000,
        "iops_stddev" : 0.000000,
        "iops_samples" : 0
      },
      "sync" : {
        "total_ios" : 0,
        "lat_ns" : {
          "min" : 0,
          "max" : 0,
          "mean" : 0.000000,
          "stddev" : 0.000000,
          "N" : 0
        }
      },
      "job_runtime" : 5000,
      "usr_cpu" : 5.840000,
      "sys_cpu" : 25.740000,
      "ctx" : 560056,
      "majf" : 0,
      "minf" : 10,
      "iodepth_level" : {
        "1" : 0.100000,
        "2" : 0.100000,
        "4" : 0.100000,
        "8" : 99.998913,
        "16" : 0.000000,
        "32" : 0.000000,
        ">=64" : 0.000000
      },
      "iodepth_submit" : {
        "0" : 0.000000,
        "4" : 100.000000,
        "8" : 0.000000,
        "16" : 0.000000,
        "32" : 0.000000,
        "64" : 0.000000,
        ">=64" : 0.000000
      },
      "iodepth_complete" : {
        "0" : 0.000000,
        "4" : 99.999845,
        "8" : 0.100000,
        "16" : 0.000000,
        "32" : 0.000000,
        "64" : 0.000000,
        ">=64" : 0.000000
      },
      "latency_ns" : {
        "2" : 0.000000,
        "4" : 0.000000,
        "10" : 0.000000,
        "20" : 0.000000,
        "50" : 0.000000,
        "100" : 0.000000,
        "250" : 0.000000,
        "500" : 0.000000,
        "750" : 0.000000,
        "1000" : 0.000000
      },
      "latency_us" : {
        "2" : 0.010000,
        "4" : 0.010000,
        "10" : 0.010000,
        "20" : 87.077696,
        "50" : 0.372223,
        "100" : 0.012428,
        "250" : 0.677333,
        "500" : 11.435589,
        "750" : 0.260835,
        "1000" : 0.021439
      },
      "latency_ms" : {
        "2" : 0.045052,
        "4" : 0.095075,
        "10" : 0.000000,
        "20" : 0.000000,
        "50" : 0.000000,
        "100" : 0.000000,
        "250" : 0.000000,
        "500" : 0.000000,
        "750" : 0.000000,
        "1000" : 0.000000,
        "2000" : 0.000000,
        ">=2000" : 0.000000
      },
      "latency_depth" : 8,
      "latency_target" : 0,
      "latency_percentile" : 100.000000,
      "latency_window" : 0
    }
  ],
  "disk_util" : [
    {
      "name" : "nvme3n1",
      "read_ios" : 48,
      "write_ios" : 631138,
      "read_sectors" : 2088,
      "write_sectors" : 20196416,
      "read_merges" : 0,
      "write_merges" : 0,
      "read_ticks" : 1,
      "write_ticks" : 37911,
      "in_queue" : 37912,
      "util" : 98.199280
    }
  ]
}
