{
  "fio version" : "fio-3.36",
  "timestamp" : 1781330096,
  "timestamp_ms" : 1781330096728,
  "time" : "Sat Jun 13 05:54:56 2026",
  "jobs" : [
    {
      "jobname" : "sequentialwrite_16k_1",
      "groupid" : 0,
      "job_start" : 1781330091718,
      "error" : 0,
      "eta" : 0,
      "elapsed" : 6,
      "job options" : {
        "name" : "sequentialwrite_16k_1",
        "filename" : "/dev/nvme3n1",
        "ioengine" : "io_uring",
        "direct" : "1",
        "rw" : "write",
        "bs" : "16k",
        "iodepth" : "1",
        "size" : "3G",
        "runtime" : "5"
      },
      "read" : {
        "io_bytes" : 0,
        "io_kbytes" : 0,
        "bw_bytes" : 0,
        "bw" : 0,
        "iops" : 0.000000,
        "runtime" : 0,
        "total_ios" : 0,
        "short_ios" : 0,
        "drop_ios" : 0,
        "slat_ns" : {
          "min" : 0,
          "max" : 0,
          "mean" : 0.000000,
          "stddev" : 0.000000,
          "N" : 0
        },
        "clat_ns" : {
          "min" : 0,
          "max" : 0,
          "mean" : 0.000000,
          "stddev" : 0.000000,
          "N" : 0
        },
        "lat_ns" : {
          "min" : 0,
          "max" : 0,
          "mean" : 0.000000,
          "stddev" : 0.000000,
          "N" : 0
        },
        "bw_min" : 0,
        "bw_max" : 0,
        "bw_agg" : 0.000000,
        "bw_mean" : 0.000000,
        "bw_dev" : 0.000000,
        "bw_samples" : 0,
        "iops_min" : 0,
        "iops_max" : 0,
        "iops_mean" : 0.000000,
        "iops_stddev" : 0.000000,
        "iops_samples" : 0
      },
      "write" : {
        "io_bytes" : 1862008832,
        "io_kbytes" : 1818368,
        "bw_bytes" : 372327300,
        "bw" : 363600,
        "iops" : 22725.054989,
        "runtime" : 5001,
        "total_ios" : 113648,
        "short_ios" : 0,
        "drop_ios" : 0,
        "slat_ns" : {
          "min" : 1136,
          "max" : 67017,
          "mean" : 1660.056455,
          "stddev" : 525.657013,
          "N" : 113648
        },
        "clat_ns" : {
          "min" : 426,
          "max" : 1952009,
          "mean" : 42165.434922,
          "stddev" : 78950.546612,
          "N" : 113648,
          "percentile" : {
            "1.000000" : 12608,
            "5.000000" : 12608,
            "10.000000" : 12736,
            "20.000000" : 12736,
            "30.000000" : 12864,
            "40.000000" : 12864,
            "50.000000" : 12992,
            "60.000000" : 13120,
            "70.000000" : 13248,
            "80.000000" : 13888,
            "90.000000" : 236544,
            "95.000000" : 236544,
            "99.000000" : 244736,
            "99.500000" : 272384,
            "99.900000" : 643072,
            "99.950000" : 651264,
            "99.990000" : 831488
          }
        },
        "lat_ns" : {
          "min" : 13714,
          "max" : 1954483,
          "mean" : 43825.491377,
          "stddev" : 78929.038449,
          "N" : 113648
        },
        "bw_min" : 325056,
        "bw_max" : 370176,
        "bw_agg" : 99.955204,
        "bw_mean" : 363438.222222,
        "bw_dev" : 14619.746525,
        "bw_samples" : 9,
        "iops_min" : 20316,
        "iops_max" : 23136,
        "iops_mean" : 22714.888889,
        "iops_stddev" : 913.734158,
        "iops_samples" : 9
      },
      "trim" : {
        "io_bytes" : 0,
        "io_kbytes" : 0,
        "bw_bytes" : 0,
        "bw" : 0,
        "iops" : 0.000000,
        "runtime" : 0,
        "total_ios" : 0,
        "short_ios" : 0,
        "drop_ios" : 0,
        "slat_ns" : {
          "min" : 0,
          "max" : 0,
          "mean" : 0.000000,
          "stddev" : 0.000000,
          "N" : 0
        },
        "clat_ns" : {
          "min" : 0,
          "max" : 0,
          "mean" : 0.000000,
          "stddev" : 0.000000,
          "N" : 0
        },
        "lat_ns" : {
          "min" : 0,
          "max" : 0,
          "mean" : 0.000000,
          "stddev" : 0.000000,
          "N" : 0
        },
        "bw_min" : 0,
        "bw_max" : 0,
        "bw_agg" : 0.000000,
        "bw_mean" : 0.000000,
        "bw_dev" : 0.000000,
        "bw_samples" : 0,
        "iops_min" : 0,
        "iops_max" : 0,
        "iops_mean" : 0.000000,
        "iops_stddev" : 0.000000,
        "iops_samples" : 0
      },
      "sync" : {
        "total_ios" : 0,
        "lat_ns" : {
          "min" : 0,
          "max" : 0,
          "mean" : 0.000000,
          "stddev" : 0.000000,
          "N" : 0
        }
      },
      "job_runtime" : 5000,
      "usr_cpu" : 1.300000,
      "sys_cpu" : 6.400000,
      "ctx" : 113680,
      "majf" : 0,
      "minf" : 9,
      "iodepth_level" : {
        "1" : 100.000000,
        "2" : 0.000000,
        "4" : 0.000000,
        "8" : 0.000000,
        "16" : 0.000000,
        "32" : 0.000000,
        ">=64" : 0.000000
      },
      "iodepth_submit" : {
        "0" : 0.000000,
        "4" : 100.000000,
        "8" : 0.000000,
        "16" : 0.000000,
        "32" : 0.000000,
        "64" : 0.000000,
        ">=64" : 0.000000
      },
      "iodepth_complete" : {
        "0" : 0.000000,
        "4" : 100.000000,
        "8" : 0.000000,
        "16" : 0.000000,
        "32" : 0.000000,
        "64" : 0.000000,
        ">=64" : 0.000000
      },
      "latency_ns" : {
        "2" : 0.000000,
        "4" : 0.000000,
        "10" : 0.000000,
        "20" : 0.000000,
        "50" : 0.000000,
        "100" : 0.000000,
        "250" : 0.000000,
        "500" : 0.010000,
        "750" : 0.000000,
        "1000" : 0.010000
      },
      "latency_us" : {
        "2" : 0.000000,
        "4" : 0.010000,
        "10" : 0.012319,
        "20" : 87.238667,
        "50" : 0.131986,
        "100" : 0.109989,
        "250" : 11.877904,
        "500" : 0.478671,
        "750" : 0.128467,
        "1000" : 0.015838
      },
      "latency_ms" : {
        "2" : 0.010000,
        "4" : 0.000000,
        "10" : 0.000000,
        "20" : 0.000000,
        "50" : 0.000000,
        "100" : 0.000000,
        "250" : 0.000000,
        "500" : 0.000000,
        "750" : 0.000000,
        "1000" : 0.000000,
        "2000" : 0.000000,
        ">=2000" : 0.000000
      },
      "latency_depth" : 1,
      "latency_target" : 0,
      "latency_percentile" : 100.000000,
      "latency_window" : 0
    }
  ],
  "disk_util" : [
    {
      "name" : "nvme3n1",
      "read_ios" : 48,
      "write_ios" : 111370,
      "read_sectors" : 2088,
      "write_sectors" : 3563840,
      "read_merges" : 0,
      "write_merges" : 0,
      "read_ticks" : 2,
      "write_ticks" : 4617,
      "in_queue" : 4619,
      "util" : 98.158527
    }
  ]
}
