{
  "fio version" : "fio-3.42-31-g6a66",
  "timestamp" : 1781280773,
  "timestamp_ms" : 1781280773480,
  "time" : "Fri Jun 12 16:12:53 2026",
  "jobs" : [
    {
      "jobname" : "sequentialwrite_16k_32",
      "groupid" : 0,
      "job_start" : 1781280768332,
      "error" : 0,
      "eta" : 0,
      "elapsed" : 6,
      "job options" : {
        "name" : "sequentialwrite_16k_32",
        "filename" : "/dev/nvme2n1",
        "ioengine" : "io_uring",
        "direct" : "1",
        "group_reporting" : "",
        "rw" : "write",
        "bs" : "16k",
        "iodepth" : "32",
        "size" : "3G",
        "time_based" : "",
        "runtime" : "5"
      },
      "read" : {
        "io_bytes" : 0,
        "io_kbytes" : 0,
        "bw_bytes" : 0,
        "bw" : 0,
        "iops" : 0.000000,
        "runtime" : 0,
        "total_ios" : 0,
        "short_ios" : 0,
        "drop_ios" : 0,
        "slat_ns" : {
          "min" : 0,
          "max" : 0,
          "mean" : 0.000000,
          "stddev" : 0.000000,
          "N" : 0
        },
        "clat_ns" : {
          "min" : 0,
          "max" : 0,
          "mean" : 0.000000,
          "stddev" : 0.000000,
          "N" : 0
        },
        "lat_ns" : {
          "min" : 0,
          "max" : 0,
          "mean" : 0.000000,
          "stddev" : 0.000000,
          "N" : 0
        },
        "bw_min" : 0,
        "bw_max" : 0,
        "bw_agg" : 0.000000,
        "bw_mean" : 0.000000,
        "bw_dev" : 0.000000,
        "bw_samples" : 0,
        "iops_min" : 0,
        "iops_max" : 0,
        "iops_mean" : 0.000000,
        "iops_stddev" : 0.000000,
        "iops_samples" : 0
      },
      "write" : {
        "io_bytes" : 10472898560,
        "io_kbytes" : 10227440,
        "bw_bytes" : 2093323717,
        "bw" : 2044261,
        "iops" : 127766.340196,
        "runtime" : 5003,
        "total_ios" : 639215,
        "short_ios" : 0,
        "drop_ios" : 0,
        "slat_ns" : {
          "min" : 766,
          "max" : 601583,
          "mean" : 1124.756714,
          "stddev" : 919.636015,
          "N" : 639215
        },
        "clat_ns" : {
          "min" : 5198,
          "max" : 13865382,
          "mean" : 249119.508499,
          "stddev" : 715085.784698,
          "N" : 639215,
          "percentile" : {
            "1.000000" : 13632,
            "5.000000" : 15040,
            "10.000000" : 16064,
            "20.000000" : 17024,
            "30.000000" : 17536,
            "40.000000" : 18304,
            "50.000000" : 18816,
            "60.000000" : 19840,
            "70.000000" : 21120,
            "80.000000" : 23936,
            "90.000000" : 1630208,
            "95.000000" : 1744896,
            "99.000000" : 2007040,
            "99.500000" : 2211840,
            "99.900000" : 8847360,
            "99.950000" : 12255232,
            "99.990000" : 13828096
          }
        },
        "lat_ns" : {
          "min" : 12258,
          "max" : 13866300,
          "mean" : 250244.265213,
          "stddev" : 715082.237652,
          "N" : 639215
        },
        "bw_min" : 1895840,
        "bw_max" : 2201728,
        "bw_agg" : 100.000000,
        "bw_mean" : 2045488.000000,
        "bw_dev" : 132301.072729,
        "bw_samples" : 10,
        "iops_min" : 118490,
        "iops_max" : 137608,
        "iops_mean" : 127843.000000,
        "iops_stddev" : 8268.817046,
        "iops_samples" : 10
      },
      "trim" : {
        "io_bytes" : 0,
        "io_kbytes" : 0,
        "bw_bytes" : 0,
        "bw" : 0,
        "iops" : 0.000000,
        "runtime" : 0,
        "total_ios" : 0,
        "short_ios" : 0,
        "drop_ios" : 0,
        "slat_ns" : {
          "min" : 0,
          "max" : 0,
          "mean" : 0.000000,
          "stddev" : 0.000000,
          "N" : 0
        },
        "clat_ns" : {
          "min" : 0,
          "max" : 0,
          "mean" : 0.000000,
          "stddev" : 0.000000,
          "N" : 0
        },
        "lat_ns" : {
          "min" : 0,
          "max" : 0,
          "mean" : 0.000000,
          "stddev" : 0.000000,
          "N" : 0
        },
        "bw_min" : 0,
        "bw_max" : 0,
        "bw_agg" : 0.000000,
        "bw_mean" : 0.000000,
        "bw_dev" : 0.000000,
        "bw_samples" : 0,
        "iops_min" : 0,
        "iops_max" : 0,
        "iops_mean" : 0.000000,
        "iops_stddev" : 0.000000,
        "iops_samples" : 0
      },
      "sync" : {
        "total_ios" : 0,
        "lat_ns" : {
          "min" : 0,
          "max" : 0,
          "mean" : 0.000000,
          "stddev" : 0.000000,
          "N" : 0
        }
      },
      "job_runtime" : 5002,
      "usr_cpu" : 7.177129,
      "sys_cpu" : 22.231108,
      "ctx" : 408804,
      "majf" : 0,
      "minf" : 8,
      "iodepth_level" : {
        "1" : 0.100000,
        "2" : 0.100000,
        "4" : 0.100000,
        "8" : 0.100000,
        "16" : 0.100000,
        "32" : 99.995150,
        ">=64" : 0.000000
      },
      "iodepth_submit" : {
        "0" : 0.000000,
        "4" : 100.000000,
        "8" : 0.000000,
        "16" : 0.000000,
        "32" : 0.000000,
        "64" : 0.000000,
        ">=64" : 0.000000
      },
      "iodepth_complete" : {
        "0" : 0.000000,
        "4" : 99.999844,
        "8" : 0.000000,
        "16" : 0.000000,
        "32" : 0.100000,
        "64" : 0.000000,
        ">=64" : 0.000000
      },
      "latency_ns" : {
        "2" : 0.000000,
        "4" : 0.000000,
        "10" : 0.000000,
        "20" : 0.000000,
        "50" : 0.000000,
        "100" : 0.000000,
        "250" : 0.000000,
        "500" : 0.000000,
        "750" : 0.000000,
        "1000" : 0.000000
      },
      "latency_us" : {
        "2" : 0.000000,
        "4" : 0.000000,
        "10" : 0.010000,
        "20" : 61.817542,
        "50" : 25.375343,
        "100" : 0.188512,
        "250" : 0.099028,
        "500" : 0.010000,
        "750" : 0.013610,
        "1000" : 0.082914
      },
      "latency_ms" : {
        "2" : 11.415877,
        "4" : 0.768443,
        "10" : 0.157693,
        "20" : 0.075718,
        "50" : 0.000000,
        "100" : 0.000000,
        "250" : 0.000000,
        "500" : 0.000000,
        "750" : 0.000000,
        "1000" : 0.000000,
        "2000" : 0.000000,
        ">=2000" : 0.000000
      },
      "latency_depth" : 32,
      "latency_target" : 0,
      "latency_target_ns" : 0,
      "latency_percentile" : 100.000000,
      "latency_window" : 0,
      "latency_window_us" : 0
    }
  ],
  "disk_util" : [
    {
      "name" : "nvme2n1",
      "read_ios" : 48,
      "write_ios" : 628685,
      "read_sectors" : 2088,
      "write_sectors" : 20117920,
      "read_merges" : 0,
      "write_merges" : 0,
      "read_ticks" : 2,
      "write_ticks" : 155088,
      "in_queue" : 155090,
      "util" : 98.158527
    }
  ]
}
