{
  "fio version" : "fio-3.36",
  "timestamp" : 1781330133,
  "timestamp_ms" : 1781330133572,
  "time" : "Sat Jun 13 05:55:33 2026",
  "jobs" : [
    {
      "jobname" : "sequentialwrite_16k_128",
      "groupid" : 0,
      "job_start" : 1781330128553,
      "error" : 0,
      "eta" : 0,
      "elapsed" : 6,
      "job options" : {
        "name" : "sequentialwrite_16k_128",
        "filename" : "/dev/nvme3n1",
        "ioengine" : "io_uring",
        "direct" : "1",
        "rw" : "write",
        "bs" : "16k",
        "iodepth" : "128",
        "size" : "3G",
        "runtime" : "5"
      },
      "read" : {
        "io_bytes" : 0,
        "io_kbytes" : 0,
        "bw_bytes" : 0,
        "bw" : 0,
        "iops" : 0.000000,
        "runtime" : 0,
        "total_ios" : 0,
        "short_ios" : 0,
        "drop_ios" : 0,
        "slat_ns" : {
          "min" : 0,
          "max" : 0,
          "mean" : 0.000000,
          "stddev" : 0.000000,
          "N" : 0
        },
        "clat_ns" : {
          "min" : 0,
          "max" : 0,
          "mean" : 0.000000,
          "stddev" : 0.000000,
          "N" : 0
        },
        "lat_ns" : {
          "min" : 0,
          "max" : 0,
          "mean" : 0.000000,
          "stddev" : 0.000000,
          "N" : 0
        },
        "bw_min" : 0,
        "bw_max" : 0,
        "bw_agg" : 0.000000,
        "bw_mean" : 0.000000,
        "bw_dev" : 0.000000,
        "bw_samples" : 0,
        "iops_min" : 0,
        "iops_max" : 0,
        "iops_mean" : 0.000000,
        "iops_stddev" : 0.000000,
        "iops_samples" : 0
      },
      "write" : {
        "io_bytes" : 11062050816,
        "io_kbytes" : 10802784,
        "bw_bytes" : 2208875961,
        "bw" : 2157105,
        "iops" : 134819.089457,
        "runtime" : 5008,
        "total_ios" : 675174,
        "short_ios" : 0,
        "drop_ios" : 0,
        "slat_ns" : {
          "min" : 923,
          "max" : 209205,
          "mean" : 1402.705212,
          "stddev" : 463.137172,
          "N" : 675174
        },
        "clat_ns" : {
          "min" : 5915,
          "max" : 25253908,
          "mean" : 947720.111589,
          "stddev" : 2460489.860909,
          "N" : 675174,
          "percentile" : {
            "1.000000" : 22144,
            "5.000000" : 23680,
            "10.000000" : 24448,
            "20.000000" : 25472,
            "30.000000" : 26240,
            "40.000000" : 26752,
            "50.000000" : 27520,
            "60.000000" : 28032,
            "70.000000" : 29056,
            "80.000000" : 31360,
            "90.000000" : 7110656,
            "95.000000" : 7241728,
            "99.000000" : 7634944,
            "99.500000" : 7831552,
            "99.900000" : 12779520,
            "99.950000" : 16056320,
            "99.990000" : 24248320
          }
        },
        "lat_ns" : {
          "min" : 19512,
          "max" : 25255661,
          "mean" : 949122.816801,
          "stddev" : 2460489.642510,
          "N" : 675174
        },
        "bw_min" : 2082560,
        "bw_max" : 2201888,
        "bw_agg" : 100.000000,
        "bw_mean" : 2160150.400000,
        "bw_dev" : 42759.379403,
        "bw_samples" : 10,
        "iops_min" : 130160,
        "iops_max" : 137618,
        "iops_mean" : 135009.400000,
        "iops_stddev" : 2672.461213,
        "iops_samples" : 10
      },
      "trim" : {
        "io_bytes" : 0,
        "io_kbytes" : 0,
        "bw_bytes" : 0,
        "bw" : 0,
        "iops" : 0.000000,
        "runtime" : 0,
        "total_ios" : 0,
        "short_ios" : 0,
        "drop_ios" : 0,
        "slat_ns" : {
          "min" : 0,
          "max" : 0,
          "mean" : 0.000000,
          "stddev" : 0.000000,
          "N" : 0
        },
        "clat_ns" : {
          "min" : 0,
          "max" : 0,
          "mean" : 0.000000,
          "stddev" : 0.000000,
          "N" : 0
        },
        "lat_ns" : {
          "min" : 0,
          "max" : 0,
          "mean" : 0.000000,
          "stddev" : 0.000000,
          "N" : 0
        },
        "bw_min" : 0,
        "bw_max" : 0,
        "bw_agg" : 0.000000,
        "bw_mean" : 0.000000,
        "bw_dev" : 0.000000,
        "bw_samples" : 0,
        "iops_min" : 0,
        "iops_max" : 0,
        "iops_mean" : 0.000000,
        "iops_stddev" : 0.000000,
        "iops_samples" : 0
      },
      "sync" : {
        "total_ios" : 0,
        "lat_ns" : {
          "min" : 0,
          "max" : 0,
          "mean" : 0.000000,
          "stddev" : 0.000000,
          "N" : 0
        }
      },
      "job_runtime" : 5007,
      "usr_cpu" : 4.813261,
      "sys_cpu" : 25.763930,
      "ctx" : 453838,
      "majf" : 0,
      "minf" : 10,
      "iodepth_level" : {
        "1" : 0.100000,
        "2" : 0.100000,
        "4" : 0.100000,
        "8" : 0.100000,
        "16" : 0.100000,
        "32" : 0.100000,
        ">=64" : 99.990669
      },
      "iodepth_submit" : {
        "0" : 0.000000,
        "4" : 100.000000,
        "8" : 0.000000,
        "16" : 0.000000,
        "32" : 0.000000,
        "64" : 0.000000,
        ">=64" : 0.000000
      },
      "iodepth_complete" : {
        "0" : 0.000000,
        "4" : 99.999852,
        "8" : 0.000000,
        "16" : 0.000000,
        "32" : 0.000000,
        "64" : 0.000000,
        ">=64" : 0.100000
      },
      "latency_ns" : {
        "2" : 0.000000,
        "4" : 0.000000,
        "10" : 0.000000,
        "20" : 0.000000,
        "50" : 0.000000,
        "100" : 0.000000,
        "250" : 0.000000,
        "500" : 0.000000,
        "750" : 0.000000,
        "1000" : 0.000000
      },
      "latency_us" : {
        "2" : 0.000000,
        "4" : 0.000000,
        "10" : 0.010000,
        "20" : 0.251935,
        "50" : 86.283388,
        "100" : 0.282298,
        "250" : 0.454994,
        "500" : 0.154034,
        "750" : 0.051987,
        "1000" : 0.010000
      },
      "latency_ms" : {
        "2" : 0.018218,
        "4" : 0.022661,
        "10" : 12.137019,
        "20" : 0.324361,
        "50" : 0.014515,
        "100" : 0.000000,
        "250" : 0.000000,
        "500" : 0.000000,
        "750" : 0.000000,
        "1000" : 0.000000,
        "2000" : 0.000000,
        ">=2000" : 0.000000
      },
      "latency_depth" : 128,
      "latency_target" : 0,
      "latency_percentile" : 100.000000,
      "latency_window" : 0
    }
  ],
  "disk_util" : [
    {
      "name" : "nvme3n1",
      "read_ios" : 48,
      "write_ios" : 660967,
      "read_sectors" : 2088,
      "write_sectors" : 21150944,
      "read_merges" : 0,
      "write_merges" : 0,
      "read_ticks" : 1,
      "write_ticks" : 624381,
      "in_queue" : 624383,
      "util" : 98.218931
    }
  ]
}
