{
  "fio version" : "fio-3.42-31-g6a66",
  "timestamp" : 1781280778,
  "timestamp_ms" : 1781280778866,
  "time" : "Fri Jun 12 16:12:58 2026",
  "jobs" : [
    {
      "jobname" : "sequentialwrite_16k_64",
      "groupid" : 0,
      "job_start" : 1781280773718,
      "error" : 0,
      "eta" : 0,
      "elapsed" : 6,
      "job options" : {
        "name" : "sequentialwrite_16k_64",
        "filename" : "/dev/nvme2n1",
        "ioengine" : "io_uring",
        "direct" : "1",
        "group_reporting" : "",
        "rw" : "write",
        "bs" : "16k",
        "iodepth" : "64",
        "size" : "3G",
        "time_based" : "",
        "runtime" : "5"
      },
      "read" : {
        "io_bytes" : 0,
        "io_kbytes" : 0,
        "bw_bytes" : 0,
        "bw" : 0,
        "iops" : 0.000000,
        "runtime" : 0,
        "total_ios" : 0,
        "short_ios" : 0,
        "drop_ios" : 0,
        "slat_ns" : {
          "min" : 0,
          "max" : 0,
          "mean" : 0.000000,
          "stddev" : 0.000000,
          "N" : 0
        },
        "clat_ns" : {
          "min" : 0,
          "max" : 0,
          "mean" : 0.000000,
          "stddev" : 0.000000,
          "N" : 0
        },
        "lat_ns" : {
          "min" : 0,
          "max" : 0,
          "mean" : 0.000000,
          "stddev" : 0.000000,
          "N" : 0
        },
        "bw_min" : 0,
        "bw_max" : 0,
        "bw_agg" : 0.000000,
        "bw_mean" : 0.000000,
        "bw_dev" : 0.000000,
        "bw_samples" : 0,
        "iops_min" : 0,
        "iops_max" : 0,
        "iops_mean" : 0.000000,
        "iops_stddev" : 0.000000,
        "iops_samples" : 0
      },
      "write" : {
        "io_bytes" : 10541498368,
        "io_kbytes" : 10294432,
        "bw_bytes" : 2104091490,
        "bw" : 2054776,
        "iops" : 128423.552894,
        "runtime" : 5010,
        "total_ios" : 643402,
        "short_ios" : 0,
        "drop_ios" : 0,
        "slat_ns" : {
          "min" : 766,
          "max" : 79283,
          "mean" : 1060.828477,
          "stddev" : 568.026694,
          "N" : 643402
        },
        "clat_ns" : {
          "min" : 4700,
          "max" : 27688704,
          "mean" : 497117.971152,
          "stddev" : 1399771.277607,
          "N" : 643402,
          "percentile" : {
            "1.000000" : 13376,
            "5.000000" : 14528,
            "10.000000" : 15168,
            "20.000000" : 16512,
            "30.000000" : 18048,
            "40.000000" : 20096,
            "50.000000" : 21632,
            "60.000000" : 22656,
            "70.000000" : 24448,
            "80.000000" : 27264,
            "90.000000" : 3489792,
            "95.000000" : 3588096,
            "99.000000" : 3751936,
            "99.500000" : 4079616,
            "99.900000" : 14483456,
            "99.950000" : 18743296,
            "99.990000" : 23461888
          }
        },
        "lat_ns" : {
          "min" : 12218,
          "max" : 27689718,
          "mean" : 498178.799629,
          "stddev" : 1399770.123690,
          "N" : 643402
        },
        "bw_min" : 1845888,
        "bw_max" : 2202208,
        "bw_agg" : 100.000000,
        "bw_mean" : 2058684.800000,
        "bw_dev" : 131735.843604,
        "bw_samples" : 10,
        "iops_min" : 115368,
        "iops_max" : 137638,
        "iops_mean" : 128667.800000,
        "iops_stddev" : 8233.490225,
        "iops_samples" : 10
      },
      "trim" : {
        "io_bytes" : 0,
        "io_kbytes" : 0,
        "bw_bytes" : 0,
        "bw" : 0,
        "iops" : 0.000000,
        "runtime" : 0,
        "total_ios" : 0,
        "short_ios" : 0,
        "drop_ios" : 0,
        "slat_ns" : {
          "min" : 0,
          "max" : 0,
          "mean" : 0.000000,
          "stddev" : 0.000000,
          "N" : 0
        },
        "clat_ns" : {
          "min" : 0,
          "max" : 0,
          "mean" : 0.000000,
          "stddev" : 0.000000,
          "N" : 0
        },
        "lat_ns" : {
          "min" : 0,
          "max" : 0,
          "mean" : 0.000000,
          "stddev" : 0.000000,
          "N" : 0
        },
        "bw_min" : 0,
        "bw_max" : 0,
        "bw_agg" : 0.000000,
        "bw_mean" : 0.000000,
        "bw_dev" : 0.000000,
        "bw_samples" : 0,
        "iops_min" : 0,
        "iops_max" : 0,
        "iops_mean" : 0.000000,
        "iops_stddev" : 0.000000,
        "iops_samples" : 0
      },
      "sync" : {
        "total_ios" : 0,
        "lat_ns" : {
          "min" : 0,
          "max" : 0,
          "mean" : 0.000000,
          "stddev" : 0.000000,
          "N" : 0
        }
      },
      "job_runtime" : 5009,
      "usr_cpu" : 6.927530,
      "sys_cpu" : 21.820723,
      "ctx" : 358944,
      "majf" : 0,
      "minf" : 9,
      "iodepth_level" : {
        "1" : 0.100000,
        "2" : 0.100000,
        "4" : 0.100000,
        "8" : 0.100000,
        "16" : 0.100000,
        "32" : 0.100000,
        ">=64" : 99.990208
      },
      "iodepth_submit" : {
        "0" : 0.000000,
        "4" : 100.000000,
        "8" : 0.000000,
        "16" : 0.000000,
        "32" : 0.000000,
        "64" : 0.000000,
        ">=64" : 0.000000
      },
      "iodepth_complete" : {
        "0" : 0.000000,
        "4" : 99.999845,
        "8" : 0.000000,
        "16" : 0.000000,
        "32" : 0.000000,
        "64" : 0.100000,
        ">=64" : 0.000000
      },
      "latency_ns" : {
        "2" : 0.000000,
        "4" : 0.000000,
        "10" : 0.000000,
        "20" : 0.000000,
        "50" : 0.000000,
        "100" : 0.000000,
        "250" : 0.000000,
        "500" : 0.000000,
        "750" : 0.000000,
        "1000" : 0.000000
      },
      "latency_us" : {
        "2" : 0.000000,
        "4" : 0.000000,
        "10" : 0.010000,
        "20" : 39.118156,
        "50" : 47.858571,
        "100" : 0.152315,
        "250" : 0.332918,
        "500" : 0.019894,
        "750" : 0.010000,
        "1000" : 0.010000
      },
      "latency_ms" : {
        "2" : 0.030774,
        "4" : 11.905154,
        "10" : 0.339290,
        "20" : 0.193036,
        "50" : 0.040566,
        "100" : 0.000000,
        "250" : 0.000000,
        "500" : 0.000000,
        "750" : 0.000000,
        "1000" : 0.000000,
        "2000" : 0.000000,
        ">=2000" : 0.000000
      },
      "latency_depth" : 64,
      "latency_target" : 0,
      "latency_target_ns" : 0,
      "latency_percentile" : 100.000000,
      "latency_window" : 0,
      "latency_window_us" : 0
    }
  ],
  "disk_util" : [
    {
      "name" : "nvme2n1",
      "read_ios" : 48,
      "write_ios" : 631507,
      "read_sectors" : 2088,
      "write_sectors" : 20208224,
      "read_merges" : 0,
      "write_merges" : 0,
      "read_ticks" : 2,
      "write_ticks" : 311508,
      "in_queue" : 311509,
      "util" : 98.158527
    }
  ]
}
