{
  "fio version" : "fio-3.36",
  "timestamp" : 1781330123,
  "timestamp_ms" : 1781330123045,
  "time" : "Sat Jun 13 05:55:23 2026",
  "jobs" : [
    {
      "jobname" : "sequentialwrite_16k_32",
      "groupid" : 0,
      "job_start" : 1781330118026,
      "error" : 0,
      "eta" : 0,
      "elapsed" : 6,
      "job options" : {
        "name" : "sequentialwrite_16k_32",
        "filename" : "/dev/nvme3n1",
        "ioengine" : "io_uring",
        "direct" : "1",
        "rw" : "write",
        "bs" : "16k",
        "iodepth" : "32",
        "size" : "3G",
        "runtime" : "5"
      },
      "read" : {
        "io_bytes" : 0,
        "io_kbytes" : 0,
        "bw_bytes" : 0,
        "bw" : 0,
        "iops" : 0.000000,
        "runtime" : 0,
        "total_ios" : 0,
        "short_ios" : 0,
        "drop_ios" : 0,
        "slat_ns" : {
          "min" : 0,
          "max" : 0,
          "mean" : 0.000000,
          "stddev" : 0.000000,
          "N" : 0
        },
        "clat_ns" : {
          "min" : 0,
          "max" : 0,
          "mean" : 0.000000,
          "stddev" : 0.000000,
          "N" : 0
        },
        "lat_ns" : {
          "min" : 0,
          "max" : 0,
          "mean" : 0.000000,
          "stddev" : 0.000000,
          "N" : 0
        },
        "bw_min" : 0,
        "bw_max" : 0,
        "bw_agg" : 0.000000,
        "bw_mean" : 0.000000,
        "bw_dev" : 0.000000,
        "bw_samples" : 0,
        "iops_min" : 0,
        "iops_max" : 0,
        "iops_mean" : 0.000000,
        "iops_stddev" : 0.000000,
        "iops_samples" : 0
      },
      "write" : {
        "io_bytes" : 10703273984,
        "io_kbytes" : 10452416,
        "bw_bytes" : 2138516280,
        "bw" : 2088394,
        "iops" : 130524.675325,
        "runtime" : 5005,
        "total_ios" : 653276,
        "short_ios" : 0,
        "drop_ios" : 0,
        "slat_ns" : {
          "min" : 948,
          "max" : 243905,
          "mean" : 1496.108836,
          "stddev" : 507.259360,
          "N" : 653276
        },
        "clat_ns" : {
          "min" : 2186,
          "max" : 14049325,
          "mean" : 243523.177568,
          "stddev" : 673165.151815,
          "N" : 653276,
          "percentile" : {
            "1.000000" : 13632,
            "5.000000" : 14016,
            "10.000000" : 14272,
            "20.000000" : 14528,
            "30.000000" : 14912,
            "40.000000" : 15168,
            "50.000000" : 15424,
            "60.000000" : 15936,
            "70.000000" : 16512,
            "80.000000" : 18560,
            "90.000000" : 1515520,
            "95.000000" : 1794048,
            "99.000000" : 2056192,
            "99.500000" : 2146304,
            "99.900000" : 6258688,
            "99.950000" : 9502720,
            "99.990000" : 13828096
          }
        },
        "lat_ns" : {
          "min" : 14250,
          "max" : 14050657,
          "mean" : 245019.286404,
          "stddev" : 673161.206768,
          "N" : 653276
        },
        "bw_min" : 1992704,
        "bw_max" : 2197792,
        "bw_agg" : 100.000000,
        "bw_mean" : 2090384.000000,
        "bw_dev" : 82270.640207,
        "bw_samples" : 10,
        "iops_min" : 124544,
        "iops_max" : 137362,
        "iops_mean" : 130649.000000,
        "iops_stddev" : 5141.915013,
        "iops_samples" : 10
      },
      "trim" : {
        "io_bytes" : 0,
        "io_kbytes" : 0,
        "bw_bytes" : 0,
        "bw" : 0,
        "iops" : 0.000000,
        "runtime" : 0,
        "total_ios" : 0,
        "short_ios" : 0,
        "drop_ios" : 0,
        "slat_ns" : {
          "min" : 0,
          "max" : 0,
          "mean" : 0.000000,
          "stddev" : 0.000000,
          "N" : 0
        },
        "clat_ns" : {
          "min" : 0,
          "max" : 0,
          "mean" : 0.000000,
          "stddev" : 0.000000,
          "N" : 0
        },
        "lat_ns" : {
          "min" : 0,
          "max" : 0,
          "mean" : 0.000000,
          "stddev" : 0.000000,
          "N" : 0
        },
        "bw_min" : 0,
        "bw_max" : 0,
        "bw_agg" : 0.000000,
        "bw_mean" : 0.000000,
        "bw_dev" : 0.000000,
        "bw_samples" : 0,
        "iops_min" : 0,
        "iops_max" : 0,
        "iops_mean" : 0.000000,
        "iops_stddev" : 0.000000,
        "iops_samples" : 0
      },
      "sync" : {
        "total_ios" : 0,
        "lat_ns" : {
          "min" : 0,
          "max" : 0,
          "mean" : 0.000000,
          "stddev" : 0.000000,
          "N" : 0
        }
      },
      "job_runtime" : 5004,
      "usr_cpu" : 5.375699,
      "sys_cpu" : 28.277378,
      "ctx" : 557445,
      "majf" : 0,
      "minf" : 11,
      "iodepth_level" : {
        "1" : 0.100000,
        "2" : 0.100000,
        "4" : 0.100000,
        "8" : 0.100000,
        "16" : 0.100000,
        "32" : 99.995255,
        ">=64" : 0.000000
      },
      "iodepth_submit" : {
        "0" : 0.000000,
        "4" : 100.000000,
        "8" : 0.000000,
        "16" : 0.000000,
        "32" : 0.000000,
        "64" : 0.000000,
        ">=64" : 0.000000
      },
      "iodepth_complete" : {
        "0" : 0.000000,
        "4" : 99.999847,
        "8" : 0.000000,
        "16" : 0.000000,
        "32" : 0.100000,
        "64" : 0.000000,
        ">=64" : 0.000000
      },
      "latency_ns" : {
        "2" : 0.000000,
        "4" : 0.000000,
        "10" : 0.000000,
        "20" : 0.000000,
        "50" : 0.000000,
        "100" : 0.000000,
        "250" : 0.000000,
        "500" : 0.000000,
        "750" : 0.000000,
        "1000" : 0.000000
      },
      "latency_us" : {
        "2" : 0.000000,
        "4" : 0.010000,
        "10" : 0.010000,
        "20" : 84.242342,
        "50" : 2.784581,
        "100" : 0.306302,
        "250" : 0.138379,
        "500" : 0.010000,
        "750" : 0.015920,
        "1000" : 0.021430
      },
      "latency_ms" : {
        "2" : 10.653843,
        "4" : 1.631623,
        "10" : 0.148482,
        "20" : 0.045769,
        "50" : 0.000000,
        "100" : 0.000000,
        "250" : 0.000000,
        "500" : 0.000000,
        "750" : 0.000000,
        "1000" : 0.000000,
        "2000" : 0.000000,
        ">=2000" : 0.000000
      },
      "latency_depth" : 32,
      "latency_target" : 0,
      "latency_percentile" : 100.000000,
      "latency_window" : 0
    }
  ],
  "disk_util" : [
    {
      "name" : "nvme3n1",
      "read_ios" : 48,
      "write_ios" : 641112,
      "read_sectors" : 2088,
      "write_sectors" : 20515584,
      "read_merges" : 0,
      "write_merges" : 0,
      "read_ticks" : 2,
      "write_ticks" : 155390,
      "in_queue" : 155392,
      "util" : 98.119248
    }
  ]
}
