{
  "fio version" : "fio-3.36",
  "timestamp" : 1781330128,
  "timestamp_ms" : 1781330128308,
  "time" : "Sat Jun 13 05:55:28 2026",
  "jobs" : [
    {
      "jobname" : "sequentialwrite_16k_64",
      "groupid" : 0,
      "job_start" : 1781330123290,
      "error" : 0,
      "eta" : 0,
      "elapsed" : 6,
      "job options" : {
        "name" : "sequentialwrite_16k_64",
        "filename" : "/dev/nvme3n1",
        "ioengine" : "io_uring",
        "direct" : "1",
        "rw" : "write",
        "bs" : "16k",
        "iodepth" : "64",
        "size" : "3G",
        "runtime" : "5"
      },
      "read" : {
        "io_bytes" : 0,
        "io_kbytes" : 0,
        "bw_bytes" : 0,
        "bw" : 0,
        "iops" : 0.000000,
        "runtime" : 0,
        "total_ios" : 0,
        "short_ios" : 0,
        "drop_ios" : 0,
        "slat_ns" : {
          "min" : 0,
          "max" : 0,
          "mean" : 0.000000,
          "stddev" : 0.000000,
          "N" : 0
        },
        "clat_ns" : {
          "min" : 0,
          "max" : 0,
          "mean" : 0.000000,
          "stddev" : 0.000000,
          "N" : 0
        },
        "lat_ns" : {
          "min" : 0,
          "max" : 0,
          "mean" : 0.000000,
          "stddev" : 0.000000,
          "N" : 0
        },
        "bw_min" : 0,
        "bw_max" : 0,
        "bw_agg" : 0.000000,
        "bw_mean" : 0.000000,
        "bw_dev" : 0.000000,
        "bw_samples" : 0,
        "iops_min" : 0,
        "iops_max" : 0,
        "iops_mean" : 0.000000,
        "iops_stddev" : 0.000000,
        "iops_samples" : 0
      },
      "write" : {
        "io_bytes" : 10861559808,
        "io_kbytes" : 10606992,
        "bw_bytes" : 2170575501,
        "bw" : 2119702,
        "iops" : 132481.414868,
        "runtime" : 5004,
        "total_ios" : 662937,
        "short_ios" : 0,
        "drop_ios" : 0,
        "slat_ns" : {
          "min" : 946,
          "max" : 60301,
          "mean" : 1445.514501,
          "stddev" : 193.853116,
          "N" : 662937
        },
        "clat_ns" : {
          "min" : 6500,
          "max" : 21662764,
          "mean" : 481478.977618,
          "stddev" : 1283991.684193,
          "N" : 662937,
          "percentile" : {
            "1.000000" : 15168,
            "5.000000" : 15680,
            "10.000000" : 16064,
            "20.000000" : 16768,
            "30.000000" : 17024,
            "40.000000" : 17536,
            "50.000000" : 18048,
            "60.000000" : 18560,
            "70.000000" : 19072,
            "80.000000" : 20864,
            "90.000000" : 3293184,
            "95.000000" : 3751936,
            "99.000000" : 4014080,
            "99.500000" : 4079616,
            "99.900000" : 7897088,
            "99.950000" : 13697024,
            "99.990000" : 19529728
          }
        },
        "lat_ns" : {
          "min" : 15536,
          "max" : 21664059,
          "mean" : 482924.492119,
          "stddev" : 1283992.041367,
          "N" : 662937
        },
        "bw_min" : 2038400,
        "bw_max" : 2201504,
        "bw_agg" : 100.000000,
        "bw_mean" : 2121196.800000,
        "bw_dev" : 63207.311780,
        "bw_samples" : 10,
        "iops_min" : 127400,
        "iops_max" : 137594,
        "iops_mean" : 132574.800000,
        "iops_stddev" : 3950.456986,
        "iops_samples" : 10
      },
      "trim" : {
        "io_bytes" : 0,
        "io_kbytes" : 0,
        "bw_bytes" : 0,
        "bw" : 0,
        "iops" : 0.000000,
        "runtime" : 0,
        "total_ios" : 0,
        "short_ios" : 0,
        "drop_ios" : 0,
        "slat_ns" : {
          "min" : 0,
          "max" : 0,
          "mean" : 0.000000,
          "stddev" : 0.000000,
          "N" : 0
        },
        "clat_ns" : {
          "min" : 0,
          "max" : 0,
          "mean" : 0.000000,
          "stddev" : 0.000000,
          "N" : 0
        },
        "lat_ns" : {
          "min" : 0,
          "max" : 0,
          "mean" : 0.000000,
          "stddev" : 0.000000,
          "N" : 0
        },
        "bw_min" : 0,
        "bw_max" : 0,
        "bw_agg" : 0.000000,
        "bw_mean" : 0.000000,
        "bw_dev" : 0.000000,
        "bw_samples" : 0,
        "iops_min" : 0,
        "iops_max" : 0,
        "iops_mean" : 0.000000,
        "iops_stddev" : 0.000000,
        "iops_samples" : 0
      },
      "sync" : {
        "total_ios" : 0,
        "lat_ns" : {
          "min" : 0,
          "max" : 0,
          "mean" : 0.000000,
          "stddev" : 0.000000,
          "N" : 0
        }
      },
      "job_runtime" : 5003,
      "usr_cpu" : 4.637218,
      "sys_cpu" : 28.822706,
      "ctx" : 605803,
      "majf" : 0,
      "minf" : 13,
      "iodepth_level" : {
        "1" : 0.100000,
        "2" : 0.100000,
        "4" : 0.100000,
        "8" : 0.100000,
        "16" : 0.100000,
        "32" : 0.100000,
        ">=64" : 99.990497
      },
      "iodepth_submit" : {
        "0" : 0.000000,
        "4" : 100.000000,
        "8" : 0.000000,
        "16" : 0.000000,
        "32" : 0.000000,
        "64" : 0.000000,
        ">=64" : 0.000000
      },
      "iodepth_complete" : {
        "0" : 0.000000,
        "4" : 99.999849,
        "8" : 0.000000,
        "16" : 0.000000,
        "32" : 0.000000,
        "64" : 0.100000,
        ">=64" : 0.000000
      },
      "latency_ns" : {
        "2" : 0.000000,
        "4" : 0.000000,
        "10" : 0.000000,
        "20" : 0.000000,
        "50" : 0.000000,
        "100" : 0.000000,
        "250" : 0.000000,
        "500" : 0.000000,
        "750" : 0.000000,
        "1000" : 0.000000
      },
      "latency_us" : {
        "2" : 0.000000,
        "4" : 0.000000,
        "10" : 0.010000,
        "20" : 76.417065,
        "50" : 10.459214,
        "100" : 0.260809,
        "250" : 0.316923,
        "500" : 0.020364,
        "750" : 0.010000,
        "1000" : 0.010000
      },
      "latency_ms" : {
        "2" : 0.030621,
        "4" : 11.251145,
        "10" : 1.159386,
        "20" : 0.066673,
        "50" : 0.010000,
        "100" : 0.000000,
        "250" : 0.000000,
        "500" : 0.000000,
        "750" : 0.000000,
        "1000" : 0.000000,
        "2000" : 0.000000,
        ">=2000" : 0.000000
      },
      "latency_depth" : 64,
      "latency_target" : 0,
      "latency_percentile" : 100.000000,
      "latency_window" : 0
    }
  ],
  "disk_util" : [
    {
      "name" : "nvme3n1",
      "read_ios" : 48,
      "write_ios" : 649490,
      "read_sectors" : 2088,
      "write_sectors" : 20783680,
      "read_merges" : 0,
      "write_merges" : 0,
      "read_ticks" : 2,
      "write_ticks" : 311958,
      "in_queue" : 311960,
      "util" : 98.158527
    }
  ]
}
