{
  "fio version" : "fio-3.42-31-g6a66",
  "timestamp" : 1781280784,
  "timestamp_ms" : 1781280784252,
  "time" : "Fri Jun 12 16:13:04 2026",
  "jobs" : [
    {
      "jobname" : "sequentialwrite_16k_128",
      "groupid" : 0,
      "job_start" : 1781280779104,
      "error" : 0,
      "eta" : 0,
      "elapsed" : 6,
      "job options" : {
        "name" : "sequentialwrite_16k_128",
        "filename" : "/dev/nvme2n1",
        "ioengine" : "io_uring",
        "direct" : "1",
        "group_reporting" : "",
        "rw" : "write",
        "bs" : "16k",
        "iodepth" : "128",
        "size" : "3G",
        "time_based" : "",
        "runtime" : "5"
      },
      "read" : {
        "io_bytes" : 0,
        "io_kbytes" : 0,
        "bw_bytes" : 0,
        "bw" : 0,
        "iops" : 0.000000,
        "runtime" : 0,
        "total_ios" : 0,
        "short_ios" : 0,
        "drop_ios" : 0,
        "slat_ns" : {
          "min" : 0,
          "max" : 0,
          "mean" : 0.000000,
          "stddev" : 0.000000,
          "N" : 0
        },
        "clat_ns" : {
          "min" : 0,
          "max" : 0,
          "mean" : 0.000000,
          "stddev" : 0.000000,
          "N" : 0
        },
        "lat_ns" : {
          "min" : 0,
          "max" : 0,
          "mean" : 0.000000,
          "stddev" : 0.000000,
          "N" : 0
        },
        "bw_min" : 0,
        "bw_max" : 0,
        "bw_agg" : 0.000000,
        "bw_mean" : 0.000000,
        "bw_dev" : 0.000000,
        "bw_samples" : 0,
        "iops_min" : 0,
        "iops_max" : 0,
        "iops_mean" : 0.000000,
        "iops_stddev" : 0.000000,
        "iops_samples" : 0
      },
      "write" : {
        "io_bytes" : 11002724352,
        "io_kbytes" : 10744848,
        "bw_bytes" : 2197029623,
        "bw" : 2145536,
        "iops" : 134096.046326,
        "runtime" : 5008,
        "total_ios" : 671553,
        "short_ios" : 0,
        "drop_ios" : 0,
        "slat_ns" : {
          "min" : 749,
          "max" : 38760,
          "mean" : 1009.985802,
          "stddev" : 441.308707,
          "N" : 671553
        },
        "clat_ns" : {
          "min" : 4487,
          "max" : 22820012,
          "mean" : 953292.459566,
          "stddev" : 2473514.671578,
          "N" : 671553,
          "percentile" : {
            "1.000000" : 20608,
            "5.000000" : 28544,
            "10.000000" : 29312,
            "20.000000" : 30336,
            "30.000000" : 31360,
            "40.000000" : 32384,
            "50.000000" : 34048,
            "60.000000" : 40704,
            "70.000000" : 42240,
            "80.000000" : 44288,
            "90.000000" : 6782976,
            "95.000000" : 7503872,
            "99.000000" : 7634944,
            "99.500000" : 7700480,
            "99.900000" : 17956864,
            "99.950000" : 18481152,
            "99.990000" : 18743296
          }
        },
        "lat_ns" : {
          "min" : 15807,
          "max" : 22820971,
          "mean" : 954302.445368,
          "stddev" : 2473513.387134,
          "N" : 671553
        },
        "bw_min" : 2059584,
        "bw_max" : 2202400,
        "bw_agg" : 100.000000,
        "bw_mean" : 2148563.200000,
        "bw_dev" : 60805.202491,
        "bw_samples" : 10,
        "iops_min" : 128724,
        "iops_max" : 137650,
        "iops_mean" : 134285.200000,
        "iops_stddev" : 3800.325156,
        "iops_samples" : 10
      },
      "trim" : {
        "io_bytes" : 0,
        "io_kbytes" : 0,
        "bw_bytes" : 0,
        "bw" : 0,
        "iops" : 0.000000,
        "runtime" : 0,
        "total_ios" : 0,
        "short_ios" : 0,
        "drop_ios" : 0,
        "slat_ns" : {
          "min" : 0,
          "max" : 0,
          "mean" : 0.000000,
          "stddev" : 0.000000,
          "N" : 0
        },
        "clat_ns" : {
          "min" : 0,
          "max" : 0,
          "mean" : 0.000000,
          "stddev" : 0.000000,
          "N" : 0
        },
        "lat_ns" : {
          "min" : 0,
          "max" : 0,
          "mean" : 0.000000,
          "stddev" : 0.000000,
          "N" : 0
        },
        "bw_min" : 0,
        "bw_max" : 0,
        "bw_agg" : 0.000000,
        "bw_mean" : 0.000000,
        "bw_dev" : 0.000000,
        "bw_samples" : 0,
        "iops_min" : 0,
        "iops_max" : 0,
        "iops_mean" : 0.000000,
        "iops_stddev" : 0.000000,
        "iops_samples" : 0
      },
      "sync" : {
        "total_ios" : 0,
        "lat_ns" : {
          "min" : 0,
          "max" : 0,
          "mean" : 0.000000,
          "stddev" : 0.000000,
          "N" : 0
        }
      },
      "job_runtime" : 5007,
      "usr_cpu" : 5.612143,
      "sys_cpu" : 19.093269,
      "ctx" : 216330,
      "majf" : 0,
      "minf" : 8,
      "iodepth_level" : {
        "1" : 0.100000,
        "2" : 0.100000,
        "4" : 0.100000,
        "8" : 0.100000,
        "16" : 0.100000,
        "32" : 0.100000,
        ">=64" : 99.990619
      },
      "iodepth_submit" : {
        "0" : 0.000000,
        "4" : 100.000000,
        "8" : 0.000000,
        "16" : 0.000000,
        "32" : 0.000000,
        "64" : 0.000000,
        ">=64" : 0.000000
      },
      "iodepth_complete" : {
        "0" : 0.000000,
        "4" : 99.999851,
        "8" : 0.000000,
        "16" : 0.000000,
        "32" : 0.000000,
        "64" : 0.000000,
        ">=64" : 0.100000
      },
      "latency_ns" : {
        "2" : 0.000000,
        "4" : 0.000000,
        "10" : 0.000000,
        "20" : 0.000000,
        "50" : 0.000000,
        "100" : 0.000000,
        "250" : 0.000000,
        "500" : 0.000000,
        "750" : 0.000000,
        "1000" : 0.000000
      },
      "latency_us" : {
        "2" : 0.000000,
        "4" : 0.000000,
        "10" : 0.010000,
        "20" : 0.787429,
        "50" : 85.392069,
        "100" : 0.684682,
        "250" : 0.408754,
        "500" : 0.165140,
        "750" : 0.043779,
        "1000" : 0.010000
      },
      "latency_ms" : {
        "2" : 0.018614,
        "4" : 0.019954,
        "10" : 12.235669,
        "20" : 0.236467,
        "50" : 0.010000,
        "100" : 0.000000,
        "250" : 0.000000,
        "500" : 0.000000,
        "750" : 0.000000,
        "1000" : 0.000000,
        "2000" : 0.000000,
        ">=2000" : 0.000000
      },
      "latency_depth" : 128,
      "latency_target" : 0,
      "latency_target_ns" : 0,
      "latency_percentile" : 100.000000,
      "latency_window" : 0,
      "latency_window_us" : 0
    }
  ],
  "disk_util" : [
    {
      "name" : "nvme2n1",
      "read_ios" : 48,
      "write_ios" : 657376,
      "read_sectors" : 2088,
      "write_sectors" : 21036032,
      "read_merges" : 0,
      "write_merges" : 0,
      "read_ticks" : 2,
      "write_ticks" : 623805,
      "in_queue" : 623807,
      "util" : 98.218931
    }
  ]
}
