{
  "fio version" : "fio-3.42-31-g6a66",
  "timestamp" : 1781280746,
  "timestamp_ms" : 1781280746549,
  "time" : "Fri Jun 12 16:12:26 2026",
  "jobs" : [
    {
      "jobname" : "sequentialwrite_16k_1",
      "groupid" : 0,
      "job_start" : 1781280741400,
      "error" : 0,
      "eta" : 0,
      "elapsed" : 6,
      "job options" : {
        "name" : "sequentialwrite_16k_1",
        "filename" : "/dev/nvme2n1",
        "ioengine" : "io_uring",
        "direct" : "1",
        "group_reporting" : "",
        "rw" : "write",
        "bs" : "16k",
        "iodepth" : "1",
        "size" : "3G",
        "time_based" : "",
        "runtime" : "5"
      },
      "read" : {
        "io_bytes" : 0,
        "io_kbytes" : 0,
        "bw_bytes" : 0,
        "bw" : 0,
        "iops" : 0.000000,
        "runtime" : 0,
        "total_ios" : 0,
        "short_ios" : 0,
        "drop_ios" : 0,
        "slat_ns" : {
          "min" : 0,
          "max" : 0,
          "mean" : 0.000000,
          "stddev" : 0.000000,
          "N" : 0
        },
        "clat_ns" : {
          "min" : 0,
          "max" : 0,
          "mean" : 0.000000,
          "stddev" : 0.000000,
          "N" : 0
        },
        "lat_ns" : {
          "min" : 0,
          "max" : 0,
          "mean" : 0.000000,
          "stddev" : 0.000000,
          "N" : 0
        },
        "bw_min" : 0,
        "bw_max" : 0,
        "bw_agg" : 0.000000,
        "bw_mean" : 0.000000,
        "bw_dev" : 0.000000,
        "bw_samples" : 0,
        "iops_min" : 0,
        "iops_max" : 0,
        "iops_mean" : 0.000000,
        "iops_stddev" : 0.000000,
        "iops_samples" : 0
      },
      "write" : {
        "io_bytes" : 1776549888,
        "io_kbytes" : 1734912,
        "bw_bytes" : 355238929,
        "bw" : 346913,
        "iops" : 21682.063587,
        "runtime" : 5001,
        "total_ios" : 108432,
        "short_ios" : 0,
        "drop_ios" : 0,
        "slat_ns" : {
          "min" : 873,
          "max" : 24749,
          "mean" : 1050.876245,
          "stddev" : 519.677173,
          "N" : 108432
        },
        "clat_ns" : {
          "min" : 6152,
          "max" : 614181,
          "mean" : 44901.023296,
          "stddev" : 78940.116003,
          "N" : 108432,
          "percentile" : {
            "1.000000" : 12992,
            "5.000000" : 13120,
            "10.000000" : 13248,
            "20.000000" : 13248,
            "30.000000" : 13376,
            "40.000000" : 13632,
            "50.000000" : 13888,
            "60.000000" : 14272,
            "70.000000" : 14528,
            "80.000000" : 15040,
            "90.000000" : 238592,
            "95.000000" : 238592,
            "99.000000" : 246784,
            "99.500000" : 276480,
            "99.900000" : 423936,
            "99.950000" : 448512,
            "99.990000" : 552960
          }
        },
        "lat_ns" : {
          "min" : 13821,
          "max" : 615168,
          "mean" : 45951.899541,
          "stddev" : 78939.958142,
          "N" : 108432
        },
        "bw_min" : 212480,
        "bw_max" : 369120,
        "bw_agg" : 100.000000,
        "bw_mean" : 346982.400000,
        "bw_dev" : 47816.292721,
        "bw_samples" : 10,
        "iops_min" : 13280,
        "iops_max" : 23070,
        "iops_mean" : 21686.400000,
        "iops_stddev" : 2988.518295,
        "iops_samples" : 10
      },
      "trim" : {
        "io_bytes" : 0,
        "io_kbytes" : 0,
        "bw_bytes" : 0,
        "bw" : 0,
        "iops" : 0.000000,
        "runtime" : 0,
        "total_ios" : 0,
        "short_ios" : 0,
        "drop_ios" : 0,
        "slat_ns" : {
          "min" : 0,
          "max" : 0,
          "mean" : 0.000000,
          "stddev" : 0.000000,
          "N" : 0
        },
        "clat_ns" : {
          "min" : 0,
          "max" : 0,
          "mean" : 0.000000,
          "stddev" : 0.000000,
          "N" : 0
        },
        "lat_ns" : {
          "min" : 0,
          "max" : 0,
          "mean" : 0.000000,
          "stddev" : 0.000000,
          "N" : 0
        },
        "bw_min" : 0,
        "bw_max" : 0,
        "bw_agg" : 0.000000,
        "bw_mean" : 0.000000,
        "bw_dev" : 0.000000,
        "bw_samples" : 0,
        "iops_min" : 0,
        "iops_max" : 0,
        "iops_mean" : 0.000000,
        "iops_stddev" : 0.000000,
        "iops_samples" : 0
      },
      "sync" : {
        "total_ios" : 0,
        "lat_ns" : {
          "min" : 0,
          "max" : 0,
          "mean" : 0.000000,
          "stddev" : 0.000000,
          "N" : 0
        }
      },
      "job_runtime" : 5000,
      "usr_cpu" : 1.520000,
      "sys_cpu" : 4.560000,
      "ctx" : 108435,
      "majf" : 0,
      "minf" : 7,
      "iodepth_level" : {
        "1" : 100.000000,
        "2" : 0.000000,
        "4" : 0.000000,
        "8" : 0.000000,
        "16" : 0.000000,
        "32" : 0.000000,
        ">=64" : 0.000000
      },
      "iodepth_submit" : {
        "0" : 0.000000,
        "4" : 100.000000,
        "8" : 0.000000,
        "16" : 0.000000,
        "32" : 0.000000,
        "64" : 0.000000,
        ">=64" : 0.000000
      },
      "iodepth_complete" : {
        "0" : 0.000000,
        "4" : 100.000000,
        "8" : 0.000000,
        "16" : 0.000000,
        "32" : 0.000000,
        "64" : 0.000000,
        ">=64" : 0.000000
      },
      "latency_ns" : {
        "2" : 0.000000,
        "4" : 0.000000,
        "10" : 0.000000,
        "20" : 0.000000,
        "50" : 0.000000,
        "100" : 0.000000,
        "250" : 0.000000,
        "500" : 0.000000,
        "750" : 0.000000,
        "1000" : 0.000000
      },
      "latency_us" : {
        "2" : 0.000000,
        "4" : 0.000000,
        "10" : 0.010000,
        "20" : 86.064999,
        "50" : 0.414084,
        "100" : 0.047956,
        "250" : 12.839383,
        "500" : 0.588387,
        "750" : 0.041501,
        "1000" : 0.000000
      },
      "latency_ms" : {
        "2" : 0.000000,
        "4" : 0.000000,
        "10" : 0.000000,
        "20" : 0.000000,
        "50" : 0.000000,
        "100" : 0.000000,
        "250" : 0.000000,
        "500" : 0.000000,
        "750" : 0.000000,
        "1000" : 0.000000,
        "2000" : 0.000000,
        ">=2000" : 0.000000
      },
      "latency_depth" : 1,
      "latency_target" : 0,
      "latency_target_ns" : 0,
      "latency_percentile" : 100.000000,
      "latency_window" : 0,
      "latency_window_us" : 0
    }
  ],
  "disk_util" : [
    {
      "name" : "nvme2n1",
      "read_ios" : 48,
      "write_ios" : 106103,
      "read_sectors" : 2088,
      "write_sectors" : 3395296,
      "read_merges" : 0,
      "write_merges" : 0,
      "read_ticks" : 1,
      "write_ticks" : 4686,
      "in_queue" : 4688,
      "util" : 98.218931
    }
  ]
}
