{
  "fio version" : "fio-3.42-31-g6a66",
  "timestamp" : 1781280789,
  "timestamp_ms" : 1781280789638,
  "time" : "Fri Jun 12 16:13:09 2026",
  "jobs" : [
    {
      "jobname" : "sequentialwrite_16k_256",
      "groupid" : 0,
      "job_start" : 1781280784491,
      "error" : 0,
      "eta" : 0,
      "elapsed" : 6,
      "job options" : {
        "name" : "sequentialwrite_16k_256",
        "filename" : "/dev/nvme2n1",
        "ioengine" : "io_uring",
        "direct" : "1",
        "group_reporting" : "",
        "rw" : "write",
        "bs" : "16k",
        "iodepth" : "256",
        "size" : "3G",
        "time_based" : "",
        "runtime" : "5"
      },
      "read" : {
        "io_bytes" : 0,
        "io_kbytes" : 0,
        "bw_bytes" : 0,
        "bw" : 0,
        "iops" : 0.000000,
        "runtime" : 0,
        "total_ios" : 0,
        "short_ios" : 0,
        "drop_ios" : 0,
        "slat_ns" : {
          "min" : 0,
          "max" : 0,
          "mean" : 0.000000,
          "stddev" : 0.000000,
          "N" : 0
        },
        "clat_ns" : {
          "min" : 0,
          "max" : 0,
          "mean" : 0.000000,
          "stddev" : 0.000000,
          "N" : 0
        },
        "lat_ns" : {
          "min" : 0,
          "max" : 0,
          "mean" : 0.000000,
          "stddev" : 0.000000,
          "N" : 0
        },
        "bw_min" : 0,
        "bw_max" : 0,
        "bw_agg" : 0.000000,
        "bw_mean" : 0.000000,
        "bw_dev" : 0.000000,
        "bw_samples" : 0,
        "iops_min" : 0,
        "iops_max" : 0,
        "iops_mean" : 0.000000,
        "iops_stddev" : 0.000000,
        "iops_samples" : 0
      },
      "write" : {
        "io_bytes" : 11119460352,
        "io_kbytes" : 10858848,
        "bw_bytes" : 2217240349,
        "bw" : 2165273,
        "iops" : 135329.611167,
        "runtime" : 5015,
        "total_ios" : 678678,
        "short_ios" : 0,
        "drop_ios" : 0,
        "slat_ns" : {
          "min" : 780,
          "max" : 61543,
          "mean" : 1031.317332,
          "stddev" : 481.047440,
          "N" : 678678
        },
        "clat_ns" : {
          "min" : 9205,
          "max" : 29121441,
          "mean" : 1890261.533142,
          "stddev" : 4857837.988969,
          "N" : 678678,
          "percentile" : {
            "1.000000" : 33024,
            "5.000000" : 36608,
            "10.000000" : 57088,
            "20.000000" : 59648,
            "30.000000" : 60672,
            "40.000000" : 61696,
            "50.000000" : 62208,
            "60.000000" : 63232,
            "70.000000" : 64256,
            "80.000000" : 71168,
            "90.000000" : 14221312,
            "95.000000" : 14483456,
            "99.000000" : 14876672,
            "99.500000" : 15400960,
            "99.900000" : 24510464,
            "99.950000" : 25296896,
            "99.990000" : 25821184
          }
        },
        "lat_ns" : {
          "min" : 26194,
          "max" : 29122570,
          "mean" : 1891292.850474,
          "stddev" : 4857837.622800,
          "N" : 678678
        },
        "bw_min" : 2109472,
        "bw_max" : 2202464,
        "bw_agg" : 100.000000,
        "bw_mean" : 2170953.600000,
        "bw_dev" : 33803.863406,
        "bw_samples" : 10,
        "iops_min" : 131842,
        "iops_max" : 137654,
        "iops_mean" : 135684.600000,
        "iops_stddev" : 2112.741463,
        "iops_samples" : 10
      },
      "trim" : {
        "io_bytes" : 0,
        "io_kbytes" : 0,
        "bw_bytes" : 0,
        "bw" : 0,
        "iops" : 0.000000,
        "runtime" : 0,
        "total_ios" : 0,
        "short_ios" : 0,
        "drop_ios" : 0,
        "slat_ns" : {
          "min" : 0,
          "max" : 0,
          "mean" : 0.000000,
          "stddev" : 0.000000,
          "N" : 0
        },
        "clat_ns" : {
          "min" : 0,
          "max" : 0,
          "mean" : 0.000000,
          "stddev" : 0.000000,
          "N" : 0
        },
        "lat_ns" : {
          "min" : 0,
          "max" : 0,
          "mean" : 0.000000,
          "stddev" : 0.000000,
          "N" : 0
        },
        "bw_min" : 0,
        "bw_max" : 0,
        "bw_agg" : 0.000000,
        "bw_mean" : 0.000000,
        "bw_dev" : 0.000000,
        "bw_samples" : 0,
        "iops_min" : 0,
        "iops_max" : 0,
        "iops_mean" : 0.000000,
        "iops_stddev" : 0.000000,
        "iops_samples" : 0
      },
      "sync" : {
        "total_ios" : 0,
        "lat_ns" : {
          "min" : 0,
          "max" : 0,
          "mean" : 0.000000,
          "stddev" : 0.000000,
          "N" : 0
        }
      },
      "job_runtime" : 5014,
      "usr_cpu" : 5.903470,
      "sys_cpu" : 18.069406,
      "ctx" : 154199,
      "majf" : 0,
      "minf" : 10,
      "iodepth_level" : {
        "1" : 0.100000,
        "2" : 0.100000,
        "4" : 0.100000,
        "8" : 0.100000,
        "16" : 0.100000,
        "32" : 0.100000,
        ">=64" : 99.990717
      },
      "iodepth_submit" : {
        "0" : 0.000000,
        "4" : 100.000000,
        "8" : 0.000000,
        "16" : 0.000000,
        "32" : 0.000000,
        "64" : 0.000000,
        ">=64" : 0.000000
      },
      "iodepth_complete" : {
        "0" : 0.000000,
        "4" : 99.999853,
        "8" : 0.000000,
        "16" : 0.000000,
        "32" : 0.000000,
        "64" : 0.000000,
        ">=64" : 0.100000
      },
      "latency_ns" : {
        "2" : 0.000000,
        "4" : 0.000000,
        "10" : 0.000000,
        "20" : 0.000000,
        "50" : 0.000000,
        "100" : 0.000000,
        "250" : 0.000000,
        "500" : 0.000000,
        "750" : 0.000000,
        "1000" : 0.000000
      },
      "latency_us" : {
        "2" : 0.000000,
        "4" : 0.000000,
        "10" : 0.010000,
        "20" : 0.000000,
        "50" : 9.311338,
        "100" : 76.596265,
        "250" : 0.887903,
        "500" : 0.263895,
        "750" : 0.165911,
        "1000" : 0.161490
      },
      "latency_ms" : {
        "2" : 0.111098,
        "4" : 0.020039,
        "10" : 0.045382,
        "20" : 12.094248,
        "50" : 0.342136,
        "100" : 0.000000,
        "250" : 0.000000,
        "500" : 0.000000,
        "750" : 0.000000,
        "1000" : 0.000000,
        "2000" : 0.000000,
        ">=2000" : 0.000000
      },
      "latency_depth" : 256,
      "latency_target" : 0,
      "latency_target_ns" : 0,
      "latency_percentile" : 100.000000,
      "latency_window" : 0,
      "latency_window_us" : 0
    }
  ],
  "disk_util" : [
    {
      "name" : "nvme2n1",
      "read_ios" : 48,
      "write_ios" : 665548,
      "read_sectors" : 2088,
      "write_sectors" : 21297568,
      "read_merges" : 0,
      "write_merges" : 0,
      "read_ticks" : 1,
      "write_ticks" : 1246890,
      "in_queue" : 1246892,
      "util" : 98.218931
    }
  ]
}
