{
  "fio version" : "fio-3.36",
  "timestamp" : 1781330317,
  "timestamp_ms" : 1781330317956,
  "time" : "Sat Jun 13 05:58:37 2026",
  "jobs" : [
    {
      "jobname" : "sequentialwrite_256k_64",
      "groupid" : 0,
      "job_start" : 1781330312929,
      "error" : 0,
      "eta" : 0,
      "elapsed" : 6,
      "job options" : {
        "name" : "sequentialwrite_256k_64",
        "filename" : "/dev/nvme3n1",
        "ioengine" : "io_uring",
        "direct" : "1",
        "rw" : "write",
        "bs" : "256k",
        "iodepth" : "64",
        "size" : "3G",
        "runtime" : "5"
      },
      "read" : {
        "io_bytes" : 0,
        "io_kbytes" : 0,
        "bw_bytes" : 0,
        "bw" : 0,
        "iops" : 0.000000,
        "runtime" : 0,
        "total_ios" : 0,
        "short_ios" : 0,
        "drop_ios" : 0,
        "slat_ns" : {
          "min" : 0,
          "max" : 0,
          "mean" : 0.000000,
          "stddev" : 0.000000,
          "N" : 0
        },
        "clat_ns" : {
          "min" : 0,
          "max" : 0,
          "mean" : 0.000000,
          "stddev" : 0.000000,
          "N" : 0
        },
        "lat_ns" : {
          "min" : 0,
          "max" : 0,
          "mean" : 0.000000,
          "stddev" : 0.000000,
          "N" : 0
        },
        "bw_min" : 0,
        "bw_max" : 0,
        "bw_agg" : 0.000000,
        "bw_mean" : 0.000000,
        "bw_dev" : 0.000000,
        "bw_samples" : 0,
        "iops_min" : 0,
        "iops_max" : 0,
        "iops_mean" : 0.000000,
        "iops_stddev" : 0.000000,
        "iops_samples" : 0
      },
      "write" : {
        "io_bytes" : 9313452032,
        "io_kbytes" : 9095168,
        "bw_bytes" : 1856748810,
        "bw" : 1813231,
        "iops" : 7082.934609,
        "runtime" : 5016,
        "total_ios" : 35528,
        "short_ios" : 0,
        "drop_ios" : 0,
        "slat_ns" : {
          "min" : 4233,
          "max" : 65878,
          "mean" : 7347.925777,
          "stddev" : 1809.684821,
          "N" : 35528
        },
        "clat_ns" : {
          "min" : 339130,
          "max" : 80706277,
          "mean" : 9026785.309699,
          "stddev" : 8365293.831589,
          "N" : 35528,
          "percentile" : {
            "1.000000" : 342016,
            "5.000000" : 346112,
            "10.000000" : 382976,
            "20.000000" : 552960,
            "30.000000" : 724992,
            "40.000000" : 4292608,
            "50.000000" : 8847360,
            "60.000000" : 14221312,
            "70.000000" : 16056320,
            "80.000000" : 16449536,
            "90.000000" : 16580608,
            "95.000000" : 16908288,
            "99.000000" : 27656192,
            "99.500000" : 38535168,
            "99.900000" : 78118912,
            "99.950000" : 79167488,
            "99.990000" : 80216064
          }
        },
        "lat_ns" : {
          "min" : 344298,
          "max" : 80713393,
          "mean" : 9034133.235476,
          "stddev" : 8365238.876265,
          "N" : 35528
        },
        "bw_min" : 1331200,
        "bw_max" : 1955840,
        "bw_agg" : 100.000000,
        "bw_mean" : 1815808.000000,
        "bw_dev" : 194203.256565,
        "bw_samples" : 10,
        "iops_min" : 5200,
        "iops_max" : 7640,
        "iops_mean" : 7093.000000,
        "iops_stddev" : 758.606471,
        "iops_samples" : 10
      },
      "trim" : {
        "io_bytes" : 0,
        "io_kbytes" : 0,
        "bw_bytes" : 0,
        "bw" : 0,
        "iops" : 0.000000,
        "runtime" : 0,
        "total_ios" : 0,
        "short_ios" : 0,
        "drop_ios" : 0,
        "slat_ns" : {
          "min" : 0,
          "max" : 0,
          "mean" : 0.000000,
          "stddev" : 0.000000,
          "N" : 0
        },
        "clat_ns" : {
          "min" : 0,
          "max" : 0,
          "mean" : 0.000000,
          "stddev" : 0.000000,
          "N" : 0
        },
        "lat_ns" : {
          "min" : 0,
          "max" : 0,
          "mean" : 0.000000,
          "stddev" : 0.000000,
          "N" : 0
        },
        "bw_min" : 0,
        "bw_max" : 0,
        "bw_agg" : 0.000000,
        "bw_mean" : 0.000000,
        "bw_dev" : 0.000000,
        "bw_samples" : 0,
        "iops_min" : 0,
        "iops_max" : 0,
        "iops_mean" : 0.000000,
        "iops_stddev" : 0.000000,
        "iops_samples" : 0
      },
      "sync" : {
        "total_ios" : 0,
        "lat_ns" : {
          "min" : 0,
          "max" : 0,
          "mean" : 0.000000,
          "stddev" : 0.000000,
          "N" : 0
        }
      },
      "job_runtime" : 5015,
      "usr_cpu" : 3.349950,
      "sys_cpu" : 3.070788,
      "ctx" : 35212,
      "majf" : 0,
      "minf" : 9,
      "iodepth_level" : {
        "1" : 0.100000,
        "2" : 0.100000,
        "4" : 0.100000,
        "8" : 0.100000,
        "16" : 0.100000,
        "32" : 0.100000,
        ">=64" : 99.822675
      },
      "iodepth_submit" : {
        "0" : 0.000000,
        "4" : 100.000000,
        "8" : 0.000000,
        "16" : 0.000000,
        "32" : 0.000000,
        "64" : 0.000000,
        ">=64" : 0.000000
      },
      "iodepth_complete" : {
        "0" : 0.000000,
        "4" : 99.997180,
        "8" : 0.000000,
        "16" : 0.000000,
        "32" : 0.000000,
        "64" : 0.100000,
        ">=64" : 0.000000
      },
      "latency_ns" : {
        "2" : 0.000000,
        "4" : 0.000000,
        "10" : 0.000000,
        "20" : 0.000000,
        "50" : 0.000000,
        "100" : 0.000000,
        "250" : 0.000000,
        "500" : 0.000000,
        "750" : 0.000000,
        "1000" : 0.000000
      },
      "latency_us" : {
        "2" : 0.000000,
        "4" : 0.000000,
        "10" : 0.000000,
        "20" : 0.000000,
        "50" : 0.000000,
        "100" : 0.000000,
        "250" : 0.000000,
        "500" : 16.381446,
        "750" : 14.914997,
        "1000" : 2.761202
      },
      "latency_ms" : {
        "2" : 1.908354,
        "4" : 3.445170,
        "10" : 13.634317,
        "20" : 44.674623,
        "50" : 1.916798,
        "100" : 0.363094,
        "250" : 0.000000,
        "500" : 0.000000,
        "750" : 0.000000,
        "1000" : 0.000000,
        "2000" : 0.000000,
        ">=2000" : 0.000000
      },
      "latency_depth" : 64,
      "latency_target" : 0,
      "latency_percentile" : 100.000000,
      "latency_window" : 0
    }
  ],
  "disk_util" : [
    {
      "name" : "nvme3n1",
      "read_ios" : 48,
      "write_ios" : 34619,
      "read_sectors" : 2088,
      "write_sectors" : 17724928,
      "read_merges" : 0,
      "write_merges" : 0,
      "read_ticks" : 2,
      "write_ticks" : 312663,
      "in_queue" : 312665,
      "util" : 98.058835
    }
  ]
}
