{
  "fio version" : "fio-3.42-31-g6a66",
  "timestamp" : 1781280967,
  "timestamp_ms" : 1781280967380,
  "time" : "Fri Jun 12 16:16:07 2026",
  "jobs" : [
    {
      "jobname" : "sequentialwrite_256k_32",
      "groupid" : 0,
      "job_start" : 1781280962233,
      "error" : 0,
      "eta" : 0,
      "elapsed" : 6,
      "job options" : {
        "name" : "sequentialwrite_256k_32",
        "filename" : "/dev/nvme2n1",
        "ioengine" : "io_uring",
        "direct" : "1",
        "group_reporting" : "",
        "rw" : "write",
        "bs" : "256k",
        "iodepth" : "32",
        "size" : "3G",
        "time_based" : "",
        "runtime" : "5"
      },
      "read" : {
        "io_bytes" : 0,
        "io_kbytes" : 0,
        "bw_bytes" : 0,
        "bw" : 0,
        "iops" : 0.000000,
        "runtime" : 0,
        "total_ios" : 0,
        "short_ios" : 0,
        "drop_ios" : 0,
        "slat_ns" : {
          "min" : 0,
          "max" : 0,
          "mean" : 0.000000,
          "stddev" : 0.000000,
          "N" : 0
        },
        "clat_ns" : {
          "min" : 0,
          "max" : 0,
          "mean" : 0.000000,
          "stddev" : 0.000000,
          "N" : 0
        },
        "lat_ns" : {
          "min" : 0,
          "max" : 0,
          "mean" : 0.000000,
          "stddev" : 0.000000,
          "N" : 0
        },
        "bw_min" : 0,
        "bw_max" : 0,
        "bw_agg" : 0.000000,
        "bw_mean" : 0.000000,
        "bw_dev" : 0.000000,
        "bw_samples" : 0,
        "iops_min" : 0,
        "iops_max" : 0,
        "iops_mean" : 0.000000,
        "iops_stddev" : 0.000000,
        "iops_samples" : 0
      },
      "write" : {
        "io_bytes" : 9500360704,
        "io_kbytes" : 9277696,
        "bw_bytes" : 1896658156,
        "bw" : 1852205,
        "iops" : 7235.176682,
        "runtime" : 5009,
        "total_ios" : 36241,
        "short_ios" : 0,
        "drop_ios" : 0,
        "slat_ns" : {
          "min" : 3219,
          "max" : 140173,
          "mean" : 5644.262106,
          "stddev" : 1713.326254,
          "N" : 36241
        },
        "clat_ns" : {
          "min" : 339722,
          "max" : 51328659,
          "mean" : 4415884.669656,
          "stddev" : 4343378.323329,
          "N" : 36241,
          "percentile" : {
            "1.000000" : 346112,
            "5.000000" : 358400,
            "10.000000" : 391168,
            "20.000000" : 436224,
            "30.000000" : 440320,
            "40.000000" : 536576,
            "50.000000" : 4620288,
            "60.000000" : 7110656,
            "70.000000" : 7700480,
            "80.000000" : 8093696,
            "90.000000" : 8585216,
            "95.000000" : 8978432,
            "99.000000" : 9371648,
            "99.500000" : 23724032,
            "99.900000" : 46923776,
            "99.950000" : 50593792,
            "99.990000" : 51118080
          }
        },
        "lat_ns" : {
          "min" : 344558,
          "max" : 51333430,
          "mean" : 4421528.931762,
          "stddev" : 4343453.032350,
          "N" : 36241
        },
        "bw_min" : 1591296,
        "bw_max" : 1940480,
        "bw_agg" : 100.000000,
        "bw_mean" : 1853952.000000,
        "bw_dev" : 119911.765131,
        "bw_samples" : 10,
        "iops_min" : 6216,
        "iops_max" : 7580,
        "iops_mean" : 7242.000000,
        "iops_stddev" : 468.405333,
        "iops_samples" : 10
      },
      "trim" : {
        "io_bytes" : 0,
        "io_kbytes" : 0,
        "bw_bytes" : 0,
        "bw" : 0,
        "iops" : 0.000000,
        "runtime" : 0,
        "total_ios" : 0,
        "short_ios" : 0,
        "drop_ios" : 0,
        "slat_ns" : {
          "min" : 0,
          "max" : 0,
          "mean" : 0.000000,
          "stddev" : 0.000000,
          "N" : 0
        },
        "clat_ns" : {
          "min" : 0,
          "max" : 0,
          "mean" : 0.000000,
          "stddev" : 0.000000,
          "N" : 0
        },
        "lat_ns" : {
          "min" : 0,
          "max" : 0,
          "mean" : 0.000000,
          "stddev" : 0.000000,
          "N" : 0
        },
        "bw_min" : 0,
        "bw_max" : 0,
        "bw_agg" : 0.000000,
        "bw_mean" : 0.000000,
        "bw_dev" : 0.000000,
        "bw_samples" : 0,
        "iops_min" : 0,
        "iops_max" : 0,
        "iops_mean" : 0.000000,
        "iops_stddev" : 0.000000,
        "iops_samples" : 0
      },
      "sync" : {
        "total_ios" : 0,
        "lat_ns" : {
          "min" : 0,
          "max" : 0,
          "mean" : 0.000000,
          "stddev" : 0.000000,
          "N" : 0
        }
      },
      "job_runtime" : 5008,
      "usr_cpu" : 3.354633,
      "sys_cpu" : 2.336262,
      "ctx" : 35874,
      "majf" : 0,
      "minf" : 7,
      "iodepth_level" : {
        "1" : 0.100000,
        "2" : 0.100000,
        "4" : 0.100000,
        "8" : 0.100000,
        "16" : 0.100000,
        "32" : 99.914462,
        ">=64" : 0.000000
      },
      "iodepth_submit" : {
        "0" : 0.000000,
        "4" : 100.000000,
        "8" : 0.000000,
        "16" : 0.000000,
        "32" : 0.000000,
        "64" : 0.000000,
        ">=64" : 0.000000
      },
      "iodepth_complete" : {
        "0" : 0.000000,
        "4" : 99.997238,
        "8" : 0.000000,
        "16" : 0.000000,
        "32" : 0.100000,
        "64" : 0.000000,
        ">=64" : 0.000000
      },
      "latency_ns" : {
        "2" : 0.000000,
        "4" : 0.000000,
        "10" : 0.000000,
        "20" : 0.000000,
        "50" : 0.000000,
        "100" : 0.000000,
        "250" : 0.000000,
        "500" : 0.000000,
        "750" : 0.000000,
        "1000" : 0.000000
      },
      "latency_us" : {
        "2" : 0.000000,
        "4" : 0.000000,
        "10" : 0.000000,
        "20" : 0.000000,
        "50" : 0.000000,
        "100" : 0.000000,
        "250" : 0.000000,
        "500" : 38.495075,
        "750" : 4.227256,
        "1000" : 0.430452
      },
      "latency_ms" : {
        "2" : 1.873569,
        "4" : 4.252090,
        "10" : 49.968268,
        "20" : 0.195911,
        "50" : 0.488397,
        "100" : 0.068983,
        "250" : 0.000000,
        "500" : 0.000000,
        "750" : 0.000000,
        "1000" : 0.000000,
        "2000" : 0.000000,
        ">=2000" : 0.000000
      },
      "latency_depth" : 32,
      "latency_target" : 0,
      "latency_target_ns" : 0,
      "latency_percentile" : 100.000000,
      "latency_window" : 0,
      "latency_window_us" : 0
    }
  ],
  "disk_util" : [
    {
      "name" : "nvme2n1",
      "read_ios" : 48,
      "write_ios" : 35424,
      "read_sectors" : 2088,
      "write_sectors" : 18137088,
      "read_merges" : 0,
      "write_merges" : 0,
      "read_ticks" : 2,
      "write_ticks" : 156345,
      "in_queue" : 156346,
      "util" : 98.218931
    }
  ]
}
