{
  "fio version" : "fio-3.42-31-g6a66",
  "timestamp" : 1781280961,
  "timestamp_ms" : 1781280961994,
  "time" : "Fri Jun 12 16:16:01 2026",
  "jobs" : [
    {
      "jobname" : "sequentialwrite_256k_16",
      "groupid" : 0,
      "job_start" : 1781280956846,
      "error" : 0,
      "eta" : 0,
      "elapsed" : 6,
      "job options" : {
        "name" : "sequentialwrite_256k_16",
        "filename" : "/dev/nvme2n1",
        "ioengine" : "io_uring",
        "direct" : "1",
        "group_reporting" : "",
        "rw" : "write",
        "bs" : "256k",
        "iodepth" : "16",
        "size" : "3G",
        "time_based" : "",
        "runtime" : "5"
      },
      "read" : {
        "io_bytes" : 0,
        "io_kbytes" : 0,
        "bw_bytes" : 0,
        "bw" : 0,
        "iops" : 0.000000,
        "runtime" : 0,
        "total_ios" : 0,
        "short_ios" : 0,
        "drop_ios" : 0,
        "slat_ns" : {
          "min" : 0,
          "max" : 0,
          "mean" : 0.000000,
          "stddev" : 0.000000,
          "N" : 0
        },
        "clat_ns" : {
          "min" : 0,
          "max" : 0,
          "mean" : 0.000000,
          "stddev" : 0.000000,
          "N" : 0
        },
        "lat_ns" : {
          "min" : 0,
          "max" : 0,
          "mean" : 0.000000,
          "stddev" : 0.000000,
          "N" : 0
        },
        "bw_min" : 0,
        "bw_max" : 0,
        "bw_agg" : 0.000000,
        "bw_mean" : 0.000000,
        "bw_dev" : 0.000000,
        "bw_samples" : 0,
        "iops_min" : 0,
        "iops_max" : 0,
        "iops_mean" : 0.000000,
        "iops_stddev" : 0.000000,
        "iops_samples" : 0
      },
      "write" : {
        "io_bytes" : 8719958016,
        "io_kbytes" : 8515584,
        "bw_bytes" : 1727750746,
        "bw" : 1687256,
        "iops" : 6590.846047,
        "runtime" : 5047,
        "total_ios" : 33264,
        "short_ios" : 0,
        "drop_ios" : 0,
        "slat_ns" : {
          "min" : 3366,
          "max" : 49403,
          "mean" : 5276.248467,
          "stddev" : 1497.764004,
          "N" : 33264
        },
        "clat_ns" : {
          "min" : 336917,
          "max" : 50413218,
          "mean" : 2420657.315657,
          "stddev" : 3352476.754482,
          "N" : 33264,
          "percentile" : {
            "1.000000" : 337920,
            "5.000000" : 354304,
            "10.000000" : 395264,
            "20.000000" : 489472,
            "30.000000" : 618496,
            "40.000000" : 733184,
            "50.000000" : 2244608,
            "60.000000" : 3129344,
            "70.000000" : 3325952,
            "80.000000" : 3784704,
            "90.000000" : 4227072,
            "95.000000" : 4489216,
            "99.000000" : 13434880,
            "99.500000" : 26869760,
            "99.900000" : 47448064,
            "99.950000" : 47972352,
            "99.990000" : 50069504
          }
        },
        "lat_ns" : {
          "min" : 341127,
          "max" : 50417683,
          "mean" : 2425933.564123,
          "stddev" : 3352810.905290,
          "N" : 33264
        },
        "bw_min" : 1410560,
        "bw_max" : 1906176,
        "bw_agg" : 100.000000,
        "bw_mean" : 1702297.600000,
        "bw_dev" : 170379.500271,
        "bw_samples" : 10,
        "iops_min" : 5510,
        "iops_max" : 7446,
        "iops_mean" : 6649.600000,
        "iops_stddev" : 665.544923,
        "iops_samples" : 10
      },
      "trim" : {
        "io_bytes" : 0,
        "io_kbytes" : 0,
        "bw_bytes" : 0,
        "bw" : 0,
        "iops" : 0.000000,
        "runtime" : 0,
        "total_ios" : 0,
        "short_ios" : 0,
        "drop_ios" : 0,
        "slat_ns" : {
          "min" : 0,
          "max" : 0,
          "mean" : 0.000000,
          "stddev" : 0.000000,
          "N" : 0
        },
        "clat_ns" : {
          "min" : 0,
          "max" : 0,
          "mean" : 0.000000,
          "stddev" : 0.000000,
          "N" : 0
        },
        "lat_ns" : {
          "min" : 0,
          "max" : 0,
          "mean" : 0.000000,
          "stddev" : 0.000000,
          "N" : 0
        },
        "bw_min" : 0,
        "bw_max" : 0,
        "bw_agg" : 0.000000,
        "bw_mean" : 0.000000,
        "bw_dev" : 0.000000,
        "bw_samples" : 0,
        "iops_min" : 0,
        "iops_max" : 0,
        "iops_mean" : 0.000000,
        "iops_stddev" : 0.000000,
        "iops_samples" : 0
      },
      "sync" : {
        "total_ios" : 0,
        "lat_ns" : {
          "min" : 0,
          "max" : 0,
          "mean" : 0.000000,
          "stddev" : 0.000000,
          "N" : 0
        }
      },
      "job_runtime" : 5046,
      "usr_cpu" : 1.981768,
      "sys_cpu" : 2.853746,
      "ctx" : 32970,
      "majf" : 0,
      "minf" : 7,
      "iodepth_level" : {
        "1" : 0.100000,
        "2" : 0.100000,
        "4" : 0.100000,
        "8" : 0.100000,
        "16" : 99.954906,
        "32" : 0.000000,
        ">=64" : 0.000000
      },
      "iodepth_submit" : {
        "0" : 0.000000,
        "4" : 100.000000,
        "8" : 0.000000,
        "16" : 0.000000,
        "32" : 0.000000,
        "64" : 0.000000,
        ">=64" : 0.000000
      },
      "iodepth_complete" : {
        "0" : 0.000000,
        "4" : 99.996992,
        "8" : 0.000000,
        "16" : 0.100000,
        "32" : 0.000000,
        "64" : 0.000000,
        ">=64" : 0.000000
      },
      "latency_ns" : {
        "2" : 0.000000,
        "4" : 0.000000,
        "10" : 0.000000,
        "20" : 0.000000,
        "50" : 0.000000,
        "100" : 0.000000,
        "250" : 0.000000,
        "500" : 0.000000,
        "750" : 0.000000,
        "1000" : 0.000000
      },
      "latency_us" : {
        "2" : 0.000000,
        "4" : 0.000000,
        "10" : 0.000000,
        "20" : 0.000000,
        "50" : 0.000000,
        "100" : 0.000000,
        "250" : 0.000000,
        "500" : 20.502646,
        "750" : 19.883357,
        "1000" : 2.537278
      },
      "latency_ms" : {
        "2" : 6.246994,
        "4" : 35.200216,
        "10" : 14.387927,
        "20" : 0.493025,
        "50" : 0.736532,
        "100" : 0.012025,
        "250" : 0.000000,
        "500" : 0.000000,
        "750" : 0.000000,
        "1000" : 0.000000,
        "2000" : 0.000000,
        ">=2000" : 0.000000
      },
      "latency_depth" : 16,
      "latency_target" : 0,
      "latency_target_ns" : 0,
      "latency_percentile" : 100.000000,
      "latency_window" : 0,
      "latency_window_us" : 0
    }
  ],
  "disk_util" : [
    {
      "name" : "nvme2n1",
      "read_ios" : 48,
      "write_ios" : 32999,
      "read_sectors" : 2088,
      "write_sectors" : 16895488,
      "read_merges" : 0,
      "write_merges" : 0,
      "read_ticks" : 2,
      "write_ticks" : 77879,
      "in_queue" : 77880,
      "util" : 98.138883
    }
  ]
}
