{
  "fio version" : "fio-3.36",
  "timestamp" : 1781330286,
  "timestamp_ms" : 1781330286338,
  "time" : "Sat Jun 13 05:58:06 2026",
  "jobs" : [
    {
      "jobname" : "sequentialwrite_256k_1",
      "groupid" : 0,
      "job_start" : 1781330281319,
      "error" : 0,
      "eta" : 0,
      "elapsed" : 6,
      "job options" : {
        "name" : "sequentialwrite_256k_1",
        "filename" : "/dev/nvme3n1",
        "ioengine" : "io_uring",
        "direct" : "1",
        "rw" : "write",
        "bs" : "256k",
        "iodepth" : "1",
        "size" : "3G",
        "runtime" : "5"
      },
      "read" : {
        "io_bytes" : 0,
        "io_kbytes" : 0,
        "bw_bytes" : 0,
        "bw" : 0,
        "iops" : 0.000000,
        "runtime" : 0,
        "total_ios" : 0,
        "short_ios" : 0,
        "drop_ios" : 0,
        "slat_ns" : {
          "min" : 0,
          "max" : 0,
          "mean" : 0.000000,
          "stddev" : 0.000000,
          "N" : 0
        },
        "clat_ns" : {
          "min" : 0,
          "max" : 0,
          "mean" : 0.000000,
          "stddev" : 0.000000,
          "N" : 0
        },
        "lat_ns" : {
          "min" : 0,
          "max" : 0,
          "mean" : 0.000000,
          "stddev" : 0.000000,
          "N" : 0
        },
        "bw_min" : 0,
        "bw_max" : 0,
        "bw_agg" : 0.000000,
        "bw_mean" : 0.000000,
        "bw_dev" : 0.000000,
        "bw_samples" : 0,
        "iops_min" : 0,
        "iops_max" : 0,
        "iops_mean" : 0.000000,
        "iops_stddev" : 0.000000,
        "iops_samples" : 0
      },
      "write" : {
        "io_bytes" : 3368288256,
        "io_kbytes" : 3289344,
        "bw_bytes" : 673522946,
        "bw" : 657737,
        "iops" : 2569.286143,
        "runtime" : 5001,
        "total_ios" : 12849,
        "short_ios" : 0,
        "drop_ios" : 0,
        "slat_ns" : {
          "min" : 4540,
          "max" : 57399,
          "mean" : 6208.232625,
          "stddev" : 2326.874833,
          "N" : 12849
        },
        "clat_ns" : {
          "min" : 311768,
          "max" : 3608033,
          "mean" : 382715.723947,
          "stddev" : 149502.008716,
          "N" : 12849,
          "percentile" : {
            "1.000000" : 333824,
            "5.000000" : 333824,
            "10.000000" : 333824,
            "20.000000" : 333824,
            "30.000000" : 333824,
            "40.000000" : 333824,
            "50.000000" : 333824,
            "60.000000" : 333824,
            "70.000000" : 333824,
            "80.000000" : 477184,
            "90.000000" : 522240,
            "95.000000" : 528384,
            "99.000000" : 528384,
            "99.500000" : 536576,
            "99.900000" : 2867200,
            "99.950000" : 3391488,
            "99.990000" : 3522560
          }
        },
        "lat_ns" : {
          "min" : 338416,
          "max" : 3616834,
          "mean" : 388923.956572,
          "stddev" : 149707.112308,
          "N" : 12849
        },
        "bw_min" : 593408,
        "bw_max" : 670720,
        "bw_agg" : 99.837435,
        "bw_mean" : 656668.444444,
        "bw_dev" : 27133.718982,
        "bw_samples" : 9,
        "iops_min" : 2318,
        "iops_max" : 2620,
        "iops_mean" : 2565.111111,
        "iops_stddev" : 105.991090,
        "iops_samples" : 9
      },
      "trim" : {
        "io_bytes" : 0,
        "io_kbytes" : 0,
        "bw_bytes" : 0,
        "bw" : 0,
        "iops" : 0.000000,
        "runtime" : 0,
        "total_ios" : 0,
        "short_ios" : 0,
        "drop_ios" : 0,
        "slat_ns" : {
          "min" : 0,
          "max" : 0,
          "mean" : 0.000000,
          "stddev" : 0.000000,
          "N" : 0
        },
        "clat_ns" : {
          "min" : 0,
          "max" : 0,
          "mean" : 0.000000,
          "stddev" : 0.000000,
          "N" : 0
        },
        "lat_ns" : {
          "min" : 0,
          "max" : 0,
          "mean" : 0.000000,
          "stddev" : 0.000000,
          "N" : 0
        },
        "bw_min" : 0,
        "bw_max" : 0,
        "bw_agg" : 0.000000,
        "bw_mean" : 0.000000,
        "bw_dev" : 0.000000,
        "bw_samples" : 0,
        "iops_min" : 0,
        "iops_max" : 0,
        "iops_mean" : 0.000000,
        "iops_stddev" : 0.000000,
        "iops_samples" : 0
      },
      "sync" : {
        "total_ios" : 0,
        "lat_ns" : {
          "min" : 0,
          "max" : 0,
          "mean" : 0.000000,
          "stddev" : 0.000000,
          "N" : 0
        }
      },
      "job_runtime" : 5000,
      "usr_cpu" : 0.660000,
      "sys_cpu" : 1.400000,
      "ctx" : 12856,
      "majf" : 0,
      "minf" : 8,
      "iodepth_level" : {
        "1" : 100.000000,
        "2" : 0.000000,
        "4" : 0.000000,
        "8" : 0.000000,
        "16" : 0.000000,
        "32" : 0.000000,
        ">=64" : 0.000000
      },
      "iodepth_submit" : {
        "0" : 0.000000,
        "4" : 100.000000,
        "8" : 0.000000,
        "16" : 0.000000,
        "32" : 0.000000,
        "64" : 0.000000,
        ">=64" : 0.000000
      },
      "iodepth_complete" : {
        "0" : 0.000000,
        "4" : 100.000000,
        "8" : 0.000000,
        "16" : 0.000000,
        "32" : 0.000000,
        "64" : 0.000000,
        ">=64" : 0.000000
      },
      "latency_ns" : {
        "2" : 0.000000,
        "4" : 0.000000,
        "10" : 0.000000,
        "20" : 0.000000,
        "50" : 0.000000,
        "100" : 0.000000,
        "250" : 0.000000,
        "500" : 0.000000,
        "750" : 0.000000,
        "1000" : 0.000000
      },
      "latency_us" : {
        "2" : 0.000000,
        "4" : 0.000000,
        "10" : 0.000000,
        "20" : 0.000000,
        "50" : 0.000000,
        "100" : 0.000000,
        "250" : 0.000000,
        "500" : 87.228578,
        "750" : 12.467896,
        "1000" : 0.000000
      },
      "latency_ms" : {
        "2" : 0.046696,
        "4" : 0.256829,
        "10" : 0.000000,
        "20" : 0.000000,
        "50" : 0.000000,
        "100" : 0.000000,
        "250" : 0.000000,
        "500" : 0.000000,
        "750" : 0.000000,
        "1000" : 0.000000,
        "2000" : 0.000000,
        ">=2000" : 0.000000
      },
      "latency_depth" : 1,
      "latency_target" : 0,
      "latency_percentile" : 100.000000,
      "latency_window" : 0
    }
  ],
  "disk_util" : [
    {
      "name" : "nvme3n1",
      "read_ios" : 48,
      "write_ios" : 12580,
      "read_sectors" : 2088,
      "write_sectors" : 6440960,
      "read_merges" : 0,
      "write_merges" : 0,
      "read_ticks" : 2,
      "write_ticks" : 4819,
      "in_queue" : 4821,
      "util" : 98.138883
    }
  ]
}
