{
  "fio version" : "fio-3.36",
  "timestamp" : 1781330307,
  "timestamp_ms" : 1781330307415,
  "time" : "Sat Jun 13 05:58:27 2026",
  "jobs" : [
    {
      "jobname" : "sequentialwrite_256k_16",
      "groupid" : 0,
      "job_start" : 1781330302375,
      "error" : 0,
      "eta" : 0,
      "elapsed" : 6,
      "job options" : {
        "name" : "sequentialwrite_256k_16",
        "filename" : "/dev/nvme3n1",
        "ioengine" : "io_uring",
        "direct" : "1",
        "rw" : "write",
        "bs" : "256k",
        "iodepth" : "16",
        "size" : "3G",
        "runtime" : "5"
      },
      "read" : {
        "io_bytes" : 0,
        "io_kbytes" : 0,
        "bw_bytes" : 0,
        "bw" : 0,
        "iops" : 0.000000,
        "runtime" : 0,
        "total_ios" : 0,
        "short_ios" : 0,
        "drop_ios" : 0,
        "slat_ns" : {
          "min" : 0,
          "max" : 0,
          "mean" : 0.000000,
          "stddev" : 0.000000,
          "N" : 0
        },
        "clat_ns" : {
          "min" : 0,
          "max" : 0,
          "mean" : 0.000000,
          "stddev" : 0.000000,
          "N" : 0
        },
        "lat_ns" : {
          "min" : 0,
          "max" : 0,
          "mean" : 0.000000,
          "stddev" : 0.000000,
          "N" : 0
        },
        "bw_min" : 0,
        "bw_max" : 0,
        "bw_agg" : 0.000000,
        "bw_mean" : 0.000000,
        "bw_dev" : 0.000000,
        "bw_samples" : 0,
        "iops_min" : 0,
        "iops_max" : 0,
        "iops_mean" : 0.000000,
        "iops_stddev" : 0.000000,
        "iops_samples" : 0
      },
      "write" : {
        "io_bytes" : 8863088640,
        "io_kbytes" : 8655360,
        "bw_bytes" : 1763447799,
        "bw" : 1722116,
        "iops" : 6727.019499,
        "runtime" : 5026,
        "total_ios" : 33810,
        "short_ios" : 0,
        "drop_ios" : 0,
        "slat_ns" : {
          "min" : 4047,
          "max" : 74010,
          "mean" : 5736.112452,
          "stddev" : 1583.267447,
          "N" : 33810
        },
        "clat_ns" : {
          "min" : 334942,
          "max" : 42356230,
          "mean" : 2371530.266844,
          "stddev" : 2762070.344009,
          "N" : 33810,
          "percentile" : {
            "1.000000" : 333824,
            "5.000000" : 346112,
            "10.000000" : 395264,
            "20.000000" : 518144,
            "30.000000" : 626688,
            "40.000000" : 798720,
            "50.000000" : 2211840,
            "60.000000" : 3162112,
            "70.000000" : 3325952,
            "80.000000" : 3751936,
            "90.000000" : 4227072,
            "95.000000" : 4489216,
            "99.000000" : 12124160,
            "99.500000" : 19267584,
            "99.900000" : 35913728,
            "99.950000" : 39583744,
            "99.990000" : 42205184
          }
        },
        "lat_ns" : {
          "min" : 339693,
          "max" : 42361198,
          "mean" : 2377266.379296,
          "stddev" : 2762380.269555,
          "N" : 33810
        },
        "bw_min" : 1587712,
        "bw_max" : 1890304,
        "bw_agg" : 100.000000,
        "bw_mean" : 1730304.000000,
        "bw_dev" : 109873.617385,
        "bw_samples" : 10,
        "iops_min" : 6202,
        "iops_max" : 7384,
        "iops_mean" : 6759.000000,
        "iops_stddev" : 429.193818,
        "iops_samples" : 10
      },
      "trim" : {
        "io_bytes" : 0,
        "io_kbytes" : 0,
        "bw_bytes" : 0,
        "bw" : 0,
        "iops" : 0.000000,
        "runtime" : 0,
        "total_ios" : 0,
        "short_ios" : 0,
        "drop_ios" : 0,
        "slat_ns" : {
          "min" : 0,
          "max" : 0,
          "mean" : 0.000000,
          "stddev" : 0.000000,
          "N" : 0
        },
        "clat_ns" : {
          "min" : 0,
          "max" : 0,
          "mean" : 0.000000,
          "stddev" : 0.000000,
          "N" : 0
        },
        "lat_ns" : {
          "min" : 0,
          "max" : 0,
          "mean" : 0.000000,
          "stddev" : 0.000000,
          "N" : 0
        },
        "bw_min" : 0,
        "bw_max" : 0,
        "bw_agg" : 0.000000,
        "bw_mean" : 0.000000,
        "bw_dev" : 0.000000,
        "bw_samples" : 0,
        "iops_min" : 0,
        "iops_max" : 0,
        "iops_mean" : 0.000000,
        "iops_stddev" : 0.000000,
        "iops_samples" : 0
      },
      "sync" : {
        "total_ios" : 0,
        "lat_ns" : {
          "min" : 0,
          "max" : 0,
          "mean" : 0.000000,
          "stddev" : 0.000000,
          "N" : 0
        }
      },
      "job_runtime" : 5025,
      "usr_cpu" : 2.228856,
      "sys_cpu" : 2.786070,
      "ctx" : 33554,
      "majf" : 0,
      "minf" : 9,
      "iodepth_level" : {
        "1" : 0.100000,
        "2" : 0.100000,
        "4" : 0.100000,
        "8" : 0.100000,
        "16" : 99.955634,
        "32" : 0.000000,
        ">=64" : 0.000000
      },
      "iodepth_submit" : {
        "0" : 0.000000,
        "4" : 100.000000,
        "8" : 0.000000,
        "16" : 0.000000,
        "32" : 0.000000,
        "64" : 0.000000,
        ">=64" : 0.000000
      },
      "iodepth_complete" : {
        "0" : 0.000000,
        "4" : 99.997041,
        "8" : 0.000000,
        "16" : 0.100000,
        "32" : 0.000000,
        "64" : 0.000000,
        ">=64" : 0.000000
      },
      "latency_ns" : {
        "2" : 0.000000,
        "4" : 0.000000,
        "10" : 0.000000,
        "20" : 0.000000,
        "50" : 0.000000,
        "100" : 0.000000,
        "250" : 0.000000,
        "500" : 0.000000,
        "750" : 0.000000,
        "1000" : 0.000000
      },
      "latency_us" : {
        "2" : 0.000000,
        "4" : 0.000000,
        "10" : 0.000000,
        "20" : 0.000000,
        "50" : 0.000000,
        "100" : 0.000000,
        "250" : 0.000000,
        "500" : 19.103815,
        "750" : 19.825495,
        "1000" : 3.161786
      },
      "latency_ms" : {
        "2" : 6.149068,
        "4" : 38.015380,
        "10" : 12.543626,
        "20" : 0.724638,
        "50" : 0.476190,
        "100" : 0.000000,
        "250" : 0.000000,
        "500" : 0.000000,
        "750" : 0.000000,
        "1000" : 0.000000,
        "2000" : 0.000000,
        ">=2000" : 0.000000
      },
      "latency_depth" : 16,
      "latency_target" : 0,
      "latency_percentile" : 100.000000,
      "latency_window" : 0
    }
  ],
  "disk_util" : [
    {
      "name" : "nvme3n1",
      "read_ios" : 48,
      "write_ios" : 33071,
      "read_sectors" : 2088,
      "write_sectors" : 16932352,
      "read_merges" : 0,
      "write_merges" : 0,
      "read_ticks" : 2,
      "write_ticks" : 78131,
      "in_queue" : 78132,
      "util" : 98.138883
    }
  ]
}
