{
  "fio version" : "fio-3.42-31-g6a66",
  "timestamp" : 1781280978,
  "timestamp_ms" : 1781280978152,
  "time" : "Fri Jun 12 16:16:18 2026",
  "jobs" : [
    {
      "jobname" : "sequentialwrite_256k_128",
      "groupid" : 0,
      "job_start" : 1781280973011,
      "error" : 0,
      "eta" : 0,
      "elapsed" : 6,
      "job options" : {
        "name" : "sequentialwrite_256k_128",
        "filename" : "/dev/nvme2n1",
        "ioengine" : "io_uring",
        "direct" : "1",
        "group_reporting" : "",
        "rw" : "write",
        "bs" : "256k",
        "iodepth" : "128",
        "size" : "3G",
        "time_based" : "",
        "runtime" : "5"
      },
      "read" : {
        "io_bytes" : 0,
        "io_kbytes" : 0,
        "bw_bytes" : 0,
        "bw" : 0,
        "iops" : 0.000000,
        "runtime" : 0,
        "total_ios" : 0,
        "short_ios" : 0,
        "drop_ios" : 0,
        "slat_ns" : {
          "min" : 0,
          "max" : 0,
          "mean" : 0.000000,
          "stddev" : 0.000000,
          "N" : 0
        },
        "clat_ns" : {
          "min" : 0,
          "max" : 0,
          "mean" : 0.000000,
          "stddev" : 0.000000,
          "N" : 0
        },
        "lat_ns" : {
          "min" : 0,
          "max" : 0,
          "mean" : 0.000000,
          "stddev" : 0.000000,
          "N" : 0
        },
        "bw_min" : 0,
        "bw_max" : 0,
        "bw_agg" : 0.000000,
        "bw_mean" : 0.000000,
        "bw_dev" : 0.000000,
        "bw_samples" : 0,
        "iops_min" : 0,
        "iops_max" : 0,
        "iops_mean" : 0.000000,
        "iops_stddev" : 0.000000,
        "iops_samples" : 0
      },
      "write" : {
        "io_bytes" : 8365015040,
        "io_kbytes" : 8168960,
        "bw_bytes" : 1667001801,
        "bw" : 1627931,
        "iops" : 6359.107214,
        "runtime" : 5018,
        "total_ios" : 31910,
        "short_ios" : 0,
        "drop_ios" : 0,
        "slat_ns" : {
          "min" : 3504,
          "max" : 37812,
          "mean" : 7741.008775,
          "stddev" : 2182.553740,
          "N" : 31910
        },
        "clat_ns" : {
          "min" : 571607,
          "max" : 149573859,
          "mean" : 20115029.245472,
          "stddev" : 16645870.786148,
          "N" : 31910,
          "percentile" : {
            "1.000000" : 1253376,
            "5.000000" : 1449984,
            "10.000000" : 2703360,
            "20.000000" : 7503872,
            "30.000000" : 11206656,
            "40.000000" : 13959168,
            "50.000000" : 18219008,
            "60.000000" : 21102592,
            "70.000000" : 25034752,
            "80.000000" : 29491200,
            "90.000000" : 32636928,
            "95.000000" : 46923776,
            "99.000000" : 87556096,
            "99.500000" : 125304832,
            "99.900000" : 139460608,
            "99.950000" : 143654912,
            "99.990000" : 145752064
          }
        },
        "lat_ns" : {
          "min" : 586884,
          "max" : 149583143,
          "mean" : 20122770.254246,
          "stddev" : 16646230.991039,
          "N" : 31910
        },
        "bw_min" : 1289728,
        "bw_max" : 1990656,
        "bw_agg" : 99.960536,
        "bw_mean" : 1627289.600000,
        "bw_dev" : 231143.167265,
        "bw_samples" : 10,
        "iops_min" : 5038,
        "iops_max" : 7776,
        "iops_mean" : 6356.600000,
        "iops_stddev" : 902.902997,
        "iops_samples" : 10
      },
      "trim" : {
        "io_bytes" : 0,
        "io_kbytes" : 0,
        "bw_bytes" : 0,
        "bw" : 0,
        "iops" : 0.000000,
        "runtime" : 0,
        "total_ios" : 0,
        "short_ios" : 0,
        "drop_ios" : 0,
        "slat_ns" : {
          "min" : 0,
          "max" : 0,
          "mean" : 0.000000,
          "stddev" : 0.000000,
          "N" : 0
        },
        "clat_ns" : {
          "min" : 0,
          "max" : 0,
          "mean" : 0.000000,
          "stddev" : 0.000000,
          "N" : 0
        },
        "lat_ns" : {
          "min" : 0,
          "max" : 0,
          "mean" : 0.000000,
          "stddev" : 0.000000,
          "N" : 0
        },
        "bw_min" : 0,
        "bw_max" : 0,
        "bw_agg" : 0.000000,
        "bw_mean" : 0.000000,
        "bw_dev" : 0.000000,
        "bw_samples" : 0,
        "iops_min" : 0,
        "iops_max" : 0,
        "iops_mean" : 0.000000,
        "iops_stddev" : 0.000000,
        "iops_samples" : 0
      },
      "sync" : {
        "total_ios" : 0,
        "lat_ns" : {
          "min" : 0,
          "max" : 0,
          "mean" : 0.000000,
          "stddev" : 0.000000,
          "N" : 0
        }
      },
      "job_runtime" : 5017,
      "usr_cpu" : 3.986446,
      "sys_cpu" : 2.710783,
      "ctx" : 27911,
      "majf" : 0,
      "minf" : 8,
      "iodepth_level" : {
        "1" : 0.100000,
        "2" : 0.100000,
        "4" : 0.100000,
        "8" : 0.100000,
        "16" : 0.100000,
        "32" : 0.100282,
        ">=64" : 99.802570
      },
      "iodepth_submit" : {
        "0" : 0.000000,
        "4" : 100.000000,
        "8" : 0.000000,
        "16" : 0.000000,
        "32" : 0.000000,
        "64" : 0.000000,
        ">=64" : 0.000000
      },
      "iodepth_complete" : {
        "0" : 0.000000,
        "4" : 99.996854,
        "8" : 0.000000,
        "16" : 0.000000,
        "32" : 0.000000,
        "64" : 0.000000,
        ">=64" : 0.100000
      },
      "latency_ns" : {
        "2" : 0.000000,
        "4" : 0.000000,
        "10" : 0.000000,
        "20" : 0.000000,
        "50" : 0.000000,
        "100" : 0.000000,
        "250" : 0.000000,
        "500" : 0.000000,
        "750" : 0.000000,
        "1000" : 0.000000
      },
      "latency_us" : {
        "2" : 0.000000,
        "4" : 0.000000,
        "10" : 0.000000,
        "20" : 0.000000,
        "50" : 0.000000,
        "100" : 0.000000,
        "250" : 0.000000,
        "500" : 0.000000,
        "750" : 0.010000,
        "1000" : 0.015669
      },
      "latency_ms" : {
        "2" : 8.708869,
        "4" : 3.165152,
        "10" : 14.669383,
        "20" : 29.523660,
        "50" : 39.827640,
        "100" : 3.350047,
        "250" : 0.733312,
        "500" : 0.000000,
        "750" : 0.000000,
        "1000" : 0.000000,
        "2000" : 0.000000,
        ">=2000" : 0.000000
      },
      "latency_depth" : 128,
      "latency_target" : 0,
      "latency_target_ns" : 0,
      "latency_percentile" : 100.000000,
      "latency_window" : 0,
      "latency_window_us" : 0
    }
  ],
  "disk_util" : [
    {
      "name" : "nvme2n1",
      "read_ios" : 48,
      "write_ios" : 31670,
      "read_sectors" : 2088,
      "write_sectors" : 16215040,
      "read_merges" : 0,
      "write_merges" : 0,
      "read_ticks" : 2,
      "write_ticks" : 621504,
      "in_queue" : 621507,
      "util" : 98.018018
    }
  ]
}
