{
  "fio version" : "fio-3.36",
  "timestamp" : 1781330312,
  "timestamp_ms" : 1781330312681,
  "time" : "Sat Jun 13 05:58:32 2026",
  "jobs" : [
    {
      "jobname" : "sequentialwrite_256k_32",
      "groupid" : 0,
      "job_start" : 1781330307662,
      "error" : 0,
      "eta" : 0,
      "elapsed" : 6,
      "job options" : {
        "name" : "sequentialwrite_256k_32",
        "filename" : "/dev/nvme3n1",
        "ioengine" : "io_uring",
        "direct" : "1",
        "rw" : "write",
        "bs" : "256k",
        "iodepth" : "32",
        "size" : "3G",
        "runtime" : "5"
      },
      "read" : {
        "io_bytes" : 0,
        "io_kbytes" : 0,
        "bw_bytes" : 0,
        "bw" : 0,
        "iops" : 0.000000,
        "runtime" : 0,
        "total_ios" : 0,
        "short_ios" : 0,
        "drop_ios" : 0,
        "slat_ns" : {
          "min" : 0,
          "max" : 0,
          "mean" : 0.000000,
          "stddev" : 0.000000,
          "N" : 0
        },
        "clat_ns" : {
          "min" : 0,
          "max" : 0,
          "mean" : 0.000000,
          "stddev" : 0.000000,
          "N" : 0
        },
        "lat_ns" : {
          "min" : 0,
          "max" : 0,
          "mean" : 0.000000,
          "stddev" : 0.000000,
          "N" : 0
        },
        "bw_min" : 0,
        "bw_max" : 0,
        "bw_agg" : 0.000000,
        "bw_mean" : 0.000000,
        "bw_dev" : 0.000000,
        "bw_samples" : 0,
        "iops_min" : 0,
        "iops_max" : 0,
        "iops_mean" : 0.000000,
        "iops_stddev" : 0.000000,
        "iops_samples" : 0
      },
      "write" : {
        "io_bytes" : 9490661376,
        "io_kbytes" : 9268224,
        "bw_bytes" : 1894721776,
        "bw" : 1850314,
        "iops" : 7227.789978,
        "runtime" : 5009,
        "total_ios" : 36204,
        "short_ios" : 0,
        "drop_ios" : 0,
        "slat_ns" : {
          "min" : 4028,
          "max" : 86948,
          "mean" : 6116.707270,
          "stddev" : 1338.750970,
          "N" : 36204
        },
        "clat_ns" : {
          "min" : 331750,
          "max" : 44946916,
          "mean" : 4419813.480858,
          "stddev" : 3981681.074941,
          "N" : 36204,
          "percentile" : {
            "1.000000" : 342016,
            "5.000000" : 358400,
            "10.000000" : 387072,
            "20.000000" : 440320,
            "30.000000" : 444416,
            "40.000000" : 962560,
            "50.000000" : 4292608,
            "60.000000" : 7045120,
            "70.000000" : 7503872,
            "80.000000" : 8093696,
            "90.000000" : 8585216,
            "95.000000" : 9109504,
            "99.000000" : 13565952,
            "99.500000" : 16318464,
            "99.900000" : 39059456,
            "99.950000" : 43253760,
            "99.990000" : 44302336
          }
        },
        "lat_ns" : {
          "min" : 341737,
          "max" : 44952487,
          "mean" : 4425930.188128,
          "stddev" : 3981770.386847,
          "N" : 36204
        },
        "bw_min" : 1515520,
        "bw_max" : 1945088,
        "bw_agg" : 100.000000,
        "bw_mean" : 1852057.600000,
        "bw_dev" : 122550.800513,
        "bw_samples" : 10,
        "iops_min" : 5920,
        "iops_max" : 7598,
        "iops_mean" : 7234.600000,
        "iops_stddev" : 478.714065,
        "iops_samples" : 10
      },
      "trim" : {
        "io_bytes" : 0,
        "io_kbytes" : 0,
        "bw_bytes" : 0,
        "bw" : 0,
        "iops" : 0.000000,
        "runtime" : 0,
        "total_ios" : 0,
        "short_ios" : 0,
        "drop_ios" : 0,
        "slat_ns" : {
          "min" : 0,
          "max" : 0,
          "mean" : 0.000000,
          "stddev" : 0.000000,
          "N" : 0
        },
        "clat_ns" : {
          "min" : 0,
          "max" : 0,
          "mean" : 0.000000,
          "stddev" : 0.000000,
          "N" : 0
        },
        "lat_ns" : {
          "min" : 0,
          "max" : 0,
          "mean" : 0.000000,
          "stddev" : 0.000000,
          "N" : 0
        },
        "bw_min" : 0,
        "bw_max" : 0,
        "bw_agg" : 0.000000,
        "bw_mean" : 0.000000,
        "bw_dev" : 0.000000,
        "bw_samples" : 0,
        "iops_min" : 0,
        "iops_max" : 0,
        "iops_mean" : 0.000000,
        "iops_stddev" : 0.000000,
        "iops_samples" : 0
      },
      "sync" : {
        "total_ios" : 0,
        "lat_ns" : {
          "min" : 0,
          "max" : 0,
          "mean" : 0.000000,
          "stddev" : 0.000000,
          "N" : 0
        }
      },
      "job_runtime" : 5008,
      "usr_cpu" : 2.615815,
      "sys_cpu" : 3.035144,
      "ctx" : 35906,
      "majf" : 0,
      "minf" : 10,
      "iodepth_level" : {
        "1" : 0.100000,
        "2" : 0.100000,
        "4" : 0.100000,
        "8" : 0.100000,
        "16" : 0.100000,
        "32" : 99.914374,
        ">=64" : 0.000000
      },
      "iodepth_submit" : {
        "0" : 0.000000,
        "4" : 100.000000,
        "8" : 0.000000,
        "16" : 0.000000,
        "32" : 0.000000,
        "64" : 0.000000,
        ">=64" : 0.000000
      },
      "iodepth_complete" : {
        "0" : 0.000000,
        "4" : 99.997236,
        "8" : 0.000000,
        "16" : 0.000000,
        "32" : 0.100000,
        "64" : 0.000000,
        ">=64" : 0.000000
      },
      "latency_ns" : {
        "2" : 0.000000,
        "4" : 0.000000,
        "10" : 0.000000,
        "20" : 0.000000,
        "50" : 0.000000,
        "100" : 0.000000,
        "250" : 0.000000,
        "500" : 0.000000,
        "750" : 0.000000,
        "1000" : 0.000000
      },
      "latency_us" : {
        "2" : 0.000000,
        "4" : 0.000000,
        "10" : 0.000000,
        "20" : 0.000000,
        "50" : 0.000000,
        "100" : 0.000000,
        "250" : 0.000000,
        "500" : 34.672964,
        "750" : 4.756381,
        "1000" : 0.624240
      },
      "latency_ms" : {
        "2" : 2.303613,
        "4" : 6.612529,
        "10" : 49.370235,
        "20" : 1.458402,
        "50" : 0.201635,
        "100" : 0.000000,
        "250" : 0.000000,
        "500" : 0.000000,
        "750" : 0.000000,
        "1000" : 0.000000,
        "2000" : 0.000000,
        ">=2000" : 0.000000
      },
      "latency_depth" : 32,
      "latency_target" : 0,
      "latency_percentile" : 100.000000,
      "latency_window" : 0
    }
  ],
  "disk_util" : [
    {
      "name" : "nvme3n1",
      "read_ios" : 48,
      "write_ios" : 35382,
      "read_sectors" : 2088,
      "write_sectors" : 18115584,
      "read_merges" : 0,
      "write_merges" : 0,
      "read_ticks" : 2,
      "write_ticks" : 156335,
      "in_queue" : 156337,
      "util" : 98.138883
    }
  ]
}
