{
  "fio version" : "fio-3.36",
  "timestamp" : 1781330291,
  "timestamp_ms" : 1781330291601,
  "time" : "Sat Jun 13 05:58:11 2026",
  "jobs" : [
    {
      "jobname" : "sequentialwrite_256k_2",
      "groupid" : 0,
      "job_start" : 1781330286583,
      "error" : 0,
      "eta" : 0,
      "elapsed" : 6,
      "job options" : {
        "name" : "sequentialwrite_256k_2",
        "filename" : "/dev/nvme3n1",
        "ioengine" : "io_uring",
        "direct" : "1",
        "rw" : "write",
        "bs" : "256k",
        "iodepth" : "2",
        "size" : "3G",
        "runtime" : "5"
      },
      "read" : {
        "io_bytes" : 0,
        "io_kbytes" : 0,
        "bw_bytes" : 0,
        "bw" : 0,
        "iops" : 0.000000,
        "runtime" : 0,
        "total_ios" : 0,
        "short_ios" : 0,
        "drop_ios" : 0,
        "slat_ns" : {
          "min" : 0,
          "max" : 0,
          "mean" : 0.000000,
          "stddev" : 0.000000,
          "N" : 0
        },
        "clat_ns" : {
          "min" : 0,
          "max" : 0,
          "mean" : 0.000000,
          "stddev" : 0.000000,
          "N" : 0
        },
        "lat_ns" : {
          "min" : 0,
          "max" : 0,
          "mean" : 0.000000,
          "stddev" : 0.000000,
          "N" : 0
        },
        "bw_min" : 0,
        "bw_max" : 0,
        "bw_agg" : 0.000000,
        "bw_mean" : 0.000000,
        "bw_dev" : 0.000000,
        "bw_samples" : 0,
        "iops_min" : 0,
        "iops_max" : 0,
        "iops_mean" : 0.000000,
        "iops_stddev" : 0.000000,
        "iops_samples" : 0
      },
      "write" : {
        "io_bytes" : 6158286848,
        "io_kbytes" : 6013952,
        "bw_bytes" : 1231411087,
        "bw" : 1202549,
        "iops" : 4697.460508,
        "runtime" : 5001,
        "total_ios" : 23492,
        "short_ios" : 0,
        "drop_ios" : 0,
        "slat_ns" : {
          "min" : 4584,
          "max" : 108824,
          "mean" : 6174.782266,
          "stddev" : 1591.537749,
          "N" : 23492
        },
        "clat_ns" : {
          "min" : 332545,
          "max" : 6231847,
          "mean" : 419305.867742,
          "stddev" : 303402.792847,
          "N" : 23492,
          "percentile" : {
            "1.000000" : 333824,
            "5.000000" : 333824,
            "10.000000" : 333824,
            "20.000000" : 333824,
            "30.000000" : 337920,
            "40.000000" : 342016,
            "50.000000" : 366592,
            "60.000000" : 374784,
            "70.000000" : 473088,
            "80.000000" : 477184,
            "90.000000" : 522240,
            "95.000000" : 528384,
            "99.000000" : 528384,
            "99.500000" : 1581056,
            "99.900000" : 5865472,
            "99.950000" : 5996544,
            "99.990000" : 6062080
          }
        },
        "lat_ns" : {
          "min" : 338583,
          "max" : 6240414,
          "mean" : 425480.650009,
          "stddev" : 303954.437474,
          "N" : 23492
        },
        "bw_min" : 1067008,
        "bw_max" : 1264640,
        "bw_agg" : 99.524187,
        "bw_mean" : 1196828.444444,
        "bw_dev" : 76312.956395,
        "bw_samples" : 9,
        "iops_min" : 4168,
        "iops_max" : 4940,
        "iops_mean" : 4675.111111,
        "iops_stddev" : 298.097486,
        "iops_samples" : 9
      },
      "trim" : {
        "io_bytes" : 0,
        "io_kbytes" : 0,
        "bw_bytes" : 0,
        "bw" : 0,
        "iops" : 0.000000,
        "runtime" : 0,
        "total_ios" : 0,
        "short_ios" : 0,
        "drop_ios" : 0,
        "slat_ns" : {
          "min" : 0,
          "max" : 0,
          "mean" : 0.000000,
          "stddev" : 0.000000,
          "N" : 0
        },
        "clat_ns" : {
          "min" : 0,
          "max" : 0,
          "mean" : 0.000000,
          "stddev" : 0.000000,
          "N" : 0
        },
        "lat_ns" : {
          "min" : 0,
          "max" : 0,
          "mean" : 0.000000,
          "stddev" : 0.000000,
          "N" : 0
        },
        "bw_min" : 0,
        "bw_max" : 0,
        "bw_agg" : 0.000000,
        "bw_mean" : 0.000000,
        "bw_dev" : 0.000000,
        "bw_samples" : 0,
        "iops_min" : 0,
        "iops_max" : 0,
        "iops_mean" : 0.000000,
        "iops_stddev" : 0.000000,
        "iops_samples" : 0
      },
      "sync" : {
        "total_ios" : 0,
        "lat_ns" : {
          "min" : 0,
          "max" : 0,
          "mean" : 0.000000,
          "stddev" : 0.000000,
          "N" : 0
        }
      },
      "job_runtime" : 5000,
      "usr_cpu" : 1.520000,
      "sys_cpu" : 2.220000,
      "ctx" : 23445,
      "majf" : 0,
      "minf" : 10,
      "iodepth_level" : {
        "1" : 0.100000,
        "2" : 99.995743,
        "4" : 0.000000,
        "8" : 0.000000,
        "16" : 0.000000,
        "32" : 0.000000,
        ">=64" : 0.000000
      },
      "iodepth_submit" : {
        "0" : 0.000000,
        "4" : 100.000000,
        "8" : 0.000000,
        "16" : 0.000000,
        "32" : 0.000000,
        "64" : 0.000000,
        ">=64" : 0.000000
      },
      "iodepth_complete" : {
        "0" : 0.000000,
        "4" : 100.000000,
        "8" : 0.000000,
        "16" : 0.000000,
        "32" : 0.000000,
        "64" : 0.000000,
        ">=64" : 0.000000
      },
      "latency_ns" : {
        "2" : 0.000000,
        "4" : 0.000000,
        "10" : 0.000000,
        "20" : 0.000000,
        "50" : 0.000000,
        "100" : 0.000000,
        "250" : 0.000000,
        "500" : 0.000000,
        "750" : 0.000000,
        "1000" : 0.000000
      },
      "latency_us" : {
        "2" : 0.000000,
        "4" : 0.000000,
        "10" : 0.000000,
        "20" : 0.000000,
        "50" : 0.000000,
        "100" : 0.000000,
        "250" : 0.000000,
        "500" : 86.731653,
        "750" : 12.697940,
        "1000" : 0.021284
      },
      "latency_ms" : {
        "2" : 0.076622,
        "4" : 0.102162,
        "10" : 0.370339,
        "20" : 0.000000,
        "50" : 0.000000,
        "100" : 0.000000,
        "250" : 0.000000,
        "500" : 0.000000,
        "750" : 0.000000,
        "1000" : 0.000000,
        "2000" : 0.000000,
        ">=2000" : 0.000000
      },
      "latency_depth" : 2,
      "latency_target" : 0,
      "latency_percentile" : 100.000000,
      "latency_window" : 0
    }
  ],
  "disk_util" : [
    {
      "name" : "nvme3n1",
      "read_ios" : 48,
      "write_ios" : 22996,
      "read_sectors" : 2088,
      "write_sectors" : 11773952,
      "read_merges" : 0,
      "write_merges" : 0,
      "read_ticks" : 2,
      "write_ticks" : 9649,
      "in_queue" : 9652,
      "util" : 98.199280
    }
  ]
}
