{
  "fio version" : "fio-3.42-31-g6a66",
  "timestamp" : 1781280972,
  "timestamp_ms" : 1781280972766,
  "time" : "Fri Jun 12 16:16:12 2026",
  "jobs" : [
    {
      "jobname" : "sequentialwrite_256k_64",
      "groupid" : 0,
      "job_start" : 1781280967621,
      "error" : 0,
      "eta" : 0,
      "elapsed" : 6,
      "job options" : {
        "name" : "sequentialwrite_256k_64",
        "filename" : "/dev/nvme2n1",
        "ioengine" : "io_uring",
        "direct" : "1",
        "group_reporting" : "",
        "rw" : "write",
        "bs" : "256k",
        "iodepth" : "64",
        "size" : "3G",
        "time_based" : "",
        "runtime" : "5"
      },
      "read" : {
        "io_bytes" : 0,
        "io_kbytes" : 0,
        "bw_bytes" : 0,
        "bw" : 0,
        "iops" : 0.000000,
        "runtime" : 0,
        "total_ios" : 0,
        "short_ios" : 0,
        "drop_ios" : 0,
        "slat_ns" : {
          "min" : 0,
          "max" : 0,
          "mean" : 0.000000,
          "stddev" : 0.000000,
          "N" : 0
        },
        "clat_ns" : {
          "min" : 0,
          "max" : 0,
          "mean" : 0.000000,
          "stddev" : 0.000000,
          "N" : 0
        },
        "lat_ns" : {
          "min" : 0,
          "max" : 0,
          "mean" : 0.000000,
          "stddev" : 0.000000,
          "N" : 0
        },
        "bw_min" : 0,
        "bw_max" : 0,
        "bw_agg" : 0.000000,
        "bw_mean" : 0.000000,
        "bw_dev" : 0.000000,
        "bw_samples" : 0,
        "iops_min" : 0,
        "iops_max" : 0,
        "iops_mean" : 0.000000,
        "iops_stddev" : 0.000000,
        "iops_samples" : 0
      },
      "write" : {
        "io_bytes" : 9507438592,
        "io_kbytes" : 9284608,
        "bw_bytes" : 1895422366,
        "bw" : 1850998,
        "iops" : 7230.462520,
        "runtime" : 5016,
        "total_ios" : 36268,
        "short_ios" : 0,
        "drop_ios" : 0,
        "slat_ns" : {
          "min" : 4136,
          "max" : 34204,
          "mean" : 6015.410031,
          "stddev" : 1468.600996,
          "N" : 36268
        },
        "clat_ns" : {
          "min" : 345343,
          "max" : 58177313,
          "mean" : 8843172.327313,
          "stddev" : 8436683.668872,
          "N" : 36268,
          "percentile" : {
            "1.000000" : 346112,
            "5.000000" : 354304,
            "10.000000" : 358400,
            "20.000000" : 481280,
            "30.000000" : 659456,
            "40.000000" : 733184,
            "50.000000" : 8978432,
            "60.000000" : 15925248,
            "70.000000" : 16318464,
            "80.000000" : 16449536,
            "90.000000" : 16711680,
            "95.000000" : 16908288,
            "99.000000" : 20578304,
            "99.500000" : 50069504,
            "99.900000" : 53215232,
            "99.950000" : 55836672,
            "99.990000" : 57933824
          }
        },
        "lat_ns" : {
          "min" : 350278,
          "max" : 58181780,
          "mean" : 8849187.737344,
          "stddev" : 8436888.111737,
          "N" : 36268
        },
        "bw_min" : 1604608,
        "bw_max" : 1966080,
        "bw_agg" : 100.000000,
        "bw_mean" : 1853696.000000,
        "bw_dev" : 135805.687696,
        "bw_samples" : 10,
        "iops_min" : 6268,
        "iops_max" : 7680,
        "iops_mean" : 7241.000000,
        "iops_stddev" : 530.490968,
        "iops_samples" : 10
      },
      "trim" : {
        "io_bytes" : 0,
        "io_kbytes" : 0,
        "bw_bytes" : 0,
        "bw" : 0,
        "iops" : 0.000000,
        "runtime" : 0,
        "total_ios" : 0,
        "short_ios" : 0,
        "drop_ios" : 0,
        "slat_ns" : {
          "min" : 0,
          "max" : 0,
          "mean" : 0.000000,
          "stddev" : 0.000000,
          "N" : 0
        },
        "clat_ns" : {
          "min" : 0,
          "max" : 0,
          "mean" : 0.000000,
          "stddev" : 0.000000,
          "N" : 0
        },
        "lat_ns" : {
          "min" : 0,
          "max" : 0,
          "mean" : 0.000000,
          "stddev" : 0.000000,
          "N" : 0
        },
        "bw_min" : 0,
        "bw_max" : 0,
        "bw_agg" : 0.000000,
        "bw_mean" : 0.000000,
        "bw_dev" : 0.000000,
        "bw_samples" : 0,
        "iops_min" : 0,
        "iops_max" : 0,
        "iops_mean" : 0.000000,
        "iops_stddev" : 0.000000,
        "iops_samples" : 0
      },
      "sync" : {
        "total_ios" : 0,
        "lat_ns" : {
          "min" : 0,
          "max" : 0,
          "mean" : 0.000000,
          "stddev" : 0.000000,
          "N" : 0
        }
      },
      "job_runtime" : 5015,
      "usr_cpu" : 3.429711,
      "sys_cpu" : 2.612164,
      "ctx" : 35494,
      "majf" : 0,
      "minf" : 9,
      "iodepth_level" : {
        "1" : 0.100000,
        "2" : 0.100000,
        "4" : 0.100000,
        "8" : 0.100000,
        "16" : 0.100000,
        "32" : 0.100000,
        ">=64" : 99.826293
      },
      "iodepth_submit" : {
        "0" : 0.000000,
        "4" : 100.000000,
        "8" : 0.000000,
        "16" : 0.000000,
        "32" : 0.000000,
        "64" : 0.000000,
        ">=64" : 0.000000
      },
      "iodepth_complete" : {
        "0" : 0.000000,
        "4" : 99.997238,
        "8" : 0.000000,
        "16" : 0.000000,
        "32" : 0.000000,
        "64" : 0.100000,
        ">=64" : 0.000000
      },
      "latency_ns" : {
        "2" : 0.000000,
        "4" : 0.000000,
        "10" : 0.000000,
        "20" : 0.000000,
        "50" : 0.000000,
        "100" : 0.000000,
        "250" : 0.000000,
        "500" : 0.000000,
        "750" : 0.000000,
        "1000" : 0.000000
      },
      "latency_us" : {
        "2" : 0.000000,
        "4" : 0.000000,
        "10" : 0.000000,
        "20" : 0.000000,
        "50" : 0.000000,
        "100" : 0.000000,
        "250" : 0.000000,
        "500" : 20.638028,
        "750" : 20.188596,
        "1000" : 2.164442
      },
      "latency_ms" : {
        "2" : 0.876806,
        "4" : 1.177346,
        "10" : 6.614647,
        "20" : 47.319951,
        "50" : 0.523878,
        "100" : 0.496305,
        "250" : 0.000000,
        "500" : 0.000000,
        "750" : 0.000000,
        "1000" : 0.000000,
        "2000" : 0.000000,
        ">=2000" : 0.000000
      },
      "latency_depth" : 64,
      "latency_target" : 0,
      "latency_target_ns" : 0,
      "latency_percentile" : 100.000000,
      "latency_window" : 0,
      "latency_window_us" : 0
    }
  ],
  "disk_util" : [
    {
      "name" : "nvme2n1",
      "read_ios" : 48,
      "write_ios" : 35938,
      "read_sectors" : 2088,
      "write_sectors" : 18400256,
      "read_merges" : 0,
      "write_merges" : 0,
      "read_ticks" : 2,
      "write_ticks" : 312412,
      "in_queue" : 312414,
      "util" : 98.238591
    }
  ]
}
