{
  "fio version" : "fio-3.42-31-g6a66",
  "timestamp" : 1781280811,
  "timestamp_ms" : 1781280811182,
  "time" : "Fri Jun 12 16:13:31 2026",
  "jobs" : [
    {
      "jobname" : "sequentialwrite_32k_8",
      "groupid" : 0,
      "job_start" : 1781280806033,
      "error" : 0,
      "eta" : 0,
      "elapsed" : 6,
      "job options" : {
        "name" : "sequentialwrite_32k_8",
        "filename" : "/dev/nvme2n1",
        "ioengine" : "io_uring",
        "direct" : "1",
        "group_reporting" : "",
        "rw" : "write",
        "bs" : "32k",
        "iodepth" : "8",
        "size" : "3G",
        "time_based" : "",
        "runtime" : "5"
      },
      "read" : {
        "io_bytes" : 0,
        "io_kbytes" : 0,
        "bw_bytes" : 0,
        "bw" : 0,
        "iops" : 0.000000,
        "runtime" : 0,
        "total_ios" : 0,
        "short_ios" : 0,
        "drop_ios" : 0,
        "slat_ns" : {
          "min" : 0,
          "max" : 0,
          "mean" : 0.000000,
          "stddev" : 0.000000,
          "N" : 0
        },
        "clat_ns" : {
          "min" : 0,
          "max" : 0,
          "mean" : 0.000000,
          "stddev" : 0.000000,
          "N" : 0
        },
        "lat_ns" : {
          "min" : 0,
          "max" : 0,
          "mean" : 0.000000,
          "stddev" : 0.000000,
          "N" : 0
        },
        "bw_min" : 0,
        "bw_max" : 0,
        "bw_agg" : 0.000000,
        "bw_mean" : 0.000000,
        "bw_dev" : 0.000000,
        "bw_samples" : 0,
        "iops_min" : 0,
        "iops_max" : 0,
        "iops_mean" : 0.000000,
        "iops_stddev" : 0.000000,
        "iops_samples" : 0
      },
      "write" : {
        "io_bytes" : 10348724224,
        "io_kbytes" : 10106176,
        "bw_bytes" : 2069330978,
        "bw" : 2020831,
        "iops" : 63150.969806,
        "runtime" : 5001,
        "total_ios" : 315818,
        "short_ios" : 0,
        "drop_ios" : 0,
        "slat_ns" : {
          "min" : 1030,
          "max" : 65541,
          "mean" : 1550.564525,
          "stddev" : 608.920056,
          "N" : 315818
        },
        "clat_ns" : {
          "min" : 16985,
          "max" : 8034391,
          "mean" : 124951.466246,
          "stddev" : 277357.146559,
          "N" : 315818,
          "percentile" : {
            "1.000000" : 20096,
            "5.000000" : 20352,
            "10.000000" : 20608,
            "20.000000" : 20864,
            "30.000000" : 21120,
            "40.000000" : 21376,
            "50.000000" : 22144,
            "60.000000" : 24960,
            "70.000000" : 29056,
            "80.000000" : 342016,
            "90.000000" : 407552,
            "95.000000" : 448512,
            "99.000000" : 514048,
            "99.500000" : 577536,
            "99.900000" : 5931008,
            "99.950000" : 6062080,
            "99.990000" : 7307264
          }
        },
        "lat_ns" : {
          "min" : 20482,
          "max" : 8035894,
          "mean" : 126502.030771,
          "stddev" : 277358.741477,
          "N" : 315818
        },
        "bw_min" : 1644928,
        "bw_max" : 2178048,
        "bw_agg" : 100.000000,
        "bw_mean" : 2021235.200000,
        "bw_dev" : 180902.837192,
        "bw_samples" : 10,
        "iops_min" : 51404,
        "iops_max" : 68064,
        "iops_mean" : 63163.600000,
        "iops_stddev" : 5653.213662,
        "iops_samples" : 10
      },
      "trim" : {
        "io_bytes" : 0,
        "io_kbytes" : 0,
        "bw_bytes" : 0,
        "bw" : 0,
        "iops" : 0.000000,
        "runtime" : 0,
        "total_ios" : 0,
        "short_ios" : 0,
        "drop_ios" : 0,
        "slat_ns" : {
          "min" : 0,
          "max" : 0,
          "mean" : 0.000000,
          "stddev" : 0.000000,
          "N" : 0
        },
        "clat_ns" : {
          "min" : 0,
          "max" : 0,
          "mean" : 0.000000,
          "stddev" : 0.000000,
          "N" : 0
        },
        "lat_ns" : {
          "min" : 0,
          "max" : 0,
          "mean" : 0.000000,
          "stddev" : 0.000000,
          "N" : 0
        },
        "bw_min" : 0,
        "bw_max" : 0,
        "bw_agg" : 0.000000,
        "bw_mean" : 0.000000,
        "bw_dev" : 0.000000,
        "bw_samples" : 0,
        "iops_min" : 0,
        "iops_max" : 0,
        "iops_mean" : 0.000000,
        "iops_stddev" : 0.000000,
        "iops_samples" : 0
      },
      "sync" : {
        "total_ios" : 0,
        "lat_ns" : {
          "min" : 0,
          "max" : 0,
          "mean" : 0.000000,
          "stddev" : 0.000000,
          "N" : 0
        }
      },
      "job_runtime" : 5000,
      "usr_cpu" : 8.180000,
      "sys_cpu" : 12.320000,
      "ctx" : 283803,
      "majf" : 0,
      "minf" : 9,
      "iodepth_level" : {
        "1" : 0.100000,
        "2" : 0.100000,
        "4" : 0.100000,
        "8" : 99.997784,
        "16" : 0.000000,
        "32" : 0.000000,
        ">=64" : 0.000000
      },
      "iodepth_submit" : {
        "0" : 0.000000,
        "4" : 100.000000,
        "8" : 0.000000,
        "16" : 0.000000,
        "32" : 0.000000,
        "64" : 0.000000,
        ">=64" : 0.000000
      },
      "iodepth_complete" : {
        "0" : 0.000000,
        "4" : 99.999683,
        "8" : 0.100000,
        "16" : 0.000000,
        "32" : 0.000000,
        "64" : 0.000000,
        ">=64" : 0.000000
      },
      "latency_ns" : {
        "2" : 0.000000,
        "4" : 0.000000,
        "10" : 0.000000,
        "20" : 0.000000,
        "50" : 0.000000,
        "100" : 0.000000,
        "250" : 0.000000,
        "500" : 0.000000,
        "750" : 0.000000,
        "1000" : 0.000000
      },
      "latency_us" : {
        "2" : 0.000000,
        "4" : 0.000000,
        "10" : 0.000000,
        "20" : 0.610795,
        "50" : 74.290889,
        "100" : 0.048762,
        "250" : 0.479707,
        "500" : 23.117112,
        "750" : 1.125648,
        "1000" : 0.074727
      },
      "latency_ms" : {
        "2" : 0.093092,
        "4" : 0.028814,
        "10" : 0.130455,
        "20" : 0.000000,
        "50" : 0.000000,
        "100" : 0.000000,
        "250" : 0.000000,
        "500" : 0.000000,
        "750" : 0.000000,
        "1000" : 0.000000,
        "2000" : 0.000000,
        ">=2000" : 0.000000
      },
      "latency_depth" : 8,
      "latency_target" : 0,
      "latency_target_ns" : 0,
      "latency_percentile" : 100.000000,
      "latency_window" : 0,
      "latency_window_us" : 0
    }
  ],
  "disk_util" : [
    {
      "name" : "nvme2n1",
      "read_ios" : 48,
      "write_ios" : 308880,
      "read_sectors" : 2088,
      "write_sectors" : 19768320,
      "read_merges" : 0,
      "write_merges" : 0,
      "read_ticks" : 2,
      "write_ticks" : 38348,
      "in_queue" : 38350,
      "util" : 98.238591
    }
  ]
}
