{
  "fio version" : "fio-3.36",
  "timestamp" : 1781330149,
  "timestamp_ms" : 1781330149374,
  "time" : "Sat Jun 13 05:55:49 2026",
  "jobs" : [
    {
      "jobname" : "sequentialwrite_32k_2",
      "groupid" : 0,
      "job_start" : 1781330144356,
      "error" : 0,
      "eta" : 0,
      "elapsed" : 6,
      "job options" : {
        "name" : "sequentialwrite_32k_2",
        "filename" : "/dev/nvme3n1",
        "ioengine" : "io_uring",
        "direct" : "1",
        "rw" : "write",
        "bs" : "32k",
        "iodepth" : "2",
        "size" : "3G",
        "runtime" : "5"
      },
      "read" : {
        "io_bytes" : 0,
        "io_kbytes" : 0,
        "bw_bytes" : 0,
        "bw" : 0,
        "iops" : 0.000000,
        "runtime" : 0,
        "total_ios" : 0,
        "short_ios" : 0,
        "drop_ios" : 0,
        "slat_ns" : {
          "min" : 0,
          "max" : 0,
          "mean" : 0.000000,
          "stddev" : 0.000000,
          "N" : 0
        },
        "clat_ns" : {
          "min" : 0,
          "max" : 0,
          "mean" : 0.000000,
          "stddev" : 0.000000,
          "N" : 0
        },
        "lat_ns" : {
          "min" : 0,
          "max" : 0,
          "mean" : 0.000000,
          "stddev" : 0.000000,
          "N" : 0
        },
        "bw_min" : 0,
        "bw_max" : 0,
        "bw_agg" : 0.000000,
        "bw_mean" : 0.000000,
        "bw_dev" : 0.000000,
        "bw_samples" : 0,
        "iops_min" : 0,
        "iops_max" : 0,
        "iops_mean" : 0.000000,
        "iops_stddev" : 0.000000,
        "iops_samples" : 0
      },
      "write" : {
        "io_bytes" : 4106485760,
        "io_kbytes" : 4010240,
        "bw_bytes" : 821132925,
        "bw" : 801887,
        "iops" : 25058.988202,
        "runtime" : 5001,
        "total_ios" : 125320,
        "short_ios" : 0,
        "drop_ios" : 0,
        "slat_ns" : {
          "min" : 1293,
          "max" : 31549,
          "mean" : 1803.662233,
          "stddev" : 318.169433,
          "N" : 125320
        },
        "clat_ns" : {
          "min" : 12692,
          "max" : 2251611,
          "mean" : 77818.251548,
          "stddev" : 108404.828127,
          "N" : 125320,
          "percentile" : {
            "1.000000" : 19328,
            "5.000000" : 19328,
            "10.000000" : 19328,
            "20.000000" : 19328,
            "30.000000" : 19328,
            "40.000000" : 19584,
            "50.000000" : 19584,
            "60.000000" : 19584,
            "70.000000" : 20096,
            "80.000000" : 242688,
            "90.000000" : 242688,
            "95.000000" : 244736,
            "99.000000" : 288768,
            "99.500000" : 366592,
            "99.900000" : 428032,
            "99.950000" : 1548288,
            "99.990000" : 2023424
          }
        },
        "lat_ns" : {
          "min" : 19782,
          "max" : 2253328,
          "mean" : 79621.913781,
          "stddev" : 108398.044857,
          "N" : 125320
        },
        "bw_min" : 727744,
        "bw_max" : 814976,
        "bw_agg" : 99.889558,
        "bw_mean" : 801002.666667,
        "bw_dev" : 28395.884772,
        "bw_samples" : 9,
        "iops_min" : 22742,
        "iops_max" : 25468,
        "iops_mean" : 25031.333333,
        "iops_stddev" : 887.371399,
        "iops_samples" : 9
      },
      "trim" : {
        "io_bytes" : 0,
        "io_kbytes" : 0,
        "bw_bytes" : 0,
        "bw" : 0,
        "iops" : 0.000000,
        "runtime" : 0,
        "total_ios" : 0,
        "short_ios" : 0,
        "drop_ios" : 0,
        "slat_ns" : {
          "min" : 0,
          "max" : 0,
          "mean" : 0.000000,
          "stddev" : 0.000000,
          "N" : 0
        },
        "clat_ns" : {
          "min" : 0,
          "max" : 0,
          "mean" : 0.000000,
          "stddev" : 0.000000,
          "N" : 0
        },
        "lat_ns" : {
          "min" : 0,
          "max" : 0,
          "mean" : 0.000000,
          "stddev" : 0.000000,
          "N" : 0
        },
        "bw_min" : 0,
        "bw_max" : 0,
        "bw_agg" : 0.000000,
        "bw_mean" : 0.000000,
        "bw_dev" : 0.000000,
        "bw_samples" : 0,
        "iops_min" : 0,
        "iops_max" : 0,
        "iops_mean" : 0.000000,
        "iops_stddev" : 0.000000,
        "iops_samples" : 0
      },
      "sync" : {
        "total_ios" : 0,
        "lat_ns" : {
          "min" : 0,
          "max" : 0,
          "mean" : 0.000000,
          "stddev" : 0.000000,
          "N" : 0
        }
      },
      "job_runtime" : 5000,
      "usr_cpu" : 2.220000,
      "sys_cpu" : 6.120000,
      "ctx" : 124446,
      "majf" : 0,
      "minf" : 11,
      "iodepth_level" : {
        "1" : 0.100000,
        "2" : 99.999202,
        "4" : 0.000000,
        "8" : 0.000000,
        "16" : 0.000000,
        "32" : 0.000000,
        ">=64" : 0.000000
      },
      "iodepth_submit" : {
        "0" : 0.000000,
        "4" : 100.000000,
        "8" : 0.000000,
        "16" : 0.000000,
        "32" : 0.000000,
        "64" : 0.000000,
        ">=64" : 0.000000
      },
      "iodepth_complete" : {
        "0" : 0.000000,
        "4" : 100.000000,
        "8" : 0.000000,
        "16" : 0.000000,
        "32" : 0.000000,
        "64" : 0.000000,
        ">=64" : 0.000000
      },
      "latency_ns" : {
        "2" : 0.000000,
        "4" : 0.000000,
        "10" : 0.000000,
        "20" : 0.000000,
        "50" : 0.000000,
        "100" : 0.000000,
        "250" : 0.000000,
        "500" : 0.000000,
        "750" : 0.000000,
        "1000" : 0.000000
      },
      "latency_us" : {
        "2" : 0.000000,
        "4" : 0.000000,
        "10" : 0.000000,
        "20" : 69.905841,
        "50" : 4.872327,
        "100" : 0.218640,
        "250" : 22.259815,
        "500" : 2.677147,
        "750" : 0.010000,
        "1000" : 0.010000
      },
      "latency_ms" : {
        "2" : 0.043888,
        "4" : 0.018353,
        "10" : 0.000000,
        "20" : 0.000000,
        "50" : 0.000000,
        "100" : 0.000000,
        "250" : 0.000000,
        "500" : 0.000000,
        "750" : 0.000000,
        "1000" : 0.000000,
        "2000" : 0.000000,
        ">=2000" : 0.000000
      },
      "latency_depth" : 2,
      "latency_target" : 0,
      "latency_percentile" : 100.000000,
      "latency_window" : 0
    }
  ],
  "disk_util" : [
    {
      "name" : "nvme3n1",
      "read_ios" : 48,
      "write_ios" : 122740,
      "read_sectors" : 2088,
      "write_sectors" : 7855360,
      "read_merges" : 0,
      "write_merges" : 0,
      "read_ticks" : 2,
      "write_ticks" : 9486,
      "in_queue" : 9487,
      "util" : 98.199280
    }
  ]
}
