{
  "fio version" : "fio-3.36",
  "timestamp" : 1781330144,
  "timestamp_ms" : 1781330144111,
  "time" : "Sat Jun 13 05:55:44 2026",
  "jobs" : [
    {
      "jobname" : "sequentialwrite_32k_1",
      "groupid" : 0,
      "job_start" : 1781330139092,
      "error" : 0,
      "eta" : 0,
      "elapsed" : 6,
      "job options" : {
        "name" : "sequentialwrite_32k_1",
        "filename" : "/dev/nvme3n1",
        "ioengine" : "io_uring",
        "direct" : "1",
        "rw" : "write",
        "bs" : "32k",
        "iodepth" : "1",
        "size" : "3G",
        "runtime" : "5"
      },
      "read" : {
        "io_bytes" : 0,
        "io_kbytes" : 0,
        "bw_bytes" : 0,
        "bw" : 0,
        "iops" : 0.000000,
        "runtime" : 0,
        "total_ios" : 0,
        "short_ios" : 0,
        "drop_ios" : 0,
        "slat_ns" : {
          "min" : 0,
          "max" : 0,
          "mean" : 0.000000,
          "stddev" : 0.000000,
          "N" : 0
        },
        "clat_ns" : {
          "min" : 0,
          "max" : 0,
          "mean" : 0.000000,
          "stddev" : 0.000000,
          "N" : 0
        },
        "lat_ns" : {
          "min" : 0,
          "max" : 0,
          "mean" : 0.000000,
          "stddev" : 0.000000,
          "N" : 0
        },
        "bw_min" : 0,
        "bw_max" : 0,
        "bw_agg" : 0.000000,
        "bw_mean" : 0.000000,
        "bw_dev" : 0.000000,
        "bw_samples" : 0,
        "iops_min" : 0,
        "iops_max" : 0,
        "iops_mean" : 0.000000,
        "iops_stddev" : 0.000000,
        "iops_samples" : 0
      },
      "write" : {
        "io_bytes" : 2053111808,
        "io_kbytes" : 2004992,
        "bw_bytes" : 410540253,
        "bw" : 400918,
        "iops" : 12528.694261,
        "runtime" : 5001,
        "total_ios" : 62656,
        "short_ios" : 0,
        "drop_ios" : 0,
        "slat_ns" : {
          "min" : 1501,
          "max" : 49362,
          "mean" : 1864.856534,
          "stddev" : 452.372869,
          "N" : 62656
        },
        "clat_ns" : {
          "min" : 11420,
          "max" : 1817870,
          "mean" : 77752.222006,
          "stddev" : 105224.102894,
          "N" : 62656,
          "percentile" : {
            "1.000000" : 19328,
            "5.000000" : 19328,
            "10.000000" : 19328,
            "20.000000" : 19328,
            "30.000000" : 19328,
            "40.000000" : 19328,
            "50.000000" : 19328,
            "60.000000" : 19584,
            "70.000000" : 19840,
            "80.000000" : 242688,
            "90.000000" : 242688,
            "95.000000" : 242688,
            "99.000000" : 317440,
            "99.500000" : 370688,
            "99.900000" : 839680,
            "99.950000" : 1073152,
            "99.990000" : 1269760
          }
        },
        "lat_ns" : {
          "min" : 20718,
          "max" : 1821248,
          "mean" : 79617.078540,
          "stddev" : 105204.096089,
          "N" : 62656
        },
        "bw_min" : 367808,
        "bw_max" : 408768,
        "bw_agg" : 99.871990,
        "bw_mean" : 400405.333333,
        "bw_dev" : 14411.195648,
        "bw_samples" : 9,
        "iops_min" : 11494,
        "iops_max" : 12774,
        "iops_mean" : 12512.666667,
        "iops_stddev" : 450.349864,
        "iops_samples" : 9
      },
      "trim" : {
        "io_bytes" : 0,
        "io_kbytes" : 0,
        "bw_bytes" : 0,
        "bw" : 0,
        "iops" : 0.000000,
        "runtime" : 0,
        "total_ios" : 0,
        "short_ios" : 0,
        "drop_ios" : 0,
        "slat_ns" : {
          "min" : 0,
          "max" : 0,
          "mean" : 0.000000,
          "stddev" : 0.000000,
          "N" : 0
        },
        "clat_ns" : {
          "min" : 0,
          "max" : 0,
          "mean" : 0.000000,
          "stddev" : 0.000000,
          "N" : 0
        },
        "lat_ns" : {
          "min" : 0,
          "max" : 0,
          "mean" : 0.000000,
          "stddev" : 0.000000,
          "N" : 0
        },
        "bw_min" : 0,
        "bw_max" : 0,
        "bw_agg" : 0.000000,
        "bw_mean" : 0.000000,
        "bw_dev" : 0.000000,
        "bw_samples" : 0,
        "iops_min" : 0,
        "iops_max" : 0,
        "iops_mean" : 0.000000,
        "iops_stddev" : 0.000000,
        "iops_samples" : 0
      },
      "sync" : {
        "total_ios" : 0,
        "lat_ns" : {
          "min" : 0,
          "max" : 0,
          "mean" : 0.000000,
          "stddev" : 0.000000,
          "N" : 0
        }
      },
      "job_runtime" : 5000,
      "usr_cpu" : 1.260000,
      "sys_cpu" : 3.100000,
      "ctx" : 62687,
      "majf" : 0,
      "minf" : 12,
      "iodepth_level" : {
        "1" : 100.000000,
        "2" : 0.000000,
        "4" : 0.000000,
        "8" : 0.000000,
        "16" : 0.000000,
        "32" : 0.000000,
        ">=64" : 0.000000
      },
      "iodepth_submit" : {
        "0" : 0.000000,
        "4" : 100.000000,
        "8" : 0.000000,
        "16" : 0.000000,
        "32" : 0.000000,
        "64" : 0.000000,
        ">=64" : 0.000000
      },
      "iodepth_complete" : {
        "0" : 0.000000,
        "4" : 100.000000,
        "8" : 0.000000,
        "16" : 0.000000,
        "32" : 0.000000,
        "64" : 0.000000,
        ">=64" : 0.000000
      },
      "latency_ns" : {
        "2" : 0.000000,
        "4" : 0.000000,
        "10" : 0.000000,
        "20" : 0.000000,
        "50" : 0.000000,
        "100" : 0.000000,
        "250" : 0.000000,
        "500" : 0.000000,
        "750" : 0.000000,
        "1000" : 0.000000
      },
      "latency_us" : {
        "2" : 0.000000,
        "4" : 0.000000,
        "10" : 0.000000,
        "20" : 70.500830,
        "50" : 4.229443,
        "100" : 0.266535,
        "250" : 23.065628,
        "500" : 1.822651,
        "750" : 0.010000,
        "1000" : 0.046284
      },
      "latency_ms" : {
        "2" : 0.063841,
        "4" : 0.000000,
        "10" : 0.000000,
        "20" : 0.000000,
        "50" : 0.000000,
        "100" : 0.000000,
        "250" : 0.000000,
        "500" : 0.000000,
        "750" : 0.000000,
        "1000" : 0.000000,
        "2000" : 0.000000,
        ">=2000" : 0.000000
      },
      "latency_depth" : 1,
      "latency_target" : 0,
      "latency_percentile" : 100.000000,
      "latency_window" : 0
    }
  ],
  "disk_util" : [
    {
      "name" : "nvme3n1",
      "read_ios" : 48,
      "write_ios" : 61359,
      "read_sectors" : 2088,
      "write_sectors" : 3926976,
      "read_merges" : 0,
      "write_merges" : 0,
      "read_ticks" : 2,
      "write_ticks" : 4734,
      "in_queue" : 4736,
      "util" : 98.218931
    }
  ]
}
