{
  "fio version" : "fio-3.42-31-g6a66",
  "timestamp" : 1781280838,
  "timestamp_ms" : 1781280838112,
  "time" : "Fri Jun 12 16:13:58 2026",
  "jobs" : [
    {
      "jobname" : "sequentialwrite_32k_256",
      "groupid" : 0,
      "job_start" : 1781280832965,
      "error" : 0,
      "eta" : 0,
      "elapsed" : 6,
      "job options" : {
        "name" : "sequentialwrite_32k_256",
        "filename" : "/dev/nvme2n1",
        "ioengine" : "io_uring",
        "direct" : "1",
        "group_reporting" : "",
        "rw" : "write",
        "bs" : "32k",
        "iodepth" : "256",
        "size" : "3G",
        "time_based" : "",
        "runtime" : "5"
      },
      "read" : {
        "io_bytes" : 0,
        "io_kbytes" : 0,
        "bw_bytes" : 0,
        "bw" : 0,
        "iops" : 0.000000,
        "runtime" : 0,
        "total_ios" : 0,
        "short_ios" : 0,
        "drop_ios" : 0,
        "slat_ns" : {
          "min" : 0,
          "max" : 0,
          "mean" : 0.000000,
          "stddev" : 0.000000,
          "N" : 0
        },
        "clat_ns" : {
          "min" : 0,
          "max" : 0,
          "mean" : 0.000000,
          "stddev" : 0.000000,
          "N" : 0
        },
        "lat_ns" : {
          "min" : 0,
          "max" : 0,
          "mean" : 0.000000,
          "stddev" : 0.000000,
          "N" : 0
        },
        "bw_min" : 0,
        "bw_max" : 0,
        "bw_agg" : 0.000000,
        "bw_mean" : 0.000000,
        "bw_dev" : 0.000000,
        "bw_samples" : 0,
        "iops_min" : 0,
        "iops_max" : 0,
        "iops_mean" : 0.000000,
        "iops_stddev" : 0.000000,
        "iops_samples" : 0
      },
      "write" : {
        "io_bytes" : 10160930816,
        "io_kbytes" : 9922784,
        "bw_bytes" : 2026107839,
        "bw" : 1978620,
        "iops" : 61831.904287,
        "runtime" : 5015,
        "total_ios" : 310087,
        "short_ios" : 0,
        "drop_ios" : 0,
        "slat_ns" : {
          "min" : 1021,
          "max" : 62239,
          "mean" : 1537.749603,
          "stddev" : 617.087526,
          "N" : 310087
        },
        "clat_ns" : {
          "min" : 42719,
          "max" : 49013663,
          "mean" : 4138033.889776,
          "stddev" : 7326357.789947,
          "N" : 310087,
          "percentile" : {
            "1.000000" : 68096,
            "5.000000" : 90624,
            "10.000000" : 96768,
            "20.000000" : 118272,
            "30.000000" : 122368,
            "40.000000" : 125440,
            "50.000000" : 140288,
            "60.000000" : 150528,
            "70.000000" : 175104,
            "80.000000" : 14090240,
            "90.000000" : 14745600,
            "95.000000" : 15269888,
            "99.000000" : 30539776,
            "99.500000" : 33816576,
            "99.900000" : 38010880,
            "99.950000" : 43253760,
            "99.990000" : 48496640
          }
        },
        "lat_ns" : {
          "min" : 44403,
          "max" : 49014831,
          "mean" : 4139571.639379,
          "stddev" : 7326353.397347,
          "N" : 310087
        },
        "bw_min" : 1468480,
        "bw_max" : 2183936,
        "bw_agg" : 100.000000,
        "bw_mean" : 1982924.800000,
        "bw_dev" : 227246.753850,
        "bw_samples" : 10,
        "iops_min" : 45890,
        "iops_max" : 68248,
        "iops_mean" : 61966.400000,
        "iops_stddev" : 7101.461058,
        "iops_samples" : 10
      },
      "trim" : {
        "io_bytes" : 0,
        "io_kbytes" : 0,
        "bw_bytes" : 0,
        "bw" : 0,
        "iops" : 0.000000,
        "runtime" : 0,
        "total_ios" : 0,
        "short_ios" : 0,
        "drop_ios" : 0,
        "slat_ns" : {
          "min" : 0,
          "max" : 0,
          "mean" : 0.000000,
          "stddev" : 0.000000,
          "N" : 0
        },
        "clat_ns" : {
          "min" : 0,
          "max" : 0,
          "mean" : 0.000000,
          "stddev" : 0.000000,
          "N" : 0
        },
        "lat_ns" : {
          "min" : 0,
          "max" : 0,
          "mean" : 0.000000,
          "stddev" : 0.000000,
          "N" : 0
        },
        "bw_min" : 0,
        "bw_max" : 0,
        "bw_agg" : 0.000000,
        "bw_mean" : 0.000000,
        "bw_dev" : 0.000000,
        "bw_samples" : 0,
        "iops_min" : 0,
        "iops_max" : 0,
        "iops_mean" : 0.000000,
        "iops_stddev" : 0.000000,
        "iops_samples" : 0
      },
      "sync" : {
        "total_ios" : 0,
        "lat_ns" : {
          "min" : 0,
          "max" : 0,
          "mean" : 0.000000,
          "stddev" : 0.000000,
          "N" : 0
        }
      },
      "job_runtime" : 5014,
      "usr_cpu" : 6.382130,
      "sys_cpu" : 9.732748,
      "ctx" : 134546,
      "majf" : 0,
      "minf" : 7,
      "iodepth_level" : {
        "1" : 0.100000,
        "2" : 0.100000,
        "4" : 0.100000,
        "8" : 0.100000,
        "16" : 0.100000,
        "32" : 0.100000,
        ">=64" : 99.979683
      },
      "iodepth_submit" : {
        "0" : 0.000000,
        "4" : 100.000000,
        "8" : 0.000000,
        "16" : 0.000000,
        "32" : 0.000000,
        "64" : 0.000000,
        ">=64" : 0.000000
      },
      "iodepth_complete" : {
        "0" : 0.000000,
        "4" : 99.999677,
        "8" : 0.000000,
        "16" : 0.000000,
        "32" : 0.000000,
        "64" : 0.000000,
        ">=64" : 0.100000
      },
      "latency_ns" : {
        "2" : 0.000000,
        "4" : 0.000000,
        "10" : 0.000000,
        "20" : 0.000000,
        "50" : 0.000000,
        "100" : 0.000000,
        "250" : 0.000000,
        "500" : 0.000000,
        "750" : 0.000000,
        "1000" : 0.000000
      },
      "latency_us" : {
        "2" : 0.000000,
        "4" : 0.000000,
        "10" : 0.000000,
        "20" : 0.000000,
        "50" : 0.010000,
        "100" : 13.271437,
        "250" : 59.715177,
        "500" : 0.784296,
        "750" : 0.171242,
        "1000" : 0.099004
      },
      "latency_ms" : {
        "2" : 0.668522,
        "4" : 0.308946,
        "10" : 0.108034,
        "20" : 22.082835,
        "50" : 2.785992,
        "100" : 0.000000,
        "250" : 0.000000,
        "500" : 0.000000,
        "750" : 0.000000,
        "1000" : 0.000000,
        "2000" : 0.000000,
        ">=2000" : 0.000000
      },
      "latency_depth" : 256,
      "latency_target" : 0,
      "latency_target_ns" : 0,
      "latency_percentile" : 100.000000,
      "latency_window" : 0,
      "latency_window_us" : 0
    }
  ],
  "disk_util" : [
    {
      "name" : "nvme2n1",
      "read_ios" : 48,
      "write_ios" : 302689,
      "read_sectors" : 2088,
      "write_sectors" : 19372096,
      "read_merges" : 0,
      "write_merges" : 0,
      "read_ticks" : 2,
      "write_ticks" : 1250176,
      "in_queue" : 1250178,
      "util" : 98.158527
    }
  ]
}
