{
  "fio version" : "fio-3.42-31-g6a66",
  "timestamp" : 1781280795,
  "timestamp_ms" : 1781280795024,
  "time" : "Fri Jun 12 16:13:15 2026",
  "jobs" : [
    {
      "jobname" : "sequentialwrite_32k_1",
      "groupid" : 0,
      "job_start" : 1781280789876,
      "error" : 0,
      "eta" : 0,
      "elapsed" : 6,
      "job options" : {
        "name" : "sequentialwrite_32k_1",
        "filename" : "/dev/nvme2n1",
        "ioengine" : "io_uring",
        "direct" : "1",
        "group_reporting" : "",
        "rw" : "write",
        "bs" : "32k",
        "iodepth" : "1",
        "size" : "3G",
        "time_based" : "",
        "runtime" : "5"
      },
      "read" : {
        "io_bytes" : 0,
        "io_kbytes" : 0,
        "bw_bytes" : 0,
        "bw" : 0,
        "iops" : 0.000000,
        "runtime" : 0,
        "total_ios" : 0,
        "short_ios" : 0,
        "drop_ios" : 0,
        "slat_ns" : {
          "min" : 0,
          "max" : 0,
          "mean" : 0.000000,
          "stddev" : 0.000000,
          "N" : 0
        },
        "clat_ns" : {
          "min" : 0,
          "max" : 0,
          "mean" : 0.000000,
          "stddev" : 0.000000,
          "N" : 0
        },
        "lat_ns" : {
          "min" : 0,
          "max" : 0,
          "mean" : 0.000000,
          "stddev" : 0.000000,
          "N" : 0
        },
        "bw_min" : 0,
        "bw_max" : 0,
        "bw_agg" : 0.000000,
        "bw_mean" : 0.000000,
        "bw_dev" : 0.000000,
        "bw_samples" : 0,
        "iops_min" : 0,
        "iops_max" : 0,
        "iops_mean" : 0.000000,
        "iops_stddev" : 0.000000,
        "iops_samples" : 0
      },
      "write" : {
        "io_bytes" : 2012872704,
        "io_kbytes" : 1965696,
        "bw_bytes" : 402494041,
        "bw" : 393060,
        "iops" : 12283.143371,
        "runtime" : 5001,
        "total_ios" : 61428,
        "short_ios" : 0,
        "drop_ios" : 0,
        "slat_ns" : {
          "min" : 1259,
          "max" : 25335,
          "mean" : 1516.387966,
          "stddev" : 548.343742,
          "N" : 61428
        },
        "clat_ns" : {
          "min" : 16537,
          "max" : 1459541,
          "mean" : 79705.942941,
          "stddev" : 108285.112709,
          "N" : 61428,
          "percentile" : {
            "1.000000" : 19584,
            "5.000000" : 19840,
            "10.000000" : 19840,
            "20.000000" : 20096,
            "30.000000" : 21120,
            "40.000000" : 21120,
            "50.000000" : 21120,
            "60.000000" : 21376,
            "70.000000" : 22144,
            "80.000000" : 244736,
            "90.000000" : 244736,
            "95.000000" : 246784,
            "99.000000" : 317440,
            "99.500000" : 366592,
            "99.900000" : 1073152,
            "99.950000" : 1269760,
            "99.990000" : 1351680
          }
        },
        "lat_ns" : {
          "min" : 20865,
          "max" : 1460999,
          "mean" : 81222.330908,
          "stddev" : 108273.166567,
          "N" : 61428
        },
        "bw_min" : 370880,
        "bw_max" : 402368,
        "bw_agg" : 100.000000,
        "bw_mean" : 393139.200000,
        "bw_dev" : 12644.596183,
        "bw_samples" : 10,
        "iops_min" : 11590,
        "iops_max" : 12574,
        "iops_mean" : 12285.600000,
        "iops_stddev" : 395.143631,
        "iops_samples" : 10
      },
      "trim" : {
        "io_bytes" : 0,
        "io_kbytes" : 0,
        "bw_bytes" : 0,
        "bw" : 0,
        "iops" : 0.000000,
        "runtime" : 0,
        "total_ios" : 0,
        "short_ios" : 0,
        "drop_ios" : 0,
        "slat_ns" : {
          "min" : 0,
          "max" : 0,
          "mean" : 0.000000,
          "stddev" : 0.000000,
          "N" : 0
        },
        "clat_ns" : {
          "min" : 0,
          "max" : 0,
          "mean" : 0.000000,
          "stddev" : 0.000000,
          "N" : 0
        },
        "lat_ns" : {
          "min" : 0,
          "max" : 0,
          "mean" : 0.000000,
          "stddev" : 0.000000,
          "N" : 0
        },
        "bw_min" : 0,
        "bw_max" : 0,
        "bw_agg" : 0.000000,
        "bw_mean" : 0.000000,
        "bw_dev" : 0.000000,
        "bw_samples" : 0,
        "iops_min" : 0,
        "iops_max" : 0,
        "iops_mean" : 0.000000,
        "iops_stddev" : 0.000000,
        "iops_samples" : 0
      },
      "sync" : {
        "total_ios" : 0,
        "lat_ns" : {
          "min" : 0,
          "max" : 0,
          "mean" : 0.000000,
          "stddev" : 0.000000,
          "N" : 0
        }
      },
      "job_runtime" : 5000,
      "usr_cpu" : 1.660000,
      "sys_cpu" : 2.280000,
      "ctx" : 61428,
      "majf" : 0,
      "minf" : 7,
      "iodepth_level" : {
        "1" : 100.000000,
        "2" : 0.000000,
        "4" : 0.000000,
        "8" : 0.000000,
        "16" : 0.000000,
        "32" : 0.000000,
        ">=64" : 0.000000
      },
      "iodepth_submit" : {
        "0" : 0.000000,
        "4" : 100.000000,
        "8" : 0.000000,
        "16" : 0.000000,
        "32" : 0.000000,
        "64" : 0.000000,
        ">=64" : 0.000000
      },
      "iodepth_complete" : {
        "0" : 0.000000,
        "4" : 100.000000,
        "8" : 0.000000,
        "16" : 0.000000,
        "32" : 0.000000,
        "64" : 0.000000,
        ">=64" : 0.000000
      },
      "latency_ns" : {
        "2" : 0.000000,
        "4" : 0.000000,
        "10" : 0.000000,
        "20" : 0.000000,
        "50" : 0.000000,
        "100" : 0.000000,
        "250" : 0.000000,
        "500" : 0.000000,
        "750" : 0.000000,
        "1000" : 0.000000
      },
      "latency_us" : {
        "2" : 0.000000,
        "4" : 0.000000,
        "10" : 0.000000,
        "20" : 18.478544,
        "50" : 56.405874,
        "100" : 0.083024,
        "250" : 23.035098,
        "500" : 1.852575,
        "750" : 0.010000,
        "1000" : 0.040698
      },
      "latency_ms" : {
        "2" : 0.102559,
        "4" : 0.000000,
        "10" : 0.000000,
        "20" : 0.000000,
        "50" : 0.000000,
        "100" : 0.000000,
        "250" : 0.000000,
        "500" : 0.000000,
        "750" : 0.000000,
        "1000" : 0.000000,
        "2000" : 0.000000,
        ">=2000" : 0.000000
      },
      "latency_depth" : 1,
      "latency_target" : 0,
      "latency_target_ns" : 0,
      "latency_percentile" : 100.000000,
      "latency_window" : 0,
      "latency_window_us" : 0
    }
  ],
  "disk_util" : [
    {
      "name" : "nvme2n1",
      "read_ios" : 48,
      "write_ios" : 60159,
      "read_sectors" : 2088,
      "write_sectors" : 3850176,
      "read_merges" : 0,
      "write_merges" : 0,
      "read_ticks" : 2,
      "write_ticks" : 4758,
      "in_queue" : 4760,
      "util" : 98.138883
    }
  ]
}
