{
  "fio version" : "fio-3.42-31-g6a66",
  "timestamp" : 1781280821,
  "timestamp_ms" : 1781280821953,
  "time" : "Fri Jun 12 16:13:41 2026",
  "jobs" : [
    {
      "jobname" : "sequentialwrite_32k_32",
      "groupid" : 0,
      "job_start" : 1781280816806,
      "error" : 0,
      "eta" : 0,
      "elapsed" : 6,
      "job options" : {
        "name" : "sequentialwrite_32k_32",
        "filename" : "/dev/nvme2n1",
        "ioengine" : "io_uring",
        "direct" : "1",
        "group_reporting" : "",
        "rw" : "write",
        "bs" : "32k",
        "iodepth" : "32",
        "size" : "3G",
        "time_based" : "",
        "runtime" : "5"
      },
      "read" : {
        "io_bytes" : 0,
        "io_kbytes" : 0,
        "bw_bytes" : 0,
        "bw" : 0,
        "iops" : 0.000000,
        "runtime" : 0,
        "total_ios" : 0,
        "short_ios" : 0,
        "drop_ios" : 0,
        "slat_ns" : {
          "min" : 0,
          "max" : 0,
          "mean" : 0.000000,
          "stddev" : 0.000000,
          "N" : 0
        },
        "clat_ns" : {
          "min" : 0,
          "max" : 0,
          "mean" : 0.000000,
          "stddev" : 0.000000,
          "N" : 0
        },
        "lat_ns" : {
          "min" : 0,
          "max" : 0,
          "mean" : 0.000000,
          "stddev" : 0.000000,
          "N" : 0
        },
        "bw_min" : 0,
        "bw_max" : 0,
        "bw_agg" : 0.000000,
        "bw_mean" : 0.000000,
        "bw_dev" : 0.000000,
        "bw_samples" : 0,
        "iops_min" : 0,
        "iops_max" : 0,
        "iops_mean" : 0.000000,
        "iops_stddev" : 0.000000,
        "iops_samples" : 0
      },
      "write" : {
        "io_bytes" : 10700128256,
        "io_kbytes" : 10449344,
        "bw_bytes" : 2138742405,
        "bw" : 2088615,
        "iops" : 65269.238457,
        "runtime" : 5003,
        "total_ios" : 326542,
        "short_ios" : 0,
        "drop_ios" : 0,
        "slat_ns" : {
          "min" : 1023,
          "max" : 180490,
          "mean" : 1564.952720,
          "stddev" : 655.319010,
          "N" : 326542
        },
        "clat_ns" : {
          "min" : 3789,
          "max" : 23078397,
          "mean" : 488443.314146,
          "stddev" : 983814.759422,
          "N" : 326542,
          "percentile" : {
            "1.000000" : 21888,
            "5.000000" : 22912,
            "10.000000" : 23424,
            "20.000000" : 24448,
            "30.000000" : 24960,
            "40.000000" : 25472,
            "50.000000" : 26496,
            "60.000000" : 29056,
            "70.000000" : 34048,
            "80.000000" : 1662976,
            "90.000000" : 1810432,
            "95.000000" : 1908736,
            "99.000000" : 2310144,
            "99.500000" : 2506752,
            "99.900000" : 11862016,
            "99.950000" : 16908288,
            "99.990000" : 22151168
          }
        },
        "lat_ns" : {
          "min" : 20931,
          "max" : 23079912,
          "mean" : 490008.266866,
          "stddev" : 983817.423896,
          "N" : 326542
        },
        "bw_min" : 1926400,
        "bw_max" : 2210624,
        "bw_agg" : 100.000000,
        "bw_mean" : 2089868.800000,
        "bw_dev" : 125075.042062,
        "bw_samples" : 10,
        "iops_min" : 60200,
        "iops_max" : 69082,
        "iops_mean" : 65308.400000,
        "iops_stddev" : 3908.595064,
        "iops_samples" : 10
      },
      "trim" : {
        "io_bytes" : 0,
        "io_kbytes" : 0,
        "bw_bytes" : 0,
        "bw" : 0,
        "iops" : 0.000000,
        "runtime" : 0,
        "total_ios" : 0,
        "short_ios" : 0,
        "drop_ios" : 0,
        "slat_ns" : {
          "min" : 0,
          "max" : 0,
          "mean" : 0.000000,
          "stddev" : 0.000000,
          "N" : 0
        },
        "clat_ns" : {
          "min" : 0,
          "max" : 0,
          "mean" : 0.000000,
          "stddev" : 0.000000,
          "N" : 0
        },
        "lat_ns" : {
          "min" : 0,
          "max" : 0,
          "mean" : 0.000000,
          "stddev" : 0.000000,
          "N" : 0
        },
        "bw_min" : 0,
        "bw_max" : 0,
        "bw_agg" : 0.000000,
        "bw_mean" : 0.000000,
        "bw_dev" : 0.000000,
        "bw_samples" : 0,
        "iops_min" : 0,
        "iops_max" : 0,
        "iops_mean" : 0.000000,
        "iops_stddev" : 0.000000,
        "iops_samples" : 0
      },
      "sync" : {
        "total_ios" : 0,
        "lat_ns" : {
          "min" : 0,
          "max" : 0,
          "mean" : 0.000000,
          "stddev" : 0.000000,
          "N" : 0
        }
      },
      "job_runtime" : 5002,
      "usr_cpu" : 5.777689,
      "sys_cpu" : 14.674130,
      "ctx" : 276514,
      "majf" : 0,
      "minf" : 9,
      "iodepth_level" : {
        "1" : 0.100000,
        "2" : 0.100000,
        "4" : 0.100000,
        "8" : 0.100000,
        "16" : 0.100000,
        "32" : 99.990507,
        ">=64" : 0.000000
      },
      "iodepth_submit" : {
        "0" : 0.000000,
        "4" : 100.000000,
        "8" : 0.000000,
        "16" : 0.000000,
        "32" : 0.000000,
        "64" : 0.000000,
        ">=64" : 0.000000
      },
      "iodepth_complete" : {
        "0" : 0.000000,
        "4" : 99.999694,
        "8" : 0.000000,
        "16" : 0.000000,
        "32" : 0.100000,
        "64" : 0.000000,
        ">=64" : 0.000000
      },
      "latency_ns" : {
        "2" : 0.000000,
        "4" : 0.000000,
        "10" : 0.000000,
        "20" : 0.000000,
        "50" : 0.000000,
        "100" : 0.000000,
        "250" : 0.000000,
        "500" : 0.000000,
        "750" : 0.000000,
        "1000" : 0.000000
      },
      "latency_us" : {
        "2" : 0.000000,
        "4" : 0.010000,
        "10" : 0.010000,
        "20" : 0.010000,
        "50" : 74.485977,
        "100" : 0.158632,
        "250" : 0.299502,
        "500" : 0.134439,
        "750" : 0.210080,
        "1000" : 0.239479
      },
      "latency_ms" : {
        "2" : 22.326071,
        "4" : 1.881534,
        "10" : 0.149445,
        "20" : 0.082072,
        "50" : 0.028174,
        "100" : 0.000000,
        "250" : 0.000000,
        "500" : 0.000000,
        "750" : 0.000000,
        "1000" : 0.000000,
        "2000" : 0.000000,
        ">=2000" : 0.000000
      },
      "latency_depth" : 32,
      "latency_target" : 0,
      "latency_target_ns" : 0,
      "latency_percentile" : 100.000000,
      "latency_window" : 0,
      "latency_window_us" : 0
    }
  ],
  "disk_util" : [
    {
      "name" : "nvme2n1",
      "read_ios" : 48,
      "write_ios" : 320425,
      "read_sectors" : 2088,
      "write_sectors" : 20507200,
      "read_merges" : 0,
      "write_merges" : 0,
      "read_ticks" : 2,
      "write_ticks" : 155807,
      "in_queue" : 155809,
      "util" : 98.138883
    }
  ]
}
