{
  "fio version" : "fio-3.42-31-g6a66",
  "timestamp" : 1781280827,
  "timestamp_ms" : 1781280827340,
  "time" : "Fri Jun 12 16:13:47 2026",
  "jobs" : [
    {
      "jobname" : "sequentialwrite_32k_64",
      "groupid" : 0,
      "job_start" : 1781280822192,
      "error" : 0,
      "eta" : 0,
      "elapsed" : 6,
      "job options" : {
        "name" : "sequentialwrite_32k_64",
        "filename" : "/dev/nvme2n1",
        "ioengine" : "io_uring",
        "direct" : "1",
        "group_reporting" : "",
        "rw" : "write",
        "bs" : "32k",
        "iodepth" : "64",
        "size" : "3G",
        "time_based" : "",
        "runtime" : "5"
      },
      "read" : {
        "io_bytes" : 0,
        "io_kbytes" : 0,
        "bw_bytes" : 0,
        "bw" : 0,
        "iops" : 0.000000,
        "runtime" : 0,
        "total_ios" : 0,
        "short_ios" : 0,
        "drop_ios" : 0,
        "slat_ns" : {
          "min" : 0,
          "max" : 0,
          "mean" : 0.000000,
          "stddev" : 0.000000,
          "N" : 0
        },
        "clat_ns" : {
          "min" : 0,
          "max" : 0,
          "mean" : 0.000000,
          "stddev" : 0.000000,
          "N" : 0
        },
        "lat_ns" : {
          "min" : 0,
          "max" : 0,
          "mean" : 0.000000,
          "stddev" : 0.000000,
          "N" : 0
        },
        "bw_min" : 0,
        "bw_max" : 0,
        "bw_agg" : 0.000000,
        "bw_mean" : 0.000000,
        "bw_dev" : 0.000000,
        "bw_samples" : 0,
        "iops_min" : 0,
        "iops_max" : 0,
        "iops_mean" : 0.000000,
        "iops_stddev" : 0.000000,
        "iops_samples" : 0
      },
      "write" : {
        "io_bytes" : 10646487040,
        "io_kbytes" : 10396960,
        "bw_bytes" : 2120391762,
        "bw" : 2070695,
        "iops" : 64709.221271,
        "runtime" : 5021,
        "total_ios" : 324905,
        "short_ios" : 0,
        "drop_ios" : 0,
        "slat_ns" : {
          "min" : 1034,
          "max" : 28358,
          "mean" : 1524.099657,
          "stddev" : 637.293652,
          "N" : 324905
        },
        "clat_ns" : {
          "min" : 18560,
          "max" : 32829025,
          "mean" : 987208.935338,
          "stddev" : 1928336.278715,
          "N" : 324905,
          "percentile" : {
            "1.000000" : 20864,
            "5.000000" : 23936,
            "10.000000" : 25728,
            "20.000000" : 28544,
            "30.000000" : 29312,
            "40.000000" : 30592,
            "50.000000" : 32128,
            "60.000000" : 35584,
            "70.000000" : 42240,
            "80.000000" : 3194880,
            "90.000000" : 3948544,
            "95.000000" : 4046848,
            "99.000000" : 4292608,
            "99.500000" : 5472256,
            "99.900000" : 20840448,
            "99.950000" : 27918336,
            "99.990000" : 31064064
          }
        },
        "lat_ns" : {
          "min" : 19873,
          "max" : 32830270,
          "mean" : 988733.034995,
          "stddev" : 1928335.693551,
          "N" : 324905
        },
        "bw_min" : 1909632,
        "bw_max" : 2202432,
        "bw_agg" : 100.000000,
        "bw_mean" : 2078988.800000,
        "bw_dev" : 122051.293739,
        "bw_samples" : 10,
        "iops_min" : 59676,
        "iops_max" : 68826,
        "iops_mean" : 64968.400000,
        "iops_stddev" : 3814.102929,
        "iops_samples" : 10
      },
      "trim" : {
        "io_bytes" : 0,
        "io_kbytes" : 0,
        "bw_bytes" : 0,
        "bw" : 0,
        "iops" : 0.000000,
        "runtime" : 0,
        "total_ios" : 0,
        "short_ios" : 0,
        "drop_ios" : 0,
        "slat_ns" : {
          "min" : 0,
          "max" : 0,
          "mean" : 0.000000,
          "stddev" : 0.000000,
          "N" : 0
        },
        "clat_ns" : {
          "min" : 0,
          "max" : 0,
          "mean" : 0.000000,
          "stddev" : 0.000000,
          "N" : 0
        },
        "lat_ns" : {
          "min" : 0,
          "max" : 0,
          "mean" : 0.000000,
          "stddev" : 0.000000,
          "N" : 0
        },
        "bw_min" : 0,
        "bw_max" : 0,
        "bw_agg" : 0.000000,
        "bw_mean" : 0.000000,
        "bw_dev" : 0.000000,
        "bw_samples" : 0,
        "iops_min" : 0,
        "iops_max" : 0,
        "iops_mean" : 0.000000,
        "iops_stddev" : 0.000000,
        "iops_samples" : 0
      },
      "sync" : {
        "total_ios" : 0,
        "lat_ns" : {
          "min" : 0,
          "max" : 0,
          "mean" : 0.000000,
          "stddev" : 0.000000,
          "N" : 0
        }
      },
      "job_runtime" : 5020,
      "usr_cpu" : 6.035857,
      "sys_cpu" : 12.589641,
      "ctx" : 220233,
      "majf" : 0,
      "minf" : 7,
      "iodepth_level" : {
        "1" : 0.100000,
        "2" : 0.100000,
        "4" : 0.100000,
        "8" : 0.100000,
        "16" : 0.100000,
        "32" : 0.100000,
        ">=64" : 99.980610
      },
      "iodepth_submit" : {
        "0" : 0.000000,
        "4" : 100.000000,
        "8" : 0.000000,
        "16" : 0.000000,
        "32" : 0.000000,
        "64" : 0.000000,
        ">=64" : 0.000000
      },
      "iodepth_complete" : {
        "0" : 0.000000,
        "4" : 99.999692,
        "8" : 0.000000,
        "16" : 0.000000,
        "32" : 0.000000,
        "64" : 0.100000,
        ">=64" : 0.000000
      },
      "latency_ns" : {
        "2" : 0.000000,
        "4" : 0.000000,
        "10" : 0.000000,
        "20" : 0.000000,
        "50" : 0.000000,
        "100" : 0.000000,
        "250" : 0.000000,
        "500" : 0.000000,
        "750" : 0.000000,
        "1000" : 0.000000
      },
      "latency_us" : {
        "2" : 0.000000,
        "4" : 0.000000,
        "10" : 0.000000,
        "20" : 0.481987,
        "50" : 73.410381,
        "100" : 0.528770,
        "250" : 0.304704,
        "500" : 0.225912,
        "750" : 0.014466,
        "1000" : 0.010000
      },
      "latency_ms" : {
        "2" : 0.057555,
        "4" : 17.615611,
        "10" : 7.038981,
        "20" : 0.205906,
        "50" : 0.107724,
        "100" : 0.000000,
        "250" : 0.000000,
        "500" : 0.000000,
        "750" : 0.000000,
        "1000" : 0.000000,
        "2000" : 0.000000,
        ">=2000" : 0.000000
      },
      "latency_depth" : 64,
      "latency_target" : 0,
      "latency_target_ns" : 0,
      "latency_percentile" : 100.000000,
      "latency_window" : 0,
      "latency_window_us" : 0
    }
  ],
  "disk_util" : [
    {
      "name" : "nvme2n1",
      "read_ios" : 48,
      "write_ios" : 319253,
      "read_sectors" : 2088,
      "write_sectors" : 20432192,
      "read_merges" : 0,
      "write_merges" : 0,
      "read_ticks" : 2,
      "write_ticks" : 311599,
      "in_queue" : 311602,
      "util" : 98.158527
    }
  ]
}
