{
  "fio version" : "fio-3.36",
  "timestamp" : 1781330154,
  "timestamp_ms" : 1781330154639,
  "time" : "Sat Jun 13 05:55:54 2026",
  "jobs" : [
    {
      "jobname" : "sequentialwrite_32k_4",
      "groupid" : 0,
      "job_start" : 1781330149619,
      "error" : 0,
      "eta" : 0,
      "elapsed" : 6,
      "job options" : {
        "name" : "sequentialwrite_32k_4",
        "filename" : "/dev/nvme3n1",
        "ioengine" : "io_uring",
        "direct" : "1",
        "rw" : "write",
        "bs" : "32k",
        "iodepth" : "4",
        "size" : "3G",
        "runtime" : "5"
      },
      "read" : {
        "io_bytes" : 0,
        "io_kbytes" : 0,
        "bw_bytes" : 0,
        "bw" : 0,
        "iops" : 0.000000,
        "runtime" : 0,
        "total_ios" : 0,
        "short_ios" : 0,
        "drop_ios" : 0,
        "slat_ns" : {
          "min" : 0,
          "max" : 0,
          "mean" : 0.000000,
          "stddev" : 0.000000,
          "N" : 0
        },
        "clat_ns" : {
          "min" : 0,
          "max" : 0,
          "mean" : 0.000000,
          "stddev" : 0.000000,
          "N" : 0
        },
        "lat_ns" : {
          "min" : 0,
          "max" : 0,
          "mean" : 0.000000,
          "stddev" : 0.000000,
          "N" : 0
        },
        "bw_min" : 0,
        "bw_max" : 0,
        "bw_agg" : 0.000000,
        "bw_mean" : 0.000000,
        "bw_dev" : 0.000000,
        "bw_samples" : 0,
        "iops_min" : 0,
        "iops_max" : 0,
        "iops_mean" : 0.000000,
        "iops_stddev" : 0.000000,
        "iops_samples" : 0
      },
      "write" : {
        "io_bytes" : 7667056640,
        "io_kbytes" : 7487360,
        "bw_bytes" : 1533104707,
        "bw" : 1497172,
        "iops" : 46786.642671,
        "runtime" : 5001,
        "total_ios" : 233980,
        "short_ios" : 0,
        "drop_ios" : 0,
        "slat_ns" : {
          "min" : 1222,
          "max" : 229495,
          "mean" : 1815.588290,
          "stddev" : 731.886205,
          "N" : 233980
        },
        "clat_ns" : {
          "min" : 513,
          "max" : 4441313,
          "mean" : 83505.321831,
          "stddev" : 156799.988857,
          "N" : 233980,
          "percentile" : {
            "1.000000" : 19072,
            "5.000000" : 19328,
            "10.000000" : 19328,
            "20.000000" : 19328,
            "30.000000" : 19584,
            "40.000000" : 19584,
            "50.000000" : 19584,
            "60.000000" : 19840,
            "70.000000" : 23424,
            "80.000000" : 242688,
            "90.000000" : 244736,
            "95.000000" : 250880,
            "99.000000" : 358400,
            "99.500000" : 370688,
            "99.900000" : 2932736,
            "99.950000" : 3293184,
            "99.990000" : 4079616
          }
        },
        "lat_ns" : {
          "min" : 19906,
          "max" : 4442813,
          "mean" : 85320.910121,
          "stddev" : 156806.936238,
          "N" : 233980
        },
        "bw_min" : 1377408,
        "bw_max" : 1578048,
        "bw_agg" : 100.000000,
        "bw_mean" : 1505031.111111,
        "bw_dev" : 78777.308859,
        "bw_samples" : 9,
        "iops_min" : 43044,
        "iops_max" : 49314,
        "iops_mean" : 47032.222222,
        "iops_stddev" : 2461.790902,
        "iops_samples" : 9
      },
      "trim" : {
        "io_bytes" : 0,
        "io_kbytes" : 0,
        "bw_bytes" : 0,
        "bw" : 0,
        "iops" : 0.000000,
        "runtime" : 0,
        "total_ios" : 0,
        "short_ios" : 0,
        "drop_ios" : 0,
        "slat_ns" : {
          "min" : 0,
          "max" : 0,
          "mean" : 0.000000,
          "stddev" : 0.000000,
          "N" : 0
        },
        "clat_ns" : {
          "min" : 0,
          "max" : 0,
          "mean" : 0.000000,
          "stddev" : 0.000000,
          "N" : 0
        },
        "lat_ns" : {
          "min" : 0,
          "max" : 0,
          "mean" : 0.000000,
          "stddev" : 0.000000,
          "N" : 0
        },
        "bw_min" : 0,
        "bw_max" : 0,
        "bw_agg" : 0.000000,
        "bw_mean" : 0.000000,
        "bw_dev" : 0.000000,
        "bw_samples" : 0,
        "iops_min" : 0,
        "iops_max" : 0,
        "iops_mean" : 0.000000,
        "iops_stddev" : 0.000000,
        "iops_samples" : 0
      },
      "sync" : {
        "total_ios" : 0,
        "lat_ns" : {
          "min" : 0,
          "max" : 0,
          "mean" : 0.000000,
          "stddev" : 0.000000,
          "N" : 0
        }
      },
      "job_runtime" : 5000,
      "usr_cpu" : 3.220000,
      "sys_cpu" : 11.300000,
      "ctx" : 220899,
      "majf" : 0,
      "minf" : 11,
      "iodepth_level" : {
        "1" : 0.100000,
        "2" : 0.100000,
        "4" : 99.998718,
        "8" : 0.000000,
        "16" : 0.000000,
        "32" : 0.000000,
        ">=64" : 0.000000
      },
      "iodepth_submit" : {
        "0" : 0.000000,
        "4" : 100.000000,
        "8" : 0.000000,
        "16" : 0.000000,
        "32" : 0.000000,
        "64" : 0.000000,
        ">=64" : 0.000000
      },
      "iodepth_complete" : {
        "0" : 0.000000,
        "4" : 100.000000,
        "8" : 0.000000,
        "16" : 0.000000,
        "32" : 0.000000,
        "64" : 0.000000,
        ">=64" : 0.000000
      },
      "latency_ns" : {
        "2" : 0.000000,
        "4" : 0.000000,
        "10" : 0.000000,
        "20" : 0.000000,
        "50" : 0.000000,
        "100" : 0.000000,
        "250" : 0.000000,
        "500" : 0.000000,
        "750" : 0.010000,
        "1000" : 0.000000
      },
      "latency_us" : {
        "2" : 0.000000,
        "4" : 0.010000,
        "10" : 0.000000,
        "20" : 62.627148,
        "50" : 12.284383,
        "100" : 0.065390,
        "250" : 19.668775,
        "500" : 5.188905,
        "750" : 0.012822,
        "1000" : 0.010000
      },
      "latency_ms" : {
        "2" : 0.016241,
        "4" : 0.112403,
        "10" : 0.015813,
        "20" : 0.000000,
        "50" : 0.000000,
        "100" : 0.000000,
        "250" : 0.000000,
        "500" : 0.000000,
        "750" : 0.000000,
        "1000" : 0.000000,
        "2000" : 0.000000,
        ">=2000" : 0.000000
      },
      "latency_depth" : 4,
      "latency_target" : 0,
      "latency_percentile" : 100.000000,
      "latency_window" : 0
    }
  ],
  "disk_util" : [
    {
      "name" : "nvme3n1",
      "read_ios" : 48,
      "write_ios" : 229003,
      "read_sectors" : 2088,
      "write_sectors" : 14656192,
      "read_merges" : 0,
      "write_merges" : 0,
      "read_ticks" : 1,
      "write_ticks" : 19022,
      "in_queue" : 19023,
      "util" : 98.199280
    }
  ]
}
