{
  "fio version" : "fio-3.42-31-g6a66",
  "timestamp" : 1781280800,
  "timestamp_ms" : 1781280800410,
  "time" : "Fri Jun 12 16:13:20 2026",
  "jobs" : [
    {
      "jobname" : "sequentialwrite_32k_2",
      "groupid" : 0,
      "job_start" : 1781280795262,
      "error" : 0,
      "eta" : 0,
      "elapsed" : 6,
      "job options" : {
        "name" : "sequentialwrite_32k_2",
        "filename" : "/dev/nvme2n1",
        "ioengine" : "io_uring",
        "direct" : "1",
        "group_reporting" : "",
        "rw" : "write",
        "bs" : "32k",
        "iodepth" : "2",
        "size" : "3G",
        "time_based" : "",
        "runtime" : "5"
      },
      "read" : {
        "io_bytes" : 0,
        "io_kbytes" : 0,
        "bw_bytes" : 0,
        "bw" : 0,
        "iops" : 0.000000,
        "runtime" : 0,
        "total_ios" : 0,
        "short_ios" : 0,
        "drop_ios" : 0,
        "slat_ns" : {
          "min" : 0,
          "max" : 0,
          "mean" : 0.000000,
          "stddev" : 0.000000,
          "N" : 0
        },
        "clat_ns" : {
          "min" : 0,
          "max" : 0,
          "mean" : 0.000000,
          "stddev" : 0.000000,
          "N" : 0
        },
        "lat_ns" : {
          "min" : 0,
          "max" : 0,
          "mean" : 0.000000,
          "stddev" : 0.000000,
          "N" : 0
        },
        "bw_min" : 0,
        "bw_max" : 0,
        "bw_agg" : 0.000000,
        "bw_mean" : 0.000000,
        "bw_dev" : 0.000000,
        "bw_samples" : 0,
        "iops_min" : 0,
        "iops_max" : 0,
        "iops_mean" : 0.000000,
        "iops_stddev" : 0.000000,
        "iops_samples" : 0
      },
      "write" : {
        "io_bytes" : 4105142272,
        "io_kbytes" : 4008928,
        "bw_bytes" : 820864281,
        "bw" : 801625,
        "iops" : 25050.789842,
        "runtime" : 5001,
        "total_ios" : 125279,
        "short_ios" : 0,
        "drop_ios" : 0,
        "slat_ns" : {
          "min" : 1141,
          "max" : 81947,
          "mean" : 1543.058725,
          "stddev" : 667.315668,
          "N" : 125279
        },
        "clat_ns" : {
          "min" : 8246,
          "max" : 2256339,
          "mean" : 78118.100631,
          "stddev" : 102589.099403,
          "N" : 125279,
          "percentile" : {
            "1.000000" : 19584,
            "5.000000" : 19840,
            "10.000000" : 19840,
            "20.000000" : 19840,
            "30.000000" : 20096,
            "40.000000" : 20096,
            "50.000000" : 20352,
            "60.000000" : 20864,
            "70.000000" : 21120,
            "80.000000" : 244736,
            "90.000000" : 244736,
            "95.000000" : 246784,
            "99.000000" : 296960,
            "99.500000" : 362496,
            "99.900000" : 387072,
            "99.950000" : 436224,
            "99.990000" : 1548288
          }
        },
        "lat_ns" : {
          "min" : 20388,
          "max" : 2258007,
          "mean" : 79661.159356,
          "stddev" : 102590.530931,
          "N" : 125279
        },
        "bw_min" : 759488,
        "bw_max" : 809472,
        "bw_agg" : 100.000000,
        "bw_mean" : 801785.600000,
        "bw_dev" : 14983.517961,
        "bw_samples" : 10,
        "iops_min" : 23734,
        "iops_max" : 25296,
        "iops_mean" : 25055.800000,
        "iops_stddev" : 468.234936,
        "iops_samples" : 10
      },
      "trim" : {
        "io_bytes" : 0,
        "io_kbytes" : 0,
        "bw_bytes" : 0,
        "bw" : 0,
        "iops" : 0.000000,
        "runtime" : 0,
        "total_ios" : 0,
        "short_ios" : 0,
        "drop_ios" : 0,
        "slat_ns" : {
          "min" : 0,
          "max" : 0,
          "mean" : 0.000000,
          "stddev" : 0.000000,
          "N" : 0
        },
        "clat_ns" : {
          "min" : 0,
          "max" : 0,
          "mean" : 0.000000,
          "stddev" : 0.000000,
          "N" : 0
        },
        "lat_ns" : {
          "min" : 0,
          "max" : 0,
          "mean" : 0.000000,
          "stddev" : 0.000000,
          "N" : 0
        },
        "bw_min" : 0,
        "bw_max" : 0,
        "bw_agg" : 0.000000,
        "bw_mean" : 0.000000,
        "bw_dev" : 0.000000,
        "bw_samples" : 0,
        "iops_min" : 0,
        "iops_max" : 0,
        "iops_mean" : 0.000000,
        "iops_stddev" : 0.000000,
        "iops_samples" : 0
      },
      "sync" : {
        "total_ios" : 0,
        "lat_ns" : {
          "min" : 0,
          "max" : 0,
          "mean" : 0.000000,
          "stddev" : 0.000000,
          "N" : 0
        }
      },
      "job_runtime" : 5000,
      "usr_cpu" : 3.720000,
      "sys_cpu" : 4.440000,
      "ctx" : 123985,
      "majf" : 0,
      "minf" : 8,
      "iodepth_level" : {
        "1" : 0.100000,
        "2" : 99.999202,
        "4" : 0.000000,
        "8" : 0.000000,
        "16" : 0.000000,
        "32" : 0.000000,
        ">=64" : 0.000000
      },
      "iodepth_submit" : {
        "0" : 0.000000,
        "4" : 100.000000,
        "8" : 0.000000,
        "16" : 0.000000,
        "32" : 0.000000,
        "64" : 0.000000,
        ">=64" : 0.000000
      },
      "iodepth_complete" : {
        "0" : 0.000000,
        "4" : 100.000000,
        "8" : 0.000000,
        "16" : 0.000000,
        "32" : 0.000000,
        "64" : 0.000000,
        ">=64" : 0.000000
      },
      "latency_ns" : {
        "2" : 0.000000,
        "4" : 0.000000,
        "10" : 0.000000,
        "20" : 0.000000,
        "50" : 0.000000,
        "100" : 0.000000,
        "250" : 0.000000,
        "500" : 0.000000,
        "750" : 0.000000,
        "1000" : 0.000000
      },
      "latency_us" : {
        "2" : 0.000000,
        "4" : 0.000000,
        "10" : 0.010000,
        "20" : 33.545925,
        "50" : 41.362080,
        "100" : 0.059866,
        "250" : 22.049186,
        "500" : 2.951013,
        "750" : 0.010000,
        "1000" : 0.000000
      },
      "latency_ms" : {
        "2" : 0.027139,
        "4" : 0.010000,
        "10" : 0.000000,
        "20" : 0.000000,
        "50" : 0.000000,
        "100" : 0.000000,
        "250" : 0.000000,
        "500" : 0.000000,
        "750" : 0.000000,
        "1000" : 0.000000,
        "2000" : 0.000000,
        ">=2000" : 0.000000
      },
      "latency_depth" : 2,
      "latency_target" : 0,
      "latency_target_ns" : 0,
      "latency_percentile" : 100.000000,
      "latency_window" : 0,
      "latency_window_us" : 0
    }
  ],
  "disk_util" : [
    {
      "name" : "nvme2n1",
      "read_ios" : 48,
      "write_ios" : 122692,
      "read_sectors" : 2088,
      "write_sectors" : 7852288,
      "read_merges" : 0,
      "write_merges" : 0,
      "read_ticks" : 2,
      "write_ticks" : 9495,
      "in_queue" : 9497,
      "util" : 98.138883
    }
  ]
}
