{
  "fio version" : "fio-3.36",
  "timestamp" : 1781330165,
  "timestamp_ms" : 1781330165168,
  "time" : "Sat Jun 13 05:56:05 2026",
  "jobs" : [
    {
      "jobname" : "sequentialwrite_32k_16",
      "groupid" : 0,
      "job_start" : 1781330160148,
      "error" : 0,
      "eta" : 0,
      "elapsed" : 6,
      "job options" : {
        "name" : "sequentialwrite_32k_16",
        "filename" : "/dev/nvme3n1",
        "ioengine" : "io_uring",
        "direct" : "1",
        "rw" : "write",
        "bs" : "32k",
        "iodepth" : "16",
        "size" : "3G",
        "runtime" : "5"
      },
      "read" : {
        "io_bytes" : 0,
        "io_kbytes" : 0,
        "bw_bytes" : 0,
        "bw" : 0,
        "iops" : 0.000000,
        "runtime" : 0,
        "total_ios" : 0,
        "short_ios" : 0,
        "drop_ios" : 0,
        "slat_ns" : {
          "min" : 0,
          "max" : 0,
          "mean" : 0.000000,
          "stddev" : 0.000000,
          "N" : 0
        },
        "clat_ns" : {
          "min" : 0,
          "max" : 0,
          "mean" : 0.000000,
          "stddev" : 0.000000,
          "N" : 0
        },
        "lat_ns" : {
          "min" : 0,
          "max" : 0,
          "mean" : 0.000000,
          "stddev" : 0.000000,
          "N" : 0
        },
        "bw_min" : 0,
        "bw_max" : 0,
        "bw_agg" : 0.000000,
        "bw_mean" : 0.000000,
        "bw_dev" : 0.000000,
        "bw_samples" : 0,
        "iops_min" : 0,
        "iops_max" : 0,
        "iops_mean" : 0.000000,
        "iops_stddev" : 0.000000,
        "iops_samples" : 0
      },
      "write" : {
        "io_bytes" : 10921213952,
        "io_kbytes" : 10665248,
        "bw_bytes" : 2183806029,
        "bw" : 2132623,
        "iops" : 66644.471106,
        "runtime" : 5001,
        "total_ios" : 333289,
        "short_ios" : 0,
        "drop_ios" : 0,
        "slat_ns" : {
          "min" : 1187,
          "max" : 79944,
          "mean" : 1823.868442,
          "stddev" : 301.150229,
          "N" : 333289
        },
        "clat_ns" : {
          "min" : 2328,
          "max" : 16142495,
          "mean" : 238098.546817,
          "stddev" : 469800.361113,
          "N" : 333289,
          "percentile" : {
            "1.000000" : 19840,
            "5.000000" : 19840,
            "10.000000" : 20096,
            "20.000000" : 20096,
            "30.000000" : 20352,
            "40.000000" : 20608,
            "50.000000" : 20864,
            "60.000000" : 23936,
            "70.000000" : 28032,
            "80.000000" : 618496,
            "90.000000" : 888832,
            "95.000000" : 1073152,
            "99.000000" : 1318912,
            "99.500000" : 1515520,
            "99.900000" : 2506752,
            "99.950000" : 6717440,
            "99.990000" : 14090240
          }
        },
        "lat_ns" : {
          "min" : 20533,
          "max" : 16144070,
          "mean" : 239922.415258,
          "stddev" : 469803.780668,
          "N" : 333289
        },
        "bw_min" : 2041152,
        "bw_max" : 2199232,
        "bw_agg" : 100.000000,
        "bw_mean" : 2140480.000000,
        "bw_dev" : 61467.677099,
        "bw_samples" : 9,
        "iops_min" : 63786,
        "iops_max" : 68726,
        "iops_mean" : 66890.000000,
        "iops_stddev" : 1920.864909,
        "iops_samples" : 9
      },
      "trim" : {
        "io_bytes" : 0,
        "io_kbytes" : 0,
        "bw_bytes" : 0,
        "bw" : 0,
        "iops" : 0.000000,
        "runtime" : 0,
        "total_ios" : 0,
        "short_ios" : 0,
        "drop_ios" : 0,
        "slat_ns" : {
          "min" : 0,
          "max" : 0,
          "mean" : 0.000000,
          "stddev" : 0.000000,
          "N" : 0
        },
        "clat_ns" : {
          "min" : 0,
          "max" : 0,
          "mean" : 0.000000,
          "stddev" : 0.000000,
          "N" : 0
        },
        "lat_ns" : {
          "min" : 0,
          "max" : 0,
          "mean" : 0.000000,
          "stddev" : 0.000000,
          "N" : 0
        },
        "bw_min" : 0,
        "bw_max" : 0,
        "bw_agg" : 0.000000,
        "bw_mean" : 0.000000,
        "bw_dev" : 0.000000,
        "bw_samples" : 0,
        "iops_min" : 0,
        "iops_max" : 0,
        "iops_mean" : 0.000000,
        "iops_stddev" : 0.000000,
        "iops_samples" : 0
      },
      "sync" : {
        "total_ios" : 0,
        "lat_ns" : {
          "min" : 0,
          "max" : 0,
          "mean" : 0.000000,
          "stddev" : 0.000000,
          "N" : 0
        }
      },
      "job_runtime" : 5000,
      "usr_cpu" : 3.240000,
      "sys_cpu" : 17.100000,
      "ctx" : 306785,
      "majf" : 0,
      "minf" : 10,
      "iodepth_level" : {
        "1" : 0.100000,
        "2" : 0.100000,
        "4" : 0.100000,
        "8" : 0.100000,
        "16" : 99.995499,
        "32" : 0.000000,
        ">=64" : 0.000000
      },
      "iodepth_submit" : {
        "0" : 0.000000,
        "4" : 100.000000,
        "8" : 0.000000,
        "16" : 0.000000,
        "32" : 0.000000,
        "64" : 0.000000,
        ">=64" : 0.000000
      },
      "iodepth_complete" : {
        "0" : 0.000000,
        "4" : 99.999700,
        "8" : 0.000000,
        "16" : 0.100000,
        "32" : 0.000000,
        "64" : 0.000000,
        ">=64" : 0.000000
      },
      "latency_ns" : {
        "2" : 0.000000,
        "4" : 0.000000,
        "10" : 0.000000,
        "20" : 0.000000,
        "50" : 0.000000,
        "100" : 0.000000,
        "250" : 0.000000,
        "500" : 0.000000,
        "750" : 0.000000,
        "1000" : 0.000000
      },
      "latency_us" : {
        "2" : 0.000000,
        "4" : 0.010000,
        "10" : 0.000000,
        "20" : 9.255631,
        "50" : 65.445004,
        "100" : 0.202827,
        "250" : 0.114915,
        "500" : 3.091011,
        "750" : 3.541971,
        "1000" : 12.855210
      },
      "latency_ms" : {
        "2" : 5.257899,
        "4" : 0.167422,
        "10" : 0.038705,
        "20" : 0.029104,
        "50" : 0.000000,
        "100" : 0.000000,
        "250" : 0.000000,
        "500" : 0.000000,
        "750" : 0.000000,
        "1000" : 0.000000,
        "2000" : 0.000000,
        ">=2000" : 0.000000
      },
      "latency_depth" : 16,
      "latency_target" : 0,
      "latency_percentile" : 100.000000,
      "latency_window" : 0
    }
  ],
  "disk_util" : [
    {
      "name" : "nvme3n1",
      "read_ios" : 48,
      "write_ios" : 326297,
      "read_sectors" : 2088,
      "write_sectors" : 20883008,
      "read_merges" : 0,
      "write_merges" : 0,
      "read_ticks" : 2,
      "write_ticks" : 77544,
      "in_queue" : 77546,
      "util" : 98.199280
    }
  ]
}
