{
  "fio version" : "fio-3.36",
  "timestamp" : 1781330175,
  "timestamp_ms" : 1781330175697,
  "time" : "Sat Jun 13 05:56:15 2026",
  "jobs" : [
    {
      "jobname" : "sequentialwrite_32k_64",
      "groupid" : 0,
      "job_start" : 1781330170678,
      "error" : 0,
      "eta" : 0,
      "elapsed" : 6,
      "job options" : {
        "name" : "sequentialwrite_32k_64",
        "filename" : "/dev/nvme3n1",
        "ioengine" : "io_uring",
        "direct" : "1",
        "rw" : "write",
        "bs" : "32k",
        "iodepth" : "64",
        "size" : "3G",
        "runtime" : "5"
      },
      "read" : {
        "io_bytes" : 0,
        "io_kbytes" : 0,
        "bw_bytes" : 0,
        "bw" : 0,
        "iops" : 0.000000,
        "runtime" : 0,
        "total_ios" : 0,
        "short_ios" : 0,
        "drop_ios" : 0,
        "slat_ns" : {
          "min" : 0,
          "max" : 0,
          "mean" : 0.000000,
          "stddev" : 0.000000,
          "N" : 0
        },
        "clat_ns" : {
          "min" : 0,
          "max" : 0,
          "mean" : 0.000000,
          "stddev" : 0.000000,
          "N" : 0
        },
        "lat_ns" : {
          "min" : 0,
          "max" : 0,
          "mean" : 0.000000,
          "stddev" : 0.000000,
          "N" : 0
        },
        "bw_min" : 0,
        "bw_max" : 0,
        "bw_agg" : 0.000000,
        "bw_mean" : 0.000000,
        "bw_dev" : 0.000000,
        "bw_samples" : 0,
        "iops_min" : 0,
        "iops_max" : 0,
        "iops_mean" : 0.000000,
        "iops_stddev" : 0.000000,
        "iops_samples" : 0
      },
      "write" : {
        "io_bytes" : 10930126848,
        "io_kbytes" : 10673952,
        "bw_bytes" : 2184277947,
        "bw" : 2133083,
        "iops" : 66658.872902,
        "runtime" : 5004,
        "total_ios" : 333561,
        "short_ios" : 0,
        "drop_ios" : 0,
        "slat_ns" : {
          "min" : 1203,
          "max" : 175412,
          "mean" : 1857.161518,
          "stddev" : 408.486904,
          "N" : 333561
        },
        "clat_ns" : {
          "min" : 5934,
          "max" : 19222856,
          "mean" : 958040.978499,
          "stddev" : 1740996.497175,
          "N" : 333561,
          "percentile" : {
            "1.000000" : 22400,
            "5.000000" : 22656,
            "10.000000" : 22912,
            "20.000000" : 23680,
            "30.000000" : 24448,
            "40.000000" : 24960,
            "50.000000" : 26240,
            "60.000000" : 27776,
            "70.000000" : 31104,
            "80.000000" : 3260416,
            "90.000000" : 3850240,
            "95.000000" : 3981312,
            "99.000000" : 4882432,
            "99.500000" : 5931008,
            "99.900000" : 16908288,
            "99.950000" : 18219008,
            "99.990000" : 19005440
          }
        },
        "lat_ns" : {
          "min" : 22921,
          "max" : 19224909,
          "mean" : 959898.140016,
          "stddev" : 1741001.006482,
          "N" : 333561
        },
        "bw_min" : 2065856,
        "bw_max" : 2201856,
        "bw_agg" : 100.000000,
        "bw_mean" : 2134387.200000,
        "bw_dev" : 59247.662159,
        "bw_samples" : 10,
        "iops_min" : 64558,
        "iops_max" : 68808,
        "iops_mean" : 66699.600000,
        "iops_stddev" : 1851.489442,
        "iops_samples" : 10
      },
      "trim" : {
        "io_bytes" : 0,
        "io_kbytes" : 0,
        "bw_bytes" : 0,
        "bw" : 0,
        "iops" : 0.000000,
        "runtime" : 0,
        "total_ios" : 0,
        "short_ios" : 0,
        "drop_ios" : 0,
        "slat_ns" : {
          "min" : 0,
          "max" : 0,
          "mean" : 0.000000,
          "stddev" : 0.000000,
          "N" : 0
        },
        "clat_ns" : {
          "min" : 0,
          "max" : 0,
          "mean" : 0.000000,
          "stddev" : 0.000000,
          "N" : 0
        },
        "lat_ns" : {
          "min" : 0,
          "max" : 0,
          "mean" : 0.000000,
          "stddev" : 0.000000,
          "N" : 0
        },
        "bw_min" : 0,
        "bw_max" : 0,
        "bw_agg" : 0.000000,
        "bw_mean" : 0.000000,
        "bw_dev" : 0.000000,
        "bw_samples" : 0,
        "iops_min" : 0,
        "iops_max" : 0,
        "iops_mean" : 0.000000,
        "iops_stddev" : 0.000000,
        "iops_samples" : 0
      },
      "sync" : {
        "total_ios" : 0,
        "lat_ns" : {
          "min" : 0,
          "max" : 0,
          "mean" : 0.000000,
          "stddev" : 0.000000,
          "N" : 0
        }
      },
      "job_runtime" : 5003,
      "usr_cpu" : 3.198081,
      "sys_cpu" : 17.449530,
      "ctx" : 317020,
      "majf" : 0,
      "minf" : 12,
      "iodepth_level" : {
        "1" : 0.100000,
        "2" : 0.100000,
        "4" : 0.100000,
        "8" : 0.100000,
        "16" : 0.100000,
        "32" : 0.100000,
        ">=64" : 99.981113
      },
      "iodepth_submit" : {
        "0" : 0.000000,
        "4" : 100.000000,
        "8" : 0.000000,
        "16" : 0.000000,
        "32" : 0.000000,
        "64" : 0.000000,
        ">=64" : 0.000000
      },
      "iodepth_complete" : {
        "0" : 0.000000,
        "4" : 99.999700,
        "8" : 0.000000,
        "16" : 0.000000,
        "32" : 0.000000,
        "64" : 0.100000,
        ">=64" : 0.000000
      },
      "latency_ns" : {
        "2" : 0.000000,
        "4" : 0.000000,
        "10" : 0.000000,
        "20" : 0.000000,
        "50" : 0.000000,
        "100" : 0.000000,
        "250" : 0.000000,
        "500" : 0.000000,
        "750" : 0.000000,
        "1000" : 0.000000
      },
      "latency_us" : {
        "2" : 0.000000,
        "4" : 0.000000,
        "10" : 0.010000,
        "20" : 0.010000,
        "50" : 74.286562,
        "100" : 0.196066,
        "250" : 0.283906,
        "500" : 0.182575,
        "750" : 0.086641,
        "1000" : 0.057261
      },
      "latency_ms" : {
        "2" : 0.339968,
        "4" : 19.734921,
        "10" : 4.617446,
        "20" : 0.213754,
        "50" : 0.000000,
        "100" : 0.000000,
        "250" : 0.000000,
        "500" : 0.000000,
        "750" : 0.000000,
        "1000" : 0.000000,
        "2000" : 0.000000,
        ">=2000" : 0.000000
      },
      "latency_depth" : 64,
      "latency_target" : 0,
      "latency_percentile" : 100.000000,
      "latency_window" : 0
    }
  ],
  "disk_util" : [
    {
      "name" : "nvme3n1",
      "read_ios" : 48,
      "write_ios" : 326438,
      "read_sectors" : 2088,
      "write_sectors" : 20892032,
      "read_merges" : 0,
      "write_merges" : 0,
      "read_ticks" : 2,
      "write_ticks" : 312501,
      "in_queue" : 312502,
      "util" : 98.138883
    }
  ]
}
