{
  "fio version" : "fio-3.42-31-g6a66",
  "timestamp" : 1781280816,
  "timestamp_ms" : 1781280816568,
  "time" : "Fri Jun 12 16:13:36 2026",
  "jobs" : [
    {
      "jobname" : "sequentialwrite_32k_16",
      "groupid" : 0,
      "job_start" : 1781280811420,
      "error" : 0,
      "eta" : 0,
      "elapsed" : 6,
      "job options" : {
        "name" : "sequentialwrite_32k_16",
        "filename" : "/dev/nvme2n1",
        "ioengine" : "io_uring",
        "direct" : "1",
        "group_reporting" : "",
        "rw" : "write",
        "bs" : "32k",
        "iodepth" : "16",
        "size" : "3G",
        "time_based" : "",
        "runtime" : "5"
      },
      "read" : {
        "io_bytes" : 0,
        "io_kbytes" : 0,
        "bw_bytes" : 0,
        "bw" : 0,
        "iops" : 0.000000,
        "runtime" : 0,
        "total_ios" : 0,
        "short_ios" : 0,
        "drop_ios" : 0,
        "slat_ns" : {
          "min" : 0,
          "max" : 0,
          "mean" : 0.000000,
          "stddev" : 0.000000,
          "N" : 0
        },
        "clat_ns" : {
          "min" : 0,
          "max" : 0,
          "mean" : 0.000000,
          "stddev" : 0.000000,
          "N" : 0
        },
        "lat_ns" : {
          "min" : 0,
          "max" : 0,
          "mean" : 0.000000,
          "stddev" : 0.000000,
          "N" : 0
        },
        "bw_min" : 0,
        "bw_max" : 0,
        "bw_agg" : 0.000000,
        "bw_mean" : 0.000000,
        "bw_dev" : 0.000000,
        "bw_samples" : 0,
        "iops_min" : 0,
        "iops_max" : 0,
        "iops_mean" : 0.000000,
        "iops_stddev" : 0.000000,
        "iops_samples" : 0
      },
      "write" : {
        "io_bytes" : 10562306048,
        "io_kbytes" : 10314752,
        "bw_bytes" : 2112038801,
        "bw" : 2062537,
        "iops" : 64454.309138,
        "runtime" : 5001,
        "total_ios" : 322336,
        "short_ios" : 0,
        "drop_ios" : 0,
        "slat_ns" : {
          "min" : 1007,
          "max" : 37493,
          "mean" : 1525.247161,
          "stddev" : 644.257067,
          "N" : 322336
        },
        "clat_ns" : {
          "min" : 13646,
          "max" : 16178603,
          "mean" : 246542.768189,
          "stddev" : 541604.545530,
          "N" : 322336,
          "percentile" : {
            "1.000000" : 20864,
            "5.000000" : 21120,
            "10.000000" : 21376,
            "20.000000" : 21888,
            "30.000000" : 22144,
            "40.000000" : 22656,
            "50.000000" : 23680,
            "60.000000" : 25728,
            "70.000000" : 30336,
            "80.000000" : 724992,
            "90.000000" : 880640,
            "95.000000" : 987136,
            "99.000000" : 1220608,
            "99.500000" : 1318912,
            "99.900000" : 8716288,
            "99.950000" : 12124160,
            "99.990000" : 12386304
          }
        },
        "lat_ns" : {
          "min" : 20031,
          "max" : 16180146,
          "mean" : 248068.015350,
          "stddev" : 541611.490671,
          "N" : 322336
        },
        "bw_min" : 1813568,
        "bw_max" : 2196800,
        "bw_agg" : 100.000000,
        "bw_mean" : 2063431.111111,
        "bw_dev" : 127560.539381,
        "bw_samples" : 9,
        "iops_min" : 56674,
        "iops_max" : 68650,
        "iops_mean" : 64482.222222,
        "iops_stddev" : 3986.266856,
        "iops_samples" : 9
      },
      "trim" : {
        "io_bytes" : 0,
        "io_kbytes" : 0,
        "bw_bytes" : 0,
        "bw" : 0,
        "iops" : 0.000000,
        "runtime" : 0,
        "total_ios" : 0,
        "short_ios" : 0,
        "drop_ios" : 0,
        "slat_ns" : {
          "min" : 0,
          "max" : 0,
          "mean" : 0.000000,
          "stddev" : 0.000000,
          "N" : 0
        },
        "clat_ns" : {
          "min" : 0,
          "max" : 0,
          "mean" : 0.000000,
          "stddev" : 0.000000,
          "N" : 0
        },
        "lat_ns" : {
          "min" : 0,
          "max" : 0,
          "mean" : 0.000000,
          "stddev" : 0.000000,
          "N" : 0
        },
        "bw_min" : 0,
        "bw_max" : 0,
        "bw_agg" : 0.000000,
        "bw_mean" : 0.000000,
        "bw_dev" : 0.000000,
        "bw_samples" : 0,
        "iops_min" : 0,
        "iops_max" : 0,
        "iops_mean" : 0.000000,
        "iops_stddev" : 0.000000,
        "iops_samples" : 0
      },
      "sync" : {
        "total_ios" : 0,
        "lat_ns" : {
          "min" : 0,
          "max" : 0,
          "mean" : 0.000000,
          "stddev" : 0.000000,
          "N" : 0
        }
      },
      "job_runtime" : 5000,
      "usr_cpu" : 7.020000,
      "sys_cpu" : 13.520000,
      "ctx" : 288188,
      "majf" : 0,
      "minf" : 7,
      "iodepth_level" : {
        "1" : 0.100000,
        "2" : 0.100000,
        "4" : 0.100000,
        "8" : 0.100000,
        "16" : 99.995346,
        "32" : 0.000000,
        ">=64" : 0.000000
      },
      "iodepth_submit" : {
        "0" : 0.000000,
        "4" : 100.000000,
        "8" : 0.000000,
        "16" : 0.000000,
        "32" : 0.000000,
        "64" : 0.000000,
        ">=64" : 0.000000
      },
      "iodepth_complete" : {
        "0" : 0.000000,
        "4" : 99.999690,
        "8" : 0.000000,
        "16" : 0.100000,
        "32" : 0.000000,
        "64" : 0.000000,
        ">=64" : 0.000000
      },
      "latency_ns" : {
        "2" : 0.000000,
        "4" : 0.000000,
        "10" : 0.000000,
        "20" : 0.000000,
        "50" : 0.000000,
        "100" : 0.000000,
        "250" : 0.000000,
        "500" : 0.000000,
        "750" : 0.000000,
        "1000" : 0.000000
      },
      "latency_us" : {
        "2" : 0.000000,
        "4" : 0.000000,
        "10" : 0.000000,
        "20" : 0.043743,
        "50" : 74.759568,
        "100" : 0.110134,
        "250" : 0.111064,
        "500" : 0.846012,
        "750" : 4.728296,
        "1000" : 14.647759
      },
      "latency_ms" : {
        "2" : 4.508339,
        "4" : 0.086556,
        "10" : 0.082833,
        "20" : 0.075697,
        "50" : 0.000000,
        "100" : 0.000000,
        "250" : 0.000000,
        "500" : 0.000000,
        "750" : 0.000000,
        "1000" : 0.000000,
        "2000" : 0.000000,
        ">=2000" : 0.000000
      },
      "latency_depth" : 16,
      "latency_target" : 0,
      "latency_target_ns" : 0,
      "latency_percentile" : 100.000000,
      "latency_window" : 0,
      "latency_window_us" : 0
    }
  ],
  "disk_util" : [
    {
      "name" : "nvme2n1",
      "read_ios" : 48,
      "write_ios" : 317002,
      "read_sectors" : 2088,
      "write_sectors" : 20288128,
      "read_merges" : 0,
      "write_merges" : 0,
      "read_ticks" : 1,
      "write_ticks" : 77450,
      "in_queue" : 77452,
      "util" : 98.158527
    }
  ]
}
