{
  "fio version" : "fio-3.36",
  "timestamp" : 1781330002,
  "timestamp_ms" : 1781330002005,
  "time" : "Sat Jun 13 05:53:22 2026",
  "jobs" : [
    {
      "jobname" : "sequentialwrite_4k_1",
      "groupid" : 0,
      "job_start" : 1781329996994,
      "error" : 0,
      "eta" : 0,
      "elapsed" : 6,
      "job options" : {
        "name" : "sequentialwrite_4k_1",
        "filename" : "/dev/nvme3n1",
        "ioengine" : "io_uring",
        "direct" : "1",
        "rw" : "write",
        "bs" : "4k",
        "iodepth" : "1",
        "size" : "3G",
        "runtime" : "5"
      },
      "read" : {
        "io_bytes" : 0,
        "io_kbytes" : 0,
        "bw_bytes" : 0,
        "bw" : 0,
        "iops" : 0.000000,
        "runtime" : 0,
        "total_ios" : 0,
        "short_ios" : 0,
        "drop_ios" : 0,
        "slat_ns" : {
          "min" : 0,
          "max" : 0,
          "mean" : 0.000000,
          "stddev" : 0.000000,
          "N" : 0
        },
        "clat_ns" : {
          "min" : 0,
          "max" : 0,
          "mean" : 0.000000,
          "stddev" : 0.000000,
          "N" : 0
        },
        "lat_ns" : {
          "min" : 0,
          "max" : 0,
          "mean" : 0.000000,
          "stddev" : 0.000000,
          "N" : 0
        },
        "bw_min" : 0,
        "bw_max" : 0,
        "bw_agg" : 0.000000,
        "bw_mean" : 0.000000,
        "bw_dev" : 0.000000,
        "bw_samples" : 0,
        "iops_min" : 0,
        "iops_max" : 0,
        "iops_mean" : 0.000000,
        "iops_stddev" : 0.000000,
        "iops_samples" : 0
      },
      "write" : {
        "io_bytes" : 475254784,
        "io_kbytes" : 464116,
        "bw_bytes" : 95031950,
        "bw" : 92804,
        "iops" : 23201.159768,
        "runtime" : 5001,
        "total_ios" : 116029,
        "short_ios" : 0,
        "drop_ios" : 0,
        "slat_ns" : {
          "min" : 779,
          "max" : 73486,
          "mean" : 1137.047066,
          "stddev" : 492.794792,
          "N" : 116029
        },
        "clat_ns" : {
          "min" : 384,
          "max" : 1837208,
          "mean" : 41784.045480,
          "stddev" : 89991.186673,
          "N" : 116029,
          "percentile" : {
            "1.000000" : 7520,
            "5.000000" : 7584,
            "10.000000" : 7584,
            "20.000000" : 7648,
            "30.000000" : 7712,
            "40.000000" : 7840,
            "50.000000" : 7968,
            "60.000000" : 8096,
            "70.000000" : 8256,
            "80.000000" : 8896,
            "90.000000" : 268288,
            "95.000000" : 280576,
            "99.000000" : 337920,
            "99.500000" : 362496,
            "99.900000" : 387072,
            "99.950000" : 407552,
            "99.990000" : 411648
          }
        },
        "lat_ns" : {
          "min" : 8292,
          "max" : 1838611,
          "mean" : 42921.092546,
          "stddev" : 90115.820570,
          "N" : 116029
        },
        "bw_min" : 91216,
        "bw_max" : 94224,
        "bw_agg" : 100.000000,
        "bw_mean" : 93002.666667,
        "bw_dev" : 1085.143309,
        "bw_samples" : 9,
        "iops_min" : 22804,
        "iops_max" : 23556,
        "iops_mean" : 23250.666667,
        "iops_stddev" : 271.285827,
        "iops_samples" : 9
      },
      "trim" : {
        "io_bytes" : 0,
        "io_kbytes" : 0,
        "bw_bytes" : 0,
        "bw" : 0,
        "iops" : 0.000000,
        "runtime" : 0,
        "total_ios" : 0,
        "short_ios" : 0,
        "drop_ios" : 0,
        "slat_ns" : {
          "min" : 0,
          "max" : 0,
          "mean" : 0.000000,
          "stddev" : 0.000000,
          "N" : 0
        },
        "clat_ns" : {
          "min" : 0,
          "max" : 0,
          "mean" : 0.000000,
          "stddev" : 0.000000,
          "N" : 0
        },
        "lat_ns" : {
          "min" : 0,
          "max" : 0,
          "mean" : 0.000000,
          "stddev" : 0.000000,
          "N" : 0
        },
        "bw_min" : 0,
        "bw_max" : 0,
        "bw_agg" : 0.000000,
        "bw_mean" : 0.000000,
        "bw_dev" : 0.000000,
        "bw_samples" : 0,
        "iops_min" : 0,
        "iops_max" : 0,
        "iops_mean" : 0.000000,
        "iops_stddev" : 0.000000,
        "iops_samples" : 0
      },
      "sync" : {
        "total_ios" : 0,
        "lat_ns" : {
          "min" : 0,
          "max" : 0,
          "mean" : 0.000000,
          "stddev" : 0.000000,
          "N" : 0
        }
      },
      "job_runtime" : 5000,
      "usr_cpu" : 0.960000,
      "sys_cpu" : 5.620000,
      "ctx" : 116073,
      "majf" : 0,
      "minf" : 9,
      "iodepth_level" : {
        "1" : 100.000000,
        "2" : 0.000000,
        "4" : 0.000000,
        "8" : 0.000000,
        "16" : 0.000000,
        "32" : 0.000000,
        ">=64" : 0.000000
      },
      "iodepth_submit" : {
        "0" : 0.000000,
        "4" : 100.000000,
        "8" : 0.000000,
        "16" : 0.000000,
        "32" : 0.000000,
        "64" : 0.000000,
        ">=64" : 0.000000
      },
      "iodepth_complete" : {
        "0" : 0.000000,
        "4" : 100.000000,
        "8" : 0.000000,
        "16" : 0.000000,
        "32" : 0.000000,
        "64" : 0.000000,
        ">=64" : 0.000000
      },
      "latency_ns" : {
        "2" : 0.000000,
        "4" : 0.000000,
        "10" : 0.000000,
        "20" : 0.000000,
        "50" : 0.000000,
        "100" : 0.000000,
        "250" : 0.000000,
        "500" : 0.010000,
        "750" : 0.010000,
        "1000" : 0.010000
      },
      "latency_us" : {
        "2" : 0.010000,
        "4" : 0.010000,
        "10" : 86.954985,
        "20" : 0.391281,
        "50" : 0.051711,
        "100" : 0.094804,
        "250" : 1.568573,
        "500" : 10.930026,
        "750" : 0.010000,
        "1000" : 0.010000
      },
      "latency_ms" : {
        "2" : 0.010000,
        "4" : 0.000000,
        "10" : 0.000000,
        "20" : 0.000000,
        "50" : 0.000000,
        "100" : 0.000000,
        "250" : 0.000000,
        "500" : 0.000000,
        "750" : 0.000000,
        "1000" : 0.000000,
        "2000" : 0.000000,
        ">=2000" : 0.000000
      },
      "latency_depth" : 1,
      "latency_target" : 0,
      "latency_percentile" : 100.000000,
      "latency_window" : 0
    }
  ],
  "disk_util" : [
    {
      "name" : "nvme3n1",
      "read_ios" : 48,
      "write_ios" : 113631,
      "read_sectors" : 2088,
      "write_sectors" : 909048,
      "read_merges" : 0,
      "write_merges" : 0,
      "read_ticks" : 0,
      "write_ticks" : 4638,
      "in_queue" : 4639,
      "util" : 98.078463
    }
  ]
}
