{
  "fio version" : "fio-3.36",
  "timestamp" : 1781330038,
  "timestamp_ms" : 1781330038844,
  "time" : "Sat Jun 13 05:53:58 2026",
  "jobs" : [
    {
      "jobname" : "sequentialwrite_4k_128",
      "groupid" : 0,
      "job_start" : 1781330033824,
      "error" : 0,
      "eta" : 0,
      "elapsed" : 6,
      "job options" : {
        "name" : "sequentialwrite_4k_128",
        "filename" : "/dev/nvme3n1",
        "ioengine" : "io_uring",
        "direct" : "1",
        "rw" : "write",
        "bs" : "4k",
        "iodepth" : "128",
        "size" : "3G",
        "runtime" : "5"
      },
      "read" : {
        "io_bytes" : 0,
        "io_kbytes" : 0,
        "bw_bytes" : 0,
        "bw" : 0,
        "iops" : 0.000000,
        "runtime" : 0,
        "total_ios" : 0,
        "short_ios" : 0,
        "drop_ios" : 0,
        "slat_ns" : {
          "min" : 0,
          "max" : 0,
          "mean" : 0.000000,
          "stddev" : 0.000000,
          "N" : 0
        },
        "clat_ns" : {
          "min" : 0,
          "max" : 0,
          "mean" : 0.000000,
          "stddev" : 0.000000,
          "N" : 0
        },
        "lat_ns" : {
          "min" : 0,
          "max" : 0,
          "mean" : 0.000000,
          "stddev" : 0.000000,
          "N" : 0
        },
        "bw_min" : 0,
        "bw_max" : 0,
        "bw_agg" : 0.000000,
        "bw_mean" : 0.000000,
        "bw_dev" : 0.000000,
        "bw_samples" : 0,
        "iops_min" : 0,
        "iops_max" : 0,
        "iops_mean" : 0.000000,
        "iops_stddev" : 0.000000,
        "iops_samples" : 0
      },
      "write" : {
        "io_bytes" : 10854961152,
        "io_kbytes" : 10600548,
        "bw_bytes" : 2170124180,
        "bw" : 2119261,
        "iops" : 529815.473810,
        "runtime" : 5002,
        "total_ios" : 2650137,
        "short_ios" : 0,
        "drop_ios" : 0,
        "slat_ns" : {
          "min" : 598,
          "max" : 163161,
          "mean" : 956.463690,
          "stddev" : 428.042996,
          "N" : 2650137
        },
        "clat_ns" : {
          "min" : 6261,
          "max" : 11666502,
          "mean" : 240480.111964,
          "stddev" : 629940.660438,
          "N" : 2650137,
          "percentile" : {
            "1.000000" : 11968,
            "5.000000" : 13376,
            "10.000000" : 14016,
            "20.000000" : 14656,
            "30.000000" : 15296,
            "40.000000" : 15808,
            "50.000000" : 16320,
            "60.000000" : 17024,
            "70.000000" : 17792,
            "80.000000" : 20352,
            "90.000000" : 1597440,
            "95.000000" : 1761280,
            "99.000000" : 1990656,
            "99.500000" : 2211840,
            "99.900000" : 5210112,
            "99.950000" : 7766016,
            "99.990000" : 10813440
          }
        },
        "lat_ns" : {
          "min" : 10434,
          "max" : 11667341,
          "mean" : 241436.575654,
          "stddev" : 629937.748574,
          "N" : 2650137
        },
        "bw_min" : 2017680,
        "bw_max" : 2167648,
        "bw_agg" : 99.777333,
        "bw_mean" : 2114543.111111,
        "bw_dev" : 59805.996281,
        "bw_samples" : 9,
        "iops_min" : 504420,
        "iops_max" : 541912,
        "iops_mean" : 528635.777778,
        "iops_stddev" : 14950.974130,
        "iops_samples" : 9
      },
      "trim" : {
        "io_bytes" : 0,
        "io_kbytes" : 0,
        "bw_bytes" : 0,
        "bw" : 0,
        "iops" : 0.000000,
        "runtime" : 0,
        "total_ios" : 0,
        "short_ios" : 0,
        "drop_ios" : 0,
        "slat_ns" : {
          "min" : 0,
          "max" : 0,
          "mean" : 0.000000,
          "stddev" : 0.000000,
          "N" : 0
        },
        "clat_ns" : {
          "min" : 0,
          "max" : 0,
          "mean" : 0.000000,
          "stddev" : 0.000000,
          "N" : 0
        },
        "lat_ns" : {
          "min" : 0,
          "max" : 0,
          "mean" : 0.000000,
          "stddev" : 0.000000,
          "N" : 0
        },
        "bw_min" : 0,
        "bw_max" : 0,
        "bw_agg" : 0.000000,
        "bw_mean" : 0.000000,
        "bw_dev" : 0.000000,
        "bw_samples" : 0,
        "iops_min" : 0,
        "iops_max" : 0,
        "iops_mean" : 0.000000,
        "iops_stddev" : 0.000000,
        "iops_samples" : 0
      },
      "sync" : {
        "total_ios" : 0,
        "lat_ns" : {
          "min" : 0,
          "max" : 0,
          "mean" : 0.000000,
          "stddev" : 0.000000,
          "N" : 0
        }
      },
      "job_runtime" : 5001,
      "usr_cpu" : 14.597081,
      "sys_cpu" : 59.868026,
      "ctx" : 601864,
      "majf" : 0,
      "minf" : 10,
      "iodepth_level" : {
        "1" : 0.100000,
        "2" : 0.100000,
        "4" : 0.100000,
        "8" : 0.100000,
        "16" : 0.100000,
        "32" : 0.100000,
        ">=64" : 99.997623
      },
      "iodepth_submit" : {
        "0" : 0.000000,
        "4" : 100.000000,
        "8" : 0.000000,
        "16" : 0.000000,
        "32" : 0.000000,
        "64" : 0.000000,
        ">=64" : 0.000000
      },
      "iodepth_complete" : {
        "0" : 0.000000,
        "4" : 99.999962,
        "8" : 0.000000,
        "16" : 0.000000,
        "32" : 0.000000,
        "64" : 0.000000,
        ">=64" : 0.100000
      },
      "latency_ns" : {
        "2" : 0.000000,
        "4" : 0.000000,
        "10" : 0.000000,
        "20" : 0.000000,
        "50" : 0.000000,
        "100" : 0.000000,
        "250" : 0.000000,
        "500" : 0.000000,
        "750" : 0.000000,
        "1000" : 0.000000
      },
      "latency_us" : {
        "2" : 0.000000,
        "4" : 0.000000,
        "10" : 0.010000,
        "20" : 79.497815,
        "50" : 5.780569,
        "100" : 0.968893,
        "250" : 1.215635,
        "500" : 0.109692,
        "750" : 0.046413,
        "1000" : 0.065431
      },
      "latency_ms" : {
        "2" : 11.374959,
        "4" : 0.799015,
        "10" : 0.120673,
        "20" : 0.019433,
        "50" : 0.000000,
        "100" : 0.000000,
        "250" : 0.000000,
        "500" : 0.000000,
        "750" : 0.000000,
        "1000" : 0.000000,
        "2000" : 0.000000,
        ">=2000" : 0.000000
      },
      "latency_depth" : 128,
      "latency_target" : 0,
      "latency_percentile" : 100.000000,
      "latency_window" : 0
    }
  ],
  "disk_util" : [
    {
      "name" : "nvme3n1",
      "read_ios" : 48,
      "write_ios" : 2593769,
      "read_sectors" : 2088,
      "write_sectors" : 20750152,
      "read_merges" : 0,
      "write_merges" : 0,
      "read_ticks" : 2,
      "write_ticks" : 610265,
      "in_queue" : 610268,
      "util" : 98.218931
    }
  ]
}
