{
  "fio version" : "fio-3.42-31-g6a66",
  "timestamp" : 1781280692,
  "timestamp_ms" : 1781280692687,
  "time" : "Fri Jun 12 16:11:32 2026",
  "jobs" : [
    {
      "jobname" : "sequentialwrite_4k_256",
      "groupid" : 0,
      "job_start" : 1781280687538,
      "error" : 0,
      "eta" : 0,
      "elapsed" : 6,
      "job options" : {
        "name" : "sequentialwrite_4k_256",
        "filename" : "/dev/nvme2n1",
        "ioengine" : "io_uring",
        "direct" : "1",
        "group_reporting" : "",
        "rw" : "write",
        "bs" : "4k",
        "iodepth" : "256",
        "size" : "3G",
        "time_based" : "",
        "runtime" : "5"
      },
      "read" : {
        "io_bytes" : 0,
        "io_kbytes" : 0,
        "bw_bytes" : 0,
        "bw" : 0,
        "iops" : 0.000000,
        "runtime" : 0,
        "total_ios" : 0,
        "short_ios" : 0,
        "drop_ios" : 0,
        "slat_ns" : {
          "min" : 0,
          "max" : 0,
          "mean" : 0.000000,
          "stddev" : 0.000000,
          "N" : 0
        },
        "clat_ns" : {
          "min" : 0,
          "max" : 0,
          "mean" : 0.000000,
          "stddev" : 0.000000,
          "N" : 0
        },
        "lat_ns" : {
          "min" : 0,
          "max" : 0,
          "mean" : 0.000000,
          "stddev" : 0.000000,
          "N" : 0
        },
        "bw_min" : 0,
        "bw_max" : 0,
        "bw_agg" : 0.000000,
        "bw_mean" : 0.000000,
        "bw_dev" : 0.000000,
        "bw_samples" : 0,
        "iops_min" : 0,
        "iops_max" : 0,
        "iops_mean" : 0.000000,
        "iops_stddev" : 0.000000,
        "iops_samples" : 0
      },
      "write" : {
        "io_bytes" : 10628546560,
        "io_kbytes" : 10379440,
        "bw_bytes" : 2123585726,
        "bw" : 2073814,
        "iops" : 518453.546454,
        "runtime" : 5005,
        "total_ios" : 2594860,
        "short_ios" : 0,
        "drop_ios" : 0,
        "slat_ns" : {
          "min" : 522,
          "max" : 59999,
          "mean" : 639.593987,
          "stddev" : 386.460611,
          "N" : 2594860
        },
        "clat_ns" : {
          "min" : 8650,
          "max" : 26201382,
          "mean" : 492915.208586,
          "stddev" : 1250703.561990,
          "N" : 2594860,
          "percentile" : {
            "1.000000" : 23168,
            "5.000000" : 66048,
            "10.000000" : 70144,
            "20.000000" : 75264,
            "30.000000" : 77312,
            "40.000000" : 78336,
            "50.000000" : 80384,
            "60.000000" : 83456,
            "70.000000" : 86528,
            "80.000000" : 89600,
            "90.000000" : 2867200,
            "95.000000" : 3260416,
            "99.000000" : 4292608,
            "99.500000" : 4620288,
            "99.900000" : 13959168,
            "99.950000" : 18481152,
            "99.990000" : 22937600
          }
        },
        "lat_ns" : {
          "min" : 9448,
          "max" : 26202035,
          "mean" : 493554.802573,
          "stddev" : 1250704.162343,
          "N" : 2594860
        },
        "bw_min" : 1966312,
        "bw_max" : 2219920,
        "bw_agg" : 100.000000,
        "bw_mean" : 2075684.000000,
        "bw_dev" : 77813.983936,
        "bw_samples" : 10,
        "iops_min" : 491578,
        "iops_max" : 554980,
        "iops_mean" : 518921.000000,
        "iops_stddev" : 19453.495984,
        "iops_samples" : 10
      },
      "trim" : {
        "io_bytes" : 0,
        "io_kbytes" : 0,
        "bw_bytes" : 0,
        "bw" : 0,
        "iops" : 0.000000,
        "runtime" : 0,
        "total_ios" : 0,
        "short_ios" : 0,
        "drop_ios" : 0,
        "slat_ns" : {
          "min" : 0,
          "max" : 0,
          "mean" : 0.000000,
          "stddev" : 0.000000,
          "N" : 0
        },
        "clat_ns" : {
          "min" : 0,
          "max" : 0,
          "mean" : 0.000000,
          "stddev" : 0.000000,
          "N" : 0
        },
        "lat_ns" : {
          "min" : 0,
          "max" : 0,
          "mean" : 0.000000,
          "stddev" : 0.000000,
          "N" : 0
        },
        "bw_min" : 0,
        "bw_max" : 0,
        "bw_agg" : 0.000000,
        "bw_mean" : 0.000000,
        "bw_dev" : 0.000000,
        "bw_samples" : 0,
        "iops_min" : 0,
        "iops_max" : 0,
        "iops_mean" : 0.000000,
        "iops_stddev" : 0.000000,
        "iops_samples" : 0
      },
      "sync" : {
        "total_ios" : 0,
        "lat_ns" : {
          "min" : 0,
          "max" : 0,
          "mean" : 0.000000,
          "stddev" : 0.000000,
          "N" : 0
        }
      },
      "job_runtime" : 5004,
      "usr_cpu" : 17.186251,
      "sys_cpu" : 42.006395,
      "ctx" : 342334,
      "majf" : 0,
      "minf" : 8,
      "iodepth_level" : {
        "1" : 0.100000,
        "2" : 0.100000,
        "4" : 0.100000,
        "8" : 0.100000,
        "16" : 0.100000,
        "32" : 0.100000,
        ">=64" : 99.997572
      },
      "iodepth_submit" : {
        "0" : 0.000000,
        "4" : 100.000000,
        "8" : 0.000000,
        "16" : 0.000000,
        "32" : 0.000000,
        "64" : 0.000000,
        ">=64" : 0.000000
      },
      "iodepth_complete" : {
        "0" : 0.000000,
        "4" : 99.999961,
        "8" : 0.000000,
        "16" : 0.000000,
        "32" : 0.000000,
        "64" : 0.000000,
        ">=64" : 0.100000
      },
      "latency_ns" : {
        "2" : 0.000000,
        "4" : 0.000000,
        "10" : 0.000000,
        "20" : 0.000000,
        "50" : 0.000000,
        "100" : 0.000000,
        "250" : 0.000000,
        "500" : 0.000000,
        "750" : 0.000000,
        "1000" : 0.000000
      },
      "latency_us" : {
        "2" : 0.000000,
        "4" : 0.000000,
        "10" : 0.010000,
        "20" : 0.258280,
        "50" : 2.159577,
        "100" : 83.392669,
        "250" : 1.634038,
        "500" : 0.021388,
        "750" : 0.010000,
        "1000" : 0.010000
      },
      "latency_ms" : {
        "2" : 0.657107,
        "4" : 10.082124,
        "10" : 1.623170,
        "20" : 0.116384,
        "50" : 0.036534,
        "100" : 0.000000,
        "250" : 0.000000,
        "500" : 0.000000,
        "750" : 0.000000,
        "1000" : 0.000000,
        "2000" : 0.000000,
        ">=2000" : 0.000000
      },
      "latency_depth" : 256,
      "latency_target" : 0,
      "latency_target_ns" : 0,
      "latency_percentile" : 100.000000,
      "latency_window" : 0,
      "latency_window_us" : 0
    }
  ],
  "disk_util" : [
    {
      "name" : "nvme2n1",
      "read_ios" : 48,
      "write_ios" : 2538577,
      "read_sectors" : 2088,
      "write_sectors" : 20308616,
      "read_merges" : 0,
      "write_merges" : 0,
      "read_ticks" : 2,
      "write_ticks" : 1239888,
      "in_queue" : 1239891,
      "util" : 98.238591
    }
  ]
}
