{
  "fio version" : "fio-3.42-31-g6a66",
  "timestamp" : 1781280654,
  "timestamp_ms" : 1781280654983,
  "time" : "Fri Jun 12 16:10:54 2026",
  "jobs" : [
    {
      "jobname" : "sequentialwrite_4k_2",
      "groupid" : 0,
      "job_start" : 1781280649835,
      "error" : 0,
      "eta" : 0,
      "elapsed" : 6,
      "job options" : {
        "name" : "sequentialwrite_4k_2",
        "filename" : "/dev/nvme2n1",
        "ioengine" : "io_uring",
        "direct" : "1",
        "group_reporting" : "",
        "rw" : "write",
        "bs" : "4k",
        "iodepth" : "2",
        "size" : "3G",
        "time_based" : "",
        "runtime" : "5"
      },
      "read" : {
        "io_bytes" : 0,
        "io_kbytes" : 0,
        "bw_bytes" : 0,
        "bw" : 0,
        "iops" : 0.000000,
        "runtime" : 0,
        "total_ios" : 0,
        "short_ios" : 0,
        "drop_ios" : 0,
        "slat_ns" : {
          "min" : 0,
          "max" : 0,
          "mean" : 0.000000,
          "stddev" : 0.000000,
          "N" : 0
        },
        "clat_ns" : {
          "min" : 0,
          "max" : 0,
          "mean" : 0.000000,
          "stddev" : 0.000000,
          "N" : 0
        },
        "lat_ns" : {
          "min" : 0,
          "max" : 0,
          "mean" : 0.000000,
          "stddev" : 0.000000,
          "N" : 0
        },
        "bw_min" : 0,
        "bw_max" : 0,
        "bw_agg" : 0.000000,
        "bw_mean" : 0.000000,
        "bw_dev" : 0.000000,
        "bw_samples" : 0,
        "iops_min" : 0,
        "iops_max" : 0,
        "iops_mean" : 0.000000,
        "iops_stddev" : 0.000000,
        "iops_samples" : 0
      },
      "write" : {
        "io_bytes" : 915316736,
        "io_kbytes" : 893864,
        "bw_bytes" : 183063347,
        "bw" : 178772,
        "iops" : 44693.200000,
        "runtime" : 5000,
        "total_ios" : 223466,
        "short_ios" : 0,
        "drop_ios" : 0,
        "slat_ns" : {
          "min" : 548,
          "max" : 127845,
          "mean" : 740.236815,
          "stddev" : 499.056594,
          "N" : 223466
        },
        "clat_ns" : {
          "min" : 1260,
          "max" : 552328,
          "mean" : 43868.956548,
          "stddev" : 93632.953616,
          "N" : 223466,
          "percentile" : {
            "1.000000" : 8896,
            "5.000000" : 9024,
            "10.000000" : 9152,
            "20.000000" : 9280,
            "30.000000" : 9408,
            "40.000000" : 9664,
            "50.000000" : 9792,
            "60.000000" : 10048,
            "70.000000" : 10304,
            "80.000000" : 10560,
            "90.000000" : 234496,
            "95.000000" : 268288,
            "99.000000" : 440320,
            "99.500000" : 460800,
            "99.900000" : 477184,
            "99.950000" : 509952,
            "99.990000" : 518144
          }
        },
        "lat_ns" : {
          "min" : 7957,
          "max" : 552948,
          "mean" : 44609.193363,
          "stddev" : 93638.923700,
          "N" : 223466
        },
        "bw_min" : 154768,
        "bw_max" : 207072,
        "bw_agg" : 99.999553,
        "bw_mean" : 178772.800000,
        "bw_dev" : 24365.393659,
        "bw_samples" : 10,
        "iops_min" : 38692,
        "iops_max" : 51768,
        "iops_mean" : 44693.200000,
        "iops_stddev" : 6091.348415,
        "iops_samples" : 10
      },
      "trim" : {
        "io_bytes" : 0,
        "io_kbytes" : 0,
        "bw_bytes" : 0,
        "bw" : 0,
        "iops" : 0.000000,
        "runtime" : 0,
        "total_ios" : 0,
        "short_ios" : 0,
        "drop_ios" : 0,
        "slat_ns" : {
          "min" : 0,
          "max" : 0,
          "mean" : 0.000000,
          "stddev" : 0.000000,
          "N" : 0
        },
        "clat_ns" : {
          "min" : 0,
          "max" : 0,
          "mean" : 0.000000,
          "stddev" : 0.000000,
          "N" : 0
        },
        "lat_ns" : {
          "min" : 0,
          "max" : 0,
          "mean" : 0.000000,
          "stddev" : 0.000000,
          "N" : 0
        },
        "bw_min" : 0,
        "bw_max" : 0,
        "bw_agg" : 0.000000,
        "bw_mean" : 0.000000,
        "bw_dev" : 0.000000,
        "bw_samples" : 0,
        "iops_min" : 0,
        "iops_max" : 0,
        "iops_mean" : 0.000000,
        "iops_stddev" : 0.000000,
        "iops_samples" : 0
      },
      "sync" : {
        "total_ios" : 0,
        "lat_ns" : {
          "min" : 0,
          "max" : 0,
          "mean" : 0.000000,
          "stddev" : 0.000000,
          "N" : 0
        }
      },
      "job_runtime" : 5000,
      "usr_cpu" : 2.360000,
      "sys_cpu" : 7.080000,
      "ctx" : 112911,
      "majf" : 0,
      "minf" : 8,
      "iodepth_level" : {
        "1" : 0.100000,
        "2" : 99.999553,
        "4" : 0.000000,
        "8" : 0.000000,
        "16" : 0.000000,
        "32" : 0.000000,
        ">=64" : 0.000000
      },
      "iodepth_submit" : {
        "0" : 0.000000,
        "4" : 100.000000,
        "8" : 0.000000,
        "16" : 0.000000,
        "32" : 0.000000,
        "64" : 0.000000,
        ">=64" : 0.000000
      },
      "iodepth_complete" : {
        "0" : 0.000000,
        "4" : 100.000000,
        "8" : 0.000000,
        "16" : 0.000000,
        "32" : 0.000000,
        "64" : 0.000000,
        ">=64" : 0.000000
      },
      "latency_ns" : {
        "2" : 0.000000,
        "4" : 0.000000,
        "10" : 0.000000,
        "20" : 0.000000,
        "50" : 0.000000,
        "100" : 0.000000,
        "250" : 0.000000,
        "500" : 0.000000,
        "750" : 0.000000,
        "1000" : 0.000000
      },
      "latency_us" : {
        "2" : 0.010000,
        "4" : 0.000000,
        "10" : 58.577144,
        "20" : 28.685796,
        "50" : 0.221063,
        "100" : 0.010000,
        "250" : 7.091012,
        "500" : 5.343095,
        "750" : 0.074284,
        "1000" : 0.000000
      },
      "latency_ms" : {
        "2" : 0.000000,
        "4" : 0.000000,
        "10" : 0.000000,
        "20" : 0.000000,
        "50" : 0.000000,
        "100" : 0.000000,
        "250" : 0.000000,
        "500" : 0.000000,
        "750" : 0.000000,
        "1000" : 0.000000,
        "2000" : 0.000000,
        ">=2000" : 0.000000
      },
      "latency_depth" : 2,
      "latency_target" : 0,
      "latency_target_ns" : 0,
      "latency_percentile" : 100.000000,
      "latency_window" : 0,
      "latency_window_us" : 0
    }
  ],
  "disk_util" : [
    {
      "name" : "nvme2n1",
      "read_ios" : 48,
      "write_ios" : 219550,
      "read_sectors" : 2088,
      "write_sectors" : 1756400,
      "read_merges" : 0,
      "write_merges" : 0,
      "read_ticks" : 1,
      "write_ticks" : 9178,
      "in_queue" : 9180,
      "util" : 98.238591
    }
  ]
}
