{
  "fio version" : "fio-3.36",
  "timestamp" : 1781330007,
  "timestamp_ms" : 1781330007262,
  "time" : "Sat Jun 13 05:53:27 2026",
  "jobs" : [
    {
      "jobname" : "sequentialwrite_4k_2",
      "groupid" : 0,
      "job_start" : 1781330002250,
      "error" : 0,
      "eta" : 0,
      "elapsed" : 6,
      "job options" : {
        "name" : "sequentialwrite_4k_2",
        "filename" : "/dev/nvme3n1",
        "ioengine" : "io_uring",
        "direct" : "1",
        "rw" : "write",
        "bs" : "4k",
        "iodepth" : "2",
        "size" : "3G",
        "runtime" : "5"
      },
      "read" : {
        "io_bytes" : 0,
        "io_kbytes" : 0,
        "bw_bytes" : 0,
        "bw" : 0,
        "iops" : 0.000000,
        "runtime" : 0,
        "total_ios" : 0,
        "short_ios" : 0,
        "drop_ios" : 0,
        "slat_ns" : {
          "min" : 0,
          "max" : 0,
          "mean" : 0.000000,
          "stddev" : 0.000000,
          "N" : 0
        },
        "clat_ns" : {
          "min" : 0,
          "max" : 0,
          "mean" : 0.000000,
          "stddev" : 0.000000,
          "N" : 0
        },
        "lat_ns" : {
          "min" : 0,
          "max" : 0,
          "mean" : 0.000000,
          "stddev" : 0.000000,
          "N" : 0
        },
        "bw_min" : 0,
        "bw_max" : 0,
        "bw_agg" : 0.000000,
        "bw_mean" : 0.000000,
        "bw_dev" : 0.000000,
        "bw_samples" : 0,
        "iops_min" : 0,
        "iops_max" : 0,
        "iops_mean" : 0.000000,
        "iops_stddev" : 0.000000,
        "iops_samples" : 0
      },
      "write" : {
        "io_bytes" : 932044800,
        "io_kbytes" : 910200,
        "bw_bytes" : 186371685,
        "bw" : 182003,
        "iops" : 45500.899820,
        "runtime" : 5001,
        "total_ios" : 227550,
        "short_ios" : 0,
        "drop_ios" : 0,
        "slat_ns" : {
          "min" : 620,
          "max" : 61674,
          "mean" : 1017.663968,
          "stddev" : 420.162333,
          "N" : 227550
        },
        "clat_ns" : {
          "min" : 1141,
          "max" : 1163279,
          "mean" : 42773.942259,
          "stddev" : 95476.091561,
          "N" : 227550,
          "percentile" : {
            "1.000000" : 7520,
            "5.000000" : 7584,
            "10.000000" : 7648,
            "20.000000" : 7968,
            "30.000000" : 8096,
            "40.000000" : 8160,
            "50.000000" : 8256,
            "60.000000" : 8384,
            "70.000000" : 8512,
            "80.000000" : 9024,
            "90.000000" : 232448,
            "95.000000" : 268288,
            "99.000000" : 468992,
            "99.500000" : 477184,
            "99.900000" : 514048,
            "99.950000" : 528384,
            "99.990000" : 528384
          }
        },
        "lat_ns" : {
          "min" : 7568,
          "max" : 1163937,
          "mean" : 43791.606227,
          "stddev" : 95516.268239,
          "N" : 227550
        },
        "bw_min" : 155664,
        "bw_max" : 213216,
        "bw_agg" : 100.000000,
        "bw_mean" : 184944.000000,
        "bw_dev" : 27228.625232,
        "bw_samples" : 9,
        "iops_min" : 38916,
        "iops_max" : 53304,
        "iops_mean" : 46236.000000,
        "iops_stddev" : 6807.156308,
        "iops_samples" : 9
      },
      "trim" : {
        "io_bytes" : 0,
        "io_kbytes" : 0,
        "bw_bytes" : 0,
        "bw" : 0,
        "iops" : 0.000000,
        "runtime" : 0,
        "total_ios" : 0,
        "short_ios" : 0,
        "drop_ios" : 0,
        "slat_ns" : {
          "min" : 0,
          "max" : 0,
          "mean" : 0.000000,
          "stddev" : 0.000000,
          "N" : 0
        },
        "clat_ns" : {
          "min" : 0,
          "max" : 0,
          "mean" : 0.000000,
          "stddev" : 0.000000,
          "N" : 0
        },
        "lat_ns" : {
          "min" : 0,
          "max" : 0,
          "mean" : 0.000000,
          "stddev" : 0.000000,
          "N" : 0
        },
        "bw_min" : 0,
        "bw_max" : 0,
        "bw_agg" : 0.000000,
        "bw_mean" : 0.000000,
        "bw_dev" : 0.000000,
        "bw_samples" : 0,
        "iops_min" : 0,
        "iops_max" : 0,
        "iops_mean" : 0.000000,
        "iops_stddev" : 0.000000,
        "iops_samples" : 0
      },
      "sync" : {
        "total_ios" : 0,
        "lat_ns" : {
          "min" : 0,
          "max" : 0,
          "mean" : 0.000000,
          "stddev" : 0.000000,
          "N" : 0
        }
      },
      "job_runtime" : 5000,
      "usr_cpu" : 1.940000,
      "sys_cpu" : 7.640000,
      "ctx" : 131447,
      "majf" : 0,
      "minf" : 11,
      "iodepth_level" : {
        "1" : 0.100000,
        "2" : 99.999561,
        "4" : 0.000000,
        "8" : 0.000000,
        "16" : 0.000000,
        "32" : 0.000000,
        ">=64" : 0.000000
      },
      "iodepth_submit" : {
        "0" : 0.000000,
        "4" : 100.000000,
        "8" : 0.000000,
        "16" : 0.000000,
        "32" : 0.000000,
        "64" : 0.000000,
        ">=64" : 0.000000
      },
      "iodepth_complete" : {
        "0" : 0.000000,
        "4" : 100.000000,
        "8" : 0.000000,
        "16" : 0.000000,
        "32" : 0.000000,
        "64" : 0.000000,
        ">=64" : 0.000000
      },
      "latency_ns" : {
        "2" : 0.000000,
        "4" : 0.000000,
        "10" : 0.000000,
        "20" : 0.000000,
        "50" : 0.000000,
        "100" : 0.000000,
        "250" : 0.000000,
        "500" : 0.000000,
        "750" : 0.000000,
        "1000" : 0.000000
      },
      "latency_us" : {
        "2" : 0.010000,
        "4" : 0.010000,
        "10" : 86.816084,
        "20" : 0.540541,
        "50" : 0.056251,
        "100" : 0.083938,
        "250" : 7.016480,
        "500" : 5.372006,
        "750" : 0.110745,
        "1000" : 0.000000
      },
      "latency_ms" : {
        "2" : 0.010000,
        "4" : 0.000000,
        "10" : 0.000000,
        "20" : 0.000000,
        "50" : 0.000000,
        "100" : 0.000000,
        "250" : 0.000000,
        "500" : 0.000000,
        "750" : 0.000000,
        "1000" : 0.000000,
        "2000" : 0.000000,
        ">=2000" : 0.000000
      },
      "latency_depth" : 2,
      "latency_target" : 0,
      "latency_percentile" : 100.000000,
      "latency_window" : 0
    }
  ],
  "disk_util" : [
    {
      "name" : "nvme3n1",
      "read_ios" : 48,
      "write_ios" : 223740,
      "read_sectors" : 2088,
      "write_sectors" : 1789920,
      "read_merges" : 0,
      "write_merges" : 0,
      "read_ticks" : 2,
      "write_ticks" : 9260,
      "in_queue" : 9262,
      "util" : 98.158527
    }
  ]
}
