{
  "fio version" : "fio-3.36",
  "timestamp" : 1781330028,
  "timestamp_ms" : 1781330028312,
  "time" : "Sat Jun 13 05:53:48 2026",
  "jobs" : [
    {
      "jobname" : "sequentialwrite_4k_32",
      "groupid" : 0,
      "job_start" : 1781330023292,
      "error" : 0,
      "eta" : 0,
      "elapsed" : 6,
      "job options" : {
        "name" : "sequentialwrite_4k_32",
        "filename" : "/dev/nvme3n1",
        "ioengine" : "io_uring",
        "direct" : "1",
        "rw" : "write",
        "bs" : "4k",
        "iodepth" : "32",
        "size" : "3G",
        "runtime" : "5"
      },
      "read" : {
        "io_bytes" : 0,
        "io_kbytes" : 0,
        "bw_bytes" : 0,
        "bw" : 0,
        "iops" : 0.000000,
        "runtime" : 0,
        "total_ios" : 0,
        "short_ios" : 0,
        "drop_ios" : 0,
        "slat_ns" : {
          "min" : 0,
          "max" : 0,
          "mean" : 0.000000,
          "stddev" : 0.000000,
          "N" : 0
        },
        "clat_ns" : {
          "min" : 0,
          "max" : 0,
          "mean" : 0.000000,
          "stddev" : 0.000000,
          "N" : 0
        },
        "lat_ns" : {
          "min" : 0,
          "max" : 0,
          "mean" : 0.000000,
          "stddev" : 0.000000,
          "N" : 0
        },
        "bw_min" : 0,
        "bw_max" : 0,
        "bw_agg" : 0.000000,
        "bw_mean" : 0.000000,
        "bw_dev" : 0.000000,
        "bw_samples" : 0,
        "iops_min" : 0,
        "iops_max" : 0,
        "iops_mean" : 0.000000,
        "iops_stddev" : 0.000000,
        "iops_samples" : 0
      },
      "write" : {
        "io_bytes" : 10951446528,
        "io_kbytes" : 10694772,
        "bw_bytes" : 2189851335,
        "bw" : 2138526,
        "iops" : 534631.673665,
        "runtime" : 5001,
        "total_ios" : 2673693,
        "short_ios" : 0,
        "drop_ios" : 0,
        "slat_ns" : {
          "min" : 618,
          "max" : 174485,
          "mean" : 1116.549056,
          "stddev" : 408.910490,
          "N" : 2673693
        },
        "clat_ns" : {
          "min" : 3075,
          "max" : 3955043,
          "mean" : 58600.552027,
          "stddev" : 139839.215577,
          "N" : 2673693,
          "percentile" : {
            "1.000000" : 7904,
            "5.000000" : 8384,
            "10.000000" : 8640,
            "20.000000" : 9152,
            "30.000000" : 9664,
            "40.000000" : 10176,
            "50.000000" : 10688,
            "60.000000" : 11456,
            "70.000000" : 12736,
            "80.000000" : 16320,
            "90.000000" : 309248,
            "95.000000" : 391168,
            "99.000000" : 485376,
            "99.500000" : 536576,
            "99.900000" : 872448,
            "99.950000" : 1875968,
            "99.990000" : 3063808
          }
        },
        "lat_ns" : {
          "min" : 8000,
          "max" : 3955921,
          "mean" : 59717.101083,
          "stddev" : 139843.185331,
          "N" : 2673693
        },
        "bw_min" : 2099752,
        "bw_max" : 2170152,
        "bw_agg" : 99.915657,
        "bw_mean" : 2136723.555556,
        "bw_dev" : 31338.472742,
        "bw_samples" : 9,
        "iops_min" : 524938,
        "iops_max" : 542538,
        "iops_mean" : 534180.888889,
        "iops_stddev" : 7834.618185,
        "iops_samples" : 9
      },
      "trim" : {
        "io_bytes" : 0,
        "io_kbytes" : 0,
        "bw_bytes" : 0,
        "bw" : 0,
        "iops" : 0.000000,
        "runtime" : 0,
        "total_ios" : 0,
        "short_ios" : 0,
        "drop_ios" : 0,
        "slat_ns" : {
          "min" : 0,
          "max" : 0,
          "mean" : 0.000000,
          "stddev" : 0.000000,
          "N" : 0
        },
        "clat_ns" : {
          "min" : 0,
          "max" : 0,
          "mean" : 0.000000,
          "stddev" : 0.000000,
          "N" : 0
        },
        "lat_ns" : {
          "min" : 0,
          "max" : 0,
          "mean" : 0.000000,
          "stddev" : 0.000000,
          "N" : 0
        },
        "bw_min" : 0,
        "bw_max" : 0,
        "bw_agg" : 0.000000,
        "bw_mean" : 0.000000,
        "bw_dev" : 0.000000,
        "bw_samples" : 0,
        "iops_min" : 0,
        "iops_max" : 0,
        "iops_mean" : 0.000000,
        "iops_stddev" : 0.000000,
        "iops_samples" : 0
      },
      "sync" : {
        "total_ios" : 0,
        "lat_ns" : {
          "min" : 0,
          "max" : 0,
          "mean" : 0.000000,
          "stddev" : 0.000000,
          "N" : 0
        }
      },
      "job_runtime" : 5000,
      "usr_cpu" : 15.760000,
      "sys_cpu" : 64.580000,
      "ctx" : 520057,
      "majf" : 0,
      "minf" : 11,
      "iodepth_level" : {
        "1" : 0.100000,
        "2" : 0.100000,
        "4" : 0.100000,
        "8" : 0.100000,
        "16" : 0.100000,
        "32" : 99.998841,
        ">=64" : 0.000000
      },
      "iodepth_submit" : {
        "0" : 0.000000,
        "4" : 100.000000,
        "8" : 0.000000,
        "16" : 0.000000,
        "32" : 0.000000,
        "64" : 0.000000,
        ">=64" : 0.000000
      },
      "iodepth_complete" : {
        "0" : 0.000000,
        "4" : 99.999963,
        "8" : 0.000000,
        "16" : 0.000000,
        "32" : 0.100000,
        "64" : 0.000000,
        ">=64" : 0.000000
      },
      "latency_ns" : {
        "2" : 0.000000,
        "4" : 0.000000,
        "10" : 0.000000,
        "20" : 0.000000,
        "50" : 0.000000,
        "100" : 0.000000,
        "250" : 0.000000,
        "500" : 0.000000,
        "750" : 0.000000,
        "1000" : 0.000000
      },
      "latency_us" : {
        "2" : 0.000000,
        "4" : 0.010000,
        "10" : 35.603714,
        "20" : 47.590991,
        "50" : 4.280783,
        "100" : 0.015372,
        "250" : 0.622435,
        "500" : 11.113991,
        "750" : 0.625876,
        "1000" : 0.067996
      },
      "latency_ms" : {
        "2" : 0.031978,
        "4" : 0.046714,
        "10" : 0.000000,
        "20" : 0.000000,
        "50" : 0.000000,
        "100" : 0.000000,
        "250" : 0.000000,
        "500" : 0.000000,
        "750" : 0.000000,
        "1000" : 0.000000,
        "2000" : 0.000000,
        ">=2000" : 0.000000
      },
      "latency_depth" : 32,
      "latency_target" : 0,
      "latency_percentile" : 100.000000,
      "latency_window" : 0
    }
  ],
  "disk_util" : [
    {
      "name" : "nvme3n1",
      "read_ios" : 48,
      "write_ios" : 2617209,
      "read_sectors" : 2088,
      "write_sectors" : 20937680,
      "read_merges" : 0,
      "write_merges" : 0,
      "read_ticks" : 2,
      "write_ticks" : 146860,
      "in_queue" : 146862,
      "util" : 98.238591
    }
  ]
}
