{
  "fio version" : "fio-3.36",
  "timestamp" : 1781330012,
  "timestamp_ms" : 1781330012518,
  "time" : "Sat Jun 13 05:53:32 2026",
  "jobs" : [
    {
      "jobname" : "sequentialwrite_4k_4",
      "groupid" : 0,
      "job_start" : 1781330007507,
      "error" : 0,
      "eta" : 0,
      "elapsed" : 6,
      "job options" : {
        "name" : "sequentialwrite_4k_4",
        "filename" : "/dev/nvme3n1",
        "ioengine" : "io_uring",
        "direct" : "1",
        "rw" : "write",
        "bs" : "4k",
        "iodepth" : "4",
        "size" : "3G",
        "runtime" : "5"
      },
      "read" : {
        "io_bytes" : 0,
        "io_kbytes" : 0,
        "bw_bytes" : 0,
        "bw" : 0,
        "iops" : 0.000000,
        "runtime" : 0,
        "total_ios" : 0,
        "short_ios" : 0,
        "drop_ios" : 0,
        "slat_ns" : {
          "min" : 0,
          "max" : 0,
          "mean" : 0.000000,
          "stddev" : 0.000000,
          "N" : 0
        },
        "clat_ns" : {
          "min" : 0,
          "max" : 0,
          "mean" : 0.000000,
          "stddev" : 0.000000,
          "N" : 0
        },
        "lat_ns" : {
          "min" : 0,
          "max" : 0,
          "mean" : 0.000000,
          "stddev" : 0.000000,
          "N" : 0
        },
        "bw_min" : 0,
        "bw_max" : 0,
        "bw_agg" : 0.000000,
        "bw_mean" : 0.000000,
        "bw_dev" : 0.000000,
        "bw_samples" : 0,
        "iops_min" : 0,
        "iops_max" : 0,
        "iops_mean" : 0.000000,
        "iops_stddev" : 0.000000,
        "iops_samples" : 0
      },
      "write" : {
        "io_bytes" : 1632239616,
        "io_kbytes" : 1593984,
        "bw_bytes" : 326382646,
        "bw" : 318733,
        "iops" : 79683.263347,
        "runtime" : 5001,
        "total_ios" : 398496,
        "short_ios" : 0,
        "drop_ios" : 0,
        "slat_ns" : {
          "min" : 619,
          "max" : 82827,
          "mean" : 1103.161138,
          "stddev" : 476.922137,
          "N" : 398496
        },
        "clat_ns" : {
          "min" : 3318,
          "max" : 618821,
          "mean" : 48938.994394,
          "stddev" : 116298.302637,
          "N" : 398496,
          "percentile" : {
            "1.000000" : 6944,
            "5.000000" : 7328,
            "10.000000" : 7520,
            "20.000000" : 7712,
            "30.000000" : 7968,
            "40.000000" : 8160,
            "50.000000" : 8384,
            "60.000000" : 8768,
            "70.000000" : 9024,
            "80.000000" : 9664,
            "90.000000" : 232448,
            "95.000000" : 242688,
            "99.000000" : 544768,
            "99.500000" : 544768,
            "99.900000" : 585728,
            "99.950000" : 593920,
            "99.990000" : 593920
          }
        },
        "lat_ns" : {
          "min" : 7558,
          "max" : 619521,
          "mean" : 50042.155532,
          "stddev" : 116274.436597,
          "N" : 398496
        },
        "bw_min" : 240640,
        "bw_max" : 423136,
        "bw_agg" : 100.000000,
        "bw_mean" : 327704.888889,
        "bw_dev" : 89953.872307,
        "bw_samples" : 9,
        "iops_min" : 60160,
        "iops_max" : 105784,
        "iops_mean" : 81926.222222,
        "iops_stddev" : 22488.468077,
        "iops_samples" : 9
      },
      "trim" : {
        "io_bytes" : 0,
        "io_kbytes" : 0,
        "bw_bytes" : 0,
        "bw" : 0,
        "iops" : 0.000000,
        "runtime" : 0,
        "total_ios" : 0,
        "short_ios" : 0,
        "drop_ios" : 0,
        "slat_ns" : {
          "min" : 0,
          "max" : 0,
          "mean" : 0.000000,
          "stddev" : 0.000000,
          "N" : 0
        },
        "clat_ns" : {
          "min" : 0,
          "max" : 0,
          "mean" : 0.000000,
          "stddev" : 0.000000,
          "N" : 0
        },
        "lat_ns" : {
          "min" : 0,
          "max" : 0,
          "mean" : 0.000000,
          "stddev" : 0.000000,
          "N" : 0
        },
        "bw_min" : 0,
        "bw_max" : 0,
        "bw_agg" : 0.000000,
        "bw_mean" : 0.000000,
        "bw_dev" : 0.000000,
        "bw_samples" : 0,
        "iops_min" : 0,
        "iops_max" : 0,
        "iops_mean" : 0.000000,
        "iops_stddev" : 0.000000,
        "iops_samples" : 0
      },
      "sync" : {
        "total_ios" : 0,
        "lat_ns" : {
          "min" : 0,
          "max" : 0,
          "mean" : 0.000000,
          "stddev" : 0.000000,
          "N" : 0
        }
      },
      "job_runtime" : 5000,
      "usr_cpu" : 2.340000,
      "sys_cpu" : 12.320000,
      "ctx" : 131102,
      "majf" : 0,
      "minf" : 11,
      "iodepth_level" : {
        "1" : 0.100000,
        "2" : 0.100000,
        "4" : 99.999247,
        "8" : 0.000000,
        "16" : 0.000000,
        "32" : 0.000000,
        ">=64" : 0.000000
      },
      "iodepth_submit" : {
        "0" : 0.000000,
        "4" : 100.000000,
        "8" : 0.000000,
        "16" : 0.000000,
        "32" : 0.000000,
        "64" : 0.000000,
        ">=64" : 0.000000
      },
      "iodepth_complete" : {
        "0" : 0.000000,
        "4" : 100.000000,
        "8" : 0.000000,
        "16" : 0.000000,
        "32" : 0.000000,
        "64" : 0.000000,
        ">=64" : 0.000000
      },
      "latency_ns" : {
        "2" : 0.000000,
        "4" : 0.000000,
        "10" : 0.000000,
        "20" : 0.000000,
        "50" : 0.000000,
        "100" : 0.000000,
        "250" : 0.000000,
        "500" : 0.000000,
        "750" : 0.000000,
        "1000" : 0.000000
      },
      "latency_us" : {
        "2" : 0.000000,
        "4" : 0.010000,
        "10" : 83.247511,
        "20" : 4.026389,
        "50" : 0.102636,
        "100" : 0.121206,
        "250" : 7.528808,
        "500" : 2.713704,
        "750" : 2.259496,
        "1000" : 0.000000
      },
      "latency_ms" : {
        "2" : 0.000000,
        "4" : 0.000000,
        "10" : 0.000000,
        "20" : 0.000000,
        "50" : 0.000000,
        "100" : 0.000000,
        "250" : 0.000000,
        "500" : 0.000000,
        "750" : 0.000000,
        "1000" : 0.000000,
        "2000" : 0.000000,
        ">=2000" : 0.000000
      },
      "latency_depth" : 4,
      "latency_target" : 0,
      "latency_percentile" : 100.000000,
      "latency_window" : 0
    }
  ],
  "disk_util" : [
    {
      "name" : "nvme3n1",
      "read_ios" : 48,
      "write_ios" : 392124,
      "read_sectors" : 2088,
      "write_sectors" : 3136992,
      "read_merges" : 0,
      "write_merges" : 0,
      "read_ticks" : 2,
      "write_ticks" : 18626,
      "in_queue" : 18628,
      "util" : 98.199280
    }
  ]
}
