{
  "fio version" : "fio-3.42-31-g6a66",
  "timestamp" : 1781280681,
  "timestamp_ms" : 1781280681914,
  "time" : "Fri Jun 12 16:11:21 2026",
  "jobs" : [
    {
      "jobname" : "sequentialwrite_4k_64",
      "groupid" : 0,
      "job_start" : 1781280676766,
      "error" : 0,
      "eta" : 0,
      "elapsed" : 6,
      "job options" : {
        "name" : "sequentialwrite_4k_64",
        "filename" : "/dev/nvme2n1",
        "ioengine" : "io_uring",
        "direct" : "1",
        "group_reporting" : "",
        "rw" : "write",
        "bs" : "4k",
        "iodepth" : "64",
        "size" : "3G",
        "time_based" : "",
        "runtime" : "5"
      },
      "read" : {
        "io_bytes" : 0,
        "io_kbytes" : 0,
        "bw_bytes" : 0,
        "bw" : 0,
        "iops" : 0.000000,
        "runtime" : 0,
        "total_ios" : 0,
        "short_ios" : 0,
        "drop_ios" : 0,
        "slat_ns" : {
          "min" : 0,
          "max" : 0,
          "mean" : 0.000000,
          "stddev" : 0.000000,
          "N" : 0
        },
        "clat_ns" : {
          "min" : 0,
          "max" : 0,
          "mean" : 0.000000,
          "stddev" : 0.000000,
          "N" : 0
        },
        "lat_ns" : {
          "min" : 0,
          "max" : 0,
          "mean" : 0.000000,
          "stddev" : 0.000000,
          "N" : 0
        },
        "bw_min" : 0,
        "bw_max" : 0,
        "bw_agg" : 0.000000,
        "bw_mean" : 0.000000,
        "bw_dev" : 0.000000,
        "bw_samples" : 0,
        "iops_min" : 0,
        "iops_max" : 0,
        "iops_mean" : 0.000000,
        "iops_stddev" : 0.000000,
        "iops_samples" : 0
      },
      "write" : {
        "io_bytes" : 10891821056,
        "io_kbytes" : 10636544,
        "bw_bytes" : 2177493213,
        "bw" : 2126458,
        "iops" : 531614.554178,
        "runtime" : 5002,
        "total_ios" : 2659136,
        "short_ios" : 0,
        "drop_ios" : 0,
        "slat_ns" : {
          "min" : 532,
          "max" : 27684,
          "mean" : 767.280771,
          "stddev" : 552.045503,
          "N" : 2659136
        },
        "clat_ns" : {
          "min" : 3565,
          "max" : 7555010,
          "mean" : 119456.239382,
          "stddev" : 322691.251203,
          "N" : 2659136,
          "percentile" : {
            "1.000000" : 9664,
            "5.000000" : 11072,
            "10.000000" : 12096,
            "20.000000" : 13504,
            "30.000000" : 14400,
            "40.000000" : 15168,
            "50.000000" : 15936,
            "60.000000" : 16768,
            "70.000000" : 17792,
            "80.000000" : 19328,
            "90.000000" : 585728,
            "95.000000" : 864256,
            "99.000000" : 1204224,
            "99.500000" : 1875968,
            "99.900000" : 2408448,
            "99.950000" : 4751360,
            "99.990000" : 5472256
          }
        },
        "lat_ns" : {
          "min" : 7001,
          "max" : 7555722,
          "mean" : 120223.520153,
          "stddev" : 322689.207108,
          "N" : 2659136
        },
        "bw_min" : 2086984,
        "bw_max" : 2167792,
        "bw_agg" : 100.000000,
        "bw_mean" : 2127308.800000,
        "bw_dev" : 29428.532356,
        "bw_samples" : 10,
        "iops_min" : 521746,
        "iops_max" : 541948,
        "iops_mean" : 531827.200000,
        "iops_stddev" : 7357.133089,
        "iops_samples" : 10
      },
      "trim" : {
        "io_bytes" : 0,
        "io_kbytes" : 0,
        "bw_bytes" : 0,
        "bw" : 0,
        "iops" : 0.000000,
        "runtime" : 0,
        "total_ios" : 0,
        "short_ios" : 0,
        "drop_ios" : 0,
        "slat_ns" : {
          "min" : 0,
          "max" : 0,
          "mean" : 0.000000,
          "stddev" : 0.000000,
          "N" : 0
        },
        "clat_ns" : {
          "min" : 0,
          "max" : 0,
          "mean" : 0.000000,
          "stddev" : 0.000000,
          "N" : 0
        },
        "lat_ns" : {
          "min" : 0,
          "max" : 0,
          "mean" : 0.000000,
          "stddev" : 0.000000,
          "N" : 0
        },
        "bw_min" : 0,
        "bw_max" : 0,
        "bw_agg" : 0.000000,
        "bw_mean" : 0.000000,
        "bw_dev" : 0.000000,
        "bw_samples" : 0,
        "iops_min" : 0,
        "iops_max" : 0,
        "iops_mean" : 0.000000,
        "iops_stddev" : 0.000000,
        "iops_samples" : 0
      },
      "sync" : {
        "total_ios" : 0,
        "lat_ns" : {
          "min" : 0,
          "max" : 0,
          "mean" : 0.000000,
          "stddev" : 0.000000,
          "N" : 0
        }
      },
      "job_runtime" : 5001,
      "usr_cpu" : 17.296541,
      "sys_cpu" : 50.389922,
      "ctx" : 414326,
      "majf" : 0,
      "minf" : 9,
      "iodepth_level" : {
        "1" : 0.100000,
        "2" : 0.100000,
        "4" : 0.100000,
        "8" : 0.100000,
        "16" : 0.100000,
        "32" : 0.100000,
        ">=64" : 99.997631
      },
      "iodepth_submit" : {
        "0" : 0.000000,
        "4" : 100.000000,
        "8" : 0.000000,
        "16" : 0.000000,
        "32" : 0.000000,
        "64" : 0.000000,
        ">=64" : 0.000000
      },
      "iodepth_complete" : {
        "0" : 0.000000,
        "4" : 99.999962,
        "8" : 0.000000,
        "16" : 0.000000,
        "32" : 0.000000,
        "64" : 0.100000,
        ">=64" : 0.000000
      },
      "latency_ns" : {
        "2" : 0.000000,
        "4" : 0.000000,
        "10" : 0.000000,
        "20" : 0.000000,
        "50" : 0.000000,
        "100" : 0.000000,
        "250" : 0.000000,
        "500" : 0.000000,
        "750" : 0.000000,
        "1000" : 0.000000
      },
      "latency_us" : {
        "2" : 0.000000,
        "4" : 0.010000,
        "10" : 1.493831,
        "20" : 80.945315,
        "50" : 5.024489,
        "100" : 0.025159,
        "250" : 0.113834,
        "500" : 1.620188,
        "750" : 3.882050,
        "1000" : 4.440202
      },
      "latency_ms" : {
        "2" : 2.018776,
        "4" : 0.369970,
        "10" : 0.066149,
        "20" : 0.000000,
        "50" : 0.000000,
        "100" : 0.000000,
        "250" : 0.000000,
        "500" : 0.000000,
        "750" : 0.000000,
        "1000" : 0.000000,
        "2000" : 0.000000,
        ">=2000" : 0.000000
      },
      "latency_depth" : 64,
      "latency_target" : 0,
      "latency_target_ns" : 0,
      "latency_percentile" : 100.000000,
      "latency_window" : 0,
      "latency_window_us" : 0
    }
  ],
  "disk_util" : [
    {
      "name" : "nvme2n1",
      "read_ios" : 48,
      "write_ios" : 2603116,
      "read_sectors" : 2088,
      "write_sectors" : 20824928,
      "read_merges" : 0,
      "write_merges" : 0,
      "read_ticks" : 2,
      "write_ticks" : 301557,
      "in_queue" : 301559,
      "util" : 98.158527
    }
  ]
}
