{
  "fio version" : "fio-3.42-31-g6a66",
  "timestamp" : 1781280665,
  "timestamp_ms" : 1781280665755,
  "time" : "Fri Jun 12 16:11:05 2026",
  "jobs" : [
    {
      "jobname" : "sequentialwrite_4k_8",
      "groupid" : 0,
      "job_start" : 1781280660607,
      "error" : 0,
      "eta" : 0,
      "elapsed" : 6,
      "job options" : {
        "name" : "sequentialwrite_4k_8",
        "filename" : "/dev/nvme2n1",
        "ioengine" : "io_uring",
        "direct" : "1",
        "group_reporting" : "",
        "rw" : "write",
        "bs" : "4k",
        "iodepth" : "8",
        "size" : "3G",
        "time_based" : "",
        "runtime" : "5"
      },
      "read" : {
        "io_bytes" : 0,
        "io_kbytes" : 0,
        "bw_bytes" : 0,
        "bw" : 0,
        "iops" : 0.000000,
        "runtime" : 0,
        "total_ios" : 0,
        "short_ios" : 0,
        "drop_ios" : 0,
        "slat_ns" : {
          "min" : 0,
          "max" : 0,
          "mean" : 0.000000,
          "stddev" : 0.000000,
          "N" : 0
        },
        "clat_ns" : {
          "min" : 0,
          "max" : 0,
          "mean" : 0.000000,
          "stddev" : 0.000000,
          "N" : 0
        },
        "lat_ns" : {
          "min" : 0,
          "max" : 0,
          "mean" : 0.000000,
          "stddev" : 0.000000,
          "N" : 0
        },
        "bw_min" : 0,
        "bw_max" : 0,
        "bw_agg" : 0.000000,
        "bw_mean" : 0.000000,
        "bw_dev" : 0.000000,
        "bw_samples" : 0,
        "iops_min" : 0,
        "iops_max" : 0,
        "iops_mean" : 0.000000,
        "iops_stddev" : 0.000000,
        "iops_samples" : 0
      },
      "write" : {
        "io_bytes" : 2724069376,
        "io_kbytes" : 2660224,
        "bw_bytes" : 544704934,
        "bw" : 531938,
        "iops" : 132984.603079,
        "runtime" : 5001,
        "total_ios" : 665056,
        "short_ios" : 0,
        "drop_ios" : 0,
        "slat_ns" : {
          "min" : 540,
          "max" : 45443,
          "mean" : 733.228697,
          "stddev" : 471.241870,
          "N" : 665056
        },
        "clat_ns" : {
          "min" : 2446,
          "max" : 1041026,
          "mean" : 59269.704816,
          "stddev" : 154040.654407,
          "N" : 665056,
          "percentile" : {
            "1.000000" : 8032,
            "5.000000" : 8768,
            "10.000000" : 9152,
            "20.000000" : 9536,
            "30.000000" : 9792,
            "40.000000" : 10048,
            "50.000000" : 10304,
            "60.000000" : 10688,
            "70.000000" : 11072,
            "80.000000" : 11712,
            "90.000000" : 234496,
            "95.000000" : 236544,
            "99.000000" : 880640,
            "99.500000" : 897024,
            "99.900000" : 937984,
            "99.950000" : 946176,
            "99.990000" : 946176
          }
        },
        "lat_ns" : {
          "min" : 7874,
          "max" : 1041801,
          "mean" : 60002.933512,
          "stddev" : 154032.114422,
          "N" : 665056
        },
        "bw_min" : 351288,
        "bw_max" : 821336,
        "bw_agg" : 100.000000,
        "bw_mean" : 532044.800000,
        "bw_dev" : 226443.219689,
        "bw_samples" : 10,
        "iops_min" : 87822,
        "iops_max" : 205334,
        "iops_mean" : 133011.200000,
        "iops_stddev" : 56610.804922,
        "iops_samples" : 10
      },
      "trim" : {
        "io_bytes" : 0,
        "io_kbytes" : 0,
        "bw_bytes" : 0,
        "bw" : 0,
        "iops" : 0.000000,
        "runtime" : 0,
        "total_ios" : 0,
        "short_ios" : 0,
        "drop_ios" : 0,
        "slat_ns" : {
          "min" : 0,
          "max" : 0,
          "mean" : 0.000000,
          "stddev" : 0.000000,
          "N" : 0
        },
        "clat_ns" : {
          "min" : 0,
          "max" : 0,
          "mean" : 0.000000,
          "stddev" : 0.000000,
          "N" : 0
        },
        "lat_ns" : {
          "min" : 0,
          "max" : 0,
          "mean" : 0.000000,
          "stddev" : 0.000000,
          "N" : 0
        },
        "bw_min" : 0,
        "bw_max" : 0,
        "bw_agg" : 0.000000,
        "bw_mean" : 0.000000,
        "bw_dev" : 0.000000,
        "bw_samples" : 0,
        "iops_min" : 0,
        "iops_max" : 0,
        "iops_mean" : 0.000000,
        "iops_stddev" : 0.000000,
        "iops_samples" : 0
      },
      "sync" : {
        "total_ios" : 0,
        "lat_ns" : {
          "min" : 0,
          "max" : 0,
          "mean" : 0.000000,
          "stddev" : 0.000000,
          "N" : 0
        }
      },
      "job_runtime" : 5000,
      "usr_cpu" : 5.180000,
      "sys_cpu" : 17.600000,
      "ctx" : 237500,
      "majf" : 0,
      "minf" : 6,
      "iodepth_level" : {
        "1" : 0.100000,
        "2" : 0.100000,
        "4" : 0.100000,
        "8" : 99.998947,
        "16" : 0.000000,
        "32" : 0.000000,
        ">=64" : 0.000000
      },
      "iodepth_submit" : {
        "0" : 0.000000,
        "4" : 100.000000,
        "8" : 0.000000,
        "16" : 0.000000,
        "32" : 0.000000,
        "64" : 0.000000,
        ">=64" : 0.000000
      },
      "iodepth_complete" : {
        "0" : 0.000000,
        "4" : 99.999850,
        "8" : 0.100000,
        "16" : 0.000000,
        "32" : 0.000000,
        "64" : 0.000000,
        ">=64" : 0.000000
      },
      "latency_ns" : {
        "2" : 0.000000,
        "4" : 0.000000,
        "10" : 0.000000,
        "20" : 0.000000,
        "50" : 0.000000,
        "100" : 0.000000,
        "250" : 0.000000,
        "500" : 0.000000,
        "750" : 0.000000,
        "1000" : 0.000000
      },
      "latency_us" : {
        "2" : 0.000000,
        "4" : 0.010000,
        "10" : 35.795632,
        "20" : 51.385748,
        "50" : 0.300275,
        "100" : 0.010000,
        "250" : 7.835581,
        "500" : 1.035402,
        "750" : 2.490467,
        "1000" : 1.146821
      },
      "latency_ms" : {
        "2" : 0.010000,
        "4" : 0.000000,
        "10" : 0.000000,
        "20" : 0.000000,
        "50" : 0.000000,
        "100" : 0.000000,
        "250" : 0.000000,
        "500" : 0.000000,
        "750" : 0.000000,
        "1000" : 0.000000,
        "2000" : 0.000000,
        ">=2000" : 0.000000
      },
      "latency_depth" : 8,
      "latency_target" : 0,
      "latency_target_ns" : 0,
      "latency_percentile" : 100.000000,
      "latency_window" : 0,
      "latency_window_us" : 0
    }
  ],
  "disk_util" : [
    {
      "name" : "nvme2n1",
      "read_ios" : 48,
      "write_ios" : 656600,
      "read_sectors" : 2088,
      "write_sectors" : 5252800,
      "read_merges" : 0,
      "write_merges" : 0,
      "read_ticks" : 2,
      "write_ticks" : 37013,
      "in_queue" : 37015,
      "util" : 98.158527
    }
  ]
}
