{
  "fio version" : "fio-3.36",
  "timestamp" : 1781330017,
  "timestamp_ms" : 1781330017785,
  "time" : "Sat Jun 13 05:53:37 2026",
  "jobs" : [
    {
      "jobname" : "sequentialwrite_4k_8",
      "groupid" : 0,
      "job_start" : 1781330012764,
      "error" : 0,
      "eta" : 0,
      "elapsed" : 6,
      "job options" : {
        "name" : "sequentialwrite_4k_8",
        "filename" : "/dev/nvme3n1",
        "ioengine" : "io_uring",
        "direct" : "1",
        "rw" : "write",
        "bs" : "4k",
        "iodepth" : "8",
        "size" : "3G",
        "runtime" : "5"
      },
      "read" : {
        "io_bytes" : 0,
        "io_kbytes" : 0,
        "bw_bytes" : 0,
        "bw" : 0,
        "iops" : 0.000000,
        "runtime" : 0,
        "total_ios" : 0,
        "short_ios" : 0,
        "drop_ios" : 0,
        "slat_ns" : {
          "min" : 0,
          "max" : 0,
          "mean" : 0.000000,
          "stddev" : 0.000000,
          "N" : 0
        },
        "clat_ns" : {
          "min" : 0,
          "max" : 0,
          "mean" : 0.000000,
          "stddev" : 0.000000,
          "N" : 0
        },
        "lat_ns" : {
          "min" : 0,
          "max" : 0,
          "mean" : 0.000000,
          "stddev" : 0.000000,
          "N" : 0
        },
        "bw_min" : 0,
        "bw_max" : 0,
        "bw_agg" : 0.000000,
        "bw_mean" : 0.000000,
        "bw_dev" : 0.000000,
        "bw_samples" : 0,
        "iops_min" : 0,
        "iops_max" : 0,
        "iops_mean" : 0.000000,
        "iops_stddev" : 0.000000,
        "iops_samples" : 0
      },
      "write" : {
        "io_bytes" : 2773319680,
        "io_kbytes" : 2708320,
        "bw_bytes" : 554553025,
        "bw" : 541555,
        "iops" : 135388.922216,
        "runtime" : 5001,
        "total_ios" : 677080,
        "short_ios" : 0,
        "drop_ios" : 0,
        "slat_ns" : {
          "min" : 617,
          "max" : 354263,
          "mean" : 1133.274081,
          "stddev" : 632.942479,
          "N" : 677080
        },
        "clat_ns" : {
          "min" : 3090,
          "max" : 2004027,
          "mean" : 57795.060114,
          "stddev" : 155568.395804,
          "N" : 677080,
          "percentile" : {
            "1.000000" : 7072,
            "5.000000" : 7456,
            "10.000000" : 7648,
            "20.000000" : 7904,
            "30.000000" : 8096,
            "40.000000" : 8384,
            "50.000000" : 8512,
            "60.000000" : 8896,
            "70.000000" : 9280,
            "80.000000" : 9920,
            "90.000000" : 232448,
            "95.000000" : 236544,
            "99.000000" : 888832,
            "99.500000" : 905216,
            "99.900000" : 954368,
            "99.950000" : 954368,
            "99.990000" : 1073152
          }
        },
        "lat_ns" : {
          "min" : 7627,
          "max" : 2005531,
          "mean" : 58928.334195,
          "stddev" : 155545.474690,
          "N" : 677080
        },
        "bw_min" : 356608,
        "bw_max" : 840952,
        "bw_agg" : 100.000000,
        "bw_mean" : 561515.555556,
        "bw_dev" : 239194.505359,
        "bw_samples" : 9,
        "iops_min" : 89152,
        "iops_max" : 210238,
        "iops_mean" : 140378.888889,
        "iops_stddev" : 59798.626340,
        "iops_samples" : 9
      },
      "trim" : {
        "io_bytes" : 0,
        "io_kbytes" : 0,
        "bw_bytes" : 0,
        "bw" : 0,
        "iops" : 0.000000,
        "runtime" : 0,
        "total_ios" : 0,
        "short_ios" : 0,
        "drop_ios" : 0,
        "slat_ns" : {
          "min" : 0,
          "max" : 0,
          "mean" : 0.000000,
          "stddev" : 0.000000,
          "N" : 0
        },
        "clat_ns" : {
          "min" : 0,
          "max" : 0,
          "mean" : 0.000000,
          "stddev" : 0.000000,
          "N" : 0
        },
        "lat_ns" : {
          "min" : 0,
          "max" : 0,
          "mean" : 0.000000,
          "stddev" : 0.000000,
          "N" : 0
        },
        "bw_min" : 0,
        "bw_max" : 0,
        "bw_agg" : 0.000000,
        "bw_mean" : 0.000000,
        "bw_dev" : 0.000000,
        "bw_samples" : 0,
        "iops_min" : 0,
        "iops_max" : 0,
        "iops_mean" : 0.000000,
        "iops_stddev" : 0.000000,
        "iops_samples" : 0
      },
      "sync" : {
        "total_ios" : 0,
        "lat_ns" : {
          "min" : 0,
          "max" : 0,
          "mean" : 0.000000,
          "stddev" : 0.000000,
          "N" : 0
        }
      },
      "job_runtime" : 5000,
      "usr_cpu" : 4.400000,
      "sys_cpu" : 20.540000,
      "ctx" : 220588,
      "majf" : 0,
      "minf" : 11,
      "iodepth_level" : {
        "1" : 0.100000,
        "2" : 0.100000,
        "4" : 0.100000,
        "8" : 99.998966,
        "16" : 0.000000,
        "32" : 0.000000,
        ">=64" : 0.000000
      },
      "iodepth_submit" : {
        "0" : 0.000000,
        "4" : 100.000000,
        "8" : 0.000000,
        "16" : 0.000000,
        "32" : 0.000000,
        "64" : 0.000000,
        ">=64" : 0.000000
      },
      "iodepth_complete" : {
        "0" : 0.000000,
        "4" : 99.999852,
        "8" : 0.100000,
        "16" : 0.000000,
        "32" : 0.000000,
        "64" : 0.000000,
        ">=64" : 0.000000
      },
      "latency_ns" : {
        "2" : 0.000000,
        "4" : 0.000000,
        "10" : 0.000000,
        "20" : 0.000000,
        "50" : 0.000000,
        "100" : 0.000000,
        "250" : 0.000000,
        "500" : 0.000000,
        "750" : 0.000000,
        "1000" : 0.000000
      },
      "latency_us" : {
        "2" : 0.000000,
        "4" : 0.010000,
        "10" : 81.290099,
        "20" : 6.112572,
        "50" : 0.066019,
        "100" : 0.025846,
        "250" : 7.812814,
        "500" : 0.946417,
        "750" : 2.555090,
        "1000" : 1.174160
      },
      "latency_ms" : {
        "2" : 0.016099,
        "4" : 0.010000,
        "10" : 0.000000,
        "20" : 0.000000,
        "50" : 0.000000,
        "100" : 0.000000,
        "250" : 0.000000,
        "500" : 0.000000,
        "750" : 0.000000,
        "1000" : 0.000000,
        "2000" : 0.000000,
        ">=2000" : 0.000000
      },
      "latency_depth" : 8,
      "latency_target" : 0,
      "latency_percentile" : 100.000000,
      "latency_window" : 0
    }
  ],
  "disk_util" : [
    {
      "name" : "nvme3n1",
      "read_ios" : 48,
      "write_ios" : 667141,
      "read_sectors" : 2088,
      "write_sectors" : 5337128,
      "read_merges" : 0,
      "write_merges" : 0,
      "read_ticks" : 2,
      "write_ticks" : 37474,
      "in_queue" : 37475,
      "util" : 98.218931
    }
  ]
}
