{
  "fio version" : "fio-3.42-31-g6a66",
  "timestamp" : 1781280848,
  "timestamp_ms" : 1781280848884,
  "time" : "Fri Jun 12 16:14:08 2026",
  "jobs" : [
    {
      "jobname" : "sequentialwrite_64k_2",
      "groupid" : 0,
      "job_start" : 1781280843735,
      "error" : 0,
      "eta" : 0,
      "elapsed" : 6,
      "job options" : {
        "name" : "sequentialwrite_64k_2",
        "filename" : "/dev/nvme2n1",
        "ioengine" : "io_uring",
        "direct" : "1",
        "group_reporting" : "",
        "rw" : "write",
        "bs" : "64k",
        "iodepth" : "2",
        "size" : "3G",
        "time_based" : "",
        "runtime" : "5"
      },
      "read" : {
        "io_bytes" : 0,
        "io_kbytes" : 0,
        "bw_bytes" : 0,
        "bw" : 0,
        "iops" : 0.000000,
        "runtime" : 0,
        "total_ios" : 0,
        "short_ios" : 0,
        "drop_ios" : 0,
        "slat_ns" : {
          "min" : 0,
          "max" : 0,
          "mean" : 0.000000,
          "stddev" : 0.000000,
          "N" : 0
        },
        "clat_ns" : {
          "min" : 0,
          "max" : 0,
          "mean" : 0.000000,
          "stddev" : 0.000000,
          "N" : 0
        },
        "lat_ns" : {
          "min" : 0,
          "max" : 0,
          "mean" : 0.000000,
          "stddev" : 0.000000,
          "N" : 0
        },
        "bw_min" : 0,
        "bw_max" : 0,
        "bw_agg" : 0.000000,
        "bw_mean" : 0.000000,
        "bw_dev" : 0.000000,
        "bw_samples" : 0,
        "iops_min" : 0,
        "iops_max" : 0,
        "iops_mean" : 0.000000,
        "iops_stddev" : 0.000000,
        "iops_samples" : 0
      },
      "write" : {
        "io_bytes" : 4084989952,
        "io_kbytes" : 3989248,
        "bw_bytes" : 816834623,
        "bw" : 797690,
        "iops" : 12463.907219,
        "runtime" : 5001,
        "total_ios" : 62332,
        "short_ios" : 0,
        "drop_ios" : 0,
        "slat_ns" : {
          "min" : 1558,
          "max" : 54024,
          "mean" : 2361.147019,
          "stddev" : 783.778241,
          "N" : 62332
        },
        "clat_ns" : {
          "min" : 31947,
          "max" : 3544314,
          "mean" : 157902.717785,
          "stddev" : 179750.986437,
          "N" : 62332,
          "percentile" : {
            "1.000000" : 32640,
            "5.000000" : 33024,
            "10.000000" : 33024,
            "20.000000" : 33024,
            "30.000000" : 33536,
            "40.000000" : 34048,
            "50.000000" : 254976,
            "60.000000" : 257024,
            "70.000000" : 257024,
            "80.000000" : 259072,
            "90.000000" : 259072,
            "95.000000" : 264192,
            "99.000000" : 411648,
            "99.500000" : 473088,
            "99.900000" : 2605056,
            "99.950000" : 2637824,
            "99.990000" : 2834432
          }
        },
        "lat_ns" : {
          "min" : 34374,
          "max" : 3546458,
          "mean" : 160263.864805,
          "stddev" : 179747.789894,
          "N" : 62332
        },
        "bw_min" : 724608,
        "bw_max" : 850176,
        "bw_agg" : 100.000000,
        "bw_mean" : 804693.333333,
        "bw_dev" : 53132.605733,
        "bw_samples" : 9,
        "iops_min" : 11322,
        "iops_max" : 13284,
        "iops_mean" : 12573.333333,
        "iops_stddev" : 830.196965,
        "iops_samples" : 9
      },
      "trim" : {
        "io_bytes" : 0,
        "io_kbytes" : 0,
        "bw_bytes" : 0,
        "bw" : 0,
        "iops" : 0.000000,
        "runtime" : 0,
        "total_ios" : 0,
        "short_ios" : 0,
        "drop_ios" : 0,
        "slat_ns" : {
          "min" : 0,
          "max" : 0,
          "mean" : 0.000000,
          "stddev" : 0.000000,
          "N" : 0
        },
        "clat_ns" : {
          "min" : 0,
          "max" : 0,
          "mean" : 0.000000,
          "stddev" : 0.000000,
          "N" : 0
        },
        "lat_ns" : {
          "min" : 0,
          "max" : 0,
          "mean" : 0.000000,
          "stddev" : 0.000000,
          "N" : 0
        },
        "bw_min" : 0,
        "bw_max" : 0,
        "bw_agg" : 0.000000,
        "bw_mean" : 0.000000,
        "bw_dev" : 0.000000,
        "bw_samples" : 0,
        "iops_min" : 0,
        "iops_max" : 0,
        "iops_mean" : 0.000000,
        "iops_stddev" : 0.000000,
        "iops_samples" : 0
      },
      "sync" : {
        "total_ios" : 0,
        "lat_ns" : {
          "min" : 0,
          "max" : 0,
          "mean" : 0.000000,
          "stddev" : 0.000000,
          "N" : 0
        }
      },
      "job_runtime" : 5000,
      "usr_cpu" : 2.760000,
      "sys_cpu" : 2.500000,
      "ctx" : 62053,
      "majf" : 0,
      "minf" : 7,
      "iodepth_level" : {
        "1" : 0.100000,
        "2" : 99.998396,
        "4" : 0.000000,
        "8" : 0.000000,
        "16" : 0.000000,
        "32" : 0.000000,
        ">=64" : 0.000000
      },
      "iodepth_submit" : {
        "0" : 0.000000,
        "4" : 100.000000,
        "8" : 0.000000,
        "16" : 0.000000,
        "32" : 0.000000,
        "64" : 0.000000,
        ">=64" : 0.000000
      },
      "iodepth_complete" : {
        "0" : 0.000000,
        "4" : 100.000000,
        "8" : 0.000000,
        "16" : 0.000000,
        "32" : 0.000000,
        "64" : 0.000000,
        ">=64" : 0.000000
      },
      "latency_ns" : {
        "2" : 0.000000,
        "4" : 0.000000,
        "10" : 0.000000,
        "20" : 0.000000,
        "50" : 0.000000,
        "100" : 0.000000,
        "250" : 0.000000,
        "500" : 0.000000,
        "750" : 0.000000,
        "1000" : 0.000000
      },
      "latency_us" : {
        "2" : 0.000000,
        "4" : 0.000000,
        "10" : 0.000000,
        "20" : 0.000000,
        "50" : 49.639030,
        "100" : 0.285568,
        "250" : 0.072194,
        "500" : 49.571649,
        "750" : 0.010000,
        "1000" : 0.010000
      },
      "latency_ms" : {
        "2" : 0.168453,
        "4" : 0.251877,
        "10" : 0.000000,
        "20" : 0.000000,
        "50" : 0.000000,
        "100" : 0.000000,
        "250" : 0.000000,
        "500" : 0.000000,
        "750" : 0.000000,
        "1000" : 0.000000,
        "2000" : 0.000000,
        ">=2000" : 0.000000
      },
      "latency_depth" : 2,
      "latency_target" : 0,
      "latency_target_ns" : 0,
      "latency_percentile" : 100.000000,
      "latency_window" : 0,
      "latency_window_us" : 0
    }
  ],
  "disk_util" : [
    {
      "name" : "nvme2n1",
      "read_ios" : 48,
      "write_ios" : 61281,
      "read_sectors" : 2088,
      "write_sectors" : 7843968,
      "read_merges" : 0,
      "write_merges" : 0,
      "read_ticks" : 1,
      "write_ticks" : 9595,
      "in_queue" : 9596,
      "util" : 98.238591
    }
  ]
}
