{
  "fio version" : "fio-3.42-31-g6a66",
  "timestamp" : 1781280870,
  "timestamp_ms" : 1781280870428,
  "time" : "Fri Jun 12 16:14:30 2026",
  "jobs" : [
    {
      "jobname" : "sequentialwrite_64k_32",
      "groupid" : 0,
      "job_start" : 1781280865280,
      "error" : 0,
      "eta" : 0,
      "elapsed" : 6,
      "job options" : {
        "name" : "sequentialwrite_64k_32",
        "filename" : "/dev/nvme2n1",
        "ioengine" : "io_uring",
        "direct" : "1",
        "group_reporting" : "",
        "rw" : "write",
        "bs" : "64k",
        "iodepth" : "32",
        "size" : "3G",
        "time_based" : "",
        "runtime" : "5"
      },
      "read" : {
        "io_bytes" : 0,
        "io_kbytes" : 0,
        "bw_bytes" : 0,
        "bw" : 0,
        "iops" : 0.000000,
        "runtime" : 0,
        "total_ios" : 0,
        "short_ios" : 0,
        "drop_ios" : 0,
        "slat_ns" : {
          "min" : 0,
          "max" : 0,
          "mean" : 0.000000,
          "stddev" : 0.000000,
          "N" : 0
        },
        "clat_ns" : {
          "min" : 0,
          "max" : 0,
          "mean" : 0.000000,
          "stddev" : 0.000000,
          "N" : 0
        },
        "lat_ns" : {
          "min" : 0,
          "max" : 0,
          "mean" : 0.000000,
          "stddev" : 0.000000,
          "N" : 0
        },
        "bw_min" : 0,
        "bw_max" : 0,
        "bw_agg" : 0.000000,
        "bw_mean" : 0.000000,
        "bw_dev" : 0.000000,
        "bw_samples" : 0,
        "iops_min" : 0,
        "iops_max" : 0,
        "iops_mean" : 0.000000,
        "iops_stddev" : 0.000000,
        "iops_samples" : 0
      },
      "write" : {
        "io_bytes" : 10197336064,
        "io_kbytes" : 9958336,
        "bw_bytes" : 2038244266,
        "bw" : 1990472,
        "iops" : 31101.139316,
        "runtime" : 5003,
        "total_ios" : 155599,
        "short_ios" : 0,
        "drop_ios" : 0,
        "slat_ns" : {
          "min" : 1357,
          "max" : 173905,
          "mean" : 2177.393087,
          "stddev" : 959.674841,
          "N" : 155599
        },
        "clat_ns" : {
          "min" : 33547,
          "max" : 33535333,
          "mean" : 1026345.385234,
          "stddev" : 1754679.177903,
          "N" : 155599,
          "percentile" : {
            "1.000000" : 35584,
            "5.000000" : 36096,
            "10.000000" : 37120,
            "20.000000" : 38144,
            "30.000000" : 40192,
            "40.000000" : 49920,
            "50.000000" : 391168,
            "60.000000" : 1662976,
            "70.000000" : 1777664,
            "80.000000" : 1859584,
            "90.000000" : 2007040,
            "95.000000" : 2146304,
            "99.000000" : 2834432,
            "99.500000" : 7569408,
            "99.900000" : 31064064,
            "99.950000" : 31326208,
            "99.990000" : 31326208
          }
        },
        "lat_ns" : {
          "min" : 35829,
          "max" : 33537703,
          "mean" : 1028522.778321,
          "stddev" : 1754717.718305,
          "N" : 155599
        },
        "bw_min" : 1613312,
        "bw_max" : 2202496,
        "bw_agg" : 100.000000,
        "bw_mean" : 1991667.200000,
        "bw_dev" : 256428.210400,
        "bw_samples" : 10,
        "iops_min" : 25208,
        "iops_max" : 34414,
        "iops_mean" : 31119.800000,
        "iops_stddev" : 4006.690788,
        "iops_samples" : 10
      },
      "trim" : {
        "io_bytes" : 0,
        "io_kbytes" : 0,
        "bw_bytes" : 0,
        "bw" : 0,
        "iops" : 0.000000,
        "runtime" : 0,
        "total_ios" : 0,
        "short_ios" : 0,
        "drop_ios" : 0,
        "slat_ns" : {
          "min" : 0,
          "max" : 0,
          "mean" : 0.000000,
          "stddev" : 0.000000,
          "N" : 0
        },
        "clat_ns" : {
          "min" : 0,
          "max" : 0,
          "mean" : 0.000000,
          "stddev" : 0.000000,
          "N" : 0
        },
        "lat_ns" : {
          "min" : 0,
          "max" : 0,
          "mean" : 0.000000,
          "stddev" : 0.000000,
          "N" : 0
        },
        "bw_min" : 0,
        "bw_max" : 0,
        "bw_agg" : 0.000000,
        "bw_mean" : 0.000000,
        "bw_dev" : 0.000000,
        "bw_samples" : 0,
        "iops_min" : 0,
        "iops_max" : 0,
        "iops_mean" : 0.000000,
        "iops_stddev" : 0.000000,
        "iops_samples" : 0
      },
      "sync" : {
        "total_ios" : 0,
        "lat_ns" : {
          "min" : 0,
          "max" : 0,
          "mean" : 0.000000,
          "stddev" : 0.000000,
          "N" : 0
        }
      },
      "job_runtime" : 5002,
      "usr_cpu" : 4.298281,
      "sys_cpu" : 7.856857,
      "ctx" : 133993,
      "majf" : 0,
      "minf" : 10,
      "iodepth_level" : {
        "1" : 0.100000,
        "2" : 0.100000,
        "4" : 0.100000,
        "8" : 0.100000,
        "16" : 0.100000,
        "32" : 99.980077,
        ">=64" : 0.000000
      },
      "iodepth_submit" : {
        "0" : 0.000000,
        "4" : 100.000000,
        "8" : 0.000000,
        "16" : 0.000000,
        "32" : 0.000000,
        "64" : 0.000000,
        ">=64" : 0.000000
      },
      "iodepth_complete" : {
        "0" : 0.000000,
        "4" : 99.999357,
        "8" : 0.000000,
        "16" : 0.000000,
        "32" : 0.100000,
        "64" : 0.000000,
        ">=64" : 0.000000
      },
      "latency_ns" : {
        "2" : 0.000000,
        "4" : 0.000000,
        "10" : 0.000000,
        "20" : 0.000000,
        "50" : 0.000000,
        "100" : 0.000000,
        "250" : 0.000000,
        "500" : 0.000000,
        "750" : 0.000000,
        "1000" : 0.000000
      },
      "latency_us" : {
        "2" : 0.000000,
        "4" : 0.000000,
        "10" : 0.000000,
        "20" : 0.000000,
        "50" : 40.028535,
        "100" : 9.611887,
        "250" : 0.208870,
        "500" : 0.242932,
        "750" : 0.356686,
        "1000" : 1.132398
      },
      "latency_ms" : {
        "2" : 38.011812,
        "4" : 9.790551,
        "10" : 0.192161,
        "20" : 0.172238,
        "50" : 0.251930,
        "100" : 0.000000,
        "250" : 0.000000,
        "500" : 0.000000,
        "750" : 0.000000,
        "1000" : 0.000000,
        "2000" : 0.000000,
        ">=2000" : 0.000000
      },
      "latency_depth" : 32,
      "latency_target" : 0,
      "latency_target_ns" : 0,
      "latency_percentile" : 100.000000,
      "latency_window" : 0,
      "latency_window_us" : 0
    }
  ],
  "disk_util" : [
    {
      "name" : "nvme2n1",
      "read_ios" : 48,
      "write_ios" : 152813,
      "read_sectors" : 2088,
      "write_sectors" : 19560064,
      "read_merges" : 0,
      "write_merges" : 0,
      "read_ticks" : 1,
      "write_ticks" : 155680,
      "in_queue" : 155682,
      "util" : 98.158527
    }
  ]
}
