{
  "fio version" : "fio-3.36",
  "timestamp" : 1781330228,
  "timestamp_ms" : 1781330228353,
  "time" : "Sat Jun 13 05:57:08 2026",
  "jobs" : [
    {
      "jobname" : "sequentialwrite_64k_128",
      "groupid" : 0,
      "job_start" : 1781330223334,
      "error" : 0,
      "eta" : 0,
      "elapsed" : 6,
      "job options" : {
        "name" : "sequentialwrite_64k_128",
        "filename" : "/dev/nvme3n1",
        "ioengine" : "io_uring",
        "direct" : "1",
        "rw" : "write",
        "bs" : "64k",
        "iodepth" : "128",
        "size" : "3G",
        "runtime" : "5"
      },
      "read" : {
        "io_bytes" : 0,
        "io_kbytes" : 0,
        "bw_bytes" : 0,
        "bw" : 0,
        "iops" : 0.000000,
        "runtime" : 0,
        "total_ios" : 0,
        "short_ios" : 0,
        "drop_ios" : 0,
        "slat_ns" : {
          "min" : 0,
          "max" : 0,
          "mean" : 0.000000,
          "stddev" : 0.000000,
          "N" : 0
        },
        "clat_ns" : {
          "min" : 0,
          "max" : 0,
          "mean" : 0.000000,
          "stddev" : 0.000000,
          "N" : 0
        },
        "lat_ns" : {
          "min" : 0,
          "max" : 0,
          "mean" : 0.000000,
          "stddev" : 0.000000,
          "N" : 0
        },
        "bw_min" : 0,
        "bw_max" : 0,
        "bw_agg" : 0.000000,
        "bw_mean" : 0.000000,
        "bw_dev" : 0.000000,
        "bw_samples" : 0,
        "iops_min" : 0,
        "iops_max" : 0,
        "iops_mean" : 0.000000,
        "iops_stddev" : 0.000000,
        "iops_samples" : 0
      },
      "write" : {
        "io_bytes" : 10869800960,
        "io_kbytes" : 10615040,
        "bw_bytes" : 2170487412,
        "bw" : 2119616,
        "iops" : 33119.009585,
        "runtime" : 5008,
        "total_ios" : 165860,
        "short_ios" : 0,
        "drop_ios" : 0,
        "slat_ns" : {
          "min" : 1668,
          "max" : 131781,
          "mean" : 2563.512673,
          "stddev" : 577.286970,
          "N" : 165860
        },
        "clat_ns" : {
          "min" : 2777,
          "max" : 44455600,
          "mean" : 3861714.292367,
          "stddev" : 4189109.185396,
          "N" : 165860,
          "percentile" : {
            "1.000000" : 39680,
            "5.000000" : 40704,
            "10.000000" : 41728,
            "20.000000" : 43776,
            "30.000000" : 47360,
            "40.000000" : 54528,
            "50.000000" : 2039808,
            "60.000000" : 6782976,
            "70.000000" : 7176192,
            "80.000000" : 7634944,
            "90.000000" : 7962624,
            "95.000000" : 8093696,
            "99.000000" : 8978432,
            "99.500000" : 23461888,
            "99.900000" : 33423360,
            "99.950000" : 40632320,
            "99.990000" : 44302336
          }
        },
        "lat_ns" : {
          "min" : 40273,
          "max" : 44458502,
          "mean" : 3864277.805040,
          "stddev" : 4189122.919993,
          "N" : 165860
        },
        "bw_min" : 2044928,
        "bw_max" : 2213248,
        "bw_agg" : 100.000000,
        "bw_mean" : 2121382.400000,
        "bw_dev" : 72943.157198,
        "bw_samples" : 10,
        "iops_min" : 31952,
        "iops_max" : 34582,
        "iops_mean" : 33146.600000,
        "iops_stddev" : 1139.736831,
        "iops_samples" : 10
      },
      "trim" : {
        "io_bytes" : 0,
        "io_kbytes" : 0,
        "bw_bytes" : 0,
        "bw" : 0,
        "iops" : 0.000000,
        "runtime" : 0,
        "total_ios" : 0,
        "short_ios" : 0,
        "drop_ios" : 0,
        "slat_ns" : {
          "min" : 0,
          "max" : 0,
          "mean" : 0.000000,
          "stddev" : 0.000000,
          "N" : 0
        },
        "clat_ns" : {
          "min" : 0,
          "max" : 0,
          "mean" : 0.000000,
          "stddev" : 0.000000,
          "N" : 0
        },
        "lat_ns" : {
          "min" : 0,
          "max" : 0,
          "mean" : 0.000000,
          "stddev" : 0.000000,
          "N" : 0
        },
        "bw_min" : 0,
        "bw_max" : 0,
        "bw_agg" : 0.000000,
        "bw_mean" : 0.000000,
        "bw_dev" : 0.000000,
        "bw_samples" : 0,
        "iops_min" : 0,
        "iops_max" : 0,
        "iops_mean" : 0.000000,
        "iops_stddev" : 0.000000,
        "iops_samples" : 0
      },
      "sync" : {
        "total_ios" : 0,
        "lat_ns" : {
          "min" : 0,
          "max" : 0,
          "mean" : 0.000000,
          "stddev" : 0.000000,
          "N" : 0
        }
      },
      "job_runtime" : 5007,
      "usr_cpu" : 3.515079,
      "sys_cpu" : 9.306970,
      "ctx" : 154436,
      "majf" : 0,
      "minf" : 12,
      "iodepth_level" : {
        "1" : 0.100000,
        "2" : 0.100000,
        "4" : 0.100000,
        "8" : 0.100000,
        "16" : 0.100000,
        "32" : 0.100000,
        ">=64" : 99.962016
      },
      "iodepth_submit" : {
        "0" : 0.000000,
        "4" : 100.000000,
        "8" : 0.000000,
        "16" : 0.000000,
        "32" : 0.000000,
        "64" : 0.000000,
        ">=64" : 0.000000
      },
      "iodepth_complete" : {
        "0" : 0.000000,
        "4" : 99.999397,
        "8" : 0.000000,
        "16" : 0.000000,
        "32" : 0.000000,
        "64" : 0.000000,
        ">=64" : 0.100000
      },
      "latency_ns" : {
        "2" : 0.000000,
        "4" : 0.000000,
        "10" : 0.000000,
        "20" : 0.000000,
        "50" : 0.000000,
        "100" : 0.000000,
        "250" : 0.000000,
        "500" : 0.000000,
        "750" : 0.000000,
        "1000" : 0.000000
      },
      "latency_us" : {
        "2" : 0.000000,
        "4" : 0.010000,
        "10" : 0.000000,
        "20" : 0.000000,
        "50" : 35.364163,
        "100" : 14.028699,
        "250" : 0.195948,
        "500" : 0.144097,
        "750" : 0.081394,
        "1000" : 0.039793
      },
      "latency_ms" : {
        "2" : 0.139274,
        "4" : 0.047028,
        "10" : 49.041963,
        "20" : 0.239358,
        "50" : 0.677680,
        "100" : 0.000000,
        "250" : 0.000000,
        "500" : 0.000000,
        "750" : 0.000000,
        "1000" : 0.000000,
        "2000" : 0.000000,
        ">=2000" : 0.000000
      },
      "latency_depth" : 128,
      "latency_target" : 0,
      "latency_percentile" : 100.000000,
      "latency_window" : 0
    }
  ],
  "disk_util" : [
    {
      "name" : "nvme3n1",
      "read_ios" : 48,
      "write_ios" : 162748,
      "read_sectors" : 2088,
      "write_sectors" : 20831744,
      "read_merges" : 0,
      "write_merges" : 0,
      "read_ticks" : 2,
      "write_ticks" : 625620,
      "in_queue" : 625623,
      "util" : 98.138883
    }
  ]
}
