{
  "fio version" : "fio-3.36",
  "timestamp" : 1781330191,
  "timestamp_ms" : 1781330191508,
  "time" : "Sat Jun 13 05:56:31 2026",
  "jobs" : [
    {
      "jobname" : "sequentialwrite_64k_1",
      "groupid" : 0,
      "job_start" : 1781330186490,
      "error" : 0,
      "eta" : 0,
      "elapsed" : 6,
      "job options" : {
        "name" : "sequentialwrite_64k_1",
        "filename" : "/dev/nvme3n1",
        "ioengine" : "io_uring",
        "direct" : "1",
        "rw" : "write",
        "bs" : "64k",
        "iodepth" : "1",
        "size" : "3G",
        "runtime" : "5"
      },
      "read" : {
        "io_bytes" : 0,
        "io_kbytes" : 0,
        "bw_bytes" : 0,
        "bw" : 0,
        "iops" : 0.000000,
        "runtime" : 0,
        "total_ios" : 0,
        "short_ios" : 0,
        "drop_ios" : 0,
        "slat_ns" : {
          "min" : 0,
          "max" : 0,
          "mean" : 0.000000,
          "stddev" : 0.000000,
          "N" : 0
        },
        "clat_ns" : {
          "min" : 0,
          "max" : 0,
          "mean" : 0.000000,
          "stddev" : 0.000000,
          "N" : 0
        },
        "lat_ns" : {
          "min" : 0,
          "max" : 0,
          "mean" : 0.000000,
          "stddev" : 0.000000,
          "N" : 0
        },
        "bw_min" : 0,
        "bw_max" : 0,
        "bw_agg" : 0.000000,
        "bw_mean" : 0.000000,
        "bw_dev" : 0.000000,
        "bw_samples" : 0,
        "iops_min" : 0,
        "iops_max" : 0,
        "iops_mean" : 0.000000,
        "iops_stddev" : 0.000000,
        "iops_samples" : 0
      },
      "write" : {
        "io_bytes" : 2152267776,
        "io_kbytes" : 2101824,
        "bw_bytes" : 430367481,
        "bw" : 420280,
        "iops" : 6566.886623,
        "runtime" : 5001,
        "total_ios" : 32841,
        "short_ios" : 0,
        "drop_ios" : 0,
        "slat_ns" : {
          "min" : 1985,
          "max" : 27093,
          "mean" : 2635.539539,
          "stddev" : 726.658489,
          "N" : 32841
        },
        "clat_ns" : {
          "min" : 23474,
          "max" : 1872123,
          "mean" : 149406.127706,
          "stddev" : 126101.406336,
          "N" : 32841,
          "percentile" : {
            "1.000000" : 32128,
            "5.000000" : 32128,
            "10.000000" : 32384,
            "20.000000" : 32384,
            "30.000000" : 32384,
            "40.000000" : 32384,
            "50.000000" : 246784,
            "60.000000" : 257024,
            "70.000000" : 257024,
            "80.000000" : 257024,
            "90.000000" : 257024,
            "95.000000" : 259072,
            "99.000000" : 407552,
            "99.500000" : 411648,
            "99.900000" : 1204224,
            "99.950000" : 1236992,
            "99.990000" : 1384448
          }
        },
        "lat_ns" : {
          "min" : 34218,
          "max" : 1875395,
          "mean" : 152041.667245,
          "stddev" : 126021.491011,
          "N" : 32841
        },
        "bw_min" : 374144,
        "bw_max" : 428800,
        "bw_agg" : 99.851113,
        "bw_mean" : 419655.111111,
        "bw_dev" : 17721.657911,
        "bw_samples" : 9,
        "iops_min" : 5846,
        "iops_max" : 6700,
        "iops_mean" : 6557.111111,
        "iops_stddev" : 276.900905,
        "iops_samples" : 9
      },
      "trim" : {
        "io_bytes" : 0,
        "io_kbytes" : 0,
        "bw_bytes" : 0,
        "bw" : 0,
        "iops" : 0.000000,
        "runtime" : 0,
        "total_ios" : 0,
        "short_ios" : 0,
        "drop_ios" : 0,
        "slat_ns" : {
          "min" : 0,
          "max" : 0,
          "mean" : 0.000000,
          "stddev" : 0.000000,
          "N" : 0
        },
        "clat_ns" : {
          "min" : 0,
          "max" : 0,
          "mean" : 0.000000,
          "stddev" : 0.000000,
          "N" : 0
        },
        "lat_ns" : {
          "min" : 0,
          "max" : 0,
          "mean" : 0.000000,
          "stddev" : 0.000000,
          "N" : 0
        },
        "bw_min" : 0,
        "bw_max" : 0,
        "bw_agg" : 0.000000,
        "bw_mean" : 0.000000,
        "bw_dev" : 0.000000,
        "bw_samples" : 0,
        "iops_min" : 0,
        "iops_max" : 0,
        "iops_mean" : 0.000000,
        "iops_stddev" : 0.000000,
        "iops_samples" : 0
      },
      "sync" : {
        "total_ios" : 0,
        "lat_ns" : {
          "min" : 0,
          "max" : 0,
          "mean" : 0.000000,
          "stddev" : 0.000000,
          "N" : 0
        }
      },
      "job_runtime" : 5000,
      "usr_cpu" : 1.280000,
      "sys_cpu" : 1.600000,
      "ctx" : 32846,
      "majf" : 0,
      "minf" : 10,
      "iodepth_level" : {
        "1" : 100.000000,
        "2" : 0.000000,
        "4" : 0.000000,
        "8" : 0.000000,
        "16" : 0.000000,
        "32" : 0.000000,
        ">=64" : 0.000000
      },
      "iodepth_submit" : {
        "0" : 0.000000,
        "4" : 100.000000,
        "8" : 0.000000,
        "16" : 0.000000,
        "32" : 0.000000,
        "64" : 0.000000,
        ">=64" : 0.000000
      },
      "iodepth_complete" : {
        "0" : 0.000000,
        "4" : 100.000000,
        "8" : 0.000000,
        "16" : 0.000000,
        "32" : 0.000000,
        "64" : 0.000000,
        ">=64" : 0.000000
      },
      "latency_ns" : {
        "2" : 0.000000,
        "4" : 0.000000,
        "10" : 0.000000,
        "20" : 0.000000,
        "50" : 0.000000,
        "100" : 0.000000,
        "250" : 0.000000,
        "500" : 0.000000,
        "750" : 0.000000,
        "1000" : 0.000000
      },
      "latency_us" : {
        "2" : 0.000000,
        "4" : 0.000000,
        "10" : 0.000000,
        "20" : 0.000000,
        "50" : 49.666575,
        "100" : 0.328857,
        "250" : 0.010000,
        "500" : 49.767059,
        "750" : 0.010000,
        "1000" : 0.051765
      },
      "latency_ms" : {
        "2" : 0.176609,
        "4" : 0.000000,
        "10" : 0.000000,
        "20" : 0.000000,
        "50" : 0.000000,
        "100" : 0.000000,
        "250" : 0.000000,
        "500" : 0.000000,
        "750" : 0.000000,
        "1000" : 0.000000,
        "2000" : 0.000000,
        ">=2000" : 0.000000
      },
      "latency_depth" : 1,
      "latency_target" : 0,
      "latency_percentile" : 100.000000,
      "latency_window" : 0
    }
  ],
  "disk_util" : [
    {
      "name" : "nvme3n1",
      "read_ios" : 48,
      "write_ios" : 32160,
      "read_sectors" : 2088,
      "write_sectors" : 4116480,
      "read_merges" : 0,
      "write_merges" : 0,
      "read_ticks" : 2,
      "write_ticks" : 4789,
      "in_queue" : 4790,
      "util" : 98.199280
    }
  ]
}
