{
  "fio version" : "fio-3.42-31-g6a66",
  "timestamp" : 1781280854,
  "timestamp_ms" : 1781280854270,
  "time" : "Fri Jun 12 16:14:14 2026",
  "jobs" : [
    {
      "jobname" : "sequentialwrite_64k_4",
      "groupid" : 0,
      "job_start" : 1781280849122,
      "error" : 0,
      "eta" : 0,
      "elapsed" : 6,
      "job options" : {
        "name" : "sequentialwrite_64k_4",
        "filename" : "/dev/nvme2n1",
        "ioengine" : "io_uring",
        "direct" : "1",
        "group_reporting" : "",
        "rw" : "write",
        "bs" : "64k",
        "iodepth" : "4",
        "size" : "3G",
        "time_based" : "",
        "runtime" : "5"
      },
      "read" : {
        "io_bytes" : 0,
        "io_kbytes" : 0,
        "bw_bytes" : 0,
        "bw" : 0,
        "iops" : 0.000000,
        "runtime" : 0,
        "total_ios" : 0,
        "short_ios" : 0,
        "drop_ios" : 0,
        "slat_ns" : {
          "min" : 0,
          "max" : 0,
          "mean" : 0.000000,
          "stddev" : 0.000000,
          "N" : 0
        },
        "clat_ns" : {
          "min" : 0,
          "max" : 0,
          "mean" : 0.000000,
          "stddev" : 0.000000,
          "N" : 0
        },
        "lat_ns" : {
          "min" : 0,
          "max" : 0,
          "mean" : 0.000000,
          "stddev" : 0.000000,
          "N" : 0
        },
        "bw_min" : 0,
        "bw_max" : 0,
        "bw_agg" : 0.000000,
        "bw_mean" : 0.000000,
        "bw_dev" : 0.000000,
        "bw_samples" : 0,
        "iops_min" : 0,
        "iops_max" : 0,
        "iops_mean" : 0.000000,
        "iops_stddev" : 0.000000,
        "iops_samples" : 0
      },
      "write" : {
        "io_bytes" : 7095910400,
        "io_kbytes" : 6929600,
        "bw_bytes" : 1418898300,
        "bw" : 1385642,
        "iops" : 21650.669866,
        "runtime" : 5001,
        "total_ios" : 108275,
        "short_ios" : 0,
        "drop_ios" : 0,
        "slat_ns" : {
          "min" : 1505,
          "max" : 25453,
          "mean" : 2276.779293,
          "stddev" : 760.227643,
          "N" : 108275
        },
        "clat_ns" : {
          "min" : 31767,
          "max" : 5537255,
          "mean" : 182276.913720,
          "stddev" : 344111.068820,
          "N" : 108275,
          "percentile" : {
            "1.000000" : 33024,
            "5.000000" : 33024,
            "10.000000" : 33536,
            "20.000000" : 34048,
            "30.000000" : 37120,
            "40.000000" : 49920,
            "50.000000" : 254976,
            "60.000000" : 257024,
            "70.000000" : 257024,
            "80.000000" : 259072,
            "90.000000" : 292864,
            "95.000000" : 350208,
            "99.000000" : 423936,
            "99.500000" : 3522560,
            "99.900000" : 5210112,
            "99.950000" : 5210112,
            "99.990000" : 5275648
          }
        },
        "lat_ns" : {
          "min" : 33877,
          "max" : 5539448,
          "mean" : 184553.693013,
          "stddev" : 344154.240103,
          "N" : 108275
        },
        "bw_min" : 995840,
        "bw_max" : 1598080,
        "bw_agg" : 100.000000,
        "bw_mean" : 1385920.000000,
        "bw_dev" : 210671.014301,
        "bw_samples" : 10,
        "iops_min" : 15560,
        "iops_max" : 24970,
        "iops_mean" : 21655.000000,
        "iops_stddev" : 3292.084142,
        "iops_samples" : 10
      },
      "trim" : {
        "io_bytes" : 0,
        "io_kbytes" : 0,
        "bw_bytes" : 0,
        "bw" : 0,
        "iops" : 0.000000,
        "runtime" : 0,
        "total_ios" : 0,
        "short_ios" : 0,
        "drop_ios" : 0,
        "slat_ns" : {
          "min" : 0,
          "max" : 0,
          "mean" : 0.000000,
          "stddev" : 0.000000,
          "N" : 0
        },
        "clat_ns" : {
          "min" : 0,
          "max" : 0,
          "mean" : 0.000000,
          "stddev" : 0.000000,
          "N" : 0
        },
        "lat_ns" : {
          "min" : 0,
          "max" : 0,
          "mean" : 0.000000,
          "stddev" : 0.000000,
          "N" : 0
        },
        "bw_min" : 0,
        "bw_max" : 0,
        "bw_agg" : 0.000000,
        "bw_mean" : 0.000000,
        "bw_dev" : 0.000000,
        "bw_samples" : 0,
        "iops_min" : 0,
        "iops_max" : 0,
        "iops_mean" : 0.000000,
        "iops_stddev" : 0.000000,
        "iops_samples" : 0
      },
      "sync" : {
        "total_ios" : 0,
        "lat_ns" : {
          "min" : 0,
          "max" : 0,
          "mean" : 0.000000,
          "stddev" : 0.000000,
          "N" : 0
        }
      },
      "job_runtime" : 5000,
      "usr_cpu" : 3.820000,
      "sys_cpu" : 4.740000,
      "ctx" : 93861,
      "majf" : 0,
      "minf" : 7,
      "iodepth_level" : {
        "1" : 0.100000,
        "2" : 0.100000,
        "4" : 99.997229,
        "8" : 0.000000,
        "16" : 0.000000,
        "32" : 0.000000,
        ">=64" : 0.000000
      },
      "iodepth_submit" : {
        "0" : 0.000000,
        "4" : 100.000000,
        "8" : 0.000000,
        "16" : 0.000000,
        "32" : 0.000000,
        "64" : 0.000000,
        ">=64" : 0.000000
      },
      "iodepth_complete" : {
        "0" : 0.000000,
        "4" : 100.000000,
        "8" : 0.000000,
        "16" : 0.000000,
        "32" : 0.000000,
        "64" : 0.000000,
        ">=64" : 0.000000
      },
      "latency_ns" : {
        "2" : 0.000000,
        "4" : 0.000000,
        "10" : 0.000000,
        "20" : 0.000000,
        "50" : 0.000000,
        "100" : 0.000000,
        "250" : 0.000000,
        "500" : 0.000000,
        "750" : 0.000000,
        "1000" : 0.000000
      },
      "latency_us" : {
        "2" : 0.000000,
        "4" : 0.000000,
        "10" : 0.000000,
        "20" : 0.000000,
        "50" : 39.928885,
        "100" : 9.956130,
        "250" : 0.108058,
        "500" : 49.293004,
        "750" : 0.069268,
        "1000" : 0.015701
      },
      "latency_ms" : {
        "2" : 0.072962,
        "4" : 0.239206,
        "10" : 0.316786,
        "20" : 0.000000,
        "50" : 0.000000,
        "100" : 0.000000,
        "250" : 0.000000,
        "500" : 0.000000,
        "750" : 0.000000,
        "1000" : 0.000000,
        "2000" : 0.000000,
        ">=2000" : 0.000000
      },
      "latency_depth" : 4,
      "latency_target" : 0,
      "latency_target_ns" : 0,
      "latency_percentile" : 100.000000,
      "latency_window" : 0,
      "latency_window_us" : 0
    }
  ],
  "disk_util" : [
    {
      "name" : "nvme2n1",
      "read_ios" : 48,
      "write_ios" : 106082,
      "read_sectors" : 2088,
      "write_sectors" : 13578496,
      "read_merges" : 0,
      "write_merges" : 0,
      "read_ticks" : 2,
      "write_ticks" : 19214,
      "in_queue" : 19215,
      "util" : 98.158527
    }
  ]
}
