{
  "fio version" : "fio-3.42-31-g6a66",
  "timestamp" : 1781280865,
  "timestamp_ms" : 1781280865041,
  "time" : "Fri Jun 12 16:14:25 2026",
  "jobs" : [
    {
      "jobname" : "sequentialwrite_64k_16",
      "groupid" : 0,
      "job_start" : 1781280859894,
      "error" : 0,
      "eta" : 0,
      "elapsed" : 6,
      "job options" : {
        "name" : "sequentialwrite_64k_16",
        "filename" : "/dev/nvme2n1",
        "ioengine" : "io_uring",
        "direct" : "1",
        "group_reporting" : "",
        "rw" : "write",
        "bs" : "64k",
        "iodepth" : "16",
        "size" : "3G",
        "time_based" : "",
        "runtime" : "5"
      },
      "read" : {
        "io_bytes" : 0,
        "io_kbytes" : 0,
        "bw_bytes" : 0,
        "bw" : 0,
        "iops" : 0.000000,
        "runtime" : 0,
        "total_ios" : 0,
        "short_ios" : 0,
        "drop_ios" : 0,
        "slat_ns" : {
          "min" : 0,
          "max" : 0,
          "mean" : 0.000000,
          "stddev" : 0.000000,
          "N" : 0
        },
        "clat_ns" : {
          "min" : 0,
          "max" : 0,
          "mean" : 0.000000,
          "stddev" : 0.000000,
          "N" : 0
        },
        "lat_ns" : {
          "min" : 0,
          "max" : 0,
          "mean" : 0.000000,
          "stddev" : 0.000000,
          "N" : 0
        },
        "bw_min" : 0,
        "bw_max" : 0,
        "bw_agg" : 0.000000,
        "bw_mean" : 0.000000,
        "bw_dev" : 0.000000,
        "bw_samples" : 0,
        "iops_min" : 0,
        "iops_max" : 0,
        "iops_mean" : 0.000000,
        "iops_stddev" : 0.000000,
        "iops_samples" : 0
      },
      "write" : {
        "io_bytes" : 9639821312,
        "io_kbytes" : 9413888,
        "bw_bytes" : 1927578746,
        "bw" : 1882401,
        "iops" : 29412.517497,
        "runtime" : 5001,
        "total_ios" : 147092,
        "short_ios" : 0,
        "drop_ios" : 0,
        "slat_ns" : {
          "min" : 1326,
          "max" : 123422,
          "mean" : 2200.872277,
          "stddev" : 881.882467,
          "N" : 147092
        },
        "clat_ns" : {
          "min" : 30990,
          "max" : 20881436,
          "mean" : 541598.883542,
          "stddev" : 1183856.506272,
          "N" : 147092,
          "percentile" : {
            "1.000000" : 34048,
            "5.000000" : 34560,
            "10.000000" : 35072,
            "20.000000" : 35584,
            "30.000000" : 38656,
            "40.000000" : 46848,
            "50.000000" : 259072,
            "60.000000" : 602112,
            "70.000000" : 839680,
            "80.000000" : 921600,
            "90.000000" : 1171456,
            "95.000000" : 1302528,
            "99.000000" : 2072576,
            "99.500000" : 6127616,
            "99.900000" : 20578304,
            "99.950000" : 20578304,
            "99.990000" : 20840448
          }
        },
        "lat_ns" : {
          "min" : 34774,
          "max" : 20883864,
          "mean" : 543799.755819,
          "stddev" : 1183891.313204,
          "N" : 147092
        },
        "bw_min" : 1282944,
        "bw_max" : 2201856,
        "bw_agg" : 100.000000,
        "bw_mean" : 1882777.600000,
        "bw_dev" : 344081.860912,
        "bw_samples" : 10,
        "iops_min" : 20046,
        "iops_max" : 34404,
        "iops_mean" : 29418.400000,
        "iops_stddev" : 5376.279077,
        "iops_samples" : 10
      },
      "trim" : {
        "io_bytes" : 0,
        "io_kbytes" : 0,
        "bw_bytes" : 0,
        "bw" : 0,
        "iops" : 0.000000,
        "runtime" : 0,
        "total_ios" : 0,
        "short_ios" : 0,
        "drop_ios" : 0,
        "slat_ns" : {
          "min" : 0,
          "max" : 0,
          "mean" : 0.000000,
          "stddev" : 0.000000,
          "N" : 0
        },
        "clat_ns" : {
          "min" : 0,
          "max" : 0,
          "mean" : 0.000000,
          "stddev" : 0.000000,
          "N" : 0
        },
        "lat_ns" : {
          "min" : 0,
          "max" : 0,
          "mean" : 0.000000,
          "stddev" : 0.000000,
          "N" : 0
        },
        "bw_min" : 0,
        "bw_max" : 0,
        "bw_agg" : 0.000000,
        "bw_mean" : 0.000000,
        "bw_dev" : 0.000000,
        "bw_samples" : 0,
        "iops_min" : 0,
        "iops_max" : 0,
        "iops_mean" : 0.000000,
        "iops_stddev" : 0.000000,
        "iops_samples" : 0
      },
      "sync" : {
        "total_ios" : 0,
        "lat_ns" : {
          "min" : 0,
          "max" : 0,
          "mean" : 0.000000,
          "stddev" : 0.000000,
          "N" : 0
        }
      },
      "job_runtime" : 5000,
      "usr_cpu" : 4.180000,
      "sys_cpu" : 7.300000,
      "ctx" : 130097,
      "majf" : 0,
      "minf" : 7,
      "iodepth_level" : {
        "1" : 0.100000,
        "2" : 0.100000,
        "4" : 0.100000,
        "8" : 0.100000,
        "16" : 99.989802,
        "32" : 0.000000,
        ">=64" : 0.000000
      },
      "iodepth_submit" : {
        "0" : 0.000000,
        "4" : 100.000000,
        "8" : 0.000000,
        "16" : 0.000000,
        "32" : 0.000000,
        "64" : 0.000000,
        ">=64" : 0.000000
      },
      "iodepth_complete" : {
        "0" : 0.000000,
        "4" : 99.999320,
        "8" : 0.000000,
        "16" : 0.100000,
        "32" : 0.000000,
        "64" : 0.000000,
        ">=64" : 0.000000
      },
      "latency_ns" : {
        "2" : 0.000000,
        "4" : 0.000000,
        "10" : 0.000000,
        "20" : 0.000000,
        "50" : 0.000000,
        "100" : 0.000000,
        "250" : 0.000000,
        "500" : 0.000000,
        "750" : 0.000000,
        "1000" : 0.000000
      },
      "latency_us" : {
        "2" : 0.000000,
        "4" : 0.000000,
        "10" : 0.000000,
        "20" : 0.000000,
        "50" : 41.274169,
        "100" : 8.551791,
        "250" : 0.146167,
        "500" : 5.429935,
        "750" : 8.228184,
        "1000" : 22.184755
      },
      "latency_ms" : {
        "2" : 13.154352,
        "4" : 0.427624,
        "10" : 0.216191,
        "20" : 0.216871,
        "50" : 0.169962,
        "100" : 0.000000,
        "250" : 0.000000,
        "500" : 0.000000,
        "750" : 0.000000,
        "1000" : 0.000000,
        "2000" : 0.000000,
        ">=2000" : 0.000000
      },
      "latency_depth" : 16,
      "latency_target" : 0,
      "latency_target_ns" : 0,
      "latency_percentile" : 100.000000,
      "latency_window" : 0,
      "latency_window_us" : 0
    }
  ],
  "disk_util" : [
    {
      "name" : "nvme2n1",
      "read_ios" : 48,
      "write_ios" : 143550,
      "read_sectors" : 2088,
      "write_sectors" : 18374400,
      "read_merges" : 0,
      "write_merges" : 0,
      "read_ticks" : 1,
      "write_ticks" : 77863,
      "in_queue" : 77865,
      "util" : 98.158527
    }
  ]
}
