{
  "fio version" : "fio-3.36",
  "timestamp" : 1781330233,
  "timestamp_ms" : 1781330233630,
  "time" : "Sat Jun 13 05:57:13 2026",
  "jobs" : [
    {
      "jobname" : "sequentialwrite_64k_256",
      "groupid" : 0,
      "job_start" : 1781330228603,
      "error" : 0,
      "eta" : 0,
      "elapsed" : 6,
      "job options" : {
        "name" : "sequentialwrite_64k_256",
        "filename" : "/dev/nvme3n1",
        "ioengine" : "io_uring",
        "direct" : "1",
        "rw" : "write",
        "bs" : "64k",
        "iodepth" : "256",
        "size" : "3G",
        "runtime" : "5"
      },
      "read" : {
        "io_bytes" : 0,
        "io_kbytes" : 0,
        "bw_bytes" : 0,
        "bw" : 0,
        "iops" : 0.000000,
        "runtime" : 0,
        "total_ios" : 0,
        "short_ios" : 0,
        "drop_ios" : 0,
        "slat_ns" : {
          "min" : 0,
          "max" : 0,
          "mean" : 0.000000,
          "stddev" : 0.000000,
          "N" : 0
        },
        "clat_ns" : {
          "min" : 0,
          "max" : 0,
          "mean" : 0.000000,
          "stddev" : 0.000000,
          "N" : 0
        },
        "lat_ns" : {
          "min" : 0,
          "max" : 0,
          "mean" : 0.000000,
          "stddev" : 0.000000,
          "N" : 0
        },
        "bw_min" : 0,
        "bw_max" : 0,
        "bw_agg" : 0.000000,
        "bw_mean" : 0.000000,
        "bw_dev" : 0.000000,
        "bw_samples" : 0,
        "iops_min" : 0,
        "iops_max" : 0,
        "iops_mean" : 0.000000,
        "iops_stddev" : 0.000000,
        "iops_samples" : 0
      },
      "write" : {
        "io_bytes" : 9937682432,
        "io_kbytes" : 9704768,
        "bw_bytes" : 1981196657,
        "bw" : 1934762,
        "iops" : 30230.661882,
        "runtime" : 5016,
        "total_ios" : 151637,
        "short_ios" : 0,
        "drop_ios" : 0,
        "slat_ns" : {
          "min" : 1682,
          "max" : 35934,
          "mean" : 2881.685888,
          "stddev" : 690.711782,
          "N" : 151637
        },
        "clat_ns" : {
          "min" : 78359,
          "max" : 94956020,
          "mean" : 8462709.771362,
          "stddev" : 10740127.920849,
          "N" : 151637,
          "percentile" : {
            "1.000000" : 313344,
            "5.000000" : 333824,
            "10.000000" : 346112,
            "20.000000" : 366592,
            "30.000000" : 387072,
            "40.000000" : 407552,
            "50.000000" : 8978432,
            "60.000000" : 13697024,
            "70.000000" : 13959168,
            "80.000000" : 15138816,
            "90.000000" : 15663104,
            "95.000000" : 15794176,
            "99.000000" : 40632320,
            "99.500000" : 91750400,
            "99.900000" : 93847552,
            "99.950000" : 94896128,
            "99.990000" : 94896128
          }
        },
        "lat_ns" : {
          "min" : 88941,
          "max" : 94958718,
          "mean" : 8465591.457250,
          "stddev" : 10740090.934818,
          "N" : 151637
        },
        "bw_min" : 1513088,
        "bw_max" : 2201600,
        "bw_agg" : 100.000000,
        "bw_mean" : 1937689.600000,
        "bw_dev" : 221634.354683,
        "bw_samples" : 10,
        "iops_min" : 23642,
        "iops_max" : 34400,
        "iops_mean" : 30276.400000,
        "iops_stddev" : 3463.036792,
        "iops_samples" : 10
      },
      "trim" : {
        "io_bytes" : 0,
        "io_kbytes" : 0,
        "bw_bytes" : 0,
        "bw" : 0,
        "iops" : 0.000000,
        "runtime" : 0,
        "total_ios" : 0,
        "short_ios" : 0,
        "drop_ios" : 0,
        "slat_ns" : {
          "min" : 0,
          "max" : 0,
          "mean" : 0.000000,
          "stddev" : 0.000000,
          "N" : 0
        },
        "clat_ns" : {
          "min" : 0,
          "max" : 0,
          "mean" : 0.000000,
          "stddev" : 0.000000,
          "N" : 0
        },
        "lat_ns" : {
          "min" : 0,
          "max" : 0,
          "mean" : 0.000000,
          "stddev" : 0.000000,
          "N" : 0
        },
        "bw_min" : 0,
        "bw_max" : 0,
        "bw_agg" : 0.000000,
        "bw_mean" : 0.000000,
        "bw_dev" : 0.000000,
        "bw_samples" : 0,
        "iops_min" : 0,
        "iops_max" : 0,
        "iops_mean" : 0.000000,
        "iops_stddev" : 0.000000,
        "iops_samples" : 0
      },
      "sync" : {
        "total_ios" : 0,
        "lat_ns" : {
          "min" : 0,
          "max" : 0,
          "mean" : 0.000000,
          "stddev" : 0.000000,
          "N" : 0
        }
      },
      "job_runtime" : 5015,
      "usr_cpu" : 4.027916,
      "sys_cpu" : 8.454636,
      "ctx" : 123385,
      "majf" : 0,
      "minf" : 10,
      "iodepth_level" : {
        "1" : 0.100000,
        "2" : 0.100000,
        "4" : 0.100000,
        "8" : 0.100000,
        "16" : 0.100000,
        "32" : 0.100000,
        ">=64" : 99.958453
      },
      "iodepth_submit" : {
        "0" : 0.000000,
        "4" : 100.000000,
        "8" : 0.000000,
        "16" : 0.000000,
        "32" : 0.000000,
        "64" : 0.000000,
        ">=64" : 0.000000
      },
      "iodepth_complete" : {
        "0" : 0.000000,
        "4" : 99.999339,
        "8" : 0.000000,
        "16" : 0.000000,
        "32" : 0.000000,
        "64" : 0.000000,
        ">=64" : 0.100000
      },
      "latency_ns" : {
        "2" : 0.000000,
        "4" : 0.000000,
        "10" : 0.000000,
        "20" : 0.000000,
        "50" : 0.000000,
        "100" : 0.000000,
        "250" : 0.000000,
        "500" : 0.000000,
        "750" : 0.000000,
        "1000" : 0.000000
      },
      "latency_us" : {
        "2" : 0.000000,
        "4" : 0.000000,
        "10" : 0.000000,
        "20" : 0.000000,
        "50" : 0.000000,
        "100" : 0.010000,
        "250" : 0.017146,
        "500" : 48.557410,
        "750" : 0.329735,
        "1000" : 0.209711
      },
      "latency_ms" : {
        "2" : 0.236090,
        "4" : 0.312589,
        "10" : 0.536808,
        "20" : 46.663413,
        "50" : 2.294954,
        "100" : 0.840824,
        "250" : 0.000000,
        "500" : 0.000000,
        "750" : 0.000000,
        "1000" : 0.000000,
        "2000" : 0.000000,
        ">=2000" : 0.000000
      },
      "latency_depth" : 256,
      "latency_target" : 0,
      "latency_percentile" : 100.000000,
      "latency_window" : 0
    }
  ],
  "disk_util" : [
    {
      "name" : "nvme3n1",
      "read_ios" : 48,
      "write_ios" : 147745,
      "read_sectors" : 2088,
      "write_sectors" : 18911360,
      "read_merges" : 0,
      "write_merges" : 0,
      "read_ticks" : 2,
      "write_ticks" : 1250367,
      "in_queue" : 1250370,
      "util" : 98.138883
    }
  ]
}
