{
  "fio version" : "fio-3.42-31-g6a66",
  "timestamp" : 1781280875,
  "timestamp_ms" : 1781280875814,
  "time" : "Fri Jun 12 16:14:35 2026",
  "jobs" : [
    {
      "jobname" : "sequentialwrite_64k_64",
      "groupid" : 0,
      "job_start" : 1781280870667,
      "error" : 0,
      "eta" : 0,
      "elapsed" : 6,
      "job options" : {
        "name" : "sequentialwrite_64k_64",
        "filename" : "/dev/nvme2n1",
        "ioengine" : "io_uring",
        "direct" : "1",
        "group_reporting" : "",
        "rw" : "write",
        "bs" : "64k",
        "iodepth" : "64",
        "size" : "3G",
        "time_based" : "",
        "runtime" : "5"
      },
      "read" : {
        "io_bytes" : 0,
        "io_kbytes" : 0,
        "bw_bytes" : 0,
        "bw" : 0,
        "iops" : 0.000000,
        "runtime" : 0,
        "total_ios" : 0,
        "short_ios" : 0,
        "drop_ios" : 0,
        "slat_ns" : {
          "min" : 0,
          "max" : 0,
          "mean" : 0.000000,
          "stddev" : 0.000000,
          "N" : 0
        },
        "clat_ns" : {
          "min" : 0,
          "max" : 0,
          "mean" : 0.000000,
          "stddev" : 0.000000,
          "N" : 0
        },
        "lat_ns" : {
          "min" : 0,
          "max" : 0,
          "mean" : 0.000000,
          "stddev" : 0.000000,
          "N" : 0
        },
        "bw_min" : 0,
        "bw_max" : 0,
        "bw_agg" : 0.000000,
        "bw_mean" : 0.000000,
        "bw_dev" : 0.000000,
        "bw_samples" : 0,
        "iops_min" : 0,
        "iops_max" : 0,
        "iops_mean" : 0.000000,
        "iops_stddev" : 0.000000,
        "iops_samples" : 0
      },
      "write" : {
        "io_bytes" : 10358882304,
        "io_kbytes" : 10116096,
        "bw_bytes" : 2069706754,
        "bw" : 2021198,
        "iops" : 31581.218781,
        "runtime" : 5005,
        "total_ios" : 158064,
        "short_ios" : 0,
        "drop_ios" : 0,
        "slat_ns" : {
          "min" : 1358,
          "max" : 43255,
          "mean" : 2159.831998,
          "stddev" : 838.828782,
          "N" : 158064
        },
        "clat_ns" : {
          "min" : 31308,
          "max" : 62275638,
          "mean" : 2023786.323394,
          "stddev" : 2886513.209137,
          "N" : 158064,
          "percentile" : {
            "1.000000" : 36096,
            "5.000000" : 39168,
            "10.000000" : 39680,
            "20.000000" : 40704,
            "30.000000" : 45824,
            "40.000000" : 57088,
            "50.000000" : 1761280,
            "60.000000" : 3391488,
            "70.000000" : 3588096,
            "80.000000" : 3751936,
            "90.000000" : 4014080,
            "95.000000" : 4227072,
            "99.000000" : 5210112,
            "99.500000" : 20840448,
            "99.900000" : 34865152,
            "99.950000" : 43778048,
            "99.990000" : 58458112
          }
        },
        "lat_ns" : {
          "min" : 33920,
          "max" : 62277941,
          "mean" : 2025946.155393,
          "stddev" : 2886518.826255,
          "N" : 158064
        },
        "bw_min" : 1621632,
        "bw_max" : 2201984,
        "bw_agg" : 100.000000,
        "bw_mean" : 2022412.800000,
        "bw_dev" : 248016.951025,
        "bw_samples" : 10,
        "iops_min" : 25338,
        "iops_max" : 34406,
        "iops_mean" : 31600.200000,
        "iops_stddev" : 3875.264860,
        "iops_samples" : 10
      },
      "trim" : {
        "io_bytes" : 0,
        "io_kbytes" : 0,
        "bw_bytes" : 0,
        "bw" : 0,
        "iops" : 0.000000,
        "runtime" : 0,
        "total_ios" : 0,
        "short_ios" : 0,
        "drop_ios" : 0,
        "slat_ns" : {
          "min" : 0,
          "max" : 0,
          "mean" : 0.000000,
          "stddev" : 0.000000,
          "N" : 0
        },
        "clat_ns" : {
          "min" : 0,
          "max" : 0,
          "mean" : 0.000000,
          "stddev" : 0.000000,
          "N" : 0
        },
        "lat_ns" : {
          "min" : 0,
          "max" : 0,
          "mean" : 0.000000,
          "stddev" : 0.000000,
          "N" : 0
        },
        "bw_min" : 0,
        "bw_max" : 0,
        "bw_agg" : 0.000000,
        "bw_mean" : 0.000000,
        "bw_dev" : 0.000000,
        "bw_samples" : 0,
        "iops_min" : 0,
        "iops_max" : 0,
        "iops_mean" : 0.000000,
        "iops_stddev" : 0.000000,
        "iops_samples" : 0
      },
      "sync" : {
        "total_ios" : 0,
        "lat_ns" : {
          "min" : 0,
          "max" : 0,
          "mean" : 0.000000,
          "stddev" : 0.000000,
          "N" : 0
        }
      },
      "job_runtime" : 5004,
      "usr_cpu" : 3.936851,
      "sys_cpu" : 7.773781,
      "ctx" : 126959,
      "majf" : 0,
      "minf" : 8,
      "iodepth_level" : {
        "1" : 0.100000,
        "2" : 0.100000,
        "4" : 0.100000,
        "8" : 0.100000,
        "16" : 0.100000,
        "32" : 0.100000,
        ">=64" : 99.960143
      },
      "iodepth_submit" : {
        "0" : 0.000000,
        "4" : 100.000000,
        "8" : 0.000000,
        "16" : 0.000000,
        "32" : 0.000000,
        "64" : 0.000000,
        ">=64" : 0.000000
      },
      "iodepth_complete" : {
        "0" : 0.000000,
        "4" : 99.999367,
        "8" : 0.000000,
        "16" : 0.000000,
        "32" : 0.000000,
        "64" : 0.100000,
        ">=64" : 0.000000
      },
      "latency_ns" : {
        "2" : 0.000000,
        "4" : 0.000000,
        "10" : 0.000000,
        "20" : 0.000000,
        "50" : 0.000000,
        "100" : 0.000000,
        "250" : 0.000000,
        "500" : 0.000000,
        "750" : 0.000000,
        "1000" : 0.000000
      },
      "latency_us" : {
        "2" : 0.000000,
        "4" : 0.000000,
        "10" : 0.000000,
        "20" : 0.000000,
        "50" : 35.862056,
        "100" : 13.497697,
        "250" : 0.246735,
        "500" : 0.134756,
        "750" : 0.115143,
        "1000" : 0.070857
      },
      "latency_ms" : {
        "2" : 0.159429,
        "4" : 39.883212,
        "10" : 9.337990,
        "20" : 0.181572,
        "50" : 0.477022,
        "100" : 0.033531,
        "250" : 0.000000,
        "500" : 0.000000,
        "750" : 0.000000,
        "1000" : 0.000000,
        "2000" : 0.000000,
        ">=2000" : 0.000000
      },
      "latency_depth" : 64,
      "latency_target" : 0,
      "latency_target_ns" : 0,
      "latency_percentile" : 100.000000,
      "latency_window" : 0,
      "latency_window_us" : 0
    }
  ],
  "disk_util" : [
    {
      "name" : "nvme2n1",
      "read_ios" : 48,
      "write_ios" : 154721,
      "read_sectors" : 2088,
      "write_sectors" : 19804288,
      "read_merges" : 0,
      "write_merges" : 0,
      "read_ticks" : 2,
      "write_ticks" : 311818,
      "in_queue" : 311820,
      "util" : 98.138883
    }
  ]
}
