{
  "fio version" : "fio-3.42-31-g6a66",
  "timestamp" : 1781280843,
  "timestamp_ms" : 1781280843498,
  "time" : "Fri Jun 12 16:14:03 2026",
  "jobs" : [
    {
      "jobname" : "sequentialwrite_64k_1",
      "groupid" : 0,
      "job_start" : 1781280838350,
      "error" : 0,
      "eta" : 0,
      "elapsed" : 6,
      "job options" : {
        "name" : "sequentialwrite_64k_1",
        "filename" : "/dev/nvme2n1",
        "ioengine" : "io_uring",
        "direct" : "1",
        "group_reporting" : "",
        "rw" : "write",
        "bs" : "64k",
        "iodepth" : "1",
        "size" : "3G",
        "time_based" : "",
        "runtime" : "5"
      },
      "read" : {
        "io_bytes" : 0,
        "io_kbytes" : 0,
        "bw_bytes" : 0,
        "bw" : 0,
        "iops" : 0.000000,
        "runtime" : 0,
        "total_ios" : 0,
        "short_ios" : 0,
        "drop_ios" : 0,
        "slat_ns" : {
          "min" : 0,
          "max" : 0,
          "mean" : 0.000000,
          "stddev" : 0.000000,
          "N" : 0
        },
        "clat_ns" : {
          "min" : 0,
          "max" : 0,
          "mean" : 0.000000,
          "stddev" : 0.000000,
          "N" : 0
        },
        "lat_ns" : {
          "min" : 0,
          "max" : 0,
          "mean" : 0.000000,
          "stddev" : 0.000000,
          "N" : 0
        },
        "bw_min" : 0,
        "bw_max" : 0,
        "bw_agg" : 0.000000,
        "bw_mean" : 0.000000,
        "bw_dev" : 0.000000,
        "bw_samples" : 0,
        "iops_min" : 0,
        "iops_max" : 0,
        "iops_mean" : 0.000000,
        "iops_stddev" : 0.000000,
        "iops_samples" : 0
      },
      "write" : {
        "io_bytes" : 2020605952,
        "io_kbytes" : 1973248,
        "bw_bytes" : 404040382,
        "bw" : 394570,
        "iops" : 6165.166967,
        "runtime" : 5001,
        "total_ios" : 30832,
        "short_ios" : 0,
        "drop_ios" : 0,
        "slat_ns" : {
          "min" : 1781,
          "max" : 27588,
          "mean" : 2372.515536,
          "stddev" : 980.563850,
          "N" : 30832
        },
        "clat_ns" : {
          "min" : 30070,
          "max" : 2927479,
          "mean" : 159593.358361,
          "stddev" : 160988.846207,
          "N" : 30832,
          "percentile" : {
            "1.000000" : 33024,
            "5.000000" : 34048,
            "10.000000" : 34048,
            "20.000000" : 34048,
            "30.000000" : 34560,
            "40.000000" : 34560,
            "50.000000" : 254976,
            "60.000000" : 259072,
            "70.000000" : 259072,
            "80.000000" : 259072,
            "90.000000" : 259072,
            "95.000000" : 264192,
            "99.000000" : 448512,
            "99.500000" : 1236992,
            "99.900000" : 1597440,
            "99.950000" : 1597440,
            "99.990000" : 1777664
          }
        },
        "lat_ns" : {
          "min" : 34593,
          "max" : 2931595,
          "mean" : 161965.873897,
          "stddev" : 160957.862030,
          "N" : 30832
        },
        "bw_min" : 350976,
        "bw_max" : 423552,
        "bw_agg" : 100.000000,
        "bw_mean" : 394649.600000,
        "bw_dev" : 28023.640763,
        "bw_samples" : 10,
        "iops_min" : 5484,
        "iops_max" : 6618,
        "iops_mean" : 6166.400000,
        "iops_stddev" : 437.869387,
        "iops_samples" : 10
      },
      "trim" : {
        "io_bytes" : 0,
        "io_kbytes" : 0,
        "bw_bytes" : 0,
        "bw" : 0,
        "iops" : 0.000000,
        "runtime" : 0,
        "total_ios" : 0,
        "short_ios" : 0,
        "drop_ios" : 0,
        "slat_ns" : {
          "min" : 0,
          "max" : 0,
          "mean" : 0.000000,
          "stddev" : 0.000000,
          "N" : 0
        },
        "clat_ns" : {
          "min" : 0,
          "max" : 0,
          "mean" : 0.000000,
          "stddev" : 0.000000,
          "N" : 0
        },
        "lat_ns" : {
          "min" : 0,
          "max" : 0,
          "mean" : 0.000000,
          "stddev" : 0.000000,
          "N" : 0
        },
        "bw_min" : 0,
        "bw_max" : 0,
        "bw_agg" : 0.000000,
        "bw_mean" : 0.000000,
        "bw_dev" : 0.000000,
        "bw_samples" : 0,
        "iops_min" : 0,
        "iops_max" : 0,
        "iops_mean" : 0.000000,
        "iops_stddev" : 0.000000,
        "iops_samples" : 0
      },
      "sync" : {
        "total_ios" : 0,
        "lat_ns" : {
          "min" : 0,
          "max" : 0,
          "mean" : 0.000000,
          "stddev" : 0.000000,
          "N" : 0
        }
      },
      "job_runtime" : 5000,
      "usr_cpu" : 1.220000,
      "sys_cpu" : 1.460000,
      "ctx" : 30832,
      "majf" : 0,
      "minf" : 6,
      "iodepth_level" : {
        "1" : 100.000000,
        "2" : 0.000000,
        "4" : 0.000000,
        "8" : 0.000000,
        "16" : 0.000000,
        "32" : 0.000000,
        ">=64" : 0.000000
      },
      "iodepth_submit" : {
        "0" : 0.000000,
        "4" : 100.000000,
        "8" : 0.000000,
        "16" : 0.000000,
        "32" : 0.000000,
        "64" : 0.000000,
        ">=64" : 0.000000
      },
      "iodepth_complete" : {
        "0" : 0.000000,
        "4" : 100.000000,
        "8" : 0.000000,
        "16" : 0.000000,
        "32" : 0.000000,
        "64" : 0.000000,
        ">=64" : 0.000000
      },
      "latency_ns" : {
        "2" : 0.000000,
        "4" : 0.000000,
        "10" : 0.000000,
        "20" : 0.000000,
        "50" : 0.000000,
        "100" : 0.000000,
        "250" : 0.000000,
        "500" : 0.000000,
        "750" : 0.000000,
        "1000" : 0.000000
      },
      "latency_us" : {
        "2" : 0.000000,
        "4" : 0.000000,
        "10" : 0.000000,
        "20" : 0.000000,
        "50" : 49.721069,
        "100" : 0.207577,
        "250" : 0.068111,
        "500" : 49.134017,
        "750" : 0.012974,
        "1000" : 0.220550
      },
      "latency_ms" : {
        "2" : 0.632460,
        "4" : 0.010000,
        "10" : 0.000000,
        "20" : 0.000000,
        "50" : 0.000000,
        "100" : 0.000000,
        "250" : 0.000000,
        "500" : 0.000000,
        "750" : 0.000000,
        "1000" : 0.000000,
        "2000" : 0.000000,
        ">=2000" : 0.000000
      },
      "latency_depth" : 1,
      "latency_target" : 0,
      "latency_target_ns" : 0,
      "latency_percentile" : 100.000000,
      "latency_window" : 0,
      "latency_window_us" : 0
    }
  ],
  "disk_util" : [
    {
      "name" : "nvme2n1",
      "read_ios" : 48,
      "write_ios" : 30157,
      "read_sectors" : 2088,
      "write_sectors" : 3860096,
      "read_merges" : 0,
      "write_merges" : 0,
      "read_ticks" : 2,
      "write_ticks" : 4797,
      "in_queue" : 4799,
      "util" : 98.158527
    }
  ]
}
