{
  "fio version" : "fio-3.36",
  "timestamp" : 1781330086,
  "timestamp_ms" : 1781330086203,
  "time" : "Sat Jun 13 05:54:46 2026",
  "jobs" : [
    {
      "jobname" : "sequentialwrite_8k_128",
      "groupid" : 0,
      "job_start" : 1781330081181,
      "error" : 0,
      "eta" : 0,
      "elapsed" : 6,
      "job options" : {
        "name" : "sequentialwrite_8k_128",
        "filename" : "/dev/nvme3n1",
        "ioengine" : "io_uring",
        "direct" : "1",
        "rw" : "write",
        "bs" : "8k",
        "iodepth" : "128",
        "size" : "3G",
        "runtime" : "5"
      },
      "read" : {
        "io_bytes" : 0,
        "io_kbytes" : 0,
        "bw_bytes" : 0,
        "bw" : 0,
        "iops" : 0.000000,
        "runtime" : 0,
        "total_ios" : 0,
        "short_ios" : 0,
        "drop_ios" : 0,
        "slat_ns" : {
          "min" : 0,
          "max" : 0,
          "mean" : 0.000000,
          "stddev" : 0.000000,
          "N" : 0
        },
        "clat_ns" : {
          "min" : 0,
          "max" : 0,
          "mean" : 0.000000,
          "stddev" : 0.000000,
          "N" : 0
        },
        "lat_ns" : {
          "min" : 0,
          "max" : 0,
          "mean" : 0.000000,
          "stddev" : 0.000000,
          "N" : 0
        },
        "bw_min" : 0,
        "bw_max" : 0,
        "bw_agg" : 0.000000,
        "bw_mean" : 0.000000,
        "bw_dev" : 0.000000,
        "bw_samples" : 0,
        "iops_min" : 0,
        "iops_max" : 0,
        "iops_mean" : 0.000000,
        "iops_stddev" : 0.000000,
        "iops_samples" : 0
      },
      "write" : {
        "io_bytes" : 11040768000,
        "io_kbytes" : 10782000,
        "bw_bytes" : 2206388489,
        "bw" : 2154676,
        "iops" : 269334.532374,
        "runtime" : 5004,
        "total_ios" : 1347750,
        "short_ios" : 0,
        "drop_ios" : 0,
        "slat_ns" : {
          "min" : 687,
          "max" : 151317,
          "mean" : 1313.743124,
          "stddev" : 473.853747,
          "N" : 1347750
        },
        "clat_ns" : {
          "min" : 7275,
          "max" : 20275046,
          "mean" : 473719.598992,
          "stddev" : 1231489.942094,
          "N" : 1347750,
          "percentile" : {
            "1.000000" : 15936,
            "5.000000" : 17280,
            "10.000000" : 18048,
            "20.000000" : 19072,
            "30.000000" : 19584,
            "40.000000" : 20352,
            "50.000000" : 21376,
            "60.000000" : 22656,
            "70.000000" : 24192,
            "80.000000" : 25984,
            "90.000000" : 3358720,
            "95.000000" : 3588096,
            "99.000000" : 3850240,
            "99.500000" : 3915776,
            "99.900000" : 7962624,
            "99.950000" : 11075584,
            "99.990000" : 17170432
          }
        },
        "lat_ns" : {
          "min" : 14187,
          "max" : 20276184,
          "mean" : 475033.342116,
          "stddev" : 1231488.013071,
          "N" : 1347750
        },
        "bw_min" : 2074512,
        "bw_max" : 2228192,
        "bw_agg" : 100.000000,
        "bw_mean" : 2156196.800000,
        "bw_dev" : 57845.148958,
        "bw_samples" : 10,
        "iops_min" : 259314,
        "iops_max" : 278524,
        "iops_mean" : 269524.600000,
        "iops_stddev" : 7230.643620,
        "iops_samples" : 10
      },
      "trim" : {
        "io_bytes" : 0,
        "io_kbytes" : 0,
        "bw_bytes" : 0,
        "bw" : 0,
        "iops" : 0.000000,
        "runtime" : 0,
        "total_ios" : 0,
        "short_ios" : 0,
        "drop_ios" : 0,
        "slat_ns" : {
          "min" : 0,
          "max" : 0,
          "mean" : 0.000000,
          "stddev" : 0.000000,
          "N" : 0
        },
        "clat_ns" : {
          "min" : 0,
          "max" : 0,
          "mean" : 0.000000,
          "stddev" : 0.000000,
          "N" : 0
        },
        "lat_ns" : {
          "min" : 0,
          "max" : 0,
          "mean" : 0.000000,
          "stddev" : 0.000000,
          "N" : 0
        },
        "bw_min" : 0,
        "bw_max" : 0,
        "bw_agg" : 0.000000,
        "bw_mean" : 0.000000,
        "bw_dev" : 0.000000,
        "bw_samples" : 0,
        "iops_min" : 0,
        "iops_max" : 0,
        "iops_mean" : 0.000000,
        "iops_stddev" : 0.000000,
        "iops_samples" : 0
      },
      "sync" : {
        "total_ios" : 0,
        "lat_ns" : {
          "min" : 0,
          "max" : 0,
          "mean" : 0.000000,
          "stddev" : 0.000000,
          "N" : 0
        }
      },
      "job_runtime" : 5003,
      "usr_cpu" : 11.273236,
      "sys_cpu" : 45.452728,
      "ctx" : 612745,
      "majf" : 0,
      "minf" : 10,
      "iodepth_level" : {
        "1" : 0.100000,
        "2" : 0.100000,
        "4" : 0.100000,
        "8" : 0.100000,
        "16" : 0.100000,
        "32" : 0.100000,
        ">=64" : 99.995326
      },
      "iodepth_submit" : {
        "0" : 0.000000,
        "4" : 100.000000,
        "8" : 0.000000,
        "16" : 0.000000,
        "32" : 0.000000,
        "64" : 0.000000,
        ">=64" : 0.000000
      },
      "iodepth_complete" : {
        "0" : 0.000000,
        "4" : 99.999926,
        "8" : 0.000000,
        "16" : 0.000000,
        "32" : 0.000000,
        "64" : 0.000000,
        ">=64" : 0.100000
      },
      "latency_ns" : {
        "2" : 0.000000,
        "4" : 0.000000,
        "10" : 0.000000,
        "20" : 0.000000,
        "50" : 0.000000,
        "100" : 0.000000,
        "250" : 0.000000,
        "500" : 0.000000,
        "750" : 0.000000,
        "1000" : 0.000000
      },
      "latency_us" : {
        "2" : 0.000000,
        "4" : 0.000000,
        "10" : 0.010000,
        "20" : 33.921721,
        "50" : 51.959933,
        "100" : 0.972213,
        "250" : 0.584901,
        "500" : 0.022408,
        "750" : 0.011204,
        "1000" : 0.010000
      },
      "latency_ms" : {
        "2" : 0.043702,
        "4" : 12.187423,
        "10" : 0.215248,
        "20" : 0.070191,
        "50" : 0.010000,
        "100" : 0.000000,
        "250" : 0.000000,
        "500" : 0.000000,
        "750" : 0.000000,
        "1000" : 0.000000,
        "2000" : 0.000000,
        ">=2000" : 0.000000
      },
      "latency_depth" : 128,
      "latency_target" : 0,
      "latency_percentile" : 100.000000,
      "latency_window" : 0
    }
  ],
  "disk_util" : [
    {
      "name" : "nvme3n1",
      "read_ios" : 48,
      "write_ios" : 1326854,
      "read_sectors" : 2088,
      "write_sectors" : 21229680,
      "read_merges" : 0,
      "write_merges" : 0,
      "read_ticks" : 2,
      "write_ticks" : 621557,
      "in_queue" : 621559,
      "util" : 98.138883
    }
  ]
}
