{
  "fio version" : "fio-3.42-31-g6a66",
  "timestamp" : 1781280719,
  "timestamp_ms" : 1781280719618,
  "time" : "Fri Jun 12 16:11:59 2026",
  "jobs" : [
    {
      "jobname" : "sequentialwrite_8k_16",
      "groupid" : 0,
      "job_start" : 1781280714470,
      "error" : 0,
      "eta" : 0,
      "elapsed" : 6,
      "job options" : {
        "name" : "sequentialwrite_8k_16",
        "filename" : "/dev/nvme2n1",
        "ioengine" : "io_uring",
        "direct" : "1",
        "group_reporting" : "",
        "rw" : "write",
        "bs" : "8k",
        "iodepth" : "16",
        "size" : "3G",
        "time_based" : "",
        "runtime" : "5"
      },
      "read" : {
        "io_bytes" : 0,
        "io_kbytes" : 0,
        "bw_bytes" : 0,
        "bw" : 0,
        "iops" : 0.000000,
        "runtime" : 0,
        "total_ios" : 0,
        "short_ios" : 0,
        "drop_ios" : 0,
        "slat_ns" : {
          "min" : 0,
          "max" : 0,
          "mean" : 0.000000,
          "stddev" : 0.000000,
          "N" : 0
        },
        "clat_ns" : {
          "min" : 0,
          "max" : 0,
          "mean" : 0.000000,
          "stddev" : 0.000000,
          "N" : 0
        },
        "lat_ns" : {
          "min" : 0,
          "max" : 0,
          "mean" : 0.000000,
          "stddev" : 0.000000,
          "N" : 0
        },
        "bw_min" : 0,
        "bw_max" : 0,
        "bw_agg" : 0.000000,
        "bw_mean" : 0.000000,
        "bw_dev" : 0.000000,
        "bw_samples" : 0,
        "iops_min" : 0,
        "iops_max" : 0,
        "iops_mean" : 0.000000,
        "iops_stddev" : 0.000000,
        "iops_samples" : 0
      },
      "write" : {
        "io_bytes" : 10660077568,
        "io_kbytes" : 10410232,
        "bw_bytes" : 2131589195,
        "bw" : 2081630,
        "iops" : 260203.759248,
        "runtime" : 5001,
        "total_ios" : 1301279,
        "short_ios" : 0,
        "drop_ios" : 0,
        "slat_ns" : {
          "min" : 659,
          "max" : 36554,
          "mean" : 1053.852592,
          "stddev" : 592.482500,
          "N" : 1301279
        },
        "clat_ns" : {
          "min" : 3381,
          "max" : 3545711,
          "mean" : 60269.596087,
          "stddev" : 144041.945260,
          "N" : 1301279,
          "percentile" : {
            "1.000000" : 10048,
            "5.000000" : 10560,
            "10.000000" : 10944,
            "20.000000" : 11584,
            "30.000000" : 12224,
            "40.000000" : 12992,
            "50.000000" : 14784,
            "60.000000" : 15936,
            "70.000000" : 17024,
            "80.000000" : 18304,
            "90.000000" : 296960,
            "95.000000" : 370688,
            "99.000000" : 452608,
            "99.500000" : 481280,
            "99.900000" : 2056192,
            "99.950000" : 2637824,
            "99.990000" : 2703360
          }
        },
        "lat_ns" : {
          "min" : 8631,
          "max" : 3546707,
          "mean" : 61323.448679,
          "stddev" : 144047.111863,
          "N" : 1301279
        },
        "bw_min" : 1987376,
        "bw_max" : 2135984,
        "bw_agg" : 100.000000,
        "bw_mean" : 2082044.800000,
        "bw_dev" : 40597.670204,
        "bw_samples" : 10,
        "iops_min" : 248420,
        "iops_max" : 266998,
        "iops_mean" : 260255.800000,
        "iops_stddev" : 5075.235250,
        "iops_samples" : 10
      },
      "trim" : {
        "io_bytes" : 0,
        "io_kbytes" : 0,
        "bw_bytes" : 0,
        "bw" : 0,
        "iops" : 0.000000,
        "runtime" : 0,
        "total_ios" : 0,
        "short_ios" : 0,
        "drop_ios" : 0,
        "slat_ns" : {
          "min" : 0,
          "max" : 0,
          "mean" : 0.000000,
          "stddev" : 0.000000,
          "N" : 0
        },
        "clat_ns" : {
          "min" : 0,
          "max" : 0,
          "mean" : 0.000000,
          "stddev" : 0.000000,
          "N" : 0
        },
        "lat_ns" : {
          "min" : 0,
          "max" : 0,
          "mean" : 0.000000,
          "stddev" : 0.000000,
          "N" : 0
        },
        "bw_min" : 0,
        "bw_max" : 0,
        "bw_agg" : 0.000000,
        "bw_mean" : 0.000000,
        "bw_dev" : 0.000000,
        "bw_samples" : 0,
        "iops_min" : 0,
        "iops_max" : 0,
        "iops_mean" : 0.000000,
        "iops_stddev" : 0.000000,
        "iops_samples" : 0
      },
      "sync" : {
        "total_ios" : 0,
        "lat_ns" : {
          "min" : 0,
          "max" : 0,
          "mean" : 0.000000,
          "stddev" : 0.000000,
          "N" : 0
        }
      },
      "job_runtime" : 5000,
      "usr_cpu" : 10.300000,
      "sys_cpu" : 43.420000,
      "ctx" : 575488,
      "majf" : 0,
      "minf" : 9,
      "iodepth_level" : {
        "1" : 0.100000,
        "2" : 0.100000,
        "4" : 0.100000,
        "8" : 0.100000,
        "16" : 99.998847,
        "32" : 0.000000,
        ">=64" : 0.000000
      },
      "iodepth_submit" : {
        "0" : 0.000000,
        "4" : 100.000000,
        "8" : 0.000000,
        "16" : 0.000000,
        "32" : 0.000000,
        "64" : 0.000000,
        ">=64" : 0.000000
      },
      "iodepth_complete" : {
        "0" : 0.000000,
        "4" : 99.999923,
        "8" : 0.000000,
        "16" : 0.100000,
        "32" : 0.000000,
        "64" : 0.000000,
        ">=64" : 0.000000
      },
      "latency_ns" : {
        "2" : 0.000000,
        "4" : 0.000000,
        "10" : 0.000000,
        "20" : 0.000000,
        "50" : 0.000000,
        "100" : 0.000000,
        "250" : 0.000000,
        "500" : 0.000000,
        "750" : 0.000000,
        "1000" : 0.000000
      },
      "latency_us" : {
        "2" : 0.000000,
        "4" : 0.010000,
        "10" : 1.025837,
        "20" : 83.276377,
        "50" : 2.910598,
        "100" : 0.010000,
        "250" : 1.081859,
        "500" : 11.409775,
        "750" : 0.143397,
        "1000" : 0.013064
      },
      "latency_ms" : {
        "2" : 0.033044,
        "4" : 0.101208,
        "10" : 0.000000,
        "20" : 0.000000,
        "50" : 0.000000,
        "100" : 0.000000,
        "250" : 0.000000,
        "500" : 0.000000,
        "750" : 0.000000,
        "1000" : 0.000000,
        "2000" : 0.000000,
        ">=2000" : 0.000000
      },
      "latency_depth" : 16,
      "latency_target" : 0,
      "latency_target_ns" : 0,
      "latency_percentile" : 100.000000,
      "latency_window" : 0,
      "latency_window_us" : 0
    }
  ],
  "disk_util" : [
    {
      "name" : "nvme2n1",
      "read_ios" : 48,
      "write_ios" : 1274783,
      "read_sectors" : 2088,
      "write_sectors" : 20396528,
      "read_merges" : 0,
      "write_merges" : 0,
      "read_ticks" : 2,
      "write_ticks" : 74584,
      "in_queue" : 74586,
      "util" : 98.238591
    }
  ]
}
