{
  "fio version" : "fio-3.36",
  "timestamp" : 1781330049,
  "timestamp_ms" : 1781330049371,
  "time" : "Sat Jun 13 05:54:09 2026",
  "jobs" : [
    {
      "jobname" : "sequentialwrite_8k_1",
      "groupid" : 0,
      "job_start" : 1781330044359,
      "error" : 0,
      "eta" : 0,
      "elapsed" : 6,
      "job options" : {
        "name" : "sequentialwrite_8k_1",
        "filename" : "/dev/nvme3n1",
        "ioengine" : "io_uring",
        "direct" : "1",
        "rw" : "write",
        "bs" : "8k",
        "iodepth" : "1",
        "size" : "3G",
        "runtime" : "5"
      },
      "read" : {
        "io_bytes" : 0,
        "io_kbytes" : 0,
        "bw_bytes" : 0,
        "bw" : 0,
        "iops" : 0.000000,
        "runtime" : 0,
        "total_ios" : 0,
        "short_ios" : 0,
        "drop_ios" : 0,
        "slat_ns" : {
          "min" : 0,
          "max" : 0,
          "mean" : 0.000000,
          "stddev" : 0.000000,
          "N" : 0
        },
        "clat_ns" : {
          "min" : 0,
          "max" : 0,
          "mean" : 0.000000,
          "stddev" : 0.000000,
          "N" : 0
        },
        "lat_ns" : {
          "min" : 0,
          "max" : 0,
          "mean" : 0.000000,
          "stddev" : 0.000000,
          "N" : 0
        },
        "bw_min" : 0,
        "bw_max" : 0,
        "bw_agg" : 0.000000,
        "bw_mean" : 0.000000,
        "bw_dev" : 0.000000,
        "bw_samples" : 0,
        "iops_min" : 0,
        "iops_max" : 0,
        "iops_mean" : 0.000000,
        "iops_stddev" : 0.000000,
        "iops_samples" : 0
      },
      "write" : {
        "io_bytes" : 1038147584,
        "io_kbytes" : 1013816,
        "bw_bytes" : 207587999,
        "bw" : 202722,
        "iops" : 25340.331934,
        "runtime" : 5001,
        "total_ios" : 126727,
        "short_ios" : 0,
        "drop_ios" : 0,
        "slat_ns" : {
          "min" : 929,
          "max" : 24378,
          "mean" : 1383.890931,
          "stddev" : 450.737111,
          "N" : 126727
        },
        "clat_ns" : {
          "min" : 372,
          "max" : 1083003,
          "mean" : 37898.787709,
          "stddev" : 74658.401855,
          "N" : 126727,
          "percentile" : {
            "1.000000" : 9280,
            "5.000000" : 9280,
            "10.000000" : 9280,
            "20.000000" : 9408,
            "30.000000" : 9408,
            "40.000000" : 9536,
            "50.000000" : 9664,
            "60.000000" : 9792,
            "70.000000" : 9920,
            "80.000000" : 10176,
            "90.000000" : 234496,
            "95.000000" : 234496,
            "99.000000" : 234496,
            "99.500000" : 234496,
            "99.900000" : 242688,
            "99.950000" : 268288,
            "99.990000" : 407552
          }
        },
        "lat_ns" : {
          "min" : 10174,
          "max" : 1084754,
          "mean" : 39282.678640,
          "stddev" : 74715.915568,
          "N" : 126727
        },
        "bw_min" : 201456,
        "bw_max" : 203536,
        "bw_agg" : 100.000000,
        "bw_mean" : 202778.666667,
        "bw_dev" : 686.510014,
        "bw_samples" : 9,
        "iops_min" : 25182,
        "iops_max" : 25442,
        "iops_mean" : 25347.333333,
        "iops_stddev" : 85.813752,
        "iops_samples" : 9
      },
      "trim" : {
        "io_bytes" : 0,
        "io_kbytes" : 0,
        "bw_bytes" : 0,
        "bw" : 0,
        "iops" : 0.000000,
        "runtime" : 0,
        "total_ios" : 0,
        "short_ios" : 0,
        "drop_ios" : 0,
        "slat_ns" : {
          "min" : 0,
          "max" : 0,
          "mean" : 0.000000,
          "stddev" : 0.000000,
          "N" : 0
        },
        "clat_ns" : {
          "min" : 0,
          "max" : 0,
          "mean" : 0.000000,
          "stddev" : 0.000000,
          "N" : 0
        },
        "lat_ns" : {
          "min" : 0,
          "max" : 0,
          "mean" : 0.000000,
          "stddev" : 0.000000,
          "N" : 0
        },
        "bw_min" : 0,
        "bw_max" : 0,
        "bw_agg" : 0.000000,
        "bw_mean" : 0.000000,
        "bw_dev" : 0.000000,
        "bw_samples" : 0,
        "iops_min" : 0,
        "iops_max" : 0,
        "iops_mean" : 0.000000,
        "iops_stddev" : 0.000000,
        "iops_samples" : 0
      },
      "sync" : {
        "total_ios" : 0,
        "lat_ns" : {
          "min" : 0,
          "max" : 0,
          "mean" : 0.000000,
          "stddev" : 0.000000,
          "N" : 0
        }
      },
      "job_runtime" : 5000,
      "usr_cpu" : 1.060000,
      "sys_cpu" : 6.640000,
      "ctx" : 126773,
      "majf" : 0,
      "minf" : 9,
      "iodepth_level" : {
        "1" : 100.000000,
        "2" : 0.000000,
        "4" : 0.000000,
        "8" : 0.000000,
        "16" : 0.000000,
        "32" : 0.000000,
        ">=64" : 0.000000
      },
      "iodepth_submit" : {
        "0" : 0.000000,
        "4" : 100.000000,
        "8" : 0.000000,
        "16" : 0.000000,
        "32" : 0.000000,
        "64" : 0.000000,
        ">=64" : 0.000000
      },
      "iodepth_complete" : {
        "0" : 0.000000,
        "4" : 100.000000,
        "8" : 0.000000,
        "16" : 0.000000,
        "32" : 0.000000,
        "64" : 0.000000,
        ">=64" : 0.000000
      },
      "latency_ns" : {
        "2" : 0.000000,
        "4" : 0.000000,
        "10" : 0.000000,
        "20" : 0.000000,
        "50" : 0.000000,
        "100" : 0.000000,
        "250" : 0.000000,
        "500" : 0.010000,
        "750" : 0.000000,
        "1000" : 0.000000
      },
      "latency_us" : {
        "2" : 0.000000,
        "4" : 0.000000,
        "10" : 77.486250,
        "20" : 9.831370,
        "50" : 0.099426,
        "100" : 0.077332,
        "250" : 12.424345,
        "500" : 0.073386,
        "750" : 0.010000,
        "1000" : 0.010000
      },
      "latency_ms" : {
        "2" : 0.010000,
        "4" : 0.000000,
        "10" : 0.000000,
        "20" : 0.000000,
        "50" : 0.000000,
        "100" : 0.000000,
        "250" : 0.000000,
        "500" : 0.000000,
        "750" : 0.000000,
        "1000" : 0.000000,
        "2000" : 0.000000,
        ">=2000" : 0.000000
      },
      "latency_depth" : 1,
      "latency_target" : 0,
      "latency_percentile" : 100.000000,
      "latency_window" : 0
    }
  ],
  "disk_util" : [
    {
      "name" : "nvme3n1",
      "read_ios" : 48,
      "write_ios" : 124126,
      "read_sectors" : 2088,
      "write_sectors" : 1986016,
      "read_merges" : 0,
      "write_merges" : 0,
      "read_ticks" : 1,
      "write_ticks" : 4603,
      "in_queue" : 4605,
      "util" : 98.138883
    }
  ]
}
