{
  "fio version" : "fio-3.36",
  "timestamp" : 1781330070,
  "timestamp_ms" : 1781330070402,
  "time" : "Sat Jun 13 05:54:30 2026",
  "jobs" : [
    {
      "jobname" : "sequentialwrite_8k_16",
      "groupid" : 0,
      "job_start" : 1781330065391,
      "error" : 0,
      "eta" : 0,
      "elapsed" : 6,
      "job options" : {
        "name" : "sequentialwrite_8k_16",
        "filename" : "/dev/nvme3n1",
        "ioengine" : "io_uring",
        "direct" : "1",
        "rw" : "write",
        "bs" : "8k",
        "iodepth" : "16",
        "size" : "3G",
        "runtime" : "5"
      },
      "read" : {
        "io_bytes" : 0,
        "io_kbytes" : 0,
        "bw_bytes" : 0,
        "bw" : 0,
        "iops" : 0.000000,
        "runtime" : 0,
        "total_ios" : 0,
        "short_ios" : 0,
        "drop_ios" : 0,
        "slat_ns" : {
          "min" : 0,
          "max" : 0,
          "mean" : 0.000000,
          "stddev" : 0.000000,
          "N" : 0
        },
        "clat_ns" : {
          "min" : 0,
          "max" : 0,
          "mean" : 0.000000,
          "stddev" : 0.000000,
          "N" : 0
        },
        "lat_ns" : {
          "min" : 0,
          "max" : 0,
          "mean" : 0.000000,
          "stddev" : 0.000000,
          "N" : 0
        },
        "bw_min" : 0,
        "bw_max" : 0,
        "bw_agg" : 0.000000,
        "bw_mean" : 0.000000,
        "bw_dev" : 0.000000,
        "bw_samples" : 0,
        "iops_min" : 0,
        "iops_max" : 0,
        "iops_mean" : 0.000000,
        "iops_stddev" : 0.000000,
        "iops_samples" : 0
      },
      "write" : {
        "io_bytes" : 10761895936,
        "io_kbytes" : 10509664,
        "bw_bytes" : 2151948797,
        "bw" : 2101512,
        "iops" : 262689.062188,
        "runtime" : 5001,
        "total_ios" : 1313708,
        "short_ios" : 0,
        "drop_ios" : 0,
        "slat_ns" : {
          "min" : 762,
          "max" : 248444,
          "mean" : 1388.124944,
          "stddev" : 508.284437,
          "N" : 1313708
        },
        "clat_ns" : {
          "min" : 3801,
          "max" : 3522132,
          "mean" : 59368.964224,
          "stddev" : 139897.833228,
          "N" : 1313708,
          "percentile" : {
            "1.000000" : 9152,
            "5.000000" : 9664,
            "10.000000" : 9920,
            "20.000000" : 10176,
            "30.000000" : 10560,
            "40.000000" : 10944,
            "50.000000" : 11456,
            "60.000000" : 13504,
            "70.000000" : 14528,
            "80.000000" : 15296,
            "90.000000" : 309248,
            "95.000000" : 387072,
            "99.000000" : 468992,
            "99.500000" : 497664,
            "99.900000" : 1302528,
            "99.950000" : 1892352,
            "99.990000" : 3063808
          }
        },
        "lat_ns" : {
          "min" : 9719,
          "max" : 3523275,
          "mean" : 60757.089168,
          "stddev" : 139903.354581,
          "N" : 1313708
        },
        "bw_min" : 2037680,
        "bw_max" : 2189056,
        "bw_agg" : 100.000000,
        "bw_mean" : 2106103.111111,
        "bw_dev" : 57168.482568,
        "bw_samples" : 9,
        "iops_min" : 254710,
        "iops_max" : 273632,
        "iops_mean" : 263262.888889,
        "iops_stddev" : 7146.060321,
        "iops_samples" : 9
      },
      "trim" : {
        "io_bytes" : 0,
        "io_kbytes" : 0,
        "bw_bytes" : 0,
        "bw" : 0,
        "iops" : 0.000000,
        "runtime" : 0,
        "total_ios" : 0,
        "short_ios" : 0,
        "drop_ios" : 0,
        "slat_ns" : {
          "min" : 0,
          "max" : 0,
          "mean" : 0.000000,
          "stddev" : 0.000000,
          "N" : 0
        },
        "clat_ns" : {
          "min" : 0,
          "max" : 0,
          "mean" : 0.000000,
          "stddev" : 0.000000,
          "N" : 0
        },
        "lat_ns" : {
          "min" : 0,
          "max" : 0,
          "mean" : 0.000000,
          "stddev" : 0.000000,
          "N" : 0
        },
        "bw_min" : 0,
        "bw_max" : 0,
        "bw_agg" : 0.000000,
        "bw_mean" : 0.000000,
        "bw_dev" : 0.000000,
        "bw_samples" : 0,
        "iops_min" : 0,
        "iops_max" : 0,
        "iops_mean" : 0.000000,
        "iops_stddev" : 0.000000,
        "iops_samples" : 0
      },
      "sync" : {
        "total_ios" : 0,
        "lat_ns" : {
          "min" : 0,
          "max" : 0,
          "mean" : 0.000000,
          "stddev" : 0.000000,
          "N" : 0
        }
      },
      "job_runtime" : 5000,
      "usr_cpu" : 9.520000,
      "sys_cpu" : 48.280000,
      "ctx" : 680497,
      "majf" : 0,
      "minf" : 10,
      "iodepth_level" : {
        "1" : 0.100000,
        "2" : 0.100000,
        "4" : 0.100000,
        "8" : 0.100000,
        "16" : 99.998858,
        "32" : 0.000000,
        ">=64" : 0.000000
      },
      "iodepth_submit" : {
        "0" : 0.000000,
        "4" : 100.000000,
        "8" : 0.000000,
        "16" : 0.000000,
        "32" : 0.000000,
        "64" : 0.000000,
        ">=64" : 0.000000
      },
      "iodepth_complete" : {
        "0" : 0.000000,
        "4" : 99.999924,
        "8" : 0.000000,
        "16" : 0.100000,
        "32" : 0.000000,
        "64" : 0.000000,
        ">=64" : 0.000000
      },
      "latency_ns" : {
        "2" : 0.000000,
        "4" : 0.000000,
        "10" : 0.000000,
        "20" : 0.000000,
        "50" : 0.000000,
        "100" : 0.000000,
        "250" : 0.000000,
        "500" : 0.000000,
        "750" : 0.000000,
        "1000" : 0.000000
      },
      "latency_us" : {
        "2" : 0.000000,
        "4" : 0.010000,
        "10" : 12.503920,
        "20" : 74.294440,
        "50" : 0.421783,
        "100" : 0.012484,
        "250" : 0.855441,
        "500" : 11.446912,
        "750" : 0.302959,
        "1000" : 0.032656
      },
      "latency_ms" : {
        "2" : 0.085483,
        "4" : 0.043769,
        "10" : 0.000000,
        "20" : 0.000000,
        "50" : 0.000000,
        "100" : 0.000000,
        "250" : 0.000000,
        "500" : 0.000000,
        "750" : 0.000000,
        "1000" : 0.000000,
        "2000" : 0.000000,
        ">=2000" : 0.000000
      },
      "latency_depth" : 16,
      "latency_target" : 0,
      "latency_percentile" : 100.000000,
      "latency_window" : 0
    }
  ],
  "disk_util" : [
    {
      "name" : "nvme3n1",
      "read_ios" : 48,
      "write_ios" : 1289586,
      "read_sectors" : 2088,
      "write_sectors" : 20633376,
      "read_merges" : 0,
      "write_merges" : 0,
      "read_ticks" : 1,
      "write_ticks" : 75063,
      "in_queue" : 75064,
      "util" : 98.138883
    }
  ]
}
