{
  "fio version" : "fio-3.42-31-g6a66",
  "timestamp" : 1781280735,
  "timestamp_ms" : 1781280735775,
  "time" : "Fri Jun 12 16:12:15 2026",
  "jobs" : [
    {
      "jobname" : "sequentialwrite_8k_128",
      "groupid" : 0,
      "job_start" : 1781280730628,
      "error" : 0,
      "eta" : 0,
      "elapsed" : 6,
      "job options" : {
        "name" : "sequentialwrite_8k_128",
        "filename" : "/dev/nvme2n1",
        "ioengine" : "io_uring",
        "direct" : "1",
        "group_reporting" : "",
        "rw" : "write",
        "bs" : "8k",
        "iodepth" : "128",
        "size" : "3G",
        "time_based" : "",
        "runtime" : "5"
      },
      "read" : {
        "io_bytes" : 0,
        "io_kbytes" : 0,
        "bw_bytes" : 0,
        "bw" : 0,
        "iops" : 0.000000,
        "runtime" : 0,
        "total_ios" : 0,
        "short_ios" : 0,
        "drop_ios" : 0,
        "slat_ns" : {
          "min" : 0,
          "max" : 0,
          "mean" : 0.000000,
          "stddev" : 0.000000,
          "N" : 0
        },
        "clat_ns" : {
          "min" : 0,
          "max" : 0,
          "mean" : 0.000000,
          "stddev" : 0.000000,
          "N" : 0
        },
        "lat_ns" : {
          "min" : 0,
          "max" : 0,
          "mean" : 0.000000,
          "stddev" : 0.000000,
          "N" : 0
        },
        "bw_min" : 0,
        "bw_max" : 0,
        "bw_agg" : 0.000000,
        "bw_mean" : 0.000000,
        "bw_dev" : 0.000000,
        "bw_samples" : 0,
        "iops_min" : 0,
        "iops_max" : 0,
        "iops_mean" : 0.000000,
        "iops_stddev" : 0.000000,
        "iops_samples" : 0
      },
      "write" : {
        "io_bytes" : 11217461248,
        "io_kbytes" : 10954552,
        "bw_bytes" : 2241698890,
        "bw" : 2189159,
        "iops" : 273644.884093,
        "runtime" : 5004,
        "total_ios" : 1369319,
        "short_ios" : 0,
        "drop_ios" : 0,
        "slat_ns" : {
          "min" : 592,
          "max" : 111554,
          "mean" : 902.684472,
          "stddev" : 531.642625,
          "N" : 1369319
        },
        "clat_ns" : {
          "min" : 9339,
          "max" : 7356091,
          "mean" : 466666.774097,
          "stddev" : 1177130.485723,
          "N" : 1369319,
          "percentile" : {
            "1.000000" : 12864,
            "5.000000" : 15552,
            "10.000000" : 18304,
            "20.000000" : 19328,
            "30.000000" : 20096,
            "40.000000" : 21120,
            "50.000000" : 22144,
            "60.000000" : 23936,
            "70.000000" : 26752,
            "80.000000" : 29056,
            "90.000000" : 3358720,
            "95.000000" : 3620864,
            "99.000000" : 3817472,
            "99.500000" : 3883008,
            "99.900000" : 3948544,
            "99.950000" : 6324224,
            "99.990000" : 7241728
          }
        },
        "lat_ns" : {
          "min" : 10449,
          "max" : 7357082,
          "mean" : 467569.458570,
          "stddev" : 1177129.115774,
          "N" : 1369319
        },
        "bw_min" : 2157856,
        "bw_max" : 2210832,
        "bw_agg" : 100.000000,
        "bw_mean" : 2190707.200000,
        "bw_dev" : 17698.103632,
        "bw_samples" : 10,
        "iops_min" : 269732,
        "iops_max" : 276354,
        "iops_mean" : 273838.400000,
        "iops_stddev" : 2212.262954,
        "iops_samples" : 10
      },
      "trim" : {
        "io_bytes" : 0,
        "io_kbytes" : 0,
        "bw_bytes" : 0,
        "bw" : 0,
        "iops" : 0.000000,
        "runtime" : 0,
        "total_ios" : 0,
        "short_ios" : 0,
        "drop_ios" : 0,
        "slat_ns" : {
          "min" : 0,
          "max" : 0,
          "mean" : 0.000000,
          "stddev" : 0.000000,
          "N" : 0
        },
        "clat_ns" : {
          "min" : 0,
          "max" : 0,
          "mean" : 0.000000,
          "stddev" : 0.000000,
          "N" : 0
        },
        "lat_ns" : {
          "min" : 0,
          "max" : 0,
          "mean" : 0.000000,
          "stddev" : 0.000000,
          "N" : 0
        },
        "bw_min" : 0,
        "bw_max" : 0,
        "bw_agg" : 0.000000,
        "bw_mean" : 0.000000,
        "bw_dev" : 0.000000,
        "bw_samples" : 0,
        "iops_min" : 0,
        "iops_max" : 0,
        "iops_mean" : 0.000000,
        "iops_stddev" : 0.000000,
        "iops_samples" : 0
      },
      "sync" : {
        "total_ios" : 0,
        "lat_ns" : {
          "min" : 0,
          "max" : 0,
          "mean" : 0.000000,
          "stddev" : 0.000000,
          "N" : 0
        }
      },
      "job_runtime" : 5003,
      "usr_cpu" : 11.792924,
      "sys_cpu" : 35.398761,
      "ctx" : 370637,
      "majf" : 0,
      "minf" : 10,
      "iodepth_level" : {
        "1" : 0.100000,
        "2" : 0.100000,
        "4" : 0.100000,
        "8" : 0.100000,
        "16" : 0.100000,
        "32" : 0.100000,
        ">=64" : 99.995399
      },
      "iodepth_submit" : {
        "0" : 0.000000,
        "4" : 100.000000,
        "8" : 0.000000,
        "16" : 0.000000,
        "32" : 0.000000,
        "64" : 0.000000,
        ">=64" : 0.000000
      },
      "iodepth_complete" : {
        "0" : 0.000000,
        "4" : 99.999927,
        "8" : 0.000000,
        "16" : 0.000000,
        "32" : 0.000000,
        "64" : 0.000000,
        ">=64" : 0.100000
      },
      "latency_ns" : {
        "2" : 0.000000,
        "4" : 0.000000,
        "10" : 0.000000,
        "20" : 0.000000,
        "50" : 0.000000,
        "100" : 0.000000,
        "250" : 0.000000,
        "500" : 0.000000,
        "750" : 0.000000,
        "1000" : 0.000000
      },
      "latency_us" : {
        "2" : 0.000000,
        "4" : 0.000000,
        "10" : 0.010000,
        "20" : 27.676312,
        "50" : 58.978660,
        "100" : 0.249686,
        "250" : 0.483233,
        "500" : 0.073102,
        "750" : 0.010000,
        "1000" : 0.012415
      },
      "latency_ms" : {
        "2" : 0.049441,
        "4" : 12.386230,
        "10" : 0.082961,
        "20" : 0.000000,
        "50" : 0.000000,
        "100" : 0.000000,
        "250" : 0.000000,
        "500" : 0.000000,
        "750" : 0.000000,
        "1000" : 0.000000,
        "2000" : 0.000000,
        ">=2000" : 0.000000
      },
      "latency_depth" : 128,
      "latency_target" : 0,
      "latency_target_ns" : 0,
      "latency_percentile" : 100.000000,
      "latency_window" : 0,
      "latency_window_us" : 0
    }
  ],
  "disk_util" : [
    {
      "name" : "nvme2n1",
      "read_ios" : 48,
      "write_ios" : 1341191,
      "read_sectors" : 2088,
      "write_sectors" : 21459056,
      "read_merges" : 0,
      "write_merges" : 0,
      "read_ticks" : 2,
      "write_ticks" : 620899,
      "in_queue" : 620900,
      "util" : 98.238591
    }
  ]
}
