{
  "fio version" : "fio-3.36",
  "timestamp" : 1781330091,
  "timestamp_ms" : 1781330091472,
  "time" : "Sat Jun 13 05:54:51 2026",
  "jobs" : [
    {
      "jobname" : "sequentialwrite_8k_256",
      "groupid" : 0,
      "job_start" : 1781330086451,
      "error" : 0,
      "eta" : 0,
      "elapsed" : 6,
      "job options" : {
        "name" : "sequentialwrite_8k_256",
        "filename" : "/dev/nvme3n1",
        "ioengine" : "io_uring",
        "direct" : "1",
        "rw" : "write",
        "bs" : "8k",
        "iodepth" : "256",
        "size" : "3G",
        "runtime" : "5"
      },
      "read" : {
        "io_bytes" : 0,
        "io_kbytes" : 0,
        "bw_bytes" : 0,
        "bw" : 0,
        "iops" : 0.000000,
        "runtime" : 0,
        "total_ios" : 0,
        "short_ios" : 0,
        "drop_ios" : 0,
        "slat_ns" : {
          "min" : 0,
          "max" : 0,
          "mean" : 0.000000,
          "stddev" : 0.000000,
          "N" : 0
        },
        "clat_ns" : {
          "min" : 0,
          "max" : 0,
          "mean" : 0.000000,
          "stddev" : 0.000000,
          "N" : 0
        },
        "lat_ns" : {
          "min" : 0,
          "max" : 0,
          "mean" : 0.000000,
          "stddev" : 0.000000,
          "N" : 0
        },
        "bw_min" : 0,
        "bw_max" : 0,
        "bw_agg" : 0.000000,
        "bw_mean" : 0.000000,
        "bw_dev" : 0.000000,
        "bw_samples" : 0,
        "iops_min" : 0,
        "iops_max" : 0,
        "iops_mean" : 0.000000,
        "iops_stddev" : 0.000000,
        "iops_samples" : 0
      },
      "write" : {
        "io_bytes" : 10940465152,
        "io_kbytes" : 10684048,
        "bw_bytes" : 2184597674,
        "bw" : 2133396,
        "iops" : 266674.520767,
        "runtime" : 5008,
        "total_ios" : 1335506,
        "short_ios" : 0,
        "drop_ios" : 0,
        "slat_ns" : {
          "min" : 725,
          "max" : 179381,
          "mean" : 1302.064336,
          "stddev" : 490.474666,
          "N" : 1335506
        },
        "clat_ns" : {
          "min" : 13160,
          "max" : 29775838,
          "mean" : 958370.691686,
          "stddev" : 2501228.545102,
          "N" : 1335506,
          "percentile" : {
            "1.000000" : 26496,
            "5.000000" : 29312,
            "10.000000" : 31872,
            "20.000000" : 37632,
            "30.000000" : 39168,
            "40.000000" : 40192,
            "50.000000" : 41216,
            "60.000000" : 43264,
            "70.000000" : 50432,
            "80.000000" : 67072,
            "90.000000" : 6717440,
            "95.000000" : 7372800,
            "99.000000" : 7700480,
            "99.500000" : 7831552,
            "99.900000" : 17170432,
            "99.950000" : 27918336,
            "99.990000" : 29491200
          }
        },
        "lat_ns" : {
          "min" : 18747,
          "max" : 29777478,
          "mean" : 959672.756022,
          "stddev" : 2501227.763989,
          "N" : 1335506
        },
        "bw_min" : 2031280,
        "bw_max" : 2228256,
        "bw_agg" : 100.000000,
        "bw_mean" : 2136401.600000,
        "bw_dev" : 70982.740668,
        "bw_samples" : 10,
        "iops_min" : 253910,
        "iops_max" : 278532,
        "iops_mean" : 267050.200000,
        "iops_stddev" : 8872.842583,
        "iops_samples" : 10
      },
      "trim" : {
        "io_bytes" : 0,
        "io_kbytes" : 0,
        "bw_bytes" : 0,
        "bw" : 0,
        "iops" : 0.000000,
        "runtime" : 0,
        "total_ios" : 0,
        "short_ios" : 0,
        "drop_ios" : 0,
        "slat_ns" : {
          "min" : 0,
          "max" : 0,
          "mean" : 0.000000,
          "stddev" : 0.000000,
          "N" : 0
        },
        "clat_ns" : {
          "min" : 0,
          "max" : 0,
          "mean" : 0.000000,
          "stddev" : 0.000000,
          "N" : 0
        },
        "lat_ns" : {
          "min" : 0,
          "max" : 0,
          "mean" : 0.000000,
          "stddev" : 0.000000,
          "N" : 0
        },
        "bw_min" : 0,
        "bw_max" : 0,
        "bw_agg" : 0.000000,
        "bw_mean" : 0.000000,
        "bw_dev" : 0.000000,
        "bw_samples" : 0,
        "iops_min" : 0,
        "iops_max" : 0,
        "iops_mean" : 0.000000,
        "iops_stddev" : 0.000000,
        "iops_samples" : 0
      },
      "sync" : {
        "total_ios" : 0,
        "lat_ns" : {
          "min" : 0,
          "max" : 0,
          "mean" : 0.000000,
          "stddev" : 0.000000,
          "N" : 0
        }
      },
      "job_runtime" : 5007,
      "usr_cpu" : 9.666467,
      "sys_cpu" : 40.882764,
      "ctx" : 350384,
      "majf" : 0,
      "minf" : 11,
      "iodepth_level" : {
        "1" : 0.100000,
        "2" : 0.100000,
        "4" : 0.100000,
        "8" : 0.100000,
        "16" : 0.100000,
        "32" : 0.100000,
        ">=64" : 99.995283
      },
      "iodepth_submit" : {
        "0" : 0.000000,
        "4" : 100.000000,
        "8" : 0.000000,
        "16" : 0.000000,
        "32" : 0.000000,
        "64" : 0.000000,
        ">=64" : 0.000000
      },
      "iodepth_complete" : {
        "0" : 0.000000,
        "4" : 99.999925,
        "8" : 0.000000,
        "16" : 0.000000,
        "32" : 0.000000,
        "64" : 0.000000,
        ">=64" : 0.100000
      },
      "latency_ns" : {
        "2" : 0.000000,
        "4" : 0.000000,
        "10" : 0.000000,
        "20" : 0.000000,
        "50" : 0.000000,
        "100" : 0.000000,
        "250" : 0.000000,
        "500" : 0.000000,
        "750" : 0.000000,
        "1000" : 0.000000
      },
      "latency_us" : {
        "2" : 0.000000,
        "4" : 0.000000,
        "10" : 0.000000,
        "20" : 0.169674,
        "50" : 69.471871,
        "100" : 14.073318,
        "250" : 3.437873,
        "500" : 0.241931,
        "750" : 0.060576,
        "1000" : 0.012879
      },
      "latency_ms" : {
        "2" : 0.034519,
        "4" : 0.021340,
        "10" : 12.183996,
        "20" : 0.203518,
        "50" : 0.088506,
        "100" : 0.000000,
        "250" : 0.000000,
        "500" : 0.000000,
        "750" : 0.000000,
        "1000" : 0.000000,
        "2000" : 0.000000,
        ">=2000" : 0.000000
      },
      "latency_depth" : 256,
      "latency_target" : 0,
      "latency_percentile" : 100.000000,
      "latency_window" : 0
    }
  ],
  "disk_util" : [
    {
      "name" : "nvme3n1",
      "read_ios" : 48,
      "write_ios" : 1313189,
      "read_sectors" : 2088,
      "write_sectors" : 21011040,
      "read_merges" : 0,
      "write_merges" : 0,
      "read_ticks" : 1,
      "write_ticks" : 1245894,
      "in_queue" : 1245896,
      "util" : 98.218931
    }
  ]
}
