{
  "fio version" : "fio-3.36",
  "timestamp" : 1781330054,
  "timestamp_ms" : 1781330054630,
  "time" : "Sat Jun 13 05:54:14 2026",
  "jobs" : [
    {
      "jobname" : "sequentialwrite_8k_2",
      "groupid" : 0,
      "job_start" : 1781330049619,
      "error" : 0,
      "eta" : 0,
      "elapsed" : 6,
      "job options" : {
        "name" : "sequentialwrite_8k_2",
        "filename" : "/dev/nvme3n1",
        "ioengine" : "io_uring",
        "direct" : "1",
        "rw" : "write",
        "bs" : "8k",
        "iodepth" : "2",
        "size" : "3G",
        "runtime" : "5"
      },
      "read" : {
        "io_bytes" : 0,
        "io_kbytes" : 0,
        "bw_bytes" : 0,
        "bw" : 0,
        "iops" : 0.000000,
        "runtime" : 0,
        "total_ios" : 0,
        "short_ios" : 0,
        "drop_ios" : 0,
        "slat_ns" : {
          "min" : 0,
          "max" : 0,
          "mean" : 0.000000,
          "stddev" : 0.000000,
          "N" : 0
        },
        "clat_ns" : {
          "min" : 0,
          "max" : 0,
          "mean" : 0.000000,
          "stddev" : 0.000000,
          "N" : 0
        },
        "lat_ns" : {
          "min" : 0,
          "max" : 0,
          "mean" : 0.000000,
          "stddev" : 0.000000,
          "N" : 0
        },
        "bw_min" : 0,
        "bw_max" : 0,
        "bw_agg" : 0.000000,
        "bw_mean" : 0.000000,
        "bw_dev" : 0.000000,
        "bw_samples" : 0,
        "iops_min" : 0,
        "iops_max" : 0,
        "iops_mean" : 0.000000,
        "iops_stddev" : 0.000000,
        "iops_samples" : 0
      },
      "write" : {
        "io_bytes" : 2005532672,
        "io_kbytes" : 1958528,
        "bw_bytes" : 401026329,
        "bw" : 391627,
        "iops" : 48953.409318,
        "runtime" : 5001,
        "total_ios" : 244816,
        "short_ios" : 0,
        "drop_ios" : 0,
        "slat_ns" : {
          "min" : 802,
          "max" : 168017,
          "mean" : 1319.067912,
          "stddev" : 724.048122,
          "N" : 244816
        },
        "clat_ns" : {
          "min" : 3908,
          "max" : 2171966,
          "mean" : 39375.567553,
          "stddev" : 77538.839569,
          "N" : 244816,
          "percentile" : {
            "1.000000" : 9280,
            "5.000000" : 9280,
            "10.000000" : 9280,
            "20.000000" : 9408,
            "30.000000" : 9408,
            "40.000000" : 9664,
            "50.000000" : 9792,
            "60.000000" : 9920,
            "70.000000" : 10176,
            "80.000000" : 10816,
            "90.000000" : 232448,
            "95.000000" : 234496,
            "99.000000" : 236544,
            "99.500000" : 242688,
            "99.900000" : 423936,
            "99.950000" : 569344,
            "99.990000" : 667648
          }
        },
        "lat_ns" : {
          "min" : 9507,
          "max" : 2173203,
          "mean" : 40694.635465,
          "stddev" : 77532.120106,
          "N" : 244816
        },
        "bw_min" : 321008,
        "bw_max" : 405248,
        "bw_agg" : 99.794633,
        "bw_mean" : 390823.111111,
        "bw_dev" : 26911.025085,
        "bw_samples" : 9,
        "iops_min" : 40126,
        "iops_max" : 50656,
        "iops_mean" : 48852.888889,
        "iops_stddev" : 3363.878136,
        "iops_samples" : 9
      },
      "trim" : {
        "io_bytes" : 0,
        "io_kbytes" : 0,
        "bw_bytes" : 0,
        "bw" : 0,
        "iops" : 0.000000,
        "runtime" : 0,
        "total_ios" : 0,
        "short_ios" : 0,
        "drop_ios" : 0,
        "slat_ns" : {
          "min" : 0,
          "max" : 0,
          "mean" : 0.000000,
          "stddev" : 0.000000,
          "N" : 0
        },
        "clat_ns" : {
          "min" : 0,
          "max" : 0,
          "mean" : 0.000000,
          "stddev" : 0.000000,
          "N" : 0
        },
        "lat_ns" : {
          "min" : 0,
          "max" : 0,
          "mean" : 0.000000,
          "stddev" : 0.000000,
          "N" : 0
        },
        "bw_min" : 0,
        "bw_max" : 0,
        "bw_agg" : 0.000000,
        "bw_mean" : 0.000000,
        "bw_dev" : 0.000000,
        "bw_samples" : 0,
        "iops_min" : 0,
        "iops_max" : 0,
        "iops_mean" : 0.000000,
        "iops_stddev" : 0.000000,
        "iops_samples" : 0
      },
      "sync" : {
        "total_ios" : 0,
        "lat_ns" : {
          "min" : 0,
          "max" : 0,
          "mean" : 0.000000,
          "stddev" : 0.000000,
          "N" : 0
        }
      },
      "job_runtime" : 5000,
      "usr_cpu" : 2.380000,
      "sys_cpu" : 11.880000,
      "ctx" : 236503,
      "majf" : 0,
      "minf" : 10,
      "iodepth_level" : {
        "1" : 0.100000,
        "2" : 99.999592,
        "4" : 0.000000,
        "8" : 0.000000,
        "16" : 0.000000,
        "32" : 0.000000,
        ">=64" : 0.000000
      },
      "iodepth_submit" : {
        "0" : 0.000000,
        "4" : 100.000000,
        "8" : 0.000000,
        "16" : 0.000000,
        "32" : 0.000000,
        "64" : 0.000000,
        ">=64" : 0.000000
      },
      "iodepth_complete" : {
        "0" : 0.000000,
        "4" : 100.000000,
        "8" : 0.000000,
        "16" : 0.000000,
        "32" : 0.000000,
        "64" : 0.000000,
        ">=64" : 0.000000
      },
      "latency_ns" : {
        "2" : 0.000000,
        "4" : 0.000000,
        "10" : 0.000000,
        "20" : 0.000000,
        "50" : 0.000000,
        "100" : 0.000000,
        "250" : 0.000000,
        "500" : 0.000000,
        "750" : 0.000000,
        "1000" : 0.000000
      },
      "latency_us" : {
        "2" : 0.000000,
        "4" : 0.010000,
        "10" : 65.806973,
        "20" : 21.059081,
        "50" : 0.110287,
        "100" : 0.095990,
        "250" : 12.577609,
        "500" : 0.293690,
        "750" : 0.048608,
        "1000" : 0.010000
      },
      "latency_ms" : {
        "2" : 0.010000,
        "4" : 0.010000,
        "10" : 0.000000,
        "20" : 0.000000,
        "50" : 0.000000,
        "100" : 0.000000,
        "250" : 0.000000,
        "500" : 0.000000,
        "750" : 0.000000,
        "1000" : 0.000000,
        "2000" : 0.000000,
        ">=2000" : 0.000000
      },
      "latency_depth" : 2,
      "latency_target" : 0,
      "latency_percentile" : 100.000000,
      "latency_window" : 0
    }
  ],
  "disk_util" : [
    {
      "name" : "nvme3n1",
      "read_ios" : 48,
      "write_ios" : 239660,
      "read_sectors" : 2088,
      "write_sectors" : 3834560,
      "read_merges" : 0,
      "write_merges" : 0,
      "read_ticks" : 2,
      "write_ticks" : 9242,
      "in_queue" : 9244,
      "util" : 98.138883
    }
  ]
}
