{
  "fio version" : "fio-3.42-31-g6a66",
  "timestamp" : 1781280725,
  "timestamp_ms" : 1781280725004,
  "time" : "Fri Jun 12 16:12:05 2026",
  "jobs" : [
    {
      "jobname" : "sequentialwrite_8k_32",
      "groupid" : 0,
      "job_start" : 1781280719856,
      "error" : 0,
      "eta" : 0,
      "elapsed" : 6,
      "job options" : {
        "name" : "sequentialwrite_8k_32",
        "filename" : "/dev/nvme2n1",
        "ioengine" : "io_uring",
        "direct" : "1",
        "group_reporting" : "",
        "rw" : "write",
        "bs" : "8k",
        "iodepth" : "32",
        "size" : "3G",
        "time_based" : "",
        "runtime" : "5"
      },
      "read" : {
        "io_bytes" : 0,
        "io_kbytes" : 0,
        "bw_bytes" : 0,
        "bw" : 0,
        "iops" : 0.000000,
        "runtime" : 0,
        "total_ios" : 0,
        "short_ios" : 0,
        "drop_ios" : 0,
        "slat_ns" : {
          "min" : 0,
          "max" : 0,
          "mean" : 0.000000,
          "stddev" : 0.000000,
          "N" : 0
        },
        "clat_ns" : {
          "min" : 0,
          "max" : 0,
          "mean" : 0.000000,
          "stddev" : 0.000000,
          "N" : 0
        },
        "lat_ns" : {
          "min" : 0,
          "max" : 0,
          "mean" : 0.000000,
          "stddev" : 0.000000,
          "N" : 0
        },
        "bw_min" : 0,
        "bw_max" : 0,
        "bw_agg" : 0.000000,
        "bw_mean" : 0.000000,
        "bw_dev" : 0.000000,
        "bw_samples" : 0,
        "iops_min" : 0,
        "iops_max" : 0,
        "iops_mean" : 0.000000,
        "iops_stddev" : 0.000000,
        "iops_samples" : 0
      },
      "write" : {
        "io_bytes" : 10962518016,
        "io_kbytes" : 10705584,
        "bw_bytes" : 2192065190,
        "bw" : 2140688,
        "iops" : 267586.082783,
        "runtime" : 5001,
        "total_ios" : 1338198,
        "short_ios" : 0,
        "drop_ios" : 0,
        "slat_ns" : {
          "min" : 656,
          "max" : 42611,
          "mean" : 1025.370099,
          "stddev" : 627.093180,
          "N" : 1338198
        },
        "clat_ns" : {
          "min" : 4241,
          "max" : 5843743,
          "mean" : 118394.735053,
          "stddev" : 290923.062214,
          "N" : 1338198,
          "percentile" : {
            "1.000000" : 10176,
            "5.000000" : 11328,
            "10.000000" : 11968,
            "20.000000" : 12992,
            "30.000000" : 13760,
            "40.000000" : 14784,
            "50.000000" : 16064,
            "60.000000" : 17280,
            "70.000000" : 18304,
            "80.000000" : 20096,
            "90.000000" : 692224,
            "95.000000" : 839680,
            "99.000000" : 995328,
            "99.500000" : 1056768,
            "99.900000" : 2211840,
            "99.950000" : 3653632,
            "99.990000" : 4816896
          }
        },
        "lat_ns" : {
          "min" : 8728,
          "max" : 5844580,
          "mean" : 119420.105152,
          "stddev" : 290929.706623,
          "N" : 1338198
        },
        "bw_min" : 2068560,
        "bw_max" : 2202320,
        "bw_agg" : 100.000000,
        "bw_mean" : 2141116.800000,
        "bw_dev" : 49145.069998,
        "bw_samples" : 10,
        "iops_min" : 258570,
        "iops_max" : 275290,
        "iops_mean" : 267639.600000,
        "iops_stddev" : 6143.133750,
        "iops_samples" : 10
      },
      "trim" : {
        "io_bytes" : 0,
        "io_kbytes" : 0,
        "bw_bytes" : 0,
        "bw" : 0,
        "iops" : 0.000000,
        "runtime" : 0,
        "total_ios" : 0,
        "short_ios" : 0,
        "drop_ios" : 0,
        "slat_ns" : {
          "min" : 0,
          "max" : 0,
          "mean" : 0.000000,
          "stddev" : 0.000000,
          "N" : 0
        },
        "clat_ns" : {
          "min" : 0,
          "max" : 0,
          "mean" : 0.000000,
          "stddev" : 0.000000,
          "N" : 0
        },
        "lat_ns" : {
          "min" : 0,
          "max" : 0,
          "mean" : 0.000000,
          "stddev" : 0.000000,
          "N" : 0
        },
        "bw_min" : 0,
        "bw_max" : 0,
        "bw_agg" : 0.000000,
        "bw_mean" : 0.000000,
        "bw_dev" : 0.000000,
        "bw_samples" : 0,
        "iops_min" : 0,
        "iops_max" : 0,
        "iops_mean" : 0.000000,
        "iops_stddev" : 0.000000,
        "iops_samples" : 0
      },
      "sync" : {
        "total_ios" : 0,
        "lat_ns" : {
          "min" : 0,
          "max" : 0,
          "mean" : 0.000000,
          "stddev" : 0.000000,
          "N" : 0
        }
      },
      "job_runtime" : 5000,
      "usr_cpu" : 11.820000,
      "sys_cpu" : 40.560000,
      "ctx" : 540947,
      "majf" : 0,
      "minf" : 8,
      "iodepth_level" : {
        "1" : 0.100000,
        "2" : 0.100000,
        "4" : 0.100000,
        "8" : 0.100000,
        "16" : 0.100000,
        "32" : 99.997683,
        ">=64" : 0.000000
      },
      "iodepth_submit" : {
        "0" : 0.000000,
        "4" : 100.000000,
        "8" : 0.000000,
        "16" : 0.000000,
        "32" : 0.000000,
        "64" : 0.000000,
        ">=64" : 0.000000
      },
      "iodepth_complete" : {
        "0" : 0.000000,
        "4" : 99.999925,
        "8" : 0.000000,
        "16" : 0.000000,
        "32" : 0.100000,
        "64" : 0.000000,
        ">=64" : 0.000000
      },
      "latency_ns" : {
        "2" : 0.000000,
        "4" : 0.000000,
        "10" : 0.000000,
        "20" : 0.000000,
        "50" : 0.000000,
        "100" : 0.000000,
        "250" : 0.000000,
        "500" : 0.000000,
        "750" : 0.000000,
        "1000" : 0.000000
      },
      "latency_us" : {
        "2" : 0.000000,
        "4" : 0.000000,
        "10" : 0.735691,
        "20" : 79.390718,
        "50" : 7.022653,
        "100" : 0.030190,
        "250" : 0.033104,
        "500" : 0.557541,
        "750" : 4.057920,
        "1000" : 7.196319
      },
      "latency_ms" : {
        "2" : 0.867435,
        "4" : 0.065162,
        "10" : 0.043267,
        "20" : 0.000000,
        "50" : 0.000000,
        "100" : 0.000000,
        "250" : 0.000000,
        "500" : 0.000000,
        "750" : 0.000000,
        "1000" : 0.000000,
        "2000" : 0.000000,
        ">=2000" : 0.000000
      },
      "latency_depth" : 32,
      "latency_target" : 0,
      "latency_target_ns" : 0,
      "latency_percentile" : 100.000000,
      "latency_window" : 0,
      "latency_window_us" : 0
    }
  ],
  "disk_util" : [
    {
      "name" : "nvme2n1",
      "read_ios" : 48,
      "write_ios" : 1312024,
      "read_sectors" : 2088,
      "write_sectors" : 20992384,
      "read_merges" : 0,
      "write_merges" : 0,
      "read_ticks" : 2,
      "write_ticks" : 152577,
      "in_queue" : 152579,
      "util" : 98.238591
    }
  ]
}
