{
  "fio version" : "fio-3.42-31-g6a66",
  "timestamp" : 1781280708,
  "timestamp_ms" : 1781280708846,
  "time" : "Fri Jun 12 16:11:48 2026",
  "jobs" : [
    {
      "jobname" : "sequentialwrite_8k_4",
      "groupid" : 0,
      "job_start" : 1781280703697,
      "error" : 0,
      "eta" : 0,
      "elapsed" : 6,
      "job options" : {
        "name" : "sequentialwrite_8k_4",
        "filename" : "/dev/nvme2n1",
        "ioengine" : "io_uring",
        "direct" : "1",
        "group_reporting" : "",
        "rw" : "write",
        "bs" : "8k",
        "iodepth" : "4",
        "size" : "3G",
        "time_based" : "",
        "runtime" : "5"
      },
      "read" : {
        "io_bytes" : 0,
        "io_kbytes" : 0,
        "bw_bytes" : 0,
        "bw" : 0,
        "iops" : 0.000000,
        "runtime" : 0,
        "total_ios" : 0,
        "short_ios" : 0,
        "drop_ios" : 0,
        "slat_ns" : {
          "min" : 0,
          "max" : 0,
          "mean" : 0.000000,
          "stddev" : 0.000000,
          "N" : 0
        },
        "clat_ns" : {
          "min" : 0,
          "max" : 0,
          "mean" : 0.000000,
          "stddev" : 0.000000,
          "N" : 0
        },
        "lat_ns" : {
          "min" : 0,
          "max" : 0,
          "mean" : 0.000000,
          "stddev" : 0.000000,
          "N" : 0
        },
        "bw_min" : 0,
        "bw_max" : 0,
        "bw_agg" : 0.000000,
        "bw_mean" : 0.000000,
        "bw_dev" : 0.000000,
        "bw_samples" : 0,
        "iops_min" : 0,
        "iops_max" : 0,
        "iops_mean" : 0.000000,
        "iops_stddev" : 0.000000,
        "iops_samples" : 0
      },
      "write" : {
        "io_bytes" : 4003405824,
        "io_kbytes" : 3909576,
        "bw_bytes" : 800521060,
        "bw" : 781758,
        "iops" : 97719.856029,
        "runtime" : 5001,
        "total_ios" : 488697,
        "short_ios" : 0,
        "drop_ios" : 0,
        "slat_ns" : {
          "min" : 703,
          "max" : 45106,
          "mean" : 968.658963,
          "stddev" : 499.082018,
          "N" : 488697
        },
        "clat_ns" : {
          "min" : 1255,
          "max" : 1956701,
          "mean" : 39800.607268,
          "stddev" : 77482.352297,
          "N" : 488697,
          "percentile" : {
            "1.000000" : 9920,
            "5.000000" : 10048,
            "10.000000" : 10048,
            "20.000000" : 10176,
            "30.000000" : 10304,
            "40.000000" : 10304,
            "50.000000" : 10560,
            "60.000000" : 10944,
            "70.000000" : 11328,
            "80.000000" : 11840,
            "90.000000" : 234496,
            "95.000000" : 234496,
            "99.000000" : 238592,
            "99.500000" : 242688,
            "99.900000" : 301056,
            "99.950000" : 659456,
            "99.990000" : 897024
          }
        },
        "lat_ns" : {
          "min" : 9800,
          "max" : 1958583,
          "mean" : 40769.266230,
          "stddev" : 77481.781772,
          "N" : 488697
        },
        "bw_min" : 704448,
        "bw_max" : 807328,
        "bw_agg" : 100.000000,
        "bw_mean" : 781915.200000,
        "bw_dev" : 30907.258021,
        "bw_samples" : 10,
        "iops_min" : 88056,
        "iops_max" : 100916,
        "iops_mean" : 97739.400000,
        "iops_stddev" : 3863.407253,
        "iops_samples" : 10
      },
      "trim" : {
        "io_bytes" : 0,
        "io_kbytes" : 0,
        "bw_bytes" : 0,
        "bw" : 0,
        "iops" : 0.000000,
        "runtime" : 0,
        "total_ios" : 0,
        "short_ios" : 0,
        "drop_ios" : 0,
        "slat_ns" : {
          "min" : 0,
          "max" : 0,
          "mean" : 0.000000,
          "stddev" : 0.000000,
          "N" : 0
        },
        "clat_ns" : {
          "min" : 0,
          "max" : 0,
          "mean" : 0.000000,
          "stddev" : 0.000000,
          "N" : 0
        },
        "lat_ns" : {
          "min" : 0,
          "max" : 0,
          "mean" : 0.000000,
          "stddev" : 0.000000,
          "N" : 0
        },
        "bw_min" : 0,
        "bw_max" : 0,
        "bw_agg" : 0.000000,
        "bw_mean" : 0.000000,
        "bw_dev" : 0.000000,
        "bw_samples" : 0,
        "iops_min" : 0,
        "iops_max" : 0,
        "iops_mean" : 0.000000,
        "iops_stddev" : 0.000000,
        "iops_samples" : 0
      },
      "sync" : {
        "total_ios" : 0,
        "lat_ns" : {
          "min" : 0,
          "max" : 0,
          "mean" : 0.000000,
          "stddev" : 0.000000,
          "N" : 0
        }
      },
      "job_runtime" : 5000,
      "usr_cpu" : 6.580000,
      "sys_cpu" : 18.460000,
      "ctx" : 471099,
      "majf" : 0,
      "minf" : 8,
      "iodepth_level" : {
        "1" : 0.100000,
        "2" : 0.100000,
        "4" : 99.999386,
        "8" : 0.000000,
        "16" : 0.000000,
        "32" : 0.000000,
        ">=64" : 0.000000
      },
      "iodepth_submit" : {
        "0" : 0.000000,
        "4" : 100.000000,
        "8" : 0.000000,
        "16" : 0.000000,
        "32" : 0.000000,
        "64" : 0.000000,
        ">=64" : 0.000000
      },
      "iodepth_complete" : {
        "0" : 0.000000,
        "4" : 100.000000,
        "8" : 0.000000,
        "16" : 0.000000,
        "32" : 0.000000,
        "64" : 0.000000,
        ">=64" : 0.000000
      },
      "latency_ns" : {
        "2" : 0.000000,
        "4" : 0.000000,
        "10" : 0.000000,
        "20" : 0.000000,
        "50" : 0.000000,
        "100" : 0.000000,
        "250" : 0.000000,
        "500" : 0.000000,
        "750" : 0.000000,
        "1000" : 0.000000
      },
      "latency_us" : {
        "2" : 0.010000,
        "4" : 0.010000,
        "10" : 5.474762,
        "20" : 81.505718,
        "50" : 0.289341,
        "100" : 0.010000,
        "250" : 12.426718,
        "500" : 0.228976,
        "750" : 0.038060,
        "1000" : 0.028648
      },
      "latency_ms" : {
        "2" : 0.010000,
        "4" : 0.000000,
        "10" : 0.000000,
        "20" : 0.000000,
        "50" : 0.000000,
        "100" : 0.000000,
        "250" : 0.000000,
        "500" : 0.000000,
        "750" : 0.000000,
        "1000" : 0.000000,
        "2000" : 0.000000,
        ">=2000" : 0.000000
      },
      "latency_depth" : 4,
      "latency_target" : 0,
      "latency_target_ns" : 0,
      "latency_percentile" : 100.000000,
      "latency_window" : 0,
      "latency_window_us" : 0
    }
  ],
  "disk_util" : [
    {
      "name" : "nvme2n1",
      "read_ios" : 48,
      "write_ios" : 478684,
      "read_sectors" : 2088,
      "write_sectors" : 7658944,
      "read_merges" : 0,
      "write_merges" : 0,
      "read_ticks" : 2,
      "write_ticks" : 18692,
      "in_queue" : 18694,
      "util" : 98.238591
    }
  ]
}
