{
  "fio version" : "fio-3.36",
  "timestamp" : 1781330059,
  "timestamp_ms" : 1781330059886,
  "time" : "Sat Jun 13 05:54:19 2026",
  "jobs" : [
    {
      "jobname" : "sequentialwrite_8k_4",
      "groupid" : 0,
      "job_start" : 1781330054875,
      "error" : 0,
      "eta" : 0,
      "elapsed" : 6,
      "job options" : {
        "name" : "sequentialwrite_8k_4",
        "filename" : "/dev/nvme3n1",
        "ioengine" : "io_uring",
        "direct" : "1",
        "rw" : "write",
        "bs" : "8k",
        "iodepth" : "4",
        "size" : "3G",
        "runtime" : "5"
      },
      "read" : {
        "io_bytes" : 0,
        "io_kbytes" : 0,
        "bw_bytes" : 0,
        "bw" : 0,
        "iops" : 0.000000,
        "runtime" : 0,
        "total_ios" : 0,
        "short_ios" : 0,
        "drop_ios" : 0,
        "slat_ns" : {
          "min" : 0,
          "max" : 0,
          "mean" : 0.000000,
          "stddev" : 0.000000,
          "N" : 0
        },
        "clat_ns" : {
          "min" : 0,
          "max" : 0,
          "mean" : 0.000000,
          "stddev" : 0.000000,
          "N" : 0
        },
        "lat_ns" : {
          "min" : 0,
          "max" : 0,
          "mean" : 0.000000,
          "stddev" : 0.000000,
          "N" : 0
        },
        "bw_min" : 0,
        "bw_max" : 0,
        "bw_agg" : 0.000000,
        "bw_mean" : 0.000000,
        "bw_dev" : 0.000000,
        "bw_samples" : 0,
        "iops_min" : 0,
        "iops_max" : 0,
        "iops_mean" : 0.000000,
        "iops_stddev" : 0.000000,
        "iops_samples" : 0
      },
      "write" : {
        "io_bytes" : 4059602944,
        "io_kbytes" : 3964456,
        "bw_bytes" : 811758237,
        "bw" : 792732,
        "iops" : 99091.581684,
        "runtime" : 5001,
        "total_ios" : 495557,
        "short_ios" : 0,
        "drop_ios" : 0,
        "slat_ns" : {
          "min" : 808,
          "max" : 191807,
          "mean" : 1307.340732,
          "stddev" : 484.529393,
          "N" : 495557
        },
        "clat_ns" : {
          "min" : 1467,
          "max" : 1903803,
          "mean" : 38903.467851,
          "stddev" : 77626.193267,
          "N" : 495557,
          "percentile" : {
            "1.000000" : 9280,
            "5.000000" : 9408,
            "10.000000" : 9408,
            "20.000000" : 9536,
            "30.000000" : 9536,
            "40.000000" : 9664,
            "50.000000" : 9792,
            "60.000000" : 9920,
            "70.000000" : 10048,
            "80.000000" : 10688,
            "90.000000" : 232448,
            "95.000000" : 234496,
            "99.000000" : 236544,
            "99.500000" : 240640,
            "99.900000" : 296960,
            "99.950000" : 659456,
            "99.990000" : 946176
          }
        },
        "lat_ns" : {
          "min" : 9517,
          "max" : 1904964,
          "mean" : 40210.808583,
          "stddev" : 77627.534285,
          "N" : 495557
        },
        "bw_min" : 717184,
        "bw_max" : 810576,
        "bw_agg" : 99.857751,
        "bw_mean" : 791605.333333,
        "bw_dev" : 29069.114882,
        "bw_samples" : 9,
        "iops_min" : 89648,
        "iops_max" : 101322,
        "iops_mean" : 98950.666667,
        "iops_stddev" : 3633.639360,
        "iops_samples" : 9
      },
      "trim" : {
        "io_bytes" : 0,
        "io_kbytes" : 0,
        "bw_bytes" : 0,
        "bw" : 0,
        "iops" : 0.000000,
        "runtime" : 0,
        "total_ios" : 0,
        "short_ios" : 0,
        "drop_ios" : 0,
        "slat_ns" : {
          "min" : 0,
          "max" : 0,
          "mean" : 0.000000,
          "stddev" : 0.000000,
          "N" : 0
        },
        "clat_ns" : {
          "min" : 0,
          "max" : 0,
          "mean" : 0.000000,
          "stddev" : 0.000000,
          "N" : 0
        },
        "lat_ns" : {
          "min" : 0,
          "max" : 0,
          "mean" : 0.000000,
          "stddev" : 0.000000,
          "N" : 0
        },
        "bw_min" : 0,
        "bw_max" : 0,
        "bw_agg" : 0.000000,
        "bw_mean" : 0.000000,
        "bw_dev" : 0.000000,
        "bw_samples" : 0,
        "iops_min" : 0,
        "iops_max" : 0,
        "iops_mean" : 0.000000,
        "iops_stddev" : 0.000000,
        "iops_samples" : 0
      },
      "sync" : {
        "total_ios" : 0,
        "lat_ns" : {
          "min" : 0,
          "max" : 0,
          "mean" : 0.000000,
          "stddev" : 0.000000,
          "N" : 0
        }
      },
      "job_runtime" : 5000,
      "usr_cpu" : 3.640000,
      "sys_cpu" : 23.660000,
      "ctx" : 478935,
      "majf" : 0,
      "minf" : 9,
      "iodepth_level" : {
        "1" : 0.100000,
        "2" : 0.100000,
        "4" : 99.999395,
        "8" : 0.000000,
        "16" : 0.000000,
        "32" : 0.000000,
        ">=64" : 0.000000
      },
      "iodepth_submit" : {
        "0" : 0.000000,
        "4" : 100.000000,
        "8" : 0.000000,
        "16" : 0.000000,
        "32" : 0.000000,
        "64" : 0.000000,
        ">=64" : 0.000000
      },
      "iodepth_complete" : {
        "0" : 0.000000,
        "4" : 100.000000,
        "8" : 0.000000,
        "16" : 0.000000,
        "32" : 0.000000,
        "64" : 0.000000,
        ">=64" : 0.000000
      },
      "latency_ns" : {
        "2" : 0.000000,
        "4" : 0.000000,
        "10" : 0.000000,
        "20" : 0.000000,
        "50" : 0.000000,
        "100" : 0.000000,
        "250" : 0.000000,
        "500" : 0.000000,
        "750" : 0.000000,
        "1000" : 0.000000
      },
      "latency_us" : {
        "2" : 0.010000,
        "4" : 0.010000,
        "10" : 64.736650,
        "20" : 22.435562,
        "50" : 0.072847,
        "100" : 0.039753,
        "250" : 12.437116,
        "500" : 0.213497,
        "750" : 0.035314,
        "1000" : 0.020179
      },
      "latency_ms" : {
        "2" : 0.010000,
        "4" : 0.000000,
        "10" : 0.000000,
        "20" : 0.000000,
        "50" : 0.000000,
        "100" : 0.000000,
        "250" : 0.000000,
        "500" : 0.000000,
        "750" : 0.000000,
        "1000" : 0.000000,
        "2000" : 0.000000,
        ">=2000" : 0.000000
      },
      "latency_depth" : 4,
      "latency_target" : 0,
      "latency_percentile" : 100.000000,
      "latency_window" : 0
    }
  ],
  "disk_util" : [
    {
      "name" : "nvme3n1",
      "read_ios" : 48,
      "write_ios" : 485214,
      "read_sectors" : 2088,
      "write_sectors" : 7763424,
      "read_merges" : 0,
      "write_merges" : 0,
      "read_ticks" : 2,
      "write_ticks" : 18506,
      "in_queue" : 18507,
      "util" : 98.138883
    }
  ]
}
