{
  "fio version" : "fio-3.42-31-g6a66",
  "timestamp" : 1781280730,
  "timestamp_ms" : 1781280730390,
  "time" : "Fri Jun 12 16:12:10 2026",
  "jobs" : [
    {
      "jobname" : "sequentialwrite_8k_64",
      "groupid" : 0,
      "job_start" : 1781280725242,
      "error" : 0,
      "eta" : 0,
      "elapsed" : 6,
      "job options" : {
        "name" : "sequentialwrite_8k_64",
        "filename" : "/dev/nvme2n1",
        "ioengine" : "io_uring",
        "direct" : "1",
        "group_reporting" : "",
        "rw" : "write",
        "bs" : "8k",
        "iodepth" : "64",
        "size" : "3G",
        "time_based" : "",
        "runtime" : "5"
      },
      "read" : {
        "io_bytes" : 0,
        "io_kbytes" : 0,
        "bw_bytes" : 0,
        "bw" : 0,
        "iops" : 0.000000,
        "runtime" : 0,
        "total_ios" : 0,
        "short_ios" : 0,
        "drop_ios" : 0,
        "slat_ns" : {
          "min" : 0,
          "max" : 0,
          "mean" : 0.000000,
          "stddev" : 0.000000,
          "N" : 0
        },
        "clat_ns" : {
          "min" : 0,
          "max" : 0,
          "mean" : 0.000000,
          "stddev" : 0.000000,
          "N" : 0
        },
        "lat_ns" : {
          "min" : 0,
          "max" : 0,
          "mean" : 0.000000,
          "stddev" : 0.000000,
          "N" : 0
        },
        "bw_min" : 0,
        "bw_max" : 0,
        "bw_agg" : 0.000000,
        "bw_mean" : 0.000000,
        "bw_dev" : 0.000000,
        "bw_samples" : 0,
        "iops_min" : 0,
        "iops_max" : 0,
        "iops_mean" : 0.000000,
        "iops_stddev" : 0.000000,
        "iops_samples" : 0
      },
      "write" : {
        "io_bytes" : 11040718848,
        "io_kbytes" : 10781952,
        "bw_bytes" : 2207260865,
        "bw" : 2155528,
        "iops" : 269441.023591,
        "runtime" : 5002,
        "total_ios" : 1347744,
        "short_ios" : 0,
        "drop_ios" : 0,
        "slat_ns" : {
          "min" : 658,
          "max" : 39330,
          "mean" : 979.867754,
          "stddev" : 516.806156,
          "N" : 1347744
        },
        "clat_ns" : {
          "min" : 3546,
          "max" : 10368241,
          "mean" : 236390.136056,
          "stddev" : 600806.428066,
          "N" : 1347744,
          "percentile" : {
            "1.000000" : 10176,
            "5.000000" : 11584,
            "10.000000" : 12608,
            "20.000000" : 14784,
            "30.000000" : 16192,
            "40.000000" : 17536,
            "50.000000" : 18304,
            "60.000000" : 19328,
            "70.000000" : 20608,
            "80.000000" : 22656,
            "90.000000" : 1499136,
            "95.000000" : 1761280,
            "99.000000" : 2113536,
            "99.500000" : 2277376,
            "99.900000" : 4112384,
            "99.950000" : 5341184,
            "99.990000" : 8454144
          }
        },
        "lat_ns" : {
          "min" : 8871,
          "max" : 10369086,
          "mean" : 237370.003809,
          "stddev" : 600802.251069,
          "N" : 1347744
        },
        "bw_min" : 2081952,
        "bw_max" : 2213456,
        "bw_agg" : 100.000000,
        "bw_mean" : 2156390.400000,
        "bw_dev" : 43746.112084,
        "bw_samples" : 10,
        "iops_min" : 260244,
        "iops_max" : 276682,
        "iops_mean" : 269548.800000,
        "iops_stddev" : 5468.264011,
        "iops_samples" : 10
      },
      "trim" : {
        "io_bytes" : 0,
        "io_kbytes" : 0,
        "bw_bytes" : 0,
        "bw" : 0,
        "iops" : 0.000000,
        "runtime" : 0,
        "total_ios" : 0,
        "short_ios" : 0,
        "drop_ios" : 0,
        "slat_ns" : {
          "min" : 0,
          "max" : 0,
          "mean" : 0.000000,
          "stddev" : 0.000000,
          "N" : 0
        },
        "clat_ns" : {
          "min" : 0,
          "max" : 0,
          "mean" : 0.000000,
          "stddev" : 0.000000,
          "N" : 0
        },
        "lat_ns" : {
          "min" : 0,
          "max" : 0,
          "mean" : 0.000000,
          "stddev" : 0.000000,
          "N" : 0
        },
        "bw_min" : 0,
        "bw_max" : 0,
        "bw_agg" : 0.000000,
        "bw_mean" : 0.000000,
        "bw_dev" : 0.000000,
        "bw_samples" : 0,
        "iops_min" : 0,
        "iops_max" : 0,
        "iops_mean" : 0.000000,
        "iops_stddev" : 0.000000,
        "iops_samples" : 0
      },
      "sync" : {
        "total_ios" : 0,
        "lat_ns" : {
          "min" : 0,
          "max" : 0,
          "mean" : 0.000000,
          "stddev" : 0.000000,
          "N" : 0
        }
      },
      "job_runtime" : 5001,
      "usr_cpu" : 11.657668,
      "sys_cpu" : 37.292541,
      "ctx" : 466727,
      "majf" : 0,
      "minf" : 10,
      "iodepth_level" : {
        "1" : 0.100000,
        "2" : 0.100000,
        "4" : 0.100000,
        "8" : 0.100000,
        "16" : 0.100000,
        "32" : 0.100000,
        ">=64" : 99.995326
      },
      "iodepth_submit" : {
        "0" : 0.000000,
        "4" : 100.000000,
        "8" : 0.000000,
        "16" : 0.000000,
        "32" : 0.000000,
        "64" : 0.000000,
        ">=64" : 0.000000
      },
      "iodepth_complete" : {
        "0" : 0.000000,
        "4" : 99.999926,
        "8" : 0.000000,
        "16" : 0.000000,
        "32" : 0.000000,
        "64" : 0.100000,
        ">=64" : 0.000000
      },
      "latency_ns" : {
        "2" : 0.000000,
        "4" : 0.000000,
        "10" : 0.000000,
        "20" : 0.000000,
        "50" : 0.000000,
        "100" : 0.000000,
        "250" : 0.000000,
        "500" : 0.000000,
        "750" : 0.000000,
        "1000" : 0.000000
      },
      "latency_us" : {
        "2" : 0.000000,
        "4" : 0.010000,
        "10" : 0.830647,
        "20" : 64.838352,
        "50" : 21.423653,
        "100" : 0.153219,
        "250" : 0.086144,
        "500" : 0.010000,
        "750" : 0.021443,
        "1000" : 0.163087
      },
      "latency_ms" : {
        "2" : 10.595187,
        "4" : 1.779566,
        "10" : 0.102839,
        "20" : 0.010000,
        "50" : 0.000000,
        "100" : 0.000000,
        "250" : 0.000000,
        "500" : 0.000000,
        "750" : 0.000000,
        "1000" : 0.000000,
        "2000" : 0.000000,
        ">=2000" : 0.000000
      },
      "latency_depth" : 64,
      "latency_target" : 0,
      "latency_target_ns" : 0,
      "latency_percentile" : 100.000000,
      "latency_window" : 0,
      "latency_window_us" : 0
    }
  ],
  "disk_util" : [
    {
      "name" : "nvme2n1",
      "read_ios" : 48,
      "write_ios" : 1321320,
      "read_sectors" : 2088,
      "write_sectors" : 21141120,
      "read_merges" : 0,
      "write_merges" : 0,
      "read_ticks" : 1,
      "write_ticks" : 308717,
      "in_queue" : 308719,
      "util" : 98.238591
    }
  ]
}
