{
  "fio version" : "fio-3.42-31-g6a66",
  "timestamp" : 1781280714,
  "timestamp_ms" : 1781280714232,
  "time" : "Fri Jun 12 16:11:54 2026",
  "jobs" : [
    {
      "jobname" : "sequentialwrite_8k_8",
      "groupid" : 0,
      "job_start" : 1781280709084,
      "error" : 0,
      "eta" : 0,
      "elapsed" : 6,
      "job options" : {
        "name" : "sequentialwrite_8k_8",
        "filename" : "/dev/nvme2n1",
        "ioengine" : "io_uring",
        "direct" : "1",
        "group_reporting" : "",
        "rw" : "write",
        "bs" : "8k",
        "iodepth" : "8",
        "size" : "3G",
        "time_based" : "",
        "runtime" : "5"
      },
      "read" : {
        "io_bytes" : 0,
        "io_kbytes" : 0,
        "bw_bytes" : 0,
        "bw" : 0,
        "iops" : 0.000000,
        "runtime" : 0,
        "total_ios" : 0,
        "short_ios" : 0,
        "drop_ios" : 0,
        "slat_ns" : {
          "min" : 0,
          "max" : 0,
          "mean" : 0.000000,
          "stddev" : 0.000000,
          "N" : 0
        },
        "clat_ns" : {
          "min" : 0,
          "max" : 0,
          "mean" : 0.000000,
          "stddev" : 0.000000,
          "N" : 0
        },
        "lat_ns" : {
          "min" : 0,
          "max" : 0,
          "mean" : 0.000000,
          "stddev" : 0.000000,
          "N" : 0
        },
        "bw_min" : 0,
        "bw_max" : 0,
        "bw_agg" : 0.000000,
        "bw_mean" : 0.000000,
        "bw_dev" : 0.000000,
        "bw_samples" : 0,
        "iops_min" : 0,
        "iops_max" : 0,
        "iops_mean" : 0.000000,
        "iops_stddev" : 0.000000,
        "iops_samples" : 0
      },
      "write" : {
        "io_bytes" : 7570784256,
        "io_kbytes" : 7393344,
        "bw_bytes" : 1513854080,
        "bw" : 1478373,
        "iops" : 184796.640672,
        "runtime" : 5001,
        "total_ios" : 924168,
        "short_ios" : 0,
        "drop_ios" : 0,
        "slat_ns" : {
          "min" : 656,
          "max" : 27596,
          "mean" : 947.671907,
          "stddev" : 504.129872,
          "N" : 924168
        },
        "clat_ns" : {
          "min" : 1158,
          "max" : 2544655,
          "mean" : 42182.192609,
          "stddev" : 86573.917699,
          "N" : 924168,
          "percentile" : {
            "1.000000" : 9664,
            "5.000000" : 10304,
            "10.000000" : 10560,
            "20.000000" : 10816,
            "30.000000" : 11072,
            "40.000000" : 11200,
            "50.000000" : 11584,
            "60.000000" : 12096,
            "70.000000" : 13760,
            "80.000000" : 15680,
            "90.000000" : 234496,
            "95.000000" : 236544,
            "99.000000" : 240640,
            "99.500000" : 242688,
            "99.900000" : 370688,
            "99.950000" : 1581056,
            "99.990000" : 1712128
          }
        },
        "lat_ns" : {
          "min" : 9689,
          "max" : 2545510,
          "mean" : 43129.864516,
          "stddev" : 86593.467949,
          "N" : 924168
        },
        "bw_min" : 1410496,
        "bw_max" : 1524880,
        "bw_agg" : 100.000000,
        "bw_mean" : 1478668.800000,
        "bw_dev" : 43969.892115,
        "bw_samples" : 10,
        "iops_min" : 176312,
        "iops_max" : 190610,
        "iops_mean" : 184833.600000,
        "iops_stddev" : 5496.236514,
        "iops_samples" : 10
      },
      "trim" : {
        "io_bytes" : 0,
        "io_kbytes" : 0,
        "bw_bytes" : 0,
        "bw" : 0,
        "iops" : 0.000000,
        "runtime" : 0,
        "total_ios" : 0,
        "short_ios" : 0,
        "drop_ios" : 0,
        "slat_ns" : {
          "min" : 0,
          "max" : 0,
          "mean" : 0.000000,
          "stddev" : 0.000000,
          "N" : 0
        },
        "clat_ns" : {
          "min" : 0,
          "max" : 0,
          "mean" : 0.000000,
          "stddev" : 0.000000,
          "N" : 0
        },
        "lat_ns" : {
          "min" : 0,
          "max" : 0,
          "mean" : 0.000000,
          "stddev" : 0.000000,
          "N" : 0
        },
        "bw_min" : 0,
        "bw_max" : 0,
        "bw_agg" : 0.000000,
        "bw_mean" : 0.000000,
        "bw_dev" : 0.000000,
        "bw_samples" : 0,
        "iops_min" : 0,
        "iops_max" : 0,
        "iops_mean" : 0.000000,
        "iops_stddev" : 0.000000,
        "iops_samples" : 0
      },
      "sync" : {
        "total_ios" : 0,
        "lat_ns" : {
          "min" : 0,
          "max" : 0,
          "mean" : 0.000000,
          "stddev" : 0.000000,
          "N" : 0
        }
      },
      "job_runtime" : 5000,
      "usr_cpu" : 9.260000,
      "sys_cpu" : 32.780000,
      "ctx" : 660295,
      "majf" : 0,
      "minf" : 7,
      "iodepth_level" : {
        "1" : 0.100000,
        "2" : 0.100000,
        "4" : 0.100000,
        "8" : 99.999243,
        "16" : 0.000000,
        "32" : 0.000000,
        ">=64" : 0.000000
      },
      "iodepth_submit" : {
        "0" : 0.000000,
        "4" : 100.000000,
        "8" : 0.000000,
        "16" : 0.000000,
        "32" : 0.000000,
        "64" : 0.000000,
        ">=64" : 0.000000
      },
      "iodepth_complete" : {
        "0" : 0.000000,
        "4" : 99.999892,
        "8" : 0.100000,
        "16" : 0.000000,
        "32" : 0.000000,
        "64" : 0.000000,
        ">=64" : 0.000000
      },
      "latency_ns" : {
        "2" : 0.000000,
        "4" : 0.000000,
        "10" : 0.000000,
        "20" : 0.000000,
        "50" : 0.000000,
        "100" : 0.000000,
        "250" : 0.000000,
        "500" : 0.000000,
        "750" : 0.000000,
        "1000" : 0.000000
      },
      "latency_us" : {
        "2" : 0.010000,
        "4" : 0.000000,
        "10" : 2.343513,
        "20" : 84.399481,
        "50" : 0.401334,
        "100" : 0.010000,
        "250" : 12.446330,
        "500" : 0.314661,
        "750" : 0.010000,
        "1000" : 0.010000
      },
      "latency_ms" : {
        "2" : 0.070334,
        "4" : 0.010000,
        "10" : 0.000000,
        "20" : 0.000000,
        "50" : 0.000000,
        "100" : 0.000000,
        "250" : 0.000000,
        "500" : 0.000000,
        "750" : 0.000000,
        "1000" : 0.000000,
        "2000" : 0.000000,
        ">=2000" : 0.000000
      },
      "latency_depth" : 8,
      "latency_target" : 0,
      "latency_target_ns" : 0,
      "latency_percentile" : 100.000000,
      "latency_window" : 0,
      "latency_window_us" : 0
    }
  ],
  "disk_util" : [
    {
      "name" : "nvme2n1",
      "read_ios" : 48,
      "write_ios" : 907807,
      "read_sectors" : 2088,
      "write_sectors" : 14524912,
      "read_merges" : 0,
      "write_merges" : 0,
      "read_ticks" : 2,
      "write_ticks" : 37186,
      "in_queue" : 37188,
      "util" : 98.158527
    }
  ]
}
